component_1,component_2,label,class_name,method
-2.252835,-0.38845068,0,T-shirt/top,PCA
-1.6757591,0.138859,6,Shirt,PCA
2.6663113,-0.24832286,5,Sandal,PCA
1.8347045,0.85970724,7,Sneaker,PCA
0.91538924,2.8700418,7,Sneaker,PCA
-1.4648815,-0.5580947,8,Bag,PCA
0.7277359,2.5089865,9,Ankle boot,PCA
-1.8240227,0.56215113,6,Shirt,PCA
-1.7244242,0.5079369,2,Pullover,PCA
0.52106416,-0.8499952,2,Pullover,PCA
0.38908458,-2.0286117,3,Dress,PCA
0.22359309,0.6838424,4,Coat,PCA
2.1085572,1.2874392,9,Ankle boot,PCA
2.1518714,-0.6046457,1,Trouser,PCA
2.1997657,1.0859662,7,Sneaker,PCA
-1.428518,-0.7960635,2,Pullover,PCA
-0.9369171,-0.9294446,0,T-shirt/top,PCA
-1.6747581,0.5627565,4,Coat,PCA
-1.0669808,-1.1906565,3,Dress,PCA
-0.8711346,0.13874505,9,Ankle boot,PCA
-1.9125732,0.028677814,0,T-shirt/top,PCA
0.65378094,1.9616033,9,Ankle boot,PCA
-1.3441874,-0.8826862,6,Shirt,PCA
-1.6327736,-0.90336555,4,Coat,PCA
1.7515447,1.5980353,9,Ankle boot,PCA
1.4520681,0.9895811,7,Sneaker,PCA
0.99615884,2.209278,9,Ankle boot,PCA
-0.2201757,0.94847804,0,T-shirt/top,PCA
-1.5703527,0.17040497,6,Shirt,PCA
-0.9573305,0.07387739,2,Pullover,PCA
-0.99569577,-0.97001165,0,T-shirt/top,PCA
2.270491,0.826828,7,Sneaker,PCA
0.105373874,1.3727988,7,Sneaker,PCA
-0.66745436,-0.2807707,0,T-shirt/top,PCA
2.5942554,1.0794413,5,Sandal,PCA
-0.8126311,0.8882573,4,Coat,PCA
-1.0118645,-0.83130974,6,Shirt,PCA
1.5988977,1.0638946,7,Sneaker,PCA
2.317625,-0.25883037,5,Sandal,PCA
2.3324552,-0.5921221,7,Sneaker,PCA
2.3490596,0.88102114,7,Sneaker,PCA
2.0124955,-0.31344476,3,Dress,PCA
-1.2228905,0.4400726,4,Coat,PCA
0.66020966,-1.2964401,3,Dress,PCA
0.6325859,-1.9993695,1,Trouser,PCA
-1.7328204,1.0521108,2,Pullover,PCA
3.0727594,-0.8447971,5,Sandal,PCA
-1.7363458,-0.36053172,8,Bag,PCA
-0.4731123,-0.5468217,2,Pullover,PCA
-0.39768267,-1.3119785,6,Shirt,PCA
1.898908,1.1690172,7,Sneaker,PCA
0.46580285,1.0012239,9,Ankle boot,PCA
2.2037492,0.95889294,7,Sneaker,PCA
-1.0392942,1.0707426,8,Bag,PCA
-2.1264837,0.3627203,8,Bag,PCA
-1.0759964,-0.71967953,6,Shirt,PCA
-1.0643494,-0.5176198,4,Coat,PCA
-0.4801287,-2.2829313,1,Trouser,PCA
-0.73552257,-0.07753177,6,Shirt,PCA
-0.17462356,-1.3458606,6,Shirt,PCA
1.0920192,-1.1421194,1,Trouser,PCA
-1.3030512,0.34092632,6,Shirt,PCA
2.254097,0.52533776,7,Sneaker,PCA
-1.7920961,-0.31316328,3,Dress,PCA
-2.5526323,1.1085049,2,Pullover,PCA
-2.2696888,2.6277938,9,Ankle boot,PCA
0.5529939,-1.8436034,1,Trouser,PCA
-0.30197668,0.3693806,5,Sandal,PCA
-1.059391,0.7368326,8,Bag,PCA
-0.76213264,-2.1245623,1,Trouser,PCA
-0.9722901,-1.322247,6,Shirt,PCA
-1.3244191,-1.1627766,4,Coat,PCA
1.4543303,1.7511581,5,Sandal,PCA
0.3908581,-2.4833121,3,Dress,PCA
-0.7481585,-0.49605334,2,Pullover,PCA
-0.5571204,-0.21599516,4,Coat,PCA
-0.59241986,-0.22791389,8,Bag,PCA
-0.57727796,-0.8960455,0,T-shirt/top,PCA
0.7785976,-1.4606638,1,Trouser,PCA
1.6119189,-1.2184044,3,Dress,PCA
-0.15524118,2.3062515,8,Bag,PCA
-1.6535302,0.66372675,0,T-shirt/top,PCA
-0.030990332,-0.96669316,3,Dress,PCA
-0.39958876,-0.24689907,0,T-shirt/top,PCA
1.0637041,-1.124009,1,Trouser,PCA
0.50085413,-1.2445443,0,T-shirt/top,PCA
-0.31229526,-0.064518675,2,Pullover,PCA
-0.76357526,-0.09104964,6,Shirt,PCA
3.0120885,0.53789765,8,Bag,PCA
0.17766964,1.980151,8,Bag,PCA
2.7543004,-1.7175033,5,Sandal,PCA
0.67467076,0.12793146,4,Coat,PCA
2.1274142,0.3493746,7,Sneaker,PCA
0.8700142,1.502907,9,Ankle boot,PCA
1.3208257,1.5699946,8,Bag,PCA
-0.8881256,0.7145056,4,Coat,PCA
0.36439323,2.6102257,9,Ankle boot,PCA
-1.8845457,-0.593763,6,Shirt,PCA
0.08460206,-0.82673687,3,Dress,PCA
1.9504188,1.0260847,7,Sneaker,PCA
1.5028017,0.8804052,8,Bag,PCA
1.2609081,1.0547715,8,Bag,PCA
-1.9547011,-0.77369696,8,Bag,PCA
0.7759507,2.5025597,5,Sandal,PCA
1.4537983,-0.6526397,1,Trouser,PCA
0.5952936,-1.1095521,1,Trouser,PCA
-0.22862457,-1.2070554,0,T-shirt/top,PCA
0.4542706,-0.74838006,3,Dress,PCA
1.6871871,1.3768654,7,Sneaker,PCA
-1.6813939,0.79310805,6,Shirt,PCA
0.025240213,-0.63569206,3,Dress,PCA
-1.2023617,1.3218712,9,Ankle boot,PCA
-1.0029706,-0.90724725,8,Bag,PCA
-0.71364737,-0.22061045,4,Coat,PCA
-1.5312798,-0.23763758,6,Shirt,PCA
-0.007038057,0.96569026,5,Sandal,PCA
-0.43182623,-0.7754272,2,Pullover,PCA
-1.5300363,0.12032613,8,Bag,PCA
2.947197,-1.8904732,7,Sneaker,PCA
0.08664944,-0.9463054,3,Dress,PCA
-0.06921026,-0.28277445,2,Pullover,PCA
2.511074,-0.50994694,7,Sneaker,PCA
-2.1948168,-0.28178674,0,T-shirt/top,PCA
0.46054238,0.10742125,2,Pullover,PCA
1.5480858,1.6485776,7,Sneaker,PCA
-0.39704454,2.6158447,4,Coat,PCA
-0.16741581,-0.67777294,0,T-shirt/top,PCA
0.2686088,1.3132347,5,Sandal,PCA
-1.9722143,0.5330546,8,Bag,PCA
1.0065522,-0.9260261,1,Trouser,PCA
2.1742413,1.0107744,5,Sandal,PCA
-1.0615473,-1.3113889,0,T-shirt/top,PCA
-0.697042,-2.3479686,3,Dress,PCA
2.5996623,1.2151088,9,Ankle boot,PCA
-1.5723437,1.1299127,8,Bag,PCA
-1.0635006,-0.679465,0,T-shirt/top,PCA
2.0908208,-0.27192158,7,Sneaker,PCA
-0.8207815,1.1144929,6,Shirt,PCA
-0.66640466,0.18292318,3,Dress,PCA
1.1257302,-1.3984677,1,Trouser,PCA
-0.64619356,-0.8336553,2,Pullover,PCA
-1.4917023,-1.7645022,4,Coat,PCA
-1.6207218,-0.7518938,0,T-shirt/top,PCA
0.9046844,1.2683264,8,Bag,PCA
-1.0006068,-0.6299992,0,T-shirt/top,PCA
-1.524789,-0.079566985,0,T-shirt/top,PCA
1.0095505,1.7092744,8,Bag,PCA
-2.4690826,2.0529227,8,Bag,PCA
1.4727957,1.5810865,9,Ankle boot,PCA
0.49749678,1.7318876,9,Ankle boot,PCA
-0.67095196,-0.82973933,4,Coat,PCA
-1.4633025,-0.70597976,0,T-shirt/top,PCA
2.142679,-1.614454,3,Dress,PCA
-1.1917677,-0.8245604,8,Bag,PCA
-0.9377107,0.749135,3,Dress,PCA
2.2779114,-0.20146832,7,Sneaker,PCA
-0.27880996,-1.0551034,4,Coat,PCA
-0.57097346,0.28104618,6,Shirt,PCA
0.026189081,1.5869255,5,Sandal,PCA
-0.31821918,1.5266147,4,Coat,PCA
-0.9356231,-1.5626806,6,Shirt,PCA
-0.33171707,1.8493283,6,Shirt,PCA
0.7642237,-1.8361746,1,Trouser,PCA
-1.6256725,2.3539858,9,Ankle boot,PCA
-1.6121676,-0.23919292,6,Shirt,PCA
-0.16156776,-1.6785749,3,Dress,PCA
-1.788611,1.1946923,2,Pullover,PCA
-0.29199487,-1.9874393,3,Dress,PCA
-0.93993515,-0.8816751,4,Coat,PCA
-1.2495208,1.3861367,5,Sandal,PCA
0.54560536,-2.1221566,1,Trouser,PCA
-1.5676922,-0.03246103,2,Pullover,PCA
-1.276871,0.23417315,8,Bag,PCA
0.31534755,-2.1457596,1,Trouser,PCA
0.38430446,-1.9537147,4,Coat,PCA
0.86564976,1.9741346,9,Ankle boot,PCA
-0.37194282,1.335245,5,Sandal,PCA
-0.25921446,-0.31208962,6,Shirt,PCA
-0.49006504,1.0537124,4,Coat,PCA
-1.336632,-1.0737884,0,T-shirt/top,PCA
-0.41733676,-1.3320304,3,Dress,PCA
-2.4702837,1.1809441,9,Ankle boot,PCA
0.94041264,-1.4729683,1,Trouser,PCA
-2.0784266,-0.67734545,0,T-shirt/top,PCA
1.3137574,1.8955966,9,Ankle boot,PCA
-0.769601,-0.81411296,2,Pullover,PCA
2.7213073,-1.0739926,5,Sandal,PCA
-0.14562167,-0.9491875,6,Shirt,PCA
-0.43295175,2.0647774,5,Sandal,PCA
-0.9499236,-0.27788442,8,Bag,PCA
-0.754045,-1.1768217,0,T-shirt/top,PCA
-0.08091414,0.28183374,4,Coat,PCA
0.33229572,-1.8351268,3,Dress,PCA
-1.5923138,1.6285491,8,Bag,PCA
1.781911,-2.0628943,4,Coat,PCA
-0.07019682,-1.0107769,0,T-shirt/top,PCA
-1.5714189,-0.21065803,8,Bag,PCA
2.3225062,-0.5418338,7,Sneaker,PCA
-0.422422,-0.9375461,0,T-shirt/top,PCA
-0.6266034,-2.131606,1,Trouser,PCA
-0.22331275,-1.5490087,0,T-shirt/top,PCA
-0.22962113,-0.94588864,4,Coat,PCA
-2.2270007,0.12692638,2,Pullover,PCA
-1.0248007,-1.2273431,0,T-shirt/top,PCA
2.400892,0.18174793,5,Sandal,PCA
-1.9889716,1.709253,8,Bag,PCA
-2.8655002,0.07349387,2,Pullover,PCA
-0.19241764,-1.4143527,3,Dress,PCA
-0.9668885,-0.42714927,3,Dress,PCA
2.9966955,-0.864508,5,Sandal,PCA
0.574991,-1.3972932,1,Trouser,PCA
2.141158,-0.08347346,7,Sneaker,PCA
-1.7757837,0.2546973,9,Ankle boot,PCA
1.1236051,-0.55749434,3,Dress,PCA
-0.6331157,-1.0319846,0,T-shirt/top,PCA
-1.665589,0.6389689,9,Ankle boot,PCA
-1.7263447,1.7184739,5,Sandal,PCA
-0.4130903,-1.4753386,0,T-shirt/top,PCA
-0.4750532,-0.94736546,3,Dress,PCA
1.363515,1.9578958,9,Ankle boot,PCA
-1.7127266,-0.22460192,4,Coat,PCA
-0.6262803,2.0336332,9,Ankle boot,PCA
-0.19263183,-1.511919,0,T-shirt/top,PCA
0.08194007,-0.13701724,6,Shirt,PCA
1.0902945,-1.5942684,0,T-shirt/top,PCA
0.21838853,-0.8783869,3,Dress,PCA
1.3417615,1.4042006,8,Bag,PCA
-0.34741366,-0.81501067,0,T-shirt/top,PCA
-0.038726047,-0.9013795,0,T-shirt/top,PCA
-0.00785701,3.2299786,5,Sandal,PCA
-1.168174,-1.2087883,3,Dress,PCA
0.957167,-1.2954029,1,Trouser,PCA
-1.2083018,-0.45744824,6,Shirt,PCA
-2.0920646,-1.5989136,0,T-shirt/top,PCA
0.478503,-0.3844524,2,Pullover,PCA
-0.9750938,-2.0031257,3,Dress,PCA
0.89271086,-1.662784,1,Trouser,PCA
0.047662333,-1.2736522,3,Dress,PCA
-0.77939826,1.8199059,9,Ankle boot,PCA
-1.617554,1.4930433,5,Sandal,PCA
2.531504,0.94497514,8,Bag,PCA
0.6014974,-1.6532171,1,Trouser,PCA
-0.2694385,-2.4041195,1,Trouser,PCA
0.42500818,-0.14027476,4,Coat,PCA
1.2312263,1.514905,7,Sneaker,PCA
-0.8268769,2.633257,6,Shirt,PCA
-0.46057355,-0.89543957,3,Dress,PCA
-0.42060375,-0.3792385,0,T-shirt/top,PCA
0.15463355,1.4203281,8,Bag,PCA
-1.9559766,-0.25028062,6,Shirt,PCA
-0.31427896,-1.4100913,3,Dress,PCA
-0.9246569,-1.8562412,6,Shirt,PCA
-1.2797589,-0.5072961,4,Coat,PCA
-0.85429156,0.5193394,4,Coat,PCA
-1.4302427,0.25063914,4,Coat,PCA
-0.1341476,-0.74937266,4,Coat,PCA
-0.20872484,-0.16983166,2,Pullover,PCA
0.29785132,-1.3470119,3,Dress,PCA
-0.561257,-0.27721962,4,Coat,PCA
-1.7703198,1.8143145,9,Ankle boot,PCA
-1.4897403,1.3150947,8,Bag,PCA
-1.2951442,-0.050839797,6,Shirt,PCA
-1.7394595,0.16510065,0,T-shirt/top,PCA
0.5744034,1.7791051,7,Sneaker,PCA
0.48740757,2.8968139,9,Ankle boot,PCA
2.4566612,-0.54700017,5,Sandal,PCA
-0.85738343,-0.62283075,4,Coat,PCA
-1.625755,-0.51963186,0,T-shirt/top,PCA
-1.7076149,1.0714517,2,Pullover,PCA
-0.009920806,-1.7797922,1,Trouser,PCA
-1.1656576,-1.1880583,8,Bag,PCA
0.9936323,2.1643615,8,Bag,PCA
1.0269076,1.5387772,8,Bag,PCA
-1.6005515,-0.9503582,0,T-shirt/top,PCA
-1.3013997,1.4907092,5,Sandal,PCA
-0.055244118,-0.3013151,2,Pullover,PCA
0.20869982,2.249391,8,Bag,PCA
0.5571401,0.938653,6,Shirt,PCA
1.329605,1.3966857,7,Sneaker,PCA
-1.4415607,1.9509249,8,Bag,PCA
0.6524856,-1.2364649,3,Dress,PCA
0.3291558,2.2922578,9,Ankle boot,PCA
-1.6977745,-2.2475,6,Shirt,PCA
1.254566,-1.3746198,1,Trouser,PCA
0.7527841,-1.6383231,1,Trouser,PCA
-0.5741607,-1.3996928,3,Dress,PCA
0.90682656,-1.1360878,1,Trouser,PCA
-0.82423675,-0.5465739,6,Shirt,PCA
0.04197654,0.49990606,6,Shirt,PCA
-1.7568433,1.2922629,2,Pullover,PCA
-0.74651206,-0.1798215,2,Pullover,PCA
-0.92451626,0.023800671,8,Bag,PCA
-0.69676656,-0.15617377,6,Shirt,PCA
0.15167093,-0.6583857,0,T-shirt/top,PCA
-0.6196469,-1.3550884,3,Dress,PCA
0.09084588,-1.7855145,3,Dress,PCA
-1.3797195,-0.44616735,2,Pullover,PCA
-0.8397344,-0.7952834,3,Dress,PCA
-0.569354,1.9548942,9,Ankle boot,PCA
-0.372792,-0.5032127,4,Coat,PCA
-1.9516348,-0.14470014,0,T-shirt/top,PCA
-2.1601505,-0.48614636,6,Shirt,PCA
2.4612632,-1.3034745,5,Sandal,PCA
-1.5853995,0.17145735,0,T-shirt/top,PCA
-1.4158132,-0.36479956,4,Coat,PCA
-1.9584521,-0.31303725,4,Coat,PCA
2.604272,-0.2972564,7,Sneaker,PCA
-0.46739322,2.0506597,9,Ankle boot,PCA
-1.0402062,-0.49896687,2,Pullover,PCA
2.2335043,0.32679164,7,Sneaker,PCA
-0.70023614,0.8273411,8,Bag,PCA
1.8900002,1.0762001,7,Sneaker,PCA
0.6649667,-1.6015773,1,Trouser,PCA
0.3344054,0.3735107,4,Coat,PCA
-1.1967859,-0.803989,6,Shirt,PCA
2.3734133,-0.11983344,5,Sandal,PCA
0.8505802,-2.0064974,1,Trouser,PCA
2.0352287,1.402073,9,Ankle boot,PCA
2.5947366,1.6847953,5,Sandal,PCA
-1.2085708,-0.27428395,6,Shirt,PCA
-1.0725498,0.1303889,0,T-shirt/top,PCA
0.42342335,0.5095142,2,Pullover,PCA
-1.6215149,-2.1094165,0,T-shirt/top,PCA
2.2637758,-1.1826961,8,Bag,PCA
-0.4604705,1.3835566,4,Coat,PCA
2.019197,0.88125736,7,Sneaker,PCA
-1.2776865,-1.2599545,0,T-shirt/top,PCA
-0.98448867,-0.77626634,0,T-shirt/top,PCA
-0.20526065,-0.7171664,6,Shirt,PCA
-2.3701656,-0.17499104,2,Pullover,PCA
-0.51678675,-0.4866032,4,Coat,PCA
-0.15977694,-1.7251847,3,Dress,PCA
1.9511336,0.8800794,7,Sneaker,PCA
1.379698,-0.7632619,3,Dress,PCA
-1.2473704,-1.0660456,4,Coat,PCA
0.24531074,-0.21742629,2,Pullover,PCA
1.1519996,-0.9920508,3,Dress,PCA
2.1064005,-0.022147272,7,Sneaker,PCA
0.5457319,-0.7819703,4,Coat,PCA
0.6456773,0.8895659,5,Sandal,PCA
2.2441392,-0.018818092,7,Sneaker,PCA
-2.480231,1.7789588,5,Sandal,PCA
-0.25489318,-0.9880579,0,T-shirt/top,PCA
1.479558,1.7620835,5,Sandal,PCA
-2.0442276,-0.10243844,6,Shirt,PCA
2.2099433,-0.7370171,7,Sneaker,PCA
0.72264284,-1.8919789,1,Trouser,PCA
-1.8277397,1.0700308,8,Bag,PCA
1.0807973,2.6017165,9,Ankle boot,PCA
1.3518819,-0.96180534,1,Trouser,PCA
-0.9632394,-0.1617068,0,T-shirt/top,PCA
2.055613,-0.79099816,1,Trouser,PCA
2.6864526,-0.013240205,7,Sneaker,PCA
1.2764301,-2.0899081,8,Bag,PCA
0.28201646,1.7352543,9,Ankle boot,PCA
-2.2607224,0.28514704,6,Shirt,PCA
-0.39709777,2.0169792,9,Ankle boot,PCA
-0.9585578,-1.5941405,3,Dress,PCA
-1.1943094,-0.94525486,0,T-shirt/top,PCA
-1.6864583,-0.35627323,6,Shirt,PCA
-1.0770364,-0.87964135,4,Coat,PCA
-0.5046311,-0.080464244,2,Pullover,PCA
1.8783176,0.26110464,7,Sneaker,PCA
2.1864333,-0.1511176,7,Sneaker,PCA
0.4836111,0.11113408,4,Coat,PCA
1.937327,-1.6910759,5,Sandal,PCA
-0.73019755,-1.3658814,2,Pullover,PCA
-0.51574224,0.4354907,4,Coat,PCA
0.5387159,-0.18885493,4,Coat,PCA
-0.34824854,-0.97388846,6,Shirt,PCA
2.3224928,0.20625763,7,Sneaker,PCA
1.2979448,-0.7075283,1,Trouser,PCA
-0.77226055,1.9982907,9,Ankle boot,PCA
-0.7568354,0.022459835,6,Shirt,PCA
-2.413783,0.5782911,6,Shirt,PCA
2.2848198,-1.7162497,5,Sandal,PCA
-1.1889212,-0.86039585,0,T-shirt/top,PCA
-0.5238077,-1.8182207,3,Dress,PCA
1.5915827,-0.812525,1,Trouser,PCA
-0.3559271,-1.6970534,0,T-shirt/top,PCA
1.2543328,2.1667943,9,Ankle boot,PCA
-0.82835287,-0.8818041,0,T-shirt/top,PCA
1.0292222,-1.4284717,3,Dress,PCA
-0.5549722,0.27353823,2,Pullover,PCA
-2.8179777,1.1542487,2,Pullover,PCA
-1.4911916,-0.029767698,2,Pullover,PCA
-1.5211093,1.1433617,9,Ankle boot,PCA
-2.6119509,1.161002,2,Pullover,PCA
-0.79525363,-1.5515895,4,Coat,PCA
-0.98188967,-0.3043298,4,Coat,PCA
0.6366113,2.5980597,9,Ankle boot,PCA
-0.93874174,2.0028343,8,Bag,PCA
-1.3421037,-1.8021159,6,Shirt,PCA
2.3204632,0.755276,7,Sneaker,PCA
-0.25325847,-1.0177565,3,Dress,PCA
0.73908424,-1.1926244,1,Trouser,PCA
0.4984758,-1.5697936,1,Trouser,PCA
-0.3641281,-0.7968394,6,Shirt,PCA
0.17295939,-1.5310569,3,Dress,PCA
2.2301543,-0.47029412,7,Sneaker,PCA
-0.5715079,-1.051627,4,Coat,PCA
-1.1404475,-2.0964456,4,Coat,PCA
-0.930664,-1.8294522,2,Pullover,PCA
2.267983,-0.11094336,7,Sneaker,PCA
-0.6386237,-1.3227389,3,Dress,PCA
-1.9891914,1.0188665,9,Ankle boot,PCA
2.4855814,-0.38261887,5,Sandal,PCA
2.61783,0.66177326,5,Sandal,PCA
0.3749041,1.0992191,9,Ankle boot,PCA
-1.1077496,-0.8391122,6,Shirt,PCA
1.6028812,1.8375309,9,Ankle boot,PCA
-0.8108283,-0.8383969,2,Pullover,PCA
-1.3308681,-1.3721955,3,Dress,PCA
-2.2254481,1.0484071,2,Pullover,PCA
-2.4116256,0.60394377,2,Pullover,PCA
0.9062095,2.1004949,8,Bag,PCA
0.9949214,1.081263,6,Shirt,PCA
-1.2012806,-0.066931605,4,Coat,PCA
1.6069586,0.23377562,7,Sneaker,PCA
-0.6878456,3.2026415,9,Ankle boot,PCA
0.064730294,2.0826693,8,Bag,PCA
-0.38289505,-0.31970784,6,Shirt,PCA
2.3333359,0.16753396,7,Sneaker,PCA
2.3376775,0.74675703,5,Sandal,PCA
0.77302825,2.439589,9,Ankle boot,PCA
-0.9060876,1.1951414,2,Pullover,PCA
0.26019457,2.1297474,8,Bag,PCA
1.0098978,-1.0463012,1,Trouser,PCA
-0.33770764,2.5495377,9,Ankle boot,PCA
-1.2368035,-1.536105,4,Coat,PCA
-2.4929922,0.4724939,9,Ankle boot,PCA
-0.4798531,1.1146004,9,Ankle boot,PCA
-1.182719,0.13165699,6,Shirt,PCA
-0.4112829,-0.9021557,0,T-shirt/top,PCA
2.3457782,-0.1868937,5,Sandal,PCA
-1.160679,-0.7363615,0,T-shirt/top,PCA
-1.6526593,-0.69801795,8,Bag,PCA
-2.199925,0.53846174,6,Shirt,PCA
1.2976196,1.2331638,8,Bag,PCA
1.0391029,-1.7321321,1,Trouser,PCA
-2.3157272,-0.51243806,4,Coat,PCA
-0.023814261,-0.4742369,4,Coat,PCA
2.292687,-0.48726422,7,Sneaker,PCA
-1.4099628,-1.4167514,3,Dress,PCA
-0.11109094,-1.9222299,3,Dress,PCA
-2.5611591,0.91323686,2,Pullover,PCA
-0.3440898,-1.3960187,3,Dress,PCA
0.79163563,-1.6837082,1,Trouser,PCA
-0.23534472,-1.0974317,0,T-shirt/top,PCA
-1.0099689,-2.0268488,4,Coat,PCA
0.58208996,-1.487495,4,Coat,PCA
-2.015884,-0.5540996,9,Ankle boot,PCA
-1.0259612,0.7542721,6,Shirt,PCA
-0.28851867,-1.8997825,0,T-shirt/top,PCA
-0.37696838,2.150412,9,Ankle boot,PCA
-1.4237542,0.17253402,8,Bag,PCA
-1.3600509,0.29254454,8,Bag,PCA
-1.2226108,-1.3473371,3,Dress,PCA
1.6443505,2.469335,9,Ankle boot,PCA
0.473925,1.0630088,7,Sneaker,PCA
-1.0724852,-0.87359166,0,T-shirt/top,PCA
1.1065267,-1.2752506,1,Trouser,PCA
-1.2514981,0.04125824,2,Pullover,PCA
1.0914934,-0.81241196,3,Dress,PCA
-0.2200246,-1.2056627,3,Dress,PCA
-0.77964455,-1.0516683,3,Dress,PCA
2.2786505,0.64408386,5,Sandal,PCA
-0.77323633,-0.033399303,6,Shirt,PCA
-0.19354557,-0.3830703,6,Shirt,PCA
0.3366022,-1.4073156,1,Trouser,PCA
-2.3301113,-2.025275,6,Shirt,PCA
0.84031177,-1.50497,3,Dress,PCA
-0.49322587,-1.707504,3,Dress,PCA
-1.4328437,0.41953245,5,Sandal,PCA
-0.76132375,-0.6251192,8,Bag,PCA
-1.9497691,1.673309,4,Coat,PCA
-0.9882831,-0.23583107,8,Bag,PCA
2.6709566,-0.03203567,7,Sneaker,PCA
-2.802548,-0.32438824,6,Shirt,PCA
2.2681413,0.5414753,7,Sneaker,PCA
-1.8672425,-0.3262214,2,Pullover,PCA
1.9065602,-0.10566052,1,Trouser,PCA
1.6762764,-1.2094773,1,Trouser,PCA
0.6799111,-1.4150202,3,Dress,PCA
-1.1352738,0.7015031,8,Bag,PCA
-1.796389,-0.0419583,6,Shirt,PCA
-0.5652265,0.07688702,0,T-shirt/top,PCA
-1.1091559,2.3027244,9,Ankle boot,PCA
2.1828825,0.34434384,7,Sneaker,PCA
-1.0069592,0.59422636,5,Sandal,PCA
-0.56928486,1.2273228,8,Bag,PCA
-2.1513717,0.25829667,2,Pullover,PCA
1.1679281,-1.2097926,3,Dress,PCA
1.6511031,1.2321749,5,Sandal,PCA
1.225322,2.0741634,9,Ankle boot,PCA
2.561885,-0.047972795,7,Sneaker,PCA
0.025211543,-0.7146078,0,T-shirt/top,PCA
-0.070018604,-1.6502364,1,Trouser,PCA
0.7863177,-1.9371649,1,Trouser,PCA
-0.4025842,1.4442441,9,Ankle boot,PCA
0.4676252,3.050394,8,Bag,PCA
-1.5787776,-0.053903874,6,Shirt,PCA
-2.6119192,2.562469,0,T-shirt/top,PCA
-1.6230204,-0.2204041,0,T-shirt/top,PCA
1.6471211,-0.3824616,1,Trouser,PCA
-1.5021152,0.8926848,2,Pullover,PCA
0.13615455,0.62526506,2,Pullover,PCA
-0.7574612,-1.9909372,4,Coat,PCA
-0.592688,-1.5747434,4,Coat,PCA
0.25526768,0.8064615,8,Bag,PCA
0.80728996,-1.4494128,1,Trouser,PCA
0.264233,1.1685808,3,Dress,PCA
0.9906891,1.6736962,7,Sneaker,PCA
-1.0430031,-1.4301834,3,Dress,PCA
-0.9058464,1.6581484,6,Shirt,PCA
1.0527432,-1.2417486,1,Trouser,PCA
-1.9990305,0.7277158,0,T-shirt/top,PCA
-0.07611789,1.6143416,5,Sandal,PCA
-0.37958837,-1.8881128,0,T-shirt/top,PCA
1.2806363,-1.4236904,1,Trouser,PCA
2.1214235,-0.52776265,7,Sneaker,PCA
-0.7001813,-1.7199835,3,Dress,PCA
1.316648,1.4918383,9,Ankle boot,PCA
-0.10701491,-1.0313358,8,Bag,PCA
-1.0220995,-1.8768697,3,Dress,PCA
0.84155047,1.7696168,9,Ankle boot,PCA
-1.7482427,0.093767405,6,Shirt,PCA
-1.5067304,2.0293512,9,Ankle boot,PCA
-1.4860456,0.52117866,5,Sandal,PCA
-0.8831101,0.5443597,4,Coat,PCA
1.8813179,-0.3785033,7,Sneaker,PCA
-0.2956742,-2.0421906,0,T-shirt/top,PCA
0.16902411,-1.0552005,3,Dress,PCA
0.74869865,2.3988104,9,Ankle boot,PCA
2.7095454,-0.15799108,7,Sneaker,PCA
1.5575042,2.3970795,9,Ankle boot,PCA
0.2463099,-1.0921146,6,Shirt,PCA
0.7361568,-0.061570108,4,Coat,PCA
1.9031181,0.1961194,5,Sandal,PCA
-0.0445593,1.627726,6,Shirt,PCA
-0.24936639,-0.89887226,2,Pullover,PCA
1.2174618,-1.3084072,1,Trouser,PCA
-1.3308033,0.44360965,5,Sandal,PCA
0.09418976,-0.70666033,3,Dress,PCA
-0.54528743,-0.24623431,4,Coat,PCA
-0.30833334,-1.5683148,1,Trouser,PCA
-1.2334927,0.67151296,5,Sandal,PCA
-0.80284786,-0.13414508,5,Sandal,PCA
0.01032415,1.0018907,8,Bag,PCA
2.056536,1.3498113,8,Bag,PCA
1.6033778,2.138556,9,Ankle boot,PCA
-0.954724,0.5685112,4,Coat,PCA
-0.94998795,1.7396748,9,Ankle boot,PCA
1.8477521,-0.09593928,5,Sandal,PCA
0.7259814,1.8713531,7,Sneaker,PCA
1.354868,2.0632586,8,Bag,PCA
2.7220607,-0.42941707,7,Sneaker,PCA
-1.2081671,-2.299862,1,Trouser,PCA
-0.26162684,-0.80797726,3,Dress,PCA
1.2359004,-1.1222194,1,Trouser,PCA
-1.7272645,0.54026884,6,Shirt,PCA
1.1775908,-1.1227204,1,Trouser,PCA
-0.39245784,-1.7510409,3,Dress,PCA
0.6197556,-1.5849607,3,Dress,PCA
0.95568514,-1.594493,1,Trouser,PCA
0.057424523,-2.17553,3,Dress,PCA
-1.6734328,0.64939886,8,Bag,PCA
0.5551113,1.9407873,9,Ankle boot,PCA
0.32800987,2.243237,9,Ankle boot,PCA
-0.6422471,-0.29633725,4,Coat,PCA
0.9463142,-1.2495427,1,Trouser,PCA
-2.1256664,-0.5969025,0,T-shirt/top,PCA
-0.58859336,3.5943122,8,Bag,PCA
0.02300638,-0.5700948,6,Shirt,PCA
-0.8026319,0.2776138,2,Pullover,PCA
-0.73372394,-0.5998867,0,T-shirt/top,PCA
2.6356633,0.6491699,7,Sneaker,PCA
0.68259495,2.2399225,9,Ankle boot,PCA
-1.0933625,-0.9052689,8,Bag,PCA
-1.7940967,0.7224355,2,Pullover,PCA
2.1317732,1.0696012,5,Sandal,PCA
-0.5491047,0.44765615,4,Coat,PCA
-0.87450606,-0.35124156,6,Shirt,PCA
-1.1619452,-1.9309894,3,Dress,PCA
1.1566414,-1.8521534,1,Trouser,PCA
2.3372264,-0.20833725,7,Sneaker,PCA
-1.7268524,-1.078576,2,Pullover,PCA
-1.02147,1.0091554,5,Sandal,PCA
-0.44698286,-0.59495574,2,Pullover,PCA
-1.0644969,-0.27454013,6,Shirt,PCA
-2.412365,0.66466194,8,Bag,PCA
-0.52652407,-0.24040827,2,Pullover,PCA
1.6193788,1.6423734,5,Sandal,PCA
-0.6540313,-0.29902312,2,Pullover,PCA
-1.7307445,0.77808875,0,T-shirt/top,PCA
1.9294275,1.2071099,7,Sneaker,PCA
0.9325174,-0.9937228,1,Trouser,PCA
0.055088528,-0.7837137,2,Pullover,PCA
0.99225175,2.1239057,9,Ankle boot,PCA
-0.5136988,-1.5654349,3,Dress,PCA
-1.3431026,0.87324274,0,T-shirt/top,PCA
0.3728149,-1.657093,1,Trouser,PCA
2.1496859,0.40277123,8,Bag,PCA
-1.5647115,-0.9902625,0,T-shirt/top,PCA
-1.8497401,-0.9311608,8,Bag,PCA
0.76102054,0.8990463,5,Sandal,PCA
-1.3627336,-0.14535674,6,Shirt,PCA
-1.4344854,-0.8195548,8,Bag,PCA
1.6880392,2.1291952,5,Sandal,PCA
0.29088026,2.655745,9,Ankle boot,PCA
-1.1361302,-1.0778079,0,T-shirt/top,PCA
2.235681,-0.34724668,7,Sneaker,PCA
2.040992,0.8627319,7,Sneaker,PCA
-1.6764026,-1.008107,0,T-shirt/top,PCA
-1.7024411,-1.1548735,0,T-shirt/top,PCA
-1.3788606,-0.71844816,4,Coat,PCA
1.1631069,-1.6440984,1,Trouser,PCA
1.2969762,-1.1390132,1,Trouser,PCA
-1.1518743,-0.42207327,6,Shirt,PCA
-1.4506469,1.93227,8,Bag,PCA
-0.3903159,0.69555753,4,Coat,PCA
1.1208277,-1.1956779,1,Trouser,PCA
-0.70036185,-0.5736772,2,Pullover,PCA
2.2339785,-0.96623635,7,Sneaker,PCA
2.6396897,0.45181665,5,Sandal,PCA
1.6824508,0.25075603,5,Sandal,PCA
0.7445504,2.3254032,9,Ankle boot,PCA
-0.6979051,-1.4414719,2,Pullover,PCA
-0.44660598,2.3862553,5,Sandal,PCA
2.183001,-0.26629904,7,Sneaker,PCA
-0.3617341,2.6554713,9,Ankle boot,PCA
-0.9951975,0.32896814,6,Shirt,PCA
2.1331227,-0.5278515,7,Sneaker,PCA
-2.1551178,-0.42121446,0,T-shirt/top,PCA
-1.1100034,-1.4748517,6,Shirt,PCA
1.3325161,1.4074464,9,Ankle boot,PCA
-0.76190937,-0.7180105,2,Pullover,PCA
-2.7077312,1.2949834,6,Shirt,PCA
0.6729709,3.0042124,9,Ankle boot,PCA
-0.74336576,1.1404916,6,Shirt,PCA
-0.84933084,-0.12779367,6,Shirt,PCA
-1.907808,-0.8230276,0,T-shirt/top,PCA
-0.8199985,-0.0842339,4,Coat,PCA
-0.21885274,-1.4822493,4,Coat,PCA
-1.113364,-1.8286275,0,T-shirt/top,PCA
-1.1063329,0.6287614,4,Coat,PCA
2.22831,2.9083142,5,Sandal,PCA
-1.7134924,-0.83719116,6,Shirt,PCA
0.60106546,2.4771237,9,Ankle boot,PCA
1.683684,-0.33602762,3,Dress,PCA
0.083422,3.3714275,8,Bag,PCA
-0.8247416,0.06049552,6,Shirt,PCA
2.1415298,0.27913356,7,Sneaker,PCA
2.5700297,0.6210687,5,Sandal,PCA
-0.76783746,-0.5511688,2,Pullover,PCA
1.0498332,-1.019666,1,Trouser,PCA
-0.916292,-0.956146,3,Dress,PCA
0.93375945,1.1475191,6,Shirt,PCA
-0.801813,-0.55691856,2,Pullover,PCA
1.9825355,0.51306885,8,Bag,PCA
-0.795797,-1.5488193,3,Dress,PCA
0.07960247,-1.1011705,0,T-shirt/top,PCA
1.6830324,-1.0010312,3,Dress,PCA
-0.977928,-0.36622283,4,Coat,PCA
-0.18358614,-1.2060541,8,Bag,PCA
-1.0317641,0.5109448,4,Coat,PCA
-1.5751609,-0.9707368,6,Shirt,PCA
0.67271197,-1.8742226,1,Trouser,PCA
0.76384634,-1.4007684,4,Coat,PCA
-0.24761267,-1.8790694,3,Dress,PCA
1.8429477,1.1771135,8,Bag,PCA
1.4526563,-1.1162483,1,Trouser,PCA
1.0890278,-1.0908892,3,Dress,PCA
-0.19066022,0.6250072,4,Coat,PCA
-0.15503596,2.3075337,9,Ankle boot,PCA
2.0003815,0.32429615,5,Sandal,PCA
-0.64752614,0.54014707,4,Coat,PCA
-0.23026983,1.7508554,8,Bag,PCA
0.6382376,-0.9140266,3,Dress,PCA
0.6934814,-2.1003976,1,Trouser,PCA
-1.9887468,-0.5351983,9,Ankle boot,PCA
2.4151113,-1.4928012,5,Sandal,PCA
-1.4084553,1.0060437,2,Pullover,PCA
-1.2199484,-0.29203618,4,Coat,PCA
-0.28993595,-1.7511667,3,Dress,PCA
-0.6124213,-0.6427276,0,T-shirt/top,PCA
-1.7447772,-0.59447575,0,T-shirt/top,PCA
2.2780735,-0.0024095438,7,Sneaker,PCA
-0.07455979,-1.421477,6,Shirt,PCA
-1.1796954,-1.051705,2,Pullover,PCA
-0.80377394,1.5754844,5,Sandal,PCA
-1.4732511,-1.6072164,4,Coat,PCA
-0.54839104,0.4506861,2,Pullover,PCA
-1.404348,2.5229144,9,Ankle boot,PCA
0.06510084,-2.2623792,1,Trouser,PCA
-1.3966459,0.72081363,6,Shirt,PCA
0.5478637,-0.57636243,1,Trouser,PCA
-0.13167743,1.5251936,7,Sneaker,PCA
-1.5339029,0.528302,9,Ankle boot,PCA
-0.59746635,0.56531644,2,Pullover,PCA
-0.4240563,-1.328544,3,Dress,PCA
-0.9506058,-0.6305909,6,Shirt,PCA
-0.8475125,-0.018802857,6,Shirt,PCA
1.9526839,-1.1408502,1,Trouser,PCA
-0.43490195,-0.93206435,4,Coat,PCA
-0.93669087,-0.9516577,4,Coat,PCA
-0.6451245,-2.1224341,3,Dress,PCA
-1.0245672,2.252699,5,Sandal,PCA
-0.6199773,0.08278437,6,Shirt,PCA
2.3232164,0.27530906,7,Sneaker,PCA
-1.4160197,-1.1631554,0,T-shirt/top,PCA
1.5615098,1.6066011,5,Sandal,PCA
2.4191256,1.3775289,5,Sandal,PCA
1.2405196,2.369772,9,Ankle boot,PCA
0.5923544,2.285262,9,Ankle boot,PCA
-0.22192465,-0.82068336,8,Bag,PCA
-0.8579574,-0.8566878,6,Shirt,PCA
-1.6768812,0.46678084,4,Coat,PCA
1.3997644,1.7372172,8,Bag,PCA
2.6066415,0.41694012,7,Sneaker,PCA
-1.4593431,-0.52228427,4,Coat,PCA
1.9366019,-0.19501197,7,Sneaker,PCA
2.082796,0.19665012,8,Bag,PCA
-0.81522346,0.52631223,5,Sandal,PCA
-1.0753064,-0.8587709,4,Coat,PCA
-0.2747699,0.37155774,4,Coat,PCA
-2.3916814,0.74066585,9,Ankle boot,PCA
-1.7450707,-1.0680553,3,Dress,PCA
-1.8577963,0.43238324,2,Pullover,PCA
-0.422292,-1.8152744,0,T-shirt/top,PCA
-0.15177943,-1.7443787,1,Trouser,PCA
-1.665519,-0.37599775,2,Pullover,PCA
-0.11305274,1.5467743,8,Bag,PCA
-2.34062,-0.9856672,3,Dress,PCA
-1.5532609,-0.0837207,8,Bag,PCA
0.41685534,-1.8139173,1,Trouser,PCA
-1.5925772,-0.5168836,4,Coat,PCA
-0.48614186,-0.46245715,2,Pullover,PCA
0.36690706,0.3270488,4,Coat,PCA
2.7264411,0.77760756,7,Sneaker,PCA
2.3441768,-0.19660452,7,Sneaker,PCA
-1.3142607,0.49739408,2,Pullover,PCA
-0.76438487,1.6129037,9,Ankle boot,PCA
-3.384548,3.7305884,8,Bag,PCA
2.2858527,0.7462774,8,Bag,PCA
2.9068012,0.2202838,5,Sandal,PCA
0.80062354,-1.3760792,1,Trouser,PCA
0.5050394,-1.4060551,1,Trouser,PCA
-2.5884664,-0.6104827,6,Shirt,PCA
-1.1241301,-1.613091,2,Pullover,PCA
-0.66103375,2.6192093,5,Sandal,PCA
1.4068633,0.10587102,1,Trouser,PCA
0.66892785,-0.46158826,4,Coat,PCA
-0.92860574,-1.2150285,0,T-shirt/top,PCA
-0.5020826,-0.7561385,6,Shirt,PCA
0.07483866,-0.8056044,6,Shirt,PCA
1.1611001,1.3664751,7,Sneaker,PCA
-0.55986947,1.1407018,8,Bag,PCA
-2.529108,1.004071,5,Sandal,PCA
0.81031734,0.7752622,7,Sneaker,PCA
-1.2166859,0.19938567,2,Pullover,PCA
1.8110235,0.5502481,7,Sneaker,PCA
2.3050745,-0.29281583,5,Sandal,PCA
0.7912586,-0.7462449,4,Coat,PCA
1.4367875,-1.1194626,1,Trouser,PCA
-0.34813702,-0.9636966,4,Coat,PCA
0.2953636,-0.5785252,4,Coat,PCA
0.22542083,0.6667393,4,Coat,PCA
0.87387383,-1.4765291,1,Trouser,PCA
0.828582,1.6218697,7,Sneaker,PCA
-0.66688305,2.1306205,5,Sandal,PCA
2.6452029,1.4725931,9,Ankle boot,PCA
1.5817628,1.2334816,9,Ankle boot,PCA
3.1828427,-1.0012574,5,Sandal,PCA
-2.6017742,1.8622875,9,Ankle boot,PCA
1.0246,-1.600518,1,Trouser,PCA
-0.87904876,-0.5498363,0,T-shirt/top,PCA
2.1617177,0.68075764,8,Bag,PCA
2.7641635,0.07369604,8,Bag,PCA
0.21760438,-0.9017678,0,T-shirt/top,PCA
1.8600106,1.6163497,8,Bag,PCA
-0.17153053,-0.4390735,6,Shirt,PCA
-1.2325903,-1.9321742,0,T-shirt/top,PCA
0.27769315,-1.9972273,1,Trouser,PCA
0.14159228,1.4086783,8,Bag,PCA
-1.9938549,0.4870739,2,Pullover,PCA
2.649339,-0.1368573,7,Sneaker,PCA
0.38193694,1.8550227,5,Sandal,PCA
-1.496196,-0.33908677,6,Shirt,PCA
-0.58181924,-1.1254884,6,Shirt,PCA
-1.1208339,1.5704622,9,Ankle boot,PCA
0.20054409,2.36653,9,Ankle boot,PCA
-0.32081783,0.099920794,6,Shirt,PCA
-1.0185502,-1.4419168,4,Coat,PCA
-0.5948383,-0.06329648,4,Coat,PCA
-0.62787396,2.5093179,9,Ankle boot,PCA
-0.74459815,-1.2424135,0,T-shirt/top,PCA
-0.92657226,1.9250082,5,Sandal,PCA
1.528527,-0.078128725,7,Sneaker,PCA
1.7412783,2.4325767,9,Ankle boot,PCA
-1.6943908,2.1328425,9,Ankle boot,PCA
-0.9563845,0.88621926,5,Sandal,PCA
0.05169432,-0.9761757,1,Trouser,PCA
0.741302,-0.5967397,4,Coat,PCA
-2.2684395,0.79023606,8,Bag,PCA
1.3201019,-1.1084912,1,Trouser,PCA
0.23753583,0.022062577,6,Shirt,PCA
2.4531748,-1.6642582,5,Sandal,PCA
-0.2018819,2.020072,9,Ankle boot,PCA
-1.7309612,0.8943561,4,Coat,PCA
0.30624628,1.3401347,8,Bag,PCA
-0.40645748,0.0062767714,4,Coat,PCA
0.9514674,-0.89168763,1,Trouser,PCA
-0.5469594,-0.3232179,0,T-shirt/top,PCA
0.036211975,0.40024433,4,Coat,PCA
-1.3050567,-0.9042968,6,Shirt,PCA
-2.4441814,1.0964046,6,Shirt,PCA
-0.561393,1.0703664,4,Coat,PCA
-1.362286,0.3384223,0,T-shirt/top,PCA
-0.7752988,-0.6076993,5,Sandal,PCA
2.5450685,-1.3537922,7,Sneaker,PCA
-0.44261885,0.9573602,2,Pullover,PCA
0.80624616,1.3925973,5,Sandal,PCA
-0.48394036,-1.3015846,2,Pullover,PCA
1.9031626,-0.45376334,7,Sneaker,PCA
-0.20320936,-0.31377354,4,Coat,PCA
2.5467699,-0.75889903,7,Sneaker,PCA
-0.6392441,-1.013076,8,Bag,PCA
-1.6384726,-1.0282176,6,Shirt,PCA
2.6838896,0.28424168,5,Sandal,PCA
0.2509755,0.5557494,6,Shirt,PCA
0.15570587,0.56944776,5,Sandal,PCA
1.0163943,-0.99136925,3,Dress,PCA
1.6351444,0.52410746,7,Sneaker,PCA
0.30093065,1.0460755,7,Sneaker,PCA
-1.2488956,0.022166174,6,Shirt,PCA
-0.86637324,0.71039927,4,Coat,PCA
-0.17443518,3.2617283,8,Bag,PCA
-1.5165856,-1.057447,2,Pullover,PCA
-0.033452064,-1.1222384,4,Coat,PCA
1.6599396,0.8640264,7,Sneaker,PCA
2.1031582,0.2945215,5,Sandal,PCA
-2.0841246,-0.41387475,4,Coat,PCA
1.0145241,-0.8753339,1,Trouser,PCA
1.1211039,2.4202547,9,Ankle boot,PCA
-0.99692684,-1.3115307,6,Shirt,PCA
1.9728291,0.88572127,7,Sneaker,PCA
-0.4702286,-1.0350266,3,Dress,PCA
2.870346,1.3408004,9,Ankle boot,PCA
0.38851476,-1.6528059,3,Dress,PCA
-1.0418093,-0.50466156,8,Bag,PCA
-1.4293352,1.0461563,6,Shirt,PCA
-0.8861404,0.41121772,5,Sandal,PCA
-1.5563211,0.1315273,2,Pullover,PCA
-1.0224799,-0.22358343,2,Pullover,PCA
-1.1182199,1.0961705,5,Sandal,PCA
-1.190988,0.39125687,8,Bag,PCA
-0.67614174,-1.2651488,6,Shirt,PCA
1.2436082,-1.2908196,1,Trouser,PCA
-1.2380679,-0.7990921,4,Coat,PCA
-1.0162475,-0.7004749,2,Pullover,PCA
0.37111798,-0.98958504,6,Shirt,PCA
0.18012622,0.8202177,4,Coat,PCA
-0.4834996,0.18530424,6,Shirt,PCA
-0.34565222,1.8336676,5,Sandal,PCA
-1.2182262,-1.6734191,6,Shirt,PCA
-0.24354549,-1.6030921,0,T-shirt/top,PCA
-0.13416518,-1.6120005,1,Trouser,PCA
-0.22575854,-0.41823173,0,T-shirt/top,PCA
0.273394,1.9343191,9,Ankle boot,PCA
1.0197285,-0.8903668,3,Dress,PCA
-0.9220479,-0.16918065,2,Pullover,PCA
1.3040597,1.8983445,7,Sneaker,PCA
-0.67275745,0.19877611,6,Shirt,PCA
-1.0979776,0.5239323,2,Pullover,PCA
-0.47669113,0.31153676,2,Pullover,PCA
0.20623147,0.56006026,8,Bag,PCA
-0.41847265,-0.40550932,0,T-shirt/top,PCA
1.7492913,0.7975336,8,Bag,PCA
-0.8587168,-1.8978893,0,T-shirt/top,PCA
-1.2526109,-0.23534922,4,Coat,PCA
-1.9538254,0.008811977,0,T-shirt/top,PCA
2.4552991,0.1673201,5,Sandal,PCA
-0.6757201,-0.7413535,3,Dress,PCA
1.1994472,-1.3762126,1,Trouser,PCA
3.0148337,-0.2380898,7,Sneaker,PCA
0.54678273,-1.8757321,1,Trouser,PCA
0.74114704,2.733613,8,Bag,PCA
-0.63497686,-0.6560094,0,T-shirt/top,PCA
-1.7621869,0.020839754,6,Shirt,PCA
0.6236283,1.7386262,5,Sandal,PCA
0.3673926,-1.1101018,3,Dress,PCA
-1.1783236,1.5576712,1,Trouser,PCA
-0.62893754,-2.0888996,4,Coat,PCA
-0.4890089,-1.2031883,6,Shirt,PCA
-1.5382326,-1.3240712,6,Shirt,PCA
-1.2333301,0.12970673,0,T-shirt/top,PCA
-0.17673333,0.4335688,2,Pullover,PCA
0.088095814,-2.1647854,1,Trouser,PCA
1.7400326,0.71552783,8,Bag,PCA
2.5762672,0.5475701,5,Sandal,PCA
-0.70781386,-1.3216023,2,Pullover,PCA
1.0903279,-2.0209363,1,Trouser,PCA
-0.8446679,-0.8804389,3,Dress,PCA
0.37542933,-1.1579425,3,Dress,PCA
-0.37635797,-1.0074608,3,Dress,PCA
0.0696292,-2.06947,1,Trouser,PCA
1.235181,1.6621609,5,Sandal,PCA
1.9823345,0.3287397,7,Sneaker,PCA
-1.7775915,0.49453878,9,Ankle boot,PCA
1.5532508,-1.1560647,1,Trouser,PCA
-0.6266842,3.0191708,9,Ankle boot,PCA
-2.674416,-0.49722242,0,T-shirt/top,PCA
-1.7353108,0.15888226,6,Shirt,PCA
1.7205743,0.46376997,8,Bag,PCA
-2.4046066,1.8280462,8,Bag,PCA
-0.8185663,0.85491693,2,Pullover,PCA
-1.1235863,0.17123939,2,Pullover,PCA
2.2147086,-0.27590984,7,Sneaker,PCA
0.5879022,-1.1257752,3,Dress,PCA
1.3980738,2.4255333,9,Ankle boot,PCA
2.1451888,0.189844,5,Sandal,PCA
2.2395885,-0.14825445,7,Sneaker,PCA
2.1166592,0.3089372,7,Sneaker,PCA
-0.41249323,-0.6828192,3,Dress,PCA
2.8373609,1.2447098,9,Ankle boot,PCA
-0.6589513,-0.46718875,6,Shirt,PCA
-0.74920624,-0.9446828,6,Shirt,PCA
0.68614703,-1.3407762,3,Dress,PCA
2.0491242,0.1844435,5,Sandal,PCA
-1.2659651,-1.0422553,0,T-shirt/top,PCA
-1.3115083,1.3724452,2,Pullover,PCA
-1.8297342,-0.94882005,0,T-shirt/top,PCA
-1.0033678,-1.2957177,0,T-shirt/top,PCA
-0.051291764,0.25961393,0,T-shirt/top,PCA
0.7136168,1.16467,5,Sandal,PCA
0.33729118,-0.092151284,4,Coat,PCA
0.1843638,1.3312007,5,Sandal,PCA
1.3365163,1.8574632,9,Ankle boot,PCA
-0.47576088,-1.8731439,4,Coat,PCA
2.0938067,0.6139924,7,Sneaker,PCA
2.9257238,0.14029719,7,Sneaker,PCA
0.43234015,-1.5935221,3,Dress,PCA
-2.5262432,1.1276832,2,Pullover,PCA
1.1527445,2.043311,7,Sneaker,PCA
-2.1531138,1.4453455,9,Ankle boot,PCA
0.122527756,2.9404511,8,Bag,PCA
-1.2230299,0.4510229,4,Coat,PCA
-1.0987192,1.5755641,9,Ankle boot,PCA
-1.7951932,-1.0724069,4,Coat,PCA
-1.015977,2.0826101,8,Bag,PCA
0.09629607,-2.2282004,1,Trouser,PCA
-1.4832835,-1.0530752,0,T-shirt/top,PCA
-0.43141496,-1.6893876,1,Trouser,PCA
-0.65246207,-1.5351902,3,Dress,PCA
-0.9463683,-0.046230733,6,Shirt,PCA
0.43252075,-0.5093061,4,Coat,PCA
2.4142416,0.36340126,7,Sneaker,PCA
-0.46275437,-1.9068652,6,Shirt,PCA
2.7051976,0.15487552,7,Sneaker,PCA
-0.89346856,0.3767877,2,Pullover,PCA
-0.067478746,0.7380332,2,Pullover,PCA
2.3828921,0.016429942,8,Bag,PCA
1.3315744,-2.3831182,4,Coat,PCA
0.09153895,-1.4898705,6,Shirt,PCA
-1.3621596,-0.31117818,9,Ankle boot,PCA
-1.0431046,0.24841845,2,Pullover,PCA
0.79782265,-1.3449539,1,Trouser,PCA
-1.664377,0.07907674,4,Coat,PCA
0.15799184,1.6982061,5,Sandal,PCA
-1.5237914,2.2486968,8,Bag,PCA
2.3012867,1.169295,7,Sneaker,PCA
-3.0248885,1.2664653,9,Ankle boot,PCA
-2.150596,2.3321118,8,Bag,PCA
-0.96708864,-2.4089637,1,Trouser,PCA
0.7863957,2.087523,5,Sandal,PCA
-1.7671796,-1.3274943,6,Shirt,PCA
1.2870579,-1.2933425,1,Trouser,PCA
1.6502761,1.8895156,7,Sneaker,PCA
-1.0101863,-0.878911,8,Bag,PCA
0.37821478,-1.884146,3,Dress,PCA
-0.892005,-0.66279703,4,Coat,PCA
2.3550344,-0.24297144,7,Sneaker,PCA
-0.407332,0.7078553,6,Shirt,PCA
0.4260838,-1.6174288,1,Trouser,PCA
0.5974609,0.2480154,4,Coat,PCA
1.6810857,1.485547,7,Sneaker,PCA
0.70724636,-0.46343905,4,Coat,PCA
2.4616368,-0.46743023,5,Sandal,PCA
-0.5936895,-1.3103875,3,Dress,PCA
1.1434556,-1.7138278,1,Trouser,PCA
0.036583446,1.3833495,5,Sandal,PCA
-1.0032809,-0.88003886,0,T-shirt/top,PCA
0.19231078,-2.150351,3,Dress,PCA
-2.1052468,0.4272931,0,T-shirt/top,PCA
-2.001707,-0.075142294,4,Coat,PCA
1.111345,-1.2149175,1,Trouser,PCA
1.5533823,2.255219,7,Sneaker,PCA
2.422735,0.36338198,5,Sandal,PCA
0.32861823,-1.6416764,3,Dress,PCA
0.8510636,-1.0755172,1,Trouser,PCA
-1.0549464,0.29232854,2,Pullover,PCA
2.9981446,-0.78360164,5,Sandal,PCA
-0.12225224,-1.0603113,4,Coat,PCA
-0.12887253,0.510471,4,Coat,PCA
0.06801233,-2.1562185,3,Dress,PCA
0.9395493,-1.0062668,2,Pullover,PCA
0.8835587,-1.1636835,1,Trouser,PCA
-1.1194968,-0.35728803,0,T-shirt/top,PCA
1.4945613,-0.8931026,3,Dress,PCA
-0.038013503,-0.40172762,6,Shirt,PCA
-1.3053226,0.2851993,2,Pullover,PCA
0.7806518,-1.2836114,3,Dress,PCA
-2.823387,2.6680856,8,Bag,PCA
-0.6531418,-0.31589893,2,Pullover,PCA
0.32915044,-1.7688775,1,Trouser,PCA
1.9216423,0.96758723,5,Sandal,PCA
-1.7058216,-0.49080017,4,Coat,PCA
2.0413675,-0.6211609,7,Sneaker,PCA
0.87777835,-1.4736212,1,Trouser,PCA
-1.1013597,0.43949243,4,Coat,PCA
-2.1774848,-1.3658379,0,T-shirt/top,PCA
0.69068336,-1.703362,1,Trouser,PCA
-1.849862,-1.9106708,6,Shirt,PCA
1.9334561,0.6363389,7,Sneaker,PCA
-0.08794722,1.1178005,9,Ankle boot,PCA
-2.340384,-0.25990584,6,Shirt,PCA
2.243456,0.08489713,7,Sneaker,PCA
0.14963561,1.5387598,8,Bag,PCA
-1.0455465,-1.5675803,0,T-shirt/top,PCA
-0.39780658,-1.4521592,6,Shirt,PCA
-1.2796856,0.56801903,4,Coat,PCA
0.45043147,-1.6737919,4,Coat,PCA
1.1134766,1.8842046,9,Ankle boot,PCA
0.27999413,-2.0596232,1,Trouser,PCA
0.25954154,-1.0128951,3,Dress,PCA
0.31885487,1.74018,9,Ankle boot,PCA
-1.0284023,-0.729341,4,Coat,PCA
-1.3212807,0.8417013,4,Coat,PCA
-1.6505303,-0.083755925,5,Sandal,PCA
-0.13895692,0.52085084,0,T-shirt/top,PCA
1.8297433,-0.4947035,1,Trouser,PCA
1.9151368,0.7675573,5,Sandal,PCA
2.1341057,-0.03666745,5,Sandal,PCA
2.1576843,0.32208338,7,Sneaker,PCA
-0.046740517,-0.94044036,3,Dress,PCA
-0.5215097,0.38561693,2,Pullover,PCA
1.5402637,-1.4350219,1,Trouser,PCA
0.5566728,-1.7915907,1,Trouser,PCA
-1.1703521,0.5742587,4,Coat,PCA
1.2376125,2.1269388,9,Ankle boot,PCA
2.3776395,0.89346826,5,Sandal,PCA
-0.6920604,0.08311895,8,Bag,PCA
2.2995396,-1.4866695,5,Sandal,PCA
-1.076416,2.22816,5,Sandal,PCA
-1.5537764,-0.12949795,8,Bag,PCA
-0.19188105,-1.518473,4,Coat,PCA
-0.75508684,-0.72444683,8,Bag,PCA
0.102631584,-1.2075697,3,Dress,PCA
-1.843657,2.4215899,9,Ankle boot,PCA
-1.9417859,2.561976,9,Ankle boot,PCA
-1.4729248,0.64977634,4,Coat,PCA
-0.14445536,-0.59221184,6,Shirt,PCA
0.49000084,-1.6989902,1,Trouser,PCA
2.4378464,0.22626066,7,Sneaker,PCA
1.1862663,1.9223921,8,Bag,PCA
0.67260116,2.143331,9,Ankle boot,PCA
2.5397947,-0.9149086,5,Sandal,PCA
0.40648645,0.38983646,4,Coat,PCA
2.630115,-0.10635973,7,Sneaker,PCA
-1.5402776,-1.2919425,0,T-shirt/top,PCA
2.0963838,-0.07568078,5,Sandal,PCA
-1.1839385,-0.98584765,3,Dress,PCA
-2.1470635,0.7503735,8,Bag,PCA
1.5343952,-0.53443426,3,Dress,PCA
-0.17077978,-0.41790223,4,Coat,PCA
1.3073374,-1.0075119,1,Trouser,PCA
0.6036391,0.44993857,4,Coat,PCA
-0.81741506,-0.99348986,6,Shirt,PCA
1.7307189,0.71626514,7,Sneaker,PCA
-2.1751862,0.3388858,6,Shirt,PCA
1.012396,-1.0617672,2,Pullover,PCA
-1.3589619,-1.086892,3,Dress,PCA
2.1505222,1.2062967,5,Sandal,PCA
-0.7506542,-0.85093886,6,Shirt,PCA
-1.1766554,-1.6016644,8,Bag,PCA
-0.80772036,1.073762,5,Sandal,PCA
-0.9733532,-0.03958471,2,Pullover,PCA
2.1161425,0.03473164,7,Sneaker,PCA
2.2696424,-0.70995235,7,Sneaker,PCA
-0.65436906,-1.1023868,0,T-shirt/top,PCA
-0.044114187,0.9126221,5,Sandal,PCA
-1.8634194,-1.6250284,0,T-shirt/top,PCA
1.8159696,-0.015059767,7,Sneaker,PCA
1.5876276,-1.4368813,1,Trouser,PCA
2.2700436,-0.0760362,7,Sneaker,PCA
0.6621362,1.0674703,7,Sneaker,PCA
-0.7311972,0.120773345,2,Pullover,PCA
2.224008,0.74683195,5,Sandal,PCA
2.1512125,-0.16913016,7,Sneaker,PCA
-1.232537,-0.38035935,2,Pullover,PCA
1.5167297,1.5347849,8,Bag,PCA
1.063839,-1.4241962,1,Trouser,PCA
0.48660374,0.48043358,2,Pullover,PCA
0.66935265,0.5531857,7,Sneaker,PCA
1.2759132,-1.463219,1,Trouser,PCA
0.72606647,1.8795567,9,Ankle boot,PCA
-2.5375485,1.7985914,2,Pullover,PCA
2.1691566,0.012895282,7,Sneaker,PCA
-0.824707,-0.56525534,2,Pullover,PCA
2.2889504,-1.6722915,5,Sandal,PCA
-1.4474462,-0.3073118,4,Coat,PCA
-1.2376777,-0.78289384,2,Pullover,PCA
2.307549,1.9794573,9,Ankle boot,PCA
1.221181,-0.95812935,6,Shirt,PCA
1.2675472,1.8493592,8,Bag,PCA
1.4787216,1.3343272,5,Sandal,PCA
1.9459095,0.61377156,7,Sneaker,PCA
-1.7547568,1.142409,4,Coat,PCA
0.39057434,-1.2154001,1,Trouser,PCA
1.716258,1.1553751,7,Sneaker,PCA
-0.034981146,-1.1321577,3,Dress,PCA
2.6203914,0.4390312,7,Sneaker,PCA
-1.9602517,0.46588558,2,Pullover,PCA
2.043155,2.076716,9,Ankle boot,PCA
1.9794496,-0.1051217,7,Sneaker,PCA
0.63754374,3.3703403,5,Sandal,PCA
1.3071113,1.8683447,9,Ankle boot,PCA
0.7855443,-0.66495794,3,Dress,PCA
-1.0272905,0.5534922,2,Pullover,PCA
0.21975505,1.6514957,7,Sneaker,PCA
-1.1799967,0.95056593,8,Bag,PCA
-0.39208227,0.012526248,0,T-shirt/top,PCA
1.5768292,-1.228008,3,Dress,PCA
0.098212,0.19260404,0,T-shirt/top,PCA
2.3656018,-0.76388997,5,Sandal,PCA
0.68370426,0.72581536,5,Sandal,PCA
-1.4783589,-2.8114014,3,Dress,PCA
-0.5950913,-1.4861522,3,Dress,PCA
1.2777629,-0.93428487,1,Trouser,PCA
-0.45407236,-0.3060429,2,Pullover,PCA
-1.8479793,0.648344,6,Shirt,PCA
-1.3202121,1.946972,8,Bag,PCA
1.9716036,1.1955012,7,Sneaker,PCA
-1.1086756,-0.1359358,9,Ankle boot,PCA
0.5206541,2.1512976,9,Ankle boot,PCA
-1.2619388,-0.097699836,2,Pullover,PCA
-0.94571275,0.21292785,2,Pullover,PCA
0.8766327,-2.1738095,4,Coat,PCA
-1.3130361,1.0656087,8,Bag,PCA
-1.0858796,1.4023024,5,Sandal,PCA
2.431211,-0.34890562,7,Sneaker,PCA
-1.6880584,-0.5605171,8,Bag,PCA
-0.20088787,-0.63316023,3,Dress,PCA
-1.0736798,1.9181187,8,Bag,PCA
0.65766066,-1.5267665,4,Coat,PCA
1.4012736,-1.2760291,1,Trouser,PCA
-0.11245309,2.6737547,9,Ankle boot,PCA
0.18600512,0.52733296,4,Coat,PCA
0.9976872,1.6009216,8,Bag,PCA
-0.7262874,-0.8530486,4,Coat,PCA
1.3733764,-1.6542996,1,Trouser,PCA
0.26159447,1.986422,5,Sandal,PCA
-1.6924284,1.0375165,9,Ankle boot,PCA
0.27683333,-1.7976232,1,Trouser,PCA
-0.59871554,1.5821822,5,Sandal,PCA
0.646217,-1.3159251,3,Dress,PCA
2.4937248,-0.18346429,7,Sneaker,PCA
-0.28318423,-0.7650875,3,Dress,PCA
-0.08571118,-1.270853,6,Shirt,PCA
-1.1383078,0.71897787,0,T-shirt/top,PCA
-1.4073858,-1.2428598,3,Dress,PCA
-0.60501945,-1.118599,0,T-shirt/top,PCA
1.371761,-0.8048591,3,Dress,PCA
0.82894355,-2.3741379,2,Pullover,PCA
-1.1832204,-2.2954803,6,Shirt,PCA
-1.366186,-1.4459442,0,T-shirt/top,PCA
-1.4374859,-0.74950665,0,T-shirt/top,PCA
-1.9600383,0.84822327,3,Dress,PCA
0.18490551,2.6889877,8,Bag,PCA
1.9276267,0.89005786,7,Sneaker,PCA
0.26139605,-0.81487924,0,T-shirt/top,PCA
2.1311877,0.80792475,5,Sandal,PCA
-0.36258024,2.343596,5,Sandal,PCA
-0.33765244,-0.36947873,0,T-shirt/top,PCA
2.0014763,-0.3684011,7,Sneaker,PCA
1.9855026,0.28491345,5,Sandal,PCA
1.3501512,-0.35541886,1,Trouser,PCA
-0.12279178,-1.4459955,3,Dress,PCA
-0.15794505,-1.6373075,3,Dress,PCA
-0.20058326,-0.37752917,6,Shirt,PCA
-0.86545223,-0.42330885,4,Coat,PCA
-1.3512267,0.54947525,2,Pullover,PCA
2.2624054,-0.47524667,7,Sneaker,PCA
-1.4501814,-0.3971725,6,Shirt,PCA
0.23431551,-0.9759697,0,T-shirt/top,PCA
-0.70284235,-2.146162,3,Dress,PCA
-1.3128314,0.72293854,6,Shirt,PCA
0.284822,2.5720758,9,Ankle boot,PCA
-0.45498836,-0.676741,3,Dress,PCA
1.8932029,2.0244193,9,Ankle boot,PCA
-0.46294552,-1.9584315,8,Bag,PCA
2.1698961,0.80885017,7,Sneaker,PCA
1.5921955,-0.28663972,1,Trouser,PCA
-0.8942779,0.5605184,6,Shirt,PCA
-1.3544008,-0.016025573,5,Sandal,PCA
2.1933177,0.124677956,5,Sandal,PCA
-1.0828667,-0.7935607,2,Pullover,PCA
-0.76990706,-1.3211832,3,Dress,PCA
-0.42114484,-0.5088207,0,T-shirt/top,PCA
-1.7217305,-0.9740852,4,Coat,PCA
-0.20405604,0.4199939,4,Coat,PCA
-1.7627937,-0.71722907,6,Shirt,PCA
0.16487244,0.36859328,4,Coat,PCA
0.8913354,-1.7431707,1,Trouser,PCA
-0.27527112,-1.879188,1,Trouser,PCA
2.2800665,0.8185112,7,Sneaker,PCA
1.0103018,1.1209452,8,Bag,PCA
0.7774903,2.797771,9,Ankle boot,PCA
2.0996077,2.3247662,8,Bag,PCA
-1.0137895,-0.45710316,2,Pullover,PCA
2.1284666,1.1452498,7,Sneaker,PCA
-1.9362437,0.44138658,2,Pullover,PCA
-0.05963622,1.2561711,9,Ankle boot,PCA
0.31282377,2.2331438,8,Bag,PCA
3.412366e-05,1.5477761,8,Bag,PCA
-1.508189,0.2551351,0,T-shirt/top,PCA
-2.2826378,3.1611767,8,Bag,PCA
2.4699779,-0.37733975,7,Sneaker,PCA
1.433313,-1.1989892,1,Trouser,PCA
-1.7788517,-1.0792891,6,Shirt,PCA
-0.6438041,-0.16314605,6,Shirt,PCA
-1.6301439,-1.335887,0,T-shirt/top,PCA
-0.7696011,-0.5163741,1,Trouser,PCA
0.6871154,1.0111641,7,Sneaker,PCA
0.8688345,-1.9894339,1,Trouser,PCA
0.7518217,-1.1410916,1,Trouser,PCA
1.2042111,2.0830631,9,Ankle boot,PCA
-2.0617986,0.9583638,9,Ankle boot,PCA
-0.6895212,1.2577958,5,Sandal,PCA
-0.98893183,-1.1104348,6,Shirt,PCA
-0.52511513,-0.62218106,4,Coat,PCA
-0.67188424,-1.4436052,8,Bag,PCA
1.3991472,-1.0672654,1,Trouser,PCA
-0.22180595,-1.6251601,0,T-shirt/top,PCA
-1.7893437,1.018069,8,Bag,PCA
-1.2048346,0.19755182,1,Trouser,PCA
-1.5572515,0.18270053,2,Pullover,PCA
2.7840018,-0.10537958,5,Sandal,PCA
-2.2266617,0.68164444,8,Bag,PCA
0.7229725,2.7808037,8,Bag,PCA
1.731127,2.1831918,7,Sneaker,PCA
3.0215797,-0.1681506,7,Sneaker,PCA
0.034782358,-0.22776948,0,T-shirt/top,PCA
0.57265675,2.9443235,9,Ankle boot,PCA
-0.28423023,-0.46448773,2,Pullover,PCA
-1.7880439,-0.76856023,0,T-shirt/top,PCA
-0.5283891,1.8115605,8,Bag,PCA
0.2811968,-0.50522673,2,Pullover,PCA
0.09384757,-0.22192854,0,T-shirt/top,PCA
1.589677,0.45978042,7,Sneaker,PCA
-1.4961251,0.33542672,2,Pullover,PCA
-2.143781,1.755661,9,Ankle boot,PCA
-1.3308946,0.020115525,4,Coat,PCA
-0.7757327,2.2243614,9,Ankle boot,PCA
1.3398261,-0.9713279,1,Trouser,PCA
-2.0130875,-0.3174671,0,T-shirt/top,PCA
2.2869864,-0.19764316,5,Sandal,PCA
1.0171349,-1.6895328,1,Trouser,PCA
-0.25319254,0.13066113,4,Coat,PCA
-0.6590095,-0.369349,4,Coat,PCA
-0.29480946,0.55503774,2,Pullover,PCA
-0.3633322,-1.728467,1,Trouser,PCA
1.2685229,-1.0912349,1,Trouser,PCA
-1.3709493,-0.113063216,2,Pullover,PCA
0.7440026,-1.2016081,3,Dress,PCA
-1.2505251,2.0167804,5,Sandal,PCA
0.6384664,1.1884152,7,Sneaker,PCA
2.6200511,-1.6290308,5,Sandal,PCA
-0.5892065,-1.8253261,4,Coat,PCA
0.96412545,3.4644904,5,Sandal,PCA
0.064494535,1.6621308,8,Bag,PCA
1.8981287,1.529082,9,Ankle boot,PCA
-1.617385,-0.94899726,2,Pullover,PCA
1.2383789,-1.436335,1,Trouser,PCA
0.13534425,2.5523772,9,Ankle boot,PCA
2.5796032,0.85685956,5,Sandal,PCA
0.33530086,-0.2698537,4,Coat,PCA
0.32879648,-0.5398437,2,Pullover,PCA
2.7294686,-0.6755173,5,Sandal,PCA
1.5772356,1.3444048,8,Bag,PCA
2.0080411,1.8333406,9,Ankle boot,PCA
-2.0012848,-0.01077318,2,Pullover,PCA
-1.7577971,0.708588,8,Bag,PCA
-2.7607977,2.6135545,8,Bag,PCA
-1.0370656,-2.0365844,6,Shirt,PCA
-1.2639812,0.07472332,6,Shirt,PCA
-0.6976527,-2.8134546,1,Trouser,PCA
0.8058578,-0.9465522,3,Dress,PCA
-1.7091951,-0.34925878,3,Dress,PCA
2.7857177,0.46763682,7,Sneaker,PCA
-2.6376479,1.6983092,2,Pullover,PCA
-0.8047983,0.4843307,0,T-shirt/top,PCA
2.3368313,0.8611772,5,Sandal,PCA
0.6137756,-0.4556973,2,Pullover,PCA
2.054032,0.78043246,7,Sneaker,PCA
-0.7999774,0.38540947,8,Bag,PCA
-1.2863531,-0.14652257,2,Pullover,PCA
-0.43138975,-1.6591262,3,Dress,PCA
2.375562,0.1197253,7,Sneaker,PCA
2.5634272,-0.26899916,7,Sneaker,PCA
2.0172954,0.072305955,5,Sandal,PCA
0.3746392,-1.6911077,1,Trouser,PCA
1.8713431,0.10178736,5,Sandal,PCA
2.386032,1.8134145,9,Ankle boot,PCA
-0.5503674,-1.3627508,6,Shirt,PCA
2.3452034,-1.2038468,5,Sandal,PCA
1.2706922,-1.132127,3,Dress,PCA
1.4124506,2.196159,8,Bag,PCA
1.9904854,0.3432735,7,Sneaker,PCA
0.2757784,-1.8123887,1,Trouser,PCA
-0.8023487,1.9122746,2,Pullover,PCA
-0.13990356,-1.6439705,0,T-shirt/top,PCA
-0.15247972,-0.7935864,0,T-shirt/top,PCA
0.76247895,-1.8173867,1,Trouser,PCA
-0.107656375,-1.3746456,3,Dress,PCA
1.5994933,-1.564571,4,Coat,PCA
-0.3382737,2.0658827,9,Ankle boot,PCA
0.82066435,-0.96897316,1,Trouser,PCA
2.3556788,-0.5688642,7,Sneaker,PCA
2.347955,-0.06591662,7,Sneaker,PCA
-1.1134313,-0.8064039,4,Coat,PCA
1.3948977,1.1488783,5,Sandal,PCA
-1.6391382,-0.50794876,8,Bag,PCA
-0.84043396,0.6488523,2,Pullover,PCA
-1.4149207,2.510632,5,Sandal,PCA
-1.5689809,0.105519086,2,Pullover,PCA
-0.42139113,-1.4266156,3,Dress,PCA
0.5039683,1.836506,5,Sandal,PCA
-1.2876348,0.6333863,2,Pullover,PCA
-0.48357338,-1.4059249,0,T-shirt/top,PCA
-1.7252586,0.09206903,2,Pullover,PCA
1.3516463,-1.466329,1,Trouser,PCA
2.1305964,0.6924148,7,Sneaker,PCA
-0.46765852,-1.8291179,0,T-shirt/top,PCA
-2.854876,0.1628786,9,Ankle boot,PCA
1.9543788,0.9544842,7,Sneaker,PCA
0.028216578,-0.778351,6,Shirt,PCA
-1.0364197,1.034126,6,Shirt,PCA
-2.8629305,1.5038424,9,Ankle boot,PCA
-0.7234383,-0.34385636,2,Pullover,PCA
-0.552784,0.2848767,2,Pullover,PCA
0.1280091,-1.0488327,4,Coat,PCA
-0.22605325,-0.75932395,3,Dress,PCA
0.36933854,-1.0478657,3,Dress,PCA
0.6954784,-1.8905921,2,Pullover,PCA
1.677815,1.2032502,8,Bag,PCA
-1.0276737,-0.1625676,0,T-shirt/top,PCA
-1.6766479,-1.6919895,4,Coat,PCA
-2.066267,0.973627,2,Pullover,PCA
-1.6094415,-0.7154846,0,T-shirt/top,PCA
-0.104096875,1.5305101,7,Sneaker,PCA
-0.8621126,-0.017027162,6,Shirt,PCA
2.4427252,0.7215094,5,Sandal,PCA
-0.71599245,0.6646395,4,Coat,PCA
-1.0553176,-1.3647715,0,T-shirt/top,PCA
-1.7209651,0.8796219,4,Coat,PCA
0.08996832,0.4313112,2,Pullover,PCA
0.10764622,-0.47431117,4,Coat,PCA
0.35065228,1.3007642,9,Ankle boot,PCA
0.05099327,2.2056494,9,Ankle boot,PCA
-0.10826184,-0.266802,1,Trouser,PCA
-1.6588936,-1.0720698,0,T-shirt/top,PCA
0.7452895,1.6749223,5,Sandal,PCA
1.2699717,-1.8601736,1,Trouser,PCA
-0.6510225,0.46408242,5,Sandal,PCA
1.072053,-1.5061357,1,Trouser,PCA
-0.4105013,-0.71630716,2,Pullover,PCA
-1.9259948,-0.08439712,8,Bag,PCA
0.15659668,-1.7241532,3,Dress,PCA
-1.2379801,-1.6752324,6,Shirt,PCA
-0.9017083,-2.239007,1,Trouser,PCA
0.53321874,-1.0828973,3,Dress,PCA
-0.34280586,-2.2016172,3,Dress,PCA
0.48810226,-1.5136939,1,Trouser,PCA
-1.5272623,3.1621685,9,Ankle boot,PCA
2.2451105,-0.9092408,7,Sneaker,PCA
-1.2293205,0.26389313,4,Coat,PCA
-1.4622381,-0.20713045,4,Coat,PCA
1.4903212,-1.521594,1,Trouser,PCA
-0.3371911,-1.6004398,6,Shirt,PCA
-0.45592463,0.22575712,2,Pullover,PCA
1.2687565,-0.75067586,1,Trouser,PCA
-0.9885995,-0.43107757,2,Pullover,PCA
0.41833633,-1.3547417,1,Trouser,PCA
0.6472221,-1.4766325,3,Dress,PCA
-1.6405486,-0.7592372,8,Bag,PCA
0.47787994,2.345683,9,Ankle boot,PCA
0.59816664,-1.772216,1,Trouser,PCA
-0.30944544,-0.03933619,6,Shirt,PCA
1.3069952,-1.5971929,3,Dress,PCA
-0.90006953,0.50193965,6,Shirt,PCA
1.3420072,-1.1404314,1,Trouser,PCA
-1.2979215,-0.0021037832,4,Coat,PCA
-1.4375622,-0.8510544,0,T-shirt/top,PCA
-1.2918426,-1.2638685,0,T-shirt/top,PCA
1.6032394,1.9170825,7,Sneaker,PCA
-0.62171245,0.1898791,6,Shirt,PCA
-1.4104782,-1.7853258,0,T-shirt/top,PCA
-1.1064373,0.5775285,6,Shirt,PCA
1.2479976,-1.3672105,1,Trouser,PCA
-0.21156524,1.8353852,9,Ankle boot,PCA
0.14962967,-1.6162534,3,Dress,PCA
-0.006498024,-0.11275394,0,T-shirt/top,PCA
0.5867332,-0.54192,2,Pullover,PCA
-0.46583152,0.8846352,8,Bag,PCA
-1.0402485,0.23909077,6,Shirt,PCA
-0.43490994,-0.4824849,5,Sandal,PCA
-1.041493,0.20221157,4,Coat,PCA
-0.22926404,0.6220285,2,Pullover,PCA
-0.8918374,0.26190746,4,Coat,PCA
-1.8521174,-0.06264694,1,Trouser,PCA
2.4058025,-0.39743915,7,Sneaker,PCA
-1.5322372,-0.5608334,2,Pullover,PCA
-0.18358003,1.8056575,8,Bag,PCA
-1.0355746,-1.4090432,0,T-shirt/top,PCA
-1.554345,1.9979373,9,Ankle boot,PCA
2.2288878,-0.709846,5,Sandal,PCA
-0.6864201,-1.2301022,4,Coat,PCA
-0.02456808,-2.1624146,1,Trouser,PCA
2.891961,-1.0426362,5,Sandal,PCA
0.24977976,-0.2119653,4,Coat,PCA
-0.07062748,-1.3904674,3,Dress,PCA
-0.3939978,0.57251376,2,Pullover,PCA
-1.1336807,-0.18639655,4,Coat,PCA
-1.160125,0.33015877,2,Pullover,PCA
0.67327505,0.74554414,8,Bag,PCA
-1.2325772,-1.041364,6,Shirt,PCA
-1.6991938,-1.296252,1,Trouser,PCA
-2.121956,2.7115936,8,Bag,PCA
2.5493407,-1.3922547,5,Sandal,PCA
-2.1144414,1.4679738,6,Shirt,PCA
2.5407128,0.7760746,5,Sandal,PCA
0.16179518,0.9734191,4,Coat,PCA
0.0862636,-0.9741679,3,Dress,PCA
-0.95948285,0.061683446,6,Shirt,PCA
0.52921796,2.4735508,9,Ankle boot,PCA
-1.2584894,0.49334556,4,Coat,PCA
0.7374975,-1.4933228,1,Trouser,PCA
2.5672588,1.0920395,5,Sandal,PCA
2.8713033,0.68022656,7,Sneaker,PCA
1.5531151,1.6958357,7,Sneaker,PCA
-2.4368498,1.6721601,2,Pullover,PCA
-0.10843839,-0.97692937,3,Dress,PCA
-1.500124,-1.2626697,4,Coat,PCA
2.6269689,0.301042,5,Sandal,PCA
0.0932706,-1.9716874,3,Dress,PCA
1.3117443,1.3164009,7,Sneaker,PCA
0.17741236,0.7292558,7,Sneaker,PCA
-2.3781788,1.2354993,9,Ankle boot,PCA
1.7466892,1.4240026,7,Sneaker,PCA
0.6153849,1.3307055,5,Sandal,PCA
1.8033923,-0.4457475,7,Sneaker,PCA
-1.9627038,-1.1813493,8,Bag,PCA
-1.9239284,-0.48101094,2,Pullover,PCA
-1.5369666,-0.16197667,2,Pullover,PCA
-1.2791135,-0.57296896,8,Bag,PCA
0.6417514,-2.3017197,3,Dress,PCA
-1.1942296,0.18574098,2,Pullover,PCA
-1.011462,-0.3088401,3,Dress,PCA
1.1747684,-1.729324,1,Trouser,PCA
-1.6615412,-1.1051569,6,Shirt,PCA
-1.2727886,-1.0737412,3,Dress,PCA
-1.0955364,0.8185377,4,Coat,PCA
-2.5578036,2.7181692,9,Ankle boot,PCA
-0.25658536,-2.0289407,0,T-shirt/top,PCA
1.675415,-0.7925005,1,Trouser,PCA
1.5881203,1.5806857,9,Ankle boot,PCA
0.19028409,-1.3332188,3,Dress,PCA
-1.5121883,0.95104045,8,Bag,PCA
-0.96475846,-0.72507733,0,T-shirt/top,PCA
-0.70585907,-1.4162712,3,Dress,PCA
-0.7424631,-1.7789917,4,Coat,PCA
0.3776872,-1.4273081,4,Coat,PCA
-2.013748,1.1784449,8,Bag,PCA
0.75423324,1.4805806,5,Sandal,PCA
-1.4350779,0.9448038,8,Bag,PCA
-0.60796344,-0.7888949,3,Dress,PCA
1.6038889,-1.6192247,5,Sandal,PCA
0.17603293,0.23523414,4,Coat,PCA
-0.5855139,-0.09618342,4,Coat,PCA
1.6609049,-1.1031507,1,Trouser,PCA
1.0157995,2.575688,7,Sneaker,PCA
1.9566585,-0.6817013,7,Sneaker,PCA
-1.1671876,1.1573366,2,Pullover,PCA
-0.47510153,-2.1493115,6,Shirt,PCA
-1.1327049,-0.25891757,0,T-shirt/top,PCA
-2.5757115,-0.16275713,6,Shirt,PCA
-1.8374108,-1.3659782,6,Shirt,PCA
1.9635841,-1.1353757,1,Trouser,PCA
1.5355551,2.0523643,9,Ankle boot,PCA
-0.45170152,-0.4180533,6,Shirt,PCA
-1.195544,1.6727232,6,Shirt,PCA
1.1810061,1.0427995,7,Sneaker,PCA
-2.069435,0.82234967,2,Pullover,PCA
-1.6127951,0.25273106,2,Pullover,PCA
0.9046109,-2.615985,4,Coat,PCA
-0.7707496,0.26824218,6,Shirt,PCA
-0.801608,-0.3038895,6,Shirt,PCA
0.013850063,-1.7211423,0,T-shirt/top,PCA
-0.19727813,-2.0621104,1,Trouser,PCA
3.0237122,-1.577193,5,Sandal,PCA
-1.4612384,2.333108,8,Bag,PCA
2.1250384,0.63443065,5,Sandal,PCA
0.018786415,-1.731299,3,Dress,PCA
2.536604,-1.0240816,5,Sandal,PCA
1.8683114,0.30231184,7,Sneaker,PCA
0.5871225,-1.481294,1,Trouser,PCA
0.0073200315,0.5770574,9,Ankle boot,PCA
0.12375082,2.5270395,8,Bag,PCA
0.15447403,-1.9886485,1,Trouser,PCA
-1.0305747,0.32659173,6,Shirt,PCA
1.7020825,-0.6088927,1,Trouser,PCA
-1.4586723,0.32516065,6,Shirt,PCA
-2.0566874,0.506464,6,Shirt,PCA
1.0529767,1.1785642,9,Ankle boot,PCA
-0.7865067,-0.8590197,2,Pullover,PCA
0.88299716,-0.8074507,3,Dress,PCA
-1.5052097,1.1720064,9,Ankle boot,PCA
2.2441885,-0.19071636,7,Sneaker,PCA
1.1336248,-0.99829686,1,Trouser,PCA
1.0844512,-1.8952345,1,Trouser,PCA
-1.5586909,0.31478396,4,Coat,PCA
-1.4834784,-0.5967054,8,Bag,PCA
2.2595453,0.06774371,5,Sandal,PCA
-2.1040235,2.0541043,9,Ankle boot,PCA
-1.3492191,-0.75848395,0,T-shirt/top,PCA
1.0889443,1.8708556,8,Bag,PCA
-2.2342818,-0.85653436,0,T-shirt/top,PCA
0.72995466,1.8606296,9,Ankle boot,PCA
1.4629998,0.48654097,5,Sandal,PCA
-0.74112344,0.51783,4,Coat,PCA
1.2852055,1.6946477,9,Ankle boot,PCA
2.289929,-0.42663714,7,Sneaker,PCA
2.1837623,0.52756053,9,Ankle boot,PCA
-0.65574455,-1.9401397,1,Trouser,PCA
2.8666213,-0.5727913,7,Sneaker,PCA
-0.91110617,0.18296325,2,Pullover,PCA
0.6208646,-1.3540732,3,Dress,PCA
-1.4172937,1.0275304,5,Sandal,PCA
-2.0797179,0.6859855,8,Bag,PCA
2.880333,2.1125612,5,Sandal,PCA
-0.09550993,-2.3483248,3,Dress,PCA
0.37901512,-1.3973246,6,Shirt,PCA
-0.5056684,-0.08491778,6,Shirt,PCA
1.2315836,1.0787572,7,Sneaker,PCA
-1.139762,1.9639777,5,Sandal,PCA
-1.3749509,-0.34826335,3,Dress,PCA
0.2681328,0.8388179,4,Coat,PCA
-0.51013064,-2.5874448,3,Dress,PCA
2.72436,0.7811815,7,Sneaker,PCA
0.7424688,-0.6010995,4,Coat,PCA
-0.8880736,-0.92631346,4,Coat,PCA
1.3375444,-1.3562323,1,Trouser,PCA
-1.5480953,1.2349697,8,Bag,PCA
0.5541892,-1.5109999,4,Coat,PCA
-0.38600075,-1.3159816,0,T-shirt/top,PCA
-0.12856473,2.1606712,9,Ankle boot,PCA
2.5147214,0.09381293,7,Sneaker,PCA
0.8772286,1.2016653,7,Sneaker,PCA
-0.5750302,0.9254231,2,Pullover,PCA
0.8839656,-1.5601603,1,Trouser,PCA
-0.37318957,-1.0033898,3,Dress,PCA
-1.7782403,-0.40977725,0,T-shirt/top,PCA
-0.14795111,0.9398201,4,Coat,PCA
0.056895465,-1.2711537,6,Shirt,PCA
-1.473673,-1.2584652,8,Bag,PCA
2.350432,0.48393565,7,Sneaker,PCA
-0.2091118,-0.98512304,0,T-shirt/top,PCA
2.7295341,0.9987978,9,Ankle boot,PCA
-0.97663766,-0.7350579,6,Shirt,PCA
2.1131742,1.0727007,5,Sandal,PCA
0.89329606,2.5113926,9,Ankle boot,PCA
-0.23678641,-0.29551762,4,Coat,PCA
-0.8076178,-1.7283318,3,Dress,PCA
-0.23540469,0.5235992,4,Coat,PCA
0.9358176,1.8669983,8,Bag,PCA
-0.9984259,-0.79432845,1,Trouser,PCA
2.2767494,-0.10928532,7,Sneaker,PCA
1.1282632,2.615203,8,Bag,PCA
-1.6552093,-0.20758389,6,Shirt,PCA
-1.7735565,-0.19240598,4,Coat,PCA
0.7474808,-1.1231552,3,Dress,PCA
-1.1106946,-0.060817398,4,Coat,PCA
-1.6079959,0.84952205,3,Dress,PCA
2.1114907,-0.64101815,7,Sneaker,PCA
-1.2683625,-0.27328292,8,Bag,PCA
-1.9206716,-0.7703784,3,Dress,PCA
-0.8937673,-0.43950674,2,Pullover,PCA
0.04908455,1.5028789,9,Ankle boot,PCA
-0.3476274,-1.6537554,3,Dress,PCA
0.0992445,-1.6526979,3,Dress,PCA
0.89574015,0.96569335,7,Sneaker,PCA
0.8689066,-0.9774441,3,Dress,PCA
-0.19162707,2.601788,9,Ankle boot,PCA
-1.0777571,0.3851729,2,Pullover,PCA
1.8378397,-0.6186026,1,Trouser,PCA
-0.5015467,0.33989623,2,Pullover,PCA
0.20002943,2.297977,9,Ankle boot,PCA
-2.4207745,0.8248092,6,Shirt,PCA
0.24275905,-2.3990412,1,Trouser,PCA
-0.14544664,0.08111755,4,Coat,PCA
-2.0435493,-1.1051314,0,T-shirt/top,PCA
-1.1374061,-0.7208482,4,Coat,PCA
0.11007473,-1.3115071,3,Dress,PCA
-1.1650957,0.9141984,2,Pullover,PCA
-0.637155,-1.6426498,3,Dress,PCA
-0.14793561,-2.107695,1,Trouser,PCA
-0.7386957,0.5766418,4,Coat,PCA
0.801823,-1.1480864,3,Dress,PCA
1.965785,-1.3838812,5,Sandal,PCA
2.0068529,1.5260149,9,Ankle boot,PCA
0.05037079,0.10165328,2,Pullover,PCA
2.0592043,0.34397003,7,Sneaker,PCA
2.5696557,0.2432948,7,Sneaker,PCA
0.15146309,-0.8677026,0,T-shirt/top,PCA
-0.7089387,0.3659271,2,Pullover,PCA
-0.14308621,2.0676475,9,Ankle boot,PCA
0.1670756,0.8916175,2,Pullover,PCA
0.0870419,-1.2854388,4,Coat,PCA
-0.15380616,0.7255043,4,Coat,PCA
1.2773707,1.9070286,9,Ankle boot,PCA
0.2775417,-2.052754,1,Trouser,PCA
-0.20590468,-0.7960249,0,T-shirt/top,PCA
0.85171676,0.991145,7,Sneaker,PCA
-1.1463739,2.143929,5,Sandal,PCA
-0.57243747,0.3110359,1,Trouser,PCA
0.39908242,1.267279,5,Sandal,PCA
1.0882305,0.91912925,7,Sneaker,PCA
-1.3785555,0.8097346,4,Coat,PCA
-0.76804096,0.3840971,6,Shirt,PCA
-1.793883,1.8763945,8,Bag,PCA
-0.15565185,-1.4544204,3,Dress,PCA
-0.6999209,1.9948794,5,Sandal,PCA
1.0108467,-1.643745,1,Trouser,PCA
-1.4539634,-1.0066369,0,T-shirt/top,PCA
-0.9493442,0.99097395,9,Ankle boot,PCA
2.1008363,0.5073346,5,Sandal,PCA
-2.6813853,1.1010059,2,Pullover,PCA
1.7185261,-1.0704448,1,Trouser,PCA
1.1015255,2.5843039,5,Sandal,PCA
-1.5339433,0.6401223,4,Coat,PCA
1.8480289,1.7860848,9,Ankle boot,PCA
1.3091105,0.8310549,5,Sandal,PCA
1.262644,2.389923,8,Bag,PCA
-1.0467422,0.31284636,4,Coat,PCA
0.46796632,1.5744061,5,Sandal,PCA
-1.3589777,0.46245348,8,Bag,PCA
1.4620916,-0.05121864,7,Sneaker,PCA
0.51332253,-0.87669086,2,Pullover,PCA
-1.006503,-0.97649074,1,Trouser,PCA
1.6289849,2.154076,7,Sneaker,PCA
-0.6413703,-2.758943,0,T-shirt/top,PCA
-0.10801081,-1.3221701,3,Dress,PCA
-0.39805883,-0.7224422,6,Shirt,PCA
-1.6179541,1.9653093,9,Ankle boot,PCA
-1.0456277,-1.1975251,0,T-shirt/top,PCA
-1.178067,0.3118393,2,Pullover,PCA
-1.0339556,-1.7941927,6,Shirt,PCA
1.11389,2.1917758,5,Sandal,PCA
0.7383998,-1.2061235,1,Trouser,PCA
0.985257,-1.4141028,1,Trouser,PCA
0.13934898,-0.5805262,2,Pullover,PCA
-0.3942185,-0.6440842,6,Shirt,PCA
-0.4899215,2.8304791,8,Bag,PCA
-1.9260768,-1.0887944,0,T-shirt/top,PCA
2.1867263,-0.48109567,7,Sneaker,PCA
1.5183915,-0.6558284,1,Trouser,PCA
1.0481075,2.056137,7,Sneaker,PCA
-0.5313693,-1.8110602,3,Dress,PCA
0.97288567,-1.3122696,1,Trouser,PCA
0.42616528,-1.8417948,1,Trouser,PCA
-0.59730345,-0.12466892,4,Coat,PCA
1.2429442,1.7697926,8,Bag,PCA
-1.5023842,2.2792401,9,Ankle boot,PCA
-1.2613691,-0.12010606,4,Coat,PCA
-0.32325035,0.6618528,9,Ankle boot,PCA
-1.5768453,-0.6370871,3,Dress,PCA
-0.8306389,0.30290315,4,Coat,PCA
1.1090794,-1.6747276,1,Trouser,PCA
-1.511112,-0.4804388,0,T-shirt/top,PCA
0.54170895,-2.0764885,1,Trouser,PCA
2.6804063,-0.4701,5,Sandal,PCA
0.49698943,0.70409536,6,Shirt,PCA
1.4512523,1.695138,7,Sneaker,PCA
-0.7978051,-0.93351024,3,Dress,PCA
-0.51408726,2.3438683,9,Ankle boot,PCA
2.123073,0.5374435,7,Sneaker,PCA
-0.91954,-0.4974842,8,Bag,PCA
1.189265,-1.8166817,1,Trouser,PCA
-2.1614025,1.0701054,9,Ankle boot,PCA
-1.5918813,0.43153304,9,Ankle boot,PCA
1.2254577,-2.1950798,4,Coat,PCA
0.009771153,-0.81878716,0,T-shirt/top,PCA
-0.9851448,0.42676762,4,Coat,PCA
0.94022274,-0.35627553,0,T-shirt/top,PCA
-1.0891707,0.0658376,2,Pullover,PCA
1.2139604,-1.1154795,3,Dress,PCA
-0.56463385,0.023488417,6,Shirt,PCA
-1.1372144,0.5663923,5,Sandal,PCA
-3.2368548,2.582703,8,Bag,PCA
2.093646,1.6000087,5,Sandal,PCA
1.0663028,2.6210318,9,Ankle boot,PCA
-0.52906424,1.4285303,5,Sandal,PCA
-1.2692883,0.6816116,2,Pullover,PCA
2.1951733,-0.3807656,5,Sandal,PCA
-0.8244175,0.90799695,8,Bag,PCA
-1.3394793,0.39242142,8,Bag,PCA
0.006447807,0.55380976,2,Pullover,PCA
-1.0661113,0.8942619,2,Pullover,PCA
-1.4803764,-0.24214227,8,Bag,PCA
2.2342954,-0.19308183,7,Sneaker,PCA
2.811755,1.3202224,8,Bag,PCA
1.2017171,1.7127938,9,Ankle boot,PCA
-0.4785633,-0.8583606,2,Pullover,PCA
-1.8631488,-0.9108222,0,T-shirt/top,PCA
1.607282,1.4810166,8,Bag,PCA
1.9584513,0.25627917,7,Sneaker,PCA
-1.730236,0.12202698,6,Shirt,PCA
1.4147946,-1.420855,1,Trouser,PCA
-0.89251024,-0.27114388,0,T-shirt/top,PCA
-0.6500575,-0.50783,8,Bag,PCA
-0.24148874,-1.2156883,3,Dress,PCA
3.0858903,-1.6225722,5,Sandal,PCA
-1.0802729,0.5456529,4,Coat,PCA
1.8850533,-0.85464025,1,Trouser,PCA
-1.1831114,0.8656868,0,T-shirt/top,PCA
0.28828105,-1.1738161,3,Dress,PCA
-1.186282,2.6782074,9,Ankle boot,PCA
-0.055320233,0.4423728,6,Shirt,PCA
1.6570109,2.611146,9,Ankle boot,PCA
1.2766048,1.9821571,8,Bag,PCA
-0.080467686,0.61802334,4,Coat,PCA
0.023358509,-0.5556103,3,Dress,PCA
1.25277,-2.048242,1,Trouser,PCA
-1.705268,1.5274044,9,Ankle boot,PCA
0.08947235,2.634698,8,Bag,PCA
0.18333876,0.8189726,0,T-shirt/top,PCA
-0.6935226,-0.2673254,8,Bag,PCA
2.3111818,-0.12066544,7,Sneaker,PCA
2.069251,-0.80760163,0,T-shirt/top,PCA
-1.9958335,-1.4109992,3,Dress,PCA
-0.04779905,-1.8951706,3,Dress,PCA
0.115794264,0.568866,4,Coat,PCA
-3.5669,3.2959642,8,Bag,PCA
-0.7468298,0.3498662,6,Shirt,PCA
1.5882876,-1.3257105,1,Trouser,PCA
1.8610379,-0.48121646,3,Dress,PCA
1.2363211,-1.6819925,1,Trouser,PCA
2.7819326,0.096797675,7,Sneaker,PCA
1.2700853,-1.3617843,1,Trouser,PCA
2.1060367,0.7308121,5,Sandal,PCA
-0.9806555,-0.14920704,6,Shirt,PCA
-0.3264631,-0.62523955,0,T-shirt/top,PCA
0.7841581,-0.7625276,3,Dress,PCA
-1.9692518,0.3521277,8,Bag,PCA
-0.7506379,-1.199215,8,Bag,PCA
0.01897265,1.6357561,2,Pullover,PCA
0.16776232,-2.28926,1,Trouser,PCA
0.37898833,1.8341411,9,Ankle boot,PCA
-2.3957338,2.0248117,8,Bag,PCA
0.120348185,0.64907205,4,Coat,PCA
-0.8099258,-0.30173188,2,Pullover,PCA
-1.6554403,-1.8260723,3,Dress,PCA
2.6237333,-0.9396674,5,Sandal,PCA
-1.7543763,0.64312637,8,Bag,PCA
-1.2516011,-1.5827959,0,T-shirt/top,PCA
-0.9733066,-0.57231575,6,Shirt,PCA
-1.3762791,0.8475074,2,Pullover,PCA
1.3905227,-1.421979,1,Trouser,PCA
1.9012537,1.1425264,5,Sandal,PCA
-1.1558737,1.1466277,9,Ankle boot,PCA
-0.97915715,-0.798175,0,T-shirt/top,PCA
0.7575473,1.3760111,7,Sneaker,PCA
-1.0693303,0.6331953,2,Pullover,PCA
-0.21833436,-1.0362867,6,Shirt,PCA
-1.7087886,-0.86570096,0,T-shirt/top,PCA
-1.114418,-1.1100315,0,T-shirt/top,PCA
-0.4256059,-1.5883433,8,Bag,PCA
0.90572894,2.208231,9,Ankle boot,PCA
0.7058498,1.859787,9,Ankle boot,PCA
-1.5284828,0.21140712,4,Coat,PCA
-0.22470532,-0.38391814,6,Shirt,PCA
2.5842571,0.16284165,7,Sneaker,PCA
-0.6199196,-0.99242383,3,Dress,PCA
0.8636943,-1.168986,1,Trouser,PCA
-1.0709622,0.077480584,6,Shirt,PCA
1.7099303,1.4862982,5,Sandal,PCA
-0.41802388,-0.93315214,0,T-shirt/top,PCA
0.23807666,1.0679306,4,Coat,PCA
-0.25704932,0.4279687,6,Shirt,PCA
-1.8738321,-0.033836357,6,Shirt,PCA
1.9711167,-0.121943936,5,Sandal,PCA
0.6184497,1.4749459,5,Sandal,PCA
-0.9031802,-1.2364591,8,Bag,PCA
-0.287948,-0.3910383,2,Pullover,PCA
-0.10846524,-0.7301904,4,Coat,PCA
-1.0776314,0.4440335,2,Pullover,PCA
-1.6159116,-0.45392272,8,Bag,PCA
-1.9037527,-0.2147471,6,Shirt,PCA
-0.7427677,-0.7165191,0,T-shirt/top,PCA
-2.477658,3.147726,8,Bag,PCA
-1.2892708,-0.6653829,0,T-shirt/top,PCA
0.5359827,-0.048520535,4,Coat,PCA
0.06252602,1.4866551,8,Bag,PCA
1.8756952,0.9799596,5,Sandal,PCA
-2.7721183,1.2407681,9,Ankle boot,PCA
-1.9401089,0.520034,6,Shirt,PCA
0.6361099,-1.1052202,1,Trouser,PCA
-0.33687472,-1.0962754,6,Shirt,PCA
2.368181,1.3000029,5,Sandal,PCA
0.7335832,-1.288246,1,Trouser,PCA
-0.89306825,-1.8574538,1,Trouser,PCA
-0.08650254,-1.7312069,8,Bag,PCA
1.2370086,1.5449413,8,Bag,PCA
0.41631103,1.8277092,8,Bag,PCA
2.3801293,0.28434497,7,Sneaker,PCA
0.46904445,-0.8536523,3,Dress,PCA
0.2511352,-1.6273103,1,Trouser,PCA
2.0262382,0.40729177,7,Sneaker,PCA
-0.41719526,0.9528291,9,Ankle boot,PCA
0.60038066,0.5833693,5,Sandal,PCA
-1.7874879,1.9034067,9,Ankle boot,PCA
1.2104686,2.6121182,9,Ankle boot,PCA
-0.46914816,-0.5201905,0,T-shirt/top,PCA
-0.60538805,1.2733978,9,Ankle boot,PCA
1.5384235,2.4244976,9,Ankle boot,PCA
2.60992,-2.0541105,5,Sandal,PCA
1.3425717,2.2748685,9,Ankle boot,PCA
-0.74153775,-0.9918171,3,Dress,PCA
1.2657545,-0.713126,1,Trouser,PCA
-0.7565423,-1.2364466,3,Dress,PCA
-1.1874504,0.17924713,8,Bag,PCA
2.0487213,1.0483749,7,Sneaker,PCA
0.2090072,-1.7127417,3,Dress,PCA
2.3199024,-2.0809288,5,Sandal,PCA
2.805713,-1.7161958,5,Sandal,PCA
0.54851574,-1.761076,6,Shirt,PCA
-1.0135608,0.05104535,9,Ankle boot,PCA
-2.0581164,-0.92083865,0,T-shirt/top,PCA
-2.3961737,0.53780925,2,Pullover,PCA
1.4424597,1.1809745,7,Sneaker,PCA
1.8540645,-1.262618,6,Shirt,PCA
0.38323647,-0.93290895,3,Dress,PCA
-0.8864973,-1.1428211,4,Coat,PCA
-1.1762403,-1.1058184,0,T-shirt/top,PCA
-0.5707781,-1.0566837,0,T-shirt/top,PCA
0.033547416,1.7042094,8,Bag,PCA
1.4994088,2.140368,9,Ankle boot,PCA
0.8746419,-1.3873965,1,Trouser,PCA
-0.4253015,-2.3977947,3,Dress,PCA
0.13844168,1.5737388,7,Sneaker,PCA
-2.0062532,0.14920922,9,Ankle boot,PCA
2.1370292,1.1669232,9,Ankle boot,PCA
-0.8146909,-1.5105081,8,Bag,PCA
-0.5540994,-1.5563787,8,Bag,PCA
-0.63384575,0.12274596,4,Coat,PCA
2.3814247,0.5883263,7,Sneaker,PCA
-0.07354498,1.2944825,5,Sandal,PCA
1.6969706,-1.0426953,1,Trouser,PCA
1.4420685,2.0339103,9,Ankle boot,PCA
2.2746305,-0.05391664,7,Sneaker,PCA
2.7435794,-0.13440177,7,Sneaker,PCA
3.1424675,-1.6001885,5,Sandal,PCA
-1.2712111,0.48336422,4,Coat,PCA
0.9706028,1.705839,9,Ankle boot,PCA
0.22328573,-1.1196772,3,Dress,PCA
-1.5713564,-1.329452,0,T-shirt/top,PCA
-0.62663907,-1.3174016,2,Pullover,PCA
2.2592578,-0.0060032383,7,Sneaker,PCA
-1.2760487,0.7993617,0,T-shirt/top,PCA
-2.1110086,1.0309415,4,Coat,PCA
0.57671005,-1.493878,4,Coat,PCA
-0.8869998,2.9636602,8,Bag,PCA
0.7852963,-0.9784766,3,Dress,PCA
0.76851505,-1.1505301,3,Dress,PCA
0.12695244,2.8306646,9,Ankle boot,PCA
-1.3381927,0.22514716,2,Pullover,PCA
-0.13471629,-0.7702302,6,Shirt,PCA
-0.9759454,-2.112874,1,Trouser,PCA
2.449536,-0.0865664,7,Sneaker,PCA
2.048729,0.051346213,5,Sandal,PCA
0.28471985,2.2950106,9,Ankle boot,PCA
2.3311484,0.11638622,7,Sneaker,PCA
-1.8074588,-0.043029904,4,Coat,PCA
-1.200378,0.20001194,4,Coat,PCA
3.2145143,-0.72285676,5,Sandal,PCA
0.7368589,-0.68299276,4,Coat,PCA
0.74181443,2.0406165,7,Sneaker,PCA
2.0848038,1.5123229,9,Ankle boot,PCA
1.1343743,1.9189634,9,Ankle boot,PCA
2.2168078,0.79454637,5,Sandal,PCA
-0.49789643,1.4587438,9,Ankle boot,PCA
1.4774624,1.4632366,9,Ankle boot,PCA
-1.5741436,-0.301365,0,T-shirt/top,PCA
1.0022702,-1.2350792,1,Trouser,PCA
0.36423427,-2.1617022,1,Trouser,PCA
1.3875554,-1.1318057,1,Trouser,PCA
2.460238,0.76704043,5,Sandal,PCA
0.14051232,-0.87262166,6,Shirt,PCA
1.3635951,-0.97730803,1,Trouser,PCA
1.6243608,-0.9526128,1,Trouser,PCA
2.2755468,-0.1372397,8,Bag,PCA
-0.58747584,0.51754665,6,Shirt,PCA
1.763411,-0.51205754,1,Trouser,PCA
2.2996624,-0.44171613,7,Sneaker,PCA
-0.46971202,0.47130644,2,Pullover,PCA
1.364064,-0.8446779,1,Trouser,PCA
0.9029607,-0.70883167,8,Bag,PCA
-0.008502185,1.1037402,6,Shirt,PCA
-0.54567254,-0.14633866,4,Coat,PCA
0.97776765,-1.3312633,1,Trouser,PCA
1.2386081,1.3946503,9,Ankle boot,PCA
-0.71160096,-0.41661826,2,Pullover,PCA
2.6353095,0.06579685,7,Sneaker,PCA
0.4197945,-2.3017955,1,Trouser,PCA
-1.1748654,1.3423071,5,Sandal,PCA
0.2382822,-1.2189941,6,Shirt,PCA
2.3383217,0.9677427,7,Sneaker,PCA
-1.1804001,0.9938214,4,Coat,PCA
0.8291043,-1.2018723,3,Dress,PCA
-0.34935862,-2.106183,2,Pullover,PCA
2.0526638,1.3946346,5,Sandal,PCA
-0.9091266,-1.2161534,0,T-shirt/top,PCA
1.2359078,1.4666339,8,Bag,PCA
-2.8203437,-0.77375877,0,T-shirt/top,PCA
-0.3009448,-0.841378,0,T-shirt/top,PCA
0.6952681,-1.2286294,1,Trouser,PCA
0.9409566,-0.6655073,1,Trouser,PCA
-1.6141475,0.92412096,0,T-shirt/top,PCA
-1.6261023,-0.49726033,8,Bag,PCA
-0.32844675,1.3757347,9,Ankle boot,PCA
1.2173656,2.2618928,9,Ankle boot,PCA
0.51395345,0.95040935,8,Bag,PCA
-0.065191045,-1.6530684,1,Trouser,PCA
-2.1531253,-0.89966834,6,Shirt,PCA
0.5825319,2.1121063,9,Ankle boot,PCA
1.2864177,1.581369,7,Sneaker,PCA
-1.2329131,1.3376656,6,Shirt,PCA
-0.54009694,-0.6985993,6,Shirt,PCA
-1.1099427,1.7692811,9,Ankle boot,PCA
1.2984179,1.259252,7,Sneaker,PCA
2.0453894,-1.5462182,5,Sandal,PCA
-1.2358088,-1.2689689,3,Dress,PCA
-1.7567847,2.1299086,9,Ankle boot,PCA
-0.9314361,-0.16664194,6,Shirt,PCA
0.63091886,-1.5773593,1,Trouser,PCA
-0.6250088,-1.2283627,3,Dress,PCA
-3.657269,2.4016047,2,Pullover,PCA
-0.6784114,-0.13783482,2,Pullover,PCA
-0.0420018,-0.9881609,6,Shirt,PCA
2.1721184,0.50657964,7,Sneaker,PCA
-1.0594633,2.3247886,9,Ankle boot,PCA
1.6043801,1.9990479,9,Ankle boot,PCA
-0.0191724,-1.1599663,3,Dress,PCA
-0.9583177,-0.19652677,6,Shirt,PCA
-1.7944326,0.117231965,2,Pullover,PCA
0.33365208,-0.46872893,4,Coat,PCA
-0.7463184,1.1534187,2,Pullover,PCA
-0.81898755,1.5766634,8,Bag,PCA
-0.5960459,-1.484305,0,T-shirt/top,PCA
2.8237207,1.3095733,9,Ankle boot,PCA
1.1323129,1.3006546,9,Ankle boot,PCA
-0.09671566,-1.5478796,6,Shirt,PCA
-2.80348,0.38012874,4,Coat,PCA
0.8600727,-1.6235603,1,Trouser,PCA
-0.94555026,0.26995873,4,Coat,PCA
0.28608233,-0.3358716,0,T-shirt/top,PCA
-1.6083506,2.279305,8,Bag,PCA
0.61110944,0.21998113,4,Coat,PCA
-1.0819606,-0.7024778,6,Shirt,PCA
2.1596532,0.7742587,7,Sneaker,PCA
-1.5761847,0.93489134,9,Ankle boot,PCA
-1.3092282,0.9500928,8,Bag,PCA
-0.78142816,1.3761839,5,Sandal,PCA
-0.07147065,-0.6202213,3,Dress,PCA
-0.21563812,-0.46387908,0,T-shirt/top,PCA
-1.090835,-1.1336429,6,Shirt,PCA
0.5293249,0.411936,4,Coat,PCA
-0.8457615,-1.6160374,2,Pullover,PCA
-1.648124,0.9856434,8,Bag,PCA
-0.49435425,-0.82786727,3,Dress,PCA
-1.7586766,0.5721392,2,Pullover,PCA
-0.6011734,-1.4946834,1,Trouser,PCA
0.067762055,2.7348714,9,Ankle boot,PCA
1.9391298,-0.54919153,1,Trouser,PCA
1.3091547,2.433073,9,Ankle boot,PCA
-1.4880867,-0.55583304,0,T-shirt/top,PCA
-2.0711966,0.5800766,4,Coat,PCA
0.16498218,-0.86649954,3,Dress,PCA
1.8885111,1.2548013,5,Sandal,PCA
-1.4685948,-0.96013147,4,Coat,PCA
-3.158042,2.2250943,8,Bag,PCA
-1.079825,-1.2720379,6,Shirt,PCA
2.2117357,-0.4517341,7,Sneaker,PCA
2.0172336,0.79194885,7,Sneaker,PCA
0.74771774,-1.0730443,1,Trouser,PCA
-1.7625417,-0.28575456,0,T-shirt/top,PCA
2.7961214,-0.041448407,7,Sneaker,PCA
-0.05758351,-1.0822272,3,Dress,PCA
-0.048758924,-1.9649705,2,Pullover,PCA
-0.17600323,-1.1192676,0,T-shirt/top,PCA
1.3593057,1.5742872,8,Bag,PCA
-0.5355313,-0.33578247,6,Shirt,PCA
-0.79901916,0.10437626,2,Pullover,PCA
-0.9119106,-0.80247414,0,T-shirt/top,PCA
1.199215,-1.143091,1,Trouser,PCA
1.9830755,1.7101408,8,Bag,PCA
-0.65410775,-2.6367054,3,Dress,PCA
-1.1403471,-1.8118786,0,T-shirt/top,PCA
-1.137968,1.3748156,6,Shirt,PCA
2.1790433,0.87523645,8,Bag,PCA
-0.49512053,3.1343203,8,Bag,PCA
0.16333894,-2.22865,4,Coat,PCA
-1.6929169,2.2805696,5,Sandal,PCA
0.6154587,2.3573928,9,Ankle boot,PCA
0.4278674,-2.1834483,3,Dress,PCA
-1.0495589,-0.047252927,8,Bag,PCA
-1.8008224,-1.0295506,0,T-shirt/top,PCA
2.7599702,-0.00826684,7,Sneaker,PCA
-0.45493746,0.28814232,2,Pullover,PCA
-0.4554224,1.056409,3,Dress,PCA
2.9609694,-0.7381805,5,Sandal,PCA
-2.1608806,-1.5676948,0,T-shirt/top,PCA
-0.76402783,-0.283633,4,Coat,PCA
0.013076112,-0.7792487,0,T-shirt/top,PCA
2.4439723,1.189972,5,Sandal,PCA
-2.9126828,0.42879033,2,Pullover,PCA
0.6301251,1.9126945,9,Ankle boot,PCA
1.1614393,2.7532039,8,Bag,PCA
2.4376395,0.68607444,5,Sandal,PCA
0.27470398,1.8493626,5,Sandal,PCA
-1.7967883,2.439704,9,Ankle boot,PCA
0.22037302,-0.8077677,3,Dress,PCA
0.76908565,-1.9290011,1,Trouser,PCA
0.25676534,-1.138522,1,Trouser,PCA
-0.71661645,-0.5171164,4,Coat,PCA
-0.71907336,0.42831117,4,Coat,PCA
0.51411873,-1.123671,1,Trouser,PCA
-1.2633098,-1.1191407,3,Dress,PCA
2.4913723,0.057767995,5,Sandal,PCA
-0.23042394,0.24226576,0,T-shirt/top,PCA
-1.799778,-0.22888362,0,T-shirt/top,PCA
-0.2799303,-1.827542,3,Dress,PCA
-0.54676056,-1.7521335,0,T-shirt/top,PCA
2.4878125,-0.41054642,5,Sandal,PCA
-1.2919832,-1.2038108,6,Shirt,PCA
0.588821,2.5161014,7,Sneaker,PCA
0.64332235,-2.1209083,3,Dress,PCA
1.8681816,0.3439345,7,Sneaker,PCA
-0.18179186,0.04380916,0,T-shirt/top,PCA
1.2921314,2.3812242,5,Sandal,PCA
0.26066208,-1.4376292,0,T-shirt/top,PCA
0.35351253,0.29814556,2,Pullover,PCA
0.3459997,1.4171923,8,Bag,PCA
-1.444266,0.47548336,5,Sandal,PCA
-2.3403835,0.19516355,6,Shirt,PCA
-0.7626258,-1.692953,2,Pullover,PCA
-1.2194136,-0.5927529,0,T-shirt/top,PCA
-0.041154057,2.4247513,9,Ankle boot,PCA
0.9648757,0.72250694,5,Sandal,PCA
-0.86566585,-0.9741806,3,Dress,PCA
0.5178263,-0.86687005,0,T-shirt/top,PCA
-0.45814985,-0.45537418,6,Shirt,PCA
2.0706356,0.6496504,5,Sandal,PCA
-1.8393608,1.3760159,8,Bag,PCA
1.9656326,1.5621287,8,Bag,PCA
0.41421515,-1.1319126,3,Dress,PCA
-0.3392892,0.6865968,0,T-shirt/top,PCA
1.4727823,2.301271,8,Bag,PCA
-1.681395,1.6931692,4,Coat,PCA
-0.24882545,-0.34454972,2,Pullover,PCA
0.3202985,0.07437312,4,Coat,PCA
-2.201325,1.6592894,6,Shirt,PCA
-1.9851571,-2.040556,3,Dress,PCA
2.1172445,0.04654111,7,Sneaker,PCA
2.6014454,-0.95383316,5,Sandal,PCA
-0.25824744,-1.2232552,3,Dress,PCA
1.2629914,1.4371105,8,Bag,PCA
-1.2194757,-0.40406722,3,Dress,PCA
-1.328433,0.118502155,4,Coat,PCA
-1.1494093,-0.06871419,8,Bag,PCA
2.056363,-1.4740078,8,Bag,PCA
2.564032,0.4521839,7,Sneaker,PCA
0.95614654,0.28701228,7,Sneaker,PCA
0.23235157,0.9243483,7,Sneaker,PCA
-0.76722735,-1.4134681,8,Bag,PCA
2.9547365,-0.6080533,5,Sandal,PCA
-3.1930175,0.6362587,6,Shirt,PCA
-0.11420615,-2.5050788,1,Trouser,PCA
-1.3698494,0.28296563,0,T-shirt/top,PCA
0.102500945,1.8393074,8,Bag,PCA
-0.6395587,1.5795193,4,Coat,PCA
-1.569047,-1.4194925,1,Trouser,PCA
-0.104916245,1.769489,8,Bag,PCA
1.8180828,0.2124156,7,Sneaker,PCA
-1.037657,-0.093726724,6,Shirt,PCA
-0.8583334,-1.9611967,0,T-shirt/top,PCA
2.4754713,-0.16722223,5,Sandal,PCA
0.27062425,1.4192055,9,Ankle boot,PCA
-0.30279267,-1.3638446,6,Shirt,PCA
2.3851647,0.4793713,7,Sneaker,PCA
-0.77652407,-0.42452168,8,Bag,PCA
-0.35826874,-0.82278836,6,Shirt,PCA
2.458866,0.5021109,7,Sneaker,PCA
-0.8170005,-1.4374876,4,Coat,PCA
2.072412,-0.3330651,7,Sneaker,PCA
1.3601779,0.2829542,5,Sandal,PCA
-0.28832728,-0.4938042,2,Pullover,PCA
-2.0685072,1.4138843,8,Bag,PCA
1.537954,-1.9251854,1,Trouser,PCA
2.4016354,1.3547912,9,Ankle boot,PCA
-1.041345,-1.0934074,0,T-shirt/top,PCA
-1.1006527,-1.5367787,3,Dress,PCA
1.4145509,0.023024283,7,Sneaker,PCA
-0.22115482,-0.24893145,2,Pullover,PCA
-1.146346,0.673884,0,T-shirt/top,PCA
-0.9317463,-0.68272936,2,Pullover,PCA
-2.9750693,0.5702513,2,Pullover,PCA
1.0042808,1.670812,8,Bag,PCA
0.9674245,-1.4697933,1,Trouser,PCA
-0.49088842,-1.4408551,2,Pullover,PCA
-0.072894245,0.30173147,2,Pullover,PCA
-0.4706005,1.3354853,9,Ankle boot,PCA
-0.3341726,-0.31161055,4,Coat,PCA
0.7694918,-0.8074563,6,Shirt,PCA
0.061534308,-1.8408793,1,Trouser,PCA
0.89037997,-0.76990503,2,Pullover,PCA
-1.1591237,-1.0078453,1,Trouser,PCA
-1.4002022,0.09096114,0,T-shirt/top,PCA
-0.7771559,0.29865134,6,Shirt,PCA
-1.3195177,0.11274174,4,Coat,PCA
2.6198127,-1.4867665,5,Sandal,PCA
-1.4261215,0.0032674037,2,Pullover,PCA
1.2272023,1.4281391,8,Bag,PCA
2.1874382,0.58046705,7,Sneaker,PCA
-1.9444457,0.95587623,9,Ankle boot,PCA
-0.846394,0.29329383,4,Coat,PCA
-1.2625442,0.31103408,2,Pullover,PCA
-0.03660041,0.9484217,6,Shirt,PCA
2.0844262,-1.1068549,5,Sandal,PCA
-1.6520047,0.041702203,4,Coat,PCA
0.18421093,-1.3122702,6,Shirt,PCA
-0.571499,-0.6755418,8,Bag,PCA
1.2650738,1.9782706,9,Ankle boot,PCA
1.0497489,-0.38347745,2,Pullover,PCA
1.75576,1.6257718,9,Ankle boot,PCA
-0.004476726,-1.714586,0,T-shirt/top,PCA
-1.0026394,0.9338952,2,Pullover,PCA
-1.2871606,-0.3848847,8,Bag,PCA
-0.8804775,-0.2889548,6,Shirt,PCA
0.64885676,-0.28297704,2,Pullover,PCA
-1.5094315,0.5380974,4,Coat,PCA
0.649325,-1.3532752,1,Trouser,PCA
0.38349593,1.4895822,5,Sandal,PCA
-0.87689704,-0.991819,2,Pullover,PCA
2.618799,-1.6175811,5,Sandal,PCA
0.5729734,-1.3027884,1,Trouser,PCA
-0.31015944,2.3107967,5,Sandal,PCA
0.097701475,-1.2127547,6,Shirt,PCA
0.20501593,-1.9383415,1,Trouser,PCA
-0.7601388,-1.1118848,3,Dress,PCA
-1.7284713,0.19479522,8,Bag,PCA
-0.40024662,0.5554703,2,Pullover,PCA
-0.010788098,-2.087346,0,T-shirt/top,PCA
-0.9976228,1.2120014,2,Pullover,PCA
-1.4460858,-0.6600569,4,Coat,PCA
-0.6361117,-1.1745287,0,T-shirt/top,PCA
-0.47903472,-0.17677283,2,Pullover,PCA
-0.7919627,-0.97445256,3,Dress,PCA
-0.62549317,0.06154812,6,Shirt,PCA
0.5899261,1.6005261,9,Ankle boot,PCA
1.847007,2.3062935,5,Sandal,PCA
-0.37478602,0.26753995,0,T-shirt/top,PCA
-0.76478654,-0.85663795,0,T-shirt/top,PCA
-1.4901096,-0.15546611,8,Bag,PCA
-0.8415857,-0.6264583,6,Shirt,PCA
-1.0127424,-1.1328787,0,T-shirt/top,PCA
2.4780116,0.10591468,7,Sneaker,PCA
0.9682571,-1.6529253,1,Trouser,PCA
0.99794126,1.4640356,7,Sneaker,PCA
2.189178,1.1992602,8,Bag,PCA
-1.5629932,0.9394269,8,Bag,PCA
-0.5289138,-1.2057946,4,Coat,PCA
0.18002562,-2.2584047,1,Trouser,PCA
0.088253334,2.8196878,8,Bag,PCA
-2.1449533,0.48330617,4,Coat,PCA
-0.6506396,-0.19364226,6,Shirt,PCA
1.2231623,1.6173953,5,Sandal,PCA
-2.0714984,0.839629,9,Ankle boot,PCA
-1.1772774,-0.9344591,2,Pullover,PCA
1.1983784,-1.3795925,1,Trouser,PCA
1.4397663,-0.54948646,1,Trouser,PCA
2.3605876,-1.6018039,5,Sandal,PCA
1.4783118,1.2701474,5,Sandal,PCA
-1.173161,-1.5154104,3,Dress,PCA
0.12670834,0.62982446,2,Pullover,PCA
-0.7287279,-0.68759257,6,Shirt,PCA
2.068006,0.5931401,7,Sneaker,PCA
0.6124529,-1.3124895,3,Dress,PCA
1.9532051,0.008477941,7,Sneaker,PCA
-0.26750797,3.1951785,8,Bag,PCA
-1.1043718,-1.2669698,0,T-shirt/top,PCA
-2.2343752,1.6947573,6,Shirt,PCA
0.36738613,-1.7009825,1,Trouser,PCA
1.0419652,-1.52484,1,Trouser,PCA
0.9592815,-0.12412843,2,Pullover,PCA
-2.4308026,1.0430483,4,Coat,PCA
-1.5643466,-0.06584498,3,Dress,PCA
-1.8186507,-0.63067305,6,Shirt,PCA
-1.4701538,-1.5775324,6,Shirt,PCA
1.2086811,2.18816,9,Ankle boot,PCA
-0.2721094,-1.1685133,0,T-shirt/top,PCA
-0.8912193,-1.3266605,3,Dress,PCA
-0.32776916,0.42965564,2,Pullover,PCA
-0.543377,0.38906434,4,Coat,PCA
-1.8098735,1.9542149,8,Bag,PCA
-1.1956162,-0.82125163,4,Coat,PCA
2.6831894,0.7458473,7,Sneaker,PCA
0.9888528,-1.3898147,1,Trouser,PCA
-2.8222744,1.2156103,9,Ankle boot,PCA
1.6200008,0.89757466,8,Bag,PCA
2.3313208,0.86051095,9,Ankle boot,PCA
-0.51823086,-1.9586512,1,Trouser,PCA
0.25124544,-0.30473864,2,Pullover,PCA
1.1630262,-0.66511226,1,Trouser,PCA
0.70748335,1.9908689,9,Ankle boot,PCA
0.45035797,1.954358,9,Ankle boot,PCA
0.8900842,-0.8015993,1,Trouser,PCA
-1.0578439,-0.07391565,6,Shirt,PCA
-1.0873514,2.6212173,6,Shirt,PCA
-1.8966306,2.1902933,8,Bag,PCA
0.6661736,2.3081098,5,Sandal,PCA
-1.2190111,0.50399244,2,Pullover,PCA
1.4118135,1.696934,9,Ankle boot,PCA
-1.8214647,-1.296462,0,T-shirt/top,PCA
2.9330733,-1.4978231,5,Sandal,PCA
-0.8451561,-1.8477894,4,Coat,PCA
-1.3091229,0.479581,4,Coat,PCA
-1.227746,-0.9496758,4,Coat,PCA
-1.2124113,-0.43223867,6,Shirt,PCA
1.1157935,-1.4919795,3,Dress,PCA
-0.6852307,0.33261234,2,Pullover,PCA
-0.79360044,0.7133482,2,Pullover,PCA
2.6929417,-0.7279769,5,Sandal,PCA
0.18363087,2.2826319,9,Ankle boot,PCA
2.2968552,0.6235442,7,Sneaker,PCA
0.13265671,1.4199276,6,Shirt,PCA
1.8314837,-1.3855754,1,Trouser,PCA
-0.6328803,-0.8863412,3,Dress,PCA
2.26725,-1.3947453,5,Sandal,PCA
-1.3755088,2.1952338,9,Ankle boot,PCA
-1.1382025,-0.04513513,6,Shirt,PCA
1.5272248,-1.8660228,4,Coat,PCA
-0.20521252,-0.04797225,6,Shirt,PCA
-1.1928082,-0.0121263545,6,Shirt,PCA
0.19939357,1.2281463,5,Sandal,PCA
2.921362,1.4953618,9,Ankle boot,PCA
0.20346743,-2.3473587,3,Dress,PCA
0.4008472,-1.9446524,3,Dress,PCA
-0.39569265,-2.08325,4,Coat,PCA
-0.4082077,-0.9767413,6,Shirt,PCA
0.016511008,-1.8441783,2,Pullover,PCA
-1.2316854,-1.9035035,0,T-shirt/top,PCA
-0.3030824,-0.86011106,3,Dress,PCA
1.8351328,-0.26852256,3,Dress,PCA
-1.9207407,0.9460004,8,Bag,PCA
-1.1951087,-1.3295554,0,T-shirt/top,PCA
2.150355,-0.15722656,7,Sneaker,PCA
-0.76194215,0.14242703,2,Pullover,PCA
-1.2651716,-0.93142116,6,Shirt,PCA
-0.616124,-0.15304491,4,Coat,PCA
-2.2327921,-1.1783557,4,Coat,PCA
-0.3739606,0.42957982,2,Pullover,PCA
-0.80420053,0.43633902,4,Coat,PCA
-2.2911315,1.4690232,6,Shirt,PCA
2.4521112,-1.3868365,5,Sandal,PCA
-1.0141782,2.6667166,8,Bag,PCA
-0.6411856,0.57690287,5,Sandal,PCA
0.21775731,1.2075056,5,Sandal,PCA
-1.2592846,0.16542603,6,Shirt,PCA
2.9332972,-0.9778973,5,Sandal,PCA
-0.41642183,-0.8697796,6,Shirt,PCA
-2.5935998,1.1804998,6,Shirt,PCA
1.8190293,0.8405736,8,Bag,PCA
2.1285045,-1.2768259,1,Trouser,PCA
0.6118244,-1.6312575,3,Dress,PCA
-1.5387508,1.1492412,2,Pullover,PCA
-1.7991446,3.4571772,5,Sandal,PCA
2.1272168,-0.7815512,7,Sneaker,PCA
-0.07283266,-1.0289881,0,T-shirt/top,PCA
-0.017731085,0.9052086,2,Pullover,PCA
-0.7888207,-1.3542835,4,Coat,PCA
-0.4437676,-1.3859477,3,Dress,PCA
-1.1955096,0.3766428,2,Pullover,PCA
-2.3251903,0.98101056,4,Coat,PCA
0.32378346,-1.75722,3,Dress,PCA
-2.4427512,0.6530258,2,Pullover,PCA
-1.0146747,-2.3396382,3,Dress,PCA
-2.5468755,0.43187675,2,Pullover,PCA
-1.4578553,0.6989377,2,Pullover,PCA
1.100411,-1.1815859,1,Trouser,PCA
1.4758229,1.0887655,8,Bag,PCA
-0.07263756,2.7038078,5,Sandal,PCA
2.3816233,-0.8293884,7,Sneaker,PCA
-0.71122986,1.0255082,9,Ankle boot,PCA
1.870603,0.5472578,7,Sneaker,PCA
2.5872695,2.1141562,9,Ankle boot,PCA
-0.15552579,-1.1838503,3,Dress,PCA
0.057208277,-0.30307937,0,T-shirt/top,PCA
-0.5586223,-0.7261397,2,Pullover,PCA
-1.1107403,-1.2487993,0,T-shirt/top,PCA
2.4760358,0.32516903,7,Sneaker,PCA
-1.7009629,0.20060542,8,Bag,PCA
1.2791973,-1.0048673,1,Trouser,PCA
-0.991726,-1.3343323,0,T-shirt/top,PCA
-0.50410706,-0.14303982,6,Shirt,PCA
2.558986,-1.0513613,7,Sneaker,PCA
-0.922736,2.6050363,8,Bag,PCA
-1.0576417,-1.5212027,8,Bag,PCA
-0.3304463,0.016795948,6,Shirt,PCA
-0.47654957,-0.31421846,0,T-shirt/top,PCA
-0.5086001,0.28739747,6,Shirt,PCA
1.318542,-0.596801,1,Trouser,PCA
0.27207,0.37260985,4,Coat,PCA
-0.63556033,0.9909971,5,Sandal,PCA
0.5047633,-0.9432667,3,Dress,PCA
1.2233459,2.1349516,8,Bag,PCA
-3.2552152,3.2771525,8,Bag,PCA
0.79728955,-0.21137144,6,Shirt,PCA
-1.4618503,2.134941,9,Ankle boot,PCA
-1.6740931,1.3131899,9,Ankle boot,PCA
-1.295433,1.1363266,4,Coat,PCA
1.0325547,2.156684,8,Bag,PCA
-1.7496963,-0.37111956,3,Dress,PCA
-1.0510042,-1.3891213,6,Shirt,PCA
-1.4596376,0.039949097,1,Trouser,PCA
0.34691393,0.85141677,0,T-shirt/top,PCA
0.06067501,0.7125784,2,Pullover,PCA
-1.0803877,-1.3492218,1,Trouser,PCA
1.247027,-0.91561586,1,Trouser,PCA
1.2921809,-0.9904434,1,Trouser,PCA
-0.83052427,-1.4690887,3,Dress,PCA
1.2575301,1.7212089,9,Ankle boot,PCA
0.7109773,-1.1747265,1,Trouser,PCA
-1.292077,-0.72621614,3,Dress,PCA
-3.474113,2.1651058,8,Bag,PCA
-0.99565214,-1.6906458,3,Dress,PCA
0.8716178,-1.4241339,1,Trouser,PCA
-1.0774454,-2.1821675,1,Trouser,PCA
1.3154999,-0.9073718,1,Trouser,PCA
-0.9312677,-0.081212476,2,Pullover,PCA
1.0686216,-1.0963547,1,Trouser,PCA
0.19922234,-1.5753486,3,Dress,PCA
-2.2958925,1.8721898,9,Ankle boot,PCA
-2.0437295,0.72072804,0,T-shirt/top,PCA
-1.1639304,-0.86643016,0,T-shirt/top,PCA
1.6493093,1.2207129,7,Sneaker,PCA
1.7870032,0.8192908,7,Sneaker,PCA
0.829327,2.1068335,9,Ankle boot,PCA
-1.2209492,-0.54831773,4,Coat,PCA
0.7539624,-1.4316549,1,Trouser,PCA
-1.6030942,-0.6763478,0,T-shirt/top,PCA
-0.6578036,-1.5365089,0,T-shirt/top,PCA
0.75999504,-0.59576297,3,Dress,PCA
2.0503557,0.47323006,7,Sneaker,PCA
2.692023,-0.048471805,5,Sandal,PCA
0.5598264,2.1004987,9,Ankle boot,PCA
0.19963437,-2.4554849,3,Dress,PCA
-1.1367135,-1.6922779,3,Dress,PCA
2.123109,0.14446965,7,Sneaker,PCA
-2.3193521,1.4940708,9,Ankle boot,PCA
-1.1462641,1.7070619,5,Sandal,PCA
1.3851402,-1.9742826,1,Trouser,PCA
-0.6363984,-1.0535086,0,T-shirt/top,PCA
-0.18278067,-1.3124673,3,Dress,PCA
-1.0318048,-0.60216624,3,Dress,PCA
-0.504022,-0.94320875,0,T-shirt/top,PCA
0.026306354,-1.2310883,3,Dress,PCA
-1.2883624,-0.8093973,0,T-shirt/top,PCA
0.7189324,-1.4725252,1,Trouser,PCA
0.54838616,1.8272197,9,Ankle boot,PCA
-1.5573045,-1.2403332,0,T-shirt/top,PCA
0.7669914,-0.69987315,2,Pullover,PCA
0.046421595,-1.8663434,6,Shirt,PCA
2.0955017,-0.25997722,7,Sneaker,PCA
-0.39211184,-1.0909262,3,Dress,PCA
1.5284342,-0.40130216,1,Trouser,PCA
2.3808577,-1.8164823,5,Sandal,PCA
-0.9311989,0.46730453,0,T-shirt/top,PCA
-0.50588137,-0.39451563,2,Pullover,PCA
-0.40798134,0.2715245,2,Pullover,PCA
1.8541653,0.5993598,7,Sneaker,PCA
2.2536633,0.19277932,7,Sneaker,PCA
0.30949232,1.6317545,2,Pullover,PCA
1.046115,-0.9729641,1,Trouser,PCA
-1.619018,-0.83117604,8,Bag,PCA
0.6061599,2.3881087,9,Ankle boot,PCA
-0.24971397,0.11462529,6,Shirt,PCA
0.5198475,-2.303959,3,Dress,PCA
-1.6240933,-0.79831296,4,Coat,PCA
1.2256044,2.0230584,9,Ankle boot,PCA
0.5328894,2.4364386,9,Ankle boot,PCA
2.3802888,-1.0442601,7,Sneaker,PCA
0.515013,-0.24953833,4,Coat,PCA
-0.82400185,1.3004766,5,Sandal,PCA
-2.6625552,0.24939066,8,Bag,PCA
0.5081798,1.5791779,9,Ankle boot,PCA
-1.4162272,-0.31199023,8,Bag,PCA
0.99552786,2.1183858,9,Ankle boot,PCA
1.3861151,0.8538959,6,Shirt,PCA
-0.9838688,1.9814683,9,Ankle boot,PCA
-0.8033378,-0.1846018,0,T-shirt/top,PCA
-0.3280564,1.1011043,6,Shirt,PCA
-0.3933043,-1.2541276,0,T-shirt/top,PCA
2.043688,0.5368816,5,Sandal,PCA
-0.40866274,-0.59714913,6,Shirt,PCA
2.155874,0.726199,5,Sandal,PCA
-1.3539493,0.4789443,2,Pullover,PCA
-1.653279,-0.52179337,8,Bag,PCA
0.70440084,-0.5676428,4,Coat,PCA
-1.1685346,-0.7388558,0,T-shirt/top,PCA
-1.6190875,-1.3154149,3,Dress,PCA
-0.02349691,-1.9758064,3,Dress,PCA
1.2747587,1.9663001,9,Ankle boot,PCA
-0.31532413,-0.68475616,8,Bag,PCA
0.8534799,-0.38227165,4,Coat,PCA
-0.21493255,0.12668253,6,Shirt,PCA
-0.8797088,-0.27999854,0,T-shirt/top,PCA
-1.1966631,0.34007287,2,Pullover,PCA
-1.6324356,-0.3293122,8,Bag,PCA
1.0307391,-1.2212481,1,Trouser,PCA
-2.0851154,-0.35104874,0,T-shirt/top,PCA
-0.8316512,-1.3472733,3,Dress,PCA
-1.6212469,1.1156446,8,Bag,PCA
-1.0421517,-1.6693774,0,T-shirt/top,PCA
-0.095895305,0.34363046,2,Pullover,PCA
-1.5594163,1.9463005,8,Bag,PCA
-0.47274846,-1.148957,6,Shirt,PCA
1.3554096,-1.0271685,1,Trouser,PCA
0.3505145,-1.2228432,3,Dress,PCA
-0.82884413,-0.08261709,0,T-shirt/top,PCA
1.688386,2.0424976,8,Bag,PCA
0.4052927,0.5031539,4,Coat,PCA
0.91793525,1.5215355,9,Ankle boot,PCA
-1.0308993,2.849082,5,Sandal,PCA
-1.2713771,-0.98735386,8,Bag,PCA
-0.3376233,0.65832466,4,Coat,PCA
-1.6030835,2.2821932,8,Bag,PCA
-1.7989719,-0.16600926,0,T-shirt/top,PCA
-1.0899082,-1.7181846,3,Dress,PCA
0.99822223,1.695201,9,Ankle boot,PCA
-1.2453005,-1.5640886,6,Shirt,PCA
-0.55041105,-1.1513486,8,Bag,PCA
-1.2664584,0.5186574,2,Pullover,PCA
1.021277,-0.6497994,3,Dress,PCA
2.0417404,-0.29627037,7,Sneaker,PCA
-1.9265107,1.4585743,8,Bag,PCA
1.1534948,-1.6199656,1,Trouser,PCA
0.8474397,-1.6877369,1,Trouser,PCA
-1.6766218,2.3571267,8,Bag,PCA
-0.4299788,-0.6962414,6,Shirt,PCA
-0.20788671,-2.1345081,3,Dress,PCA
0.28929055,0.07636794,4,Coat,PCA
-0.5782647,-0.70872515,2,Pullover,PCA
2.3013313,-0.24465735,7,Sneaker,PCA
-1.5920395,-0.096089244,2,Pullover,PCA
1.2820656,2.0655699,8,Bag,PCA
-1.6436882,-0.85670763,6,Shirt,PCA
2.4506853,0.32192922,7,Sneaker,PCA
-0.39653832,0.88239205,8,Bag,PCA
0.7805866,-1.4484909,3,Dress,PCA
-0.63923115,-0.9141942,4,Coat,PCA
-1.5890471,0.18407796,4,Coat,PCA
0.006794721,2.0019097,9,Ankle boot,PCA
1.1814585,1.6313757,5,Sandal,PCA
-1.370229,-1.0497952,3,Dress,PCA
1.4283111,1.1787816,5,Sandal,PCA
-0.16857757,-0.746434,0,T-shirt/top,PCA
-1.1903236,0.2549169,2,Pullover,PCA
-1.2257302,-0.25612718,4,Coat,PCA
0.8804254,0.8826091,8,Bag,PCA
-1.4546192,-0.022691783,6,Shirt,PCA
2.8625367,0.04451994,7,Sneaker,PCA
-0.13305499,-1.0849543,3,Dress,PCA
1.1897253,-0.8866832,1,Trouser,PCA
-0.84875953,0.29260942,2,Pullover,PCA
-1.9757982,2.761376,9,Ankle boot,PCA
-1.3320788,-0.7371724,0,T-shirt/top,PCA
-1.8343352,1.9692072,8,Bag,PCA
-0.56726164,2.4229379,9,Ankle boot,PCA
0.3228778,0.13523583,6,Shirt,PCA
-1.3706092,-0.9385641,4,Coat,PCA
-1.0648822,-0.2559979,2,Pullover,PCA
-0.5485019,-0.0035136938,2,Pullover,PCA
-1.8468475,0.74089617,2,Pullover,PCA
-1.5978869,2.2557487,8,Bag,PCA
-1.214854,0.039595462,9,Ankle boot,PCA
-0.4424265,-1.1957511,6,Shirt,PCA
0.40754426,-1.2068725,1,Trouser,PCA
-0.40538085,-1.861714,1,Trouser,PCA
1.8705311,1.5564415,8,Bag,PCA
1.7788477,1.577528,5,Sandal,PCA
0.5602157,2.4216094,9,Ankle boot,PCA
2.040251,-0.22274168,5,Sandal,PCA
0.8672097,1.0617602,8,Bag,PCA
-3.4524143,1.7358543,9,Ankle boot,PCA
0.7197482,-1.1311814,1,Trouser,PCA
1.0127697,1.3601878,7,Sneaker,PCA
-1.0528004,0.39182892,0,T-shirt/top,PCA
-0.9289445,-1.1199723,6,Shirt,PCA
1.025346,-1.8853439,1,Trouser,PCA
-0.83465075,0.33277804,6,Shirt,PCA
2.1492317,1.7407365,9,Ankle boot,PCA
-1.5671587,-1.6984459,8,Bag,PCA
0.23024948,-0.65495044,6,Shirt,PCA
0.790754,0.77355194,7,Sneaker,PCA
1.2660874,-1.258562,3,Dress,PCA
1.117816,3.2840624,8,Bag,PCA
1.3759092,1.8635366,8,Bag,PCA
1.1630864,2.7586336,9,Ankle boot,PCA
2.5005217,1.6638759,9,Ankle boot,PCA
-0.80639726,-0.81864524,2,Pullover,PCA
0.14431538,1.3691866,5,Sandal,PCA
-1.2706937,2.243803,8,Bag,PCA
-0.55531925,-0.679571,0,T-shirt/top,PCA
-0.8156022,0.31279188,2,Pullover,PCA
2.8328958,-1.0051122,5,Sandal,PCA
-2.0875545,1.051703,8,Bag,PCA
-1.3491979,-1.1863298,8,Bag,PCA
2.5119762,0.05396139,7,Sneaker,PCA
-0.74117726,-1.0244222,4,Coat,PCA
0.18344639,-1.4792362,1,Trouser,PCA
-0.8950363,-1.9875997,1,Trouser,PCA
-0.65820795,-1.0179868,2,Pullover,PCA
0.603707,2.2338657,7,Sneaker,PCA
-1.2671862,1.5176613,8,Bag,PCA
2.141328,-0.011630271,7,Sneaker,PCA
2.6497555,0.53913975,7,Sneaker,PCA
2.0665674,0.038243152,5,Sandal,PCA
3.1150813,-1.895674,5,Sandal,PCA
-0.8265909,2.6296506,9,Ankle boot,PCA
2.7321472,-1.1403056,5,Sandal,PCA
0.74942356,3.1808395,8,Bag,PCA
-1.177094,1.8172886,9,Ankle boot,PCA
-0.7086791,0.5598556,0,T-shirt/top,PCA
-0.69442093,0.015658632,4,Coat,PCA
-1.0910783,0.92899257,4,Coat,PCA
1.46687,1.8336488,9,Ankle boot,PCA
0.81896544,1.634535,9,Ankle boot,PCA
-1.3826882,-1.1636398,6,Shirt,PCA
-1.5791863,0.4327471,9,Ankle boot,PCA
2.04718,-1.4774889,5,Sandal,PCA
0.09588164,1.3765596,7,Sneaker,PCA
-1.2353743,-1.2542791,4,Coat,PCA
-0.7955262,-0.017337069,0,T-shirt/top,PCA
2.8315527,-0.6091825,5,Sandal,PCA
0.6318119,-0.018320572,4,Coat,PCA
-0.6281066,-2.0343573,6,Shirt,PCA
0.13024297,-0.1542707,2,Pullover,PCA
-1.5104994,-0.6216182,2,Pullover,PCA
0.68216,-1.2533503,1,Trouser,PCA
0.26134634,-2.598908,3,Dress,PCA
1.944152,0.12177724,7,Sneaker,PCA
2.4400687,0.025520563,7,Sneaker,PCA
-2.183629,1.8706164,9,Ankle boot,PCA
0.2838505,2.717401,8,Bag,PCA
0.8278436,2.363892,8,Bag,PCA
-0.61197954,-1.0415165,3,Dress,PCA
-1.0555054,0.22177893,6,Shirt,PCA
-0.024707466,2.1648874,5,Sandal,PCA
2.0953367,0.3876489,7,Sneaker,PCA
0.13574734,-2.6582117,3,Dress,PCA
-1.1606096,0.61676735,4,Coat,PCA
0.96792126,-1.0499344,3,Dress,PCA
2.6421785,0.35978267,5,Sandal,PCA
0.292303,0.27622685,4,Coat,PCA
0.67872775,-2.6148615,3,Dress,PCA
-1.6197132,-1.2915235,0,T-shirt/top,PCA
-1.5957193,0.50851196,4,Coat,PCA
-0.73811156,-0.14846417,6,Shirt,PCA
2.0185418,-0.14186323,7,Sneaker,PCA
2.0819986,0.73785865,7,Sneaker,PCA
-1.3709565,0.9672042,6,Shirt,PCA
0.43171835,-0.46767098,4,Coat,PCA
-0.46324122,-1.0608064,6,Shirt,PCA
-1.296801,-1.2304534,3,Dress,PCA
-1.6786176,-1.2263218,0,T-shirt/top,PCA
-0.24453329,-1.6837581,4,Coat,PCA
0.027098931,2.266673,9,Ankle boot,PCA
1.0014843,1.414935,0,T-shirt/top,PCA
-1.500531,-0.5115652,6,Shirt,PCA
1.4331425,-1.0081098,1,Trouser,PCA
-1.0659242,0.6614472,2,Pullover,PCA
-2.2750773,1.3542323,2,Pullover,PCA
-0.7430024,0.20513546,6,Shirt,PCA
1.5606585,-1.2272029,3,Dress,PCA
-1.4599864,1.1885537,6,Shirt,PCA
-1.1342018,2.340137,9,Ankle boot,PCA
-1.2790138,-1.0400863,0,T-shirt/top,PCA
-1.6056081,-1.2120992,6,Shirt,PCA
-0.36732143,-0.56787425,2,Pullover,PCA
1.4121557,2.486453,9,Ankle boot,PCA
-0.707711,-1.2644153,3,Dress,PCA
1.7818314,0.9183886,5,Sandal,PCA
0.8433049,-1.2742801,1,Trouser,PCA
0.5365684,1.0202185,7,Sneaker,PCA
0.03848595,-2.086742,3,Dress,PCA
1.3157703,-0.9485257,3,Dress,PCA
-0.5162295,1.9988214,5,Sandal,PCA
-0.6776213,-0.6934284,0,T-shirt/top,PCA
2.2835698,-0.71453196,7,Sneaker,PCA
1.7636548,0.9404412,7,Sneaker,PCA
2.2364867,0.66131335,7,Sneaker,PCA
-1.7710309,0.4722607,0,T-shirt/top,PCA
2.5058737,-0.004449725,7,Sneaker,PCA
-0.47677082,-0.90804857,6,Shirt,PCA
0.49078482,1.242466,7,Sneaker,PCA
-0.6808245,-1.3218042,3,Dress,PCA
-0.50704753,-0.751105,3,Dress,PCA
-0.73945785,-0.23928209,0,T-shirt/top,PCA
-1.4507271,1.1403568,8,Bag,PCA
1.4901978,1.0013983,5,Sandal,PCA
-2.2591429,3.1268978,8,Bag,PCA
-0.15720947,1.0978281,8,Bag,PCA
-1.9756433,-0.391327,4,Coat,PCA
2.0894322,0.9411632,7,Sneaker,PCA
-1.2374873,0.284471,6,Shirt,PCA
-1.4450798,0.104713485,6,Shirt,PCA
-1.433458,-1.4751502,3,Dress,PCA
-1.0810361,-0.47468325,2,Pullover,PCA
-0.02074106,-1.9105505,1,Trouser,PCA
0.070309915,-0.20674102,2,Pullover,PCA
1.2830334,0.43931437,7,Sneaker,PCA
2.5220244,-0.8585654,5,Sandal,PCA
-1.7540946,0.27994147,9,Ankle boot,PCA
-1.4346609,0.2576684,2,Pullover,PCA
-1.9021977,0.45323148,8,Bag,PCA
-1.9835871,1.0017846,5,Sandal,PCA
-0.68983275,0.6474835,6,Shirt,PCA
-1.2629852,-0.7843203,4,Coat,PCA
-0.81488675,-0.80107206,4,Coat,PCA
1.6894736,-0.78943074,1,Trouser,PCA
1.9269223,1.6567233,8,Bag,PCA
-1.1847084,-0.80427206,0,T-shirt/top,PCA
2.3218284,0.32266444,7,Sneaker,PCA
2.014176,-0.013201533,5,Sandal,PCA
-0.45786023,-1.8668326,6,Shirt,PCA
1.033501,0.9954616,8,Bag,PCA
0.28463677,2.5432763,5,Sandal,PCA
-1.8584672,0.14696649,2,Pullover,PCA
3.011525,-0.29014435,5,Sandal,PCA
0.5677324,2.4070148,9,Ankle boot,PCA
-1.4734223,-0.5633115,4,Coat,PCA
-1.401288,0.69776464,2,Pullover,PCA
-0.8011687,-1.3897494,6,Shirt,PCA
-1.9212106,-0.7721031,3,Dress,PCA
2.2007835,0.10280563,7,Sneaker,PCA
-1.6141186,0.22714713,6,Shirt,PCA
2.3223417,-0.83193684,5,Sandal,PCA
1.1360408,1.1723342,8,Bag,PCA
2.835404,0.4195732,5,Sandal,PCA
2.1526616,-0.716982,7,Sneaker,PCA
-2.009496,0.6279968,2,Pullover,PCA
0.43310153,1.7224442,7,Sneaker,PCA
1.2520745,1.9839123,9,Ankle boot,PCA
1.0681179,-1.0723213,1,Trouser,PCA
-1.4408072,-1.2233399,0,T-shirt/top,PCA
-0.7114684,-1.694994,8,Bag,PCA
-2.102715,-0.45328775,8,Bag,PCA
0.75807685,-1.6910849,1,Trouser,PCA
-0.4841962,2.5400977,9,Ankle boot,PCA
-0.96259767,-0.9496175,3,Dress,PCA
0.8397542,-0.9587124,1,Trouser,PCA
0.14172448,1.4571776,7,Sneaker,PCA
2.3076932,0.087945744,5,Sandal,PCA
-0.5014964,-0.6574492,2,Pullover,PCA
-0.7751096,-0.7477215,0,T-shirt/top,PCA
0.75506854,-0.8133013,3,Dress,PCA
0.3330017,2.0025544,9,Ankle boot,PCA
2.4934964,0.02813854,5,Sandal,PCA
-0.95136255,2.860756,8,Bag,PCA
-1.6511596,0.925456,9,Ankle boot,PCA
-2.4372005,2.3564763,6,Shirt,PCA
1.8604717,0.60985166,7,Sneaker,PCA
3.0420616,-1.4048505,5,Sandal,PCA
-0.86530167,-0.8193612,2,Pullover,PCA
-0.23649119,-0.89921355,0,T-shirt/top,PCA
1.017165,-1.8520509,1,Trouser,PCA
-1.2376426,-1.7243938,0,T-shirt/top,PCA
-1.054087,-1.888568,6,Shirt,PCA
-1.2375902,1.2072988,3,Dress,PCA
-1.1745406,-2.1316156,1,Trouser,PCA
-1.0494504,0.041051164,3,Dress,PCA
-1.3902714,0.12614,4,Coat,PCA
-1.2053924,0.60543334,2,Pullover,PCA
2.5378456,-0.2521062,5,Sandal,PCA
1.1727674,-1.4801328,1,Trouser,PCA
2.6425,-0.7552934,5,Sandal,PCA
-1.3560253,-0.689297,2,Pullover,PCA
-1.6181072,1.4657416,6,Shirt,PCA
-0.1881497,-0.5704257,2,Pullover,PCA
1.0056581,2.0340629,9,Ankle boot,PCA
1.1499175,1.5028847,7,Sneaker,PCA
2.4941094,0.036074787,5,Sandal,PCA
-0.19600536,-1.1524667,3,Dress,PCA
-0.9279937,-0.2646591,0,T-shirt/top,PCA
-1.1935465,-0.07472158,2,Pullover,PCA
-0.32241744,0.44710293,6,Shirt,PCA
-1.4793562,0.15509352,2,Pullover,PCA
-0.9195933,-0.63475597,6,Shirt,PCA
-2.0297296,0.66493165,2,Pullover,PCA
0.3466689,-1.3810954,3,Dress,PCA
0.75840443,2.2694802,9,Ankle boot,PCA
-0.7490836,-0.5962705,0,T-shirt/top,PCA
-0.29841697,-0.8743442,4,Coat,PCA
-1.0735186,-0.0929392,6,Shirt,PCA
-1.7686172,0.37889275,5,Sandal,PCA
0.261532,-1.1067224,6,Shirt,PCA
1.8843213,1.0754946,7,Sneaker,PCA
-1.5626007,0.30059165,2,Pullover,PCA
-0.014294893,-0.59694654,4,Coat,PCA
-0.18076955,-0.35482433,3,Dress,PCA
-0.66653067,1.9493647,9,Ankle boot,PCA
0.3872972,-2.0267763,3,Dress,PCA
1.9186538,0.33746046,7,Sneaker,PCA
0.53739077,-0.8516339,0,T-shirt/top,PCA
-0.48597205,1.5767506,5,Sandal,PCA
-1.01007,-0.05847594,8,Bag,PCA
1.523211,1.9137961,9,Ankle boot,PCA
1.2110243,-0.9935828,1,Trouser,PCA
1.215428,2.4330611,9,Ankle boot,PCA
-2.2005494,0.70615715,4,Coat,PCA
-2.6185484,0.6789233,0,T-shirt/top,PCA
1.3451058,0.85003686,7,Sneaker,PCA
-0.3599187,-1.3820074,8,Bag,PCA
-2.1500087,2.8714008,8,Bag,PCA
2.7059448,-0.25494915,5,Sandal,PCA
0.87856483,2.3781686,8,Bag,PCA
-1.0686637,-0.6871599,4,Coat,PCA
-2.6669116,1.1881379,2,Pullover,PCA
-1.920704,-0.38719293,0,T-shirt/top,PCA
-1.199155,-1.0055145,4,Coat,PCA
2.1200843,0.88756675,7,Sneaker,PCA
-0.6599686,-1.1365025,4,Coat,PCA
-0.74615586,2.5728989,9,Ankle boot,PCA
-0.16430764,0.23147428,6,Shirt,PCA
0.3798492,-1.7925256,3,Dress,PCA
-1.1210598,-1.0011315,0,T-shirt/top,PCA
-1.5382563,-0.74337155,0,T-shirt/top,PCA
-1.1115018,1.0726165,5,Sandal,PCA
0.936339,-0.99944603,1,Trouser,PCA
-0.41576904,-1.6140958,0,T-shirt/top,PCA
2.4749074,0.85061115,7,Sneaker,PCA
-0.60953593,-0.44529745,2,Pullover,PCA
-0.58054787,-0.300578,4,Coat,PCA
-0.6251135,-1.1905781,3,Dress,PCA
-1.102519,0.2231938,2,Pullover,PCA
-0.58925,-0.24110109,2,Pullover,PCA
2.2706406,1.3446326,7,Sneaker,PCA
-0.058403388,-0.85772526,3,Dress,PCA
1.5497226,1.4104651,5,Sandal,PCA
-0.36639,-0.5651193,0,T-shirt/top,PCA
-1.2715532,2.433258,9,Ankle boot,PCA
1.3888613,-1.3333275,3,Dress,PCA
-0.7220333,-1.9032664,8,Bag,PCA
2.3736458,0.45532534,5,Sandal,PCA
-0.7557599,3.3478146,5,Sandal,PCA
-1.3724443,-0.32209128,0,T-shirt/top,PCA
-1.6241863,-0.9781464,6,Shirt,PCA
2.3836234,-0.34004465,7,Sneaker,PCA
-1.1669148,1.3142693,8,Bag,PCA
-0.73274976,-0.4630479,0,T-shirt/top,PCA
-1.4023472,0.4950074,8,Bag,PCA
-0.74009585,-0.91203856,0,T-shirt/top,PCA
1.4576626,-0.6064516,1,Trouser,PCA
0.15192874,-0.77758485,2,Pullover,PCA
1.6609874,-1.3470944,1,Trouser,PCA
2.1025975,0.100660086,7,Sneaker,PCA
-0.70862234,0.43309063,5,Sandal,PCA
-0.4571064,-0.6694143,2,Pullover,PCA
-2.3956642,2.1864786,8,Bag,PCA
-0.38309282,1.511835,9,Ankle boot,PCA
-2.7102585,1.6647918,8,Bag,PCA
-0.69992024,-0.6868005,2,Pullover,PCA
-2.306062,1.1380731,2,Pullover,PCA
-0.48547047,-1.4523602,1,Trouser,PCA
-2.2512865,-0.22642994,0,T-shirt/top,PCA
-1.3495204,-1.1672308,6,Shirt,PCA
0.5094666,-1.6987902,1,Trouser,PCA
0.81324536,-0.8843321,3,Dress,PCA
-1.4855627,0.28187406,0,T-shirt/top,PCA
-0.78179306,2.4800024,9,Ankle boot,PCA
-1.8074298,0.24428743,3,Dress,PCA
-1.4996601,-0.59115034,0,T-shirt/top,PCA
2.1934896,1.8357743,9,Ankle boot,PCA
0.9304936,1.8568751,7,Sneaker,PCA
-0.24284707,0.20498335,2,Pullover,PCA
-1.6639198,-2.6441379,0,T-shirt/top,PCA
-1.8674372,0.9712969,4,Coat,PCA
-1.4042343,0.5650846,4,Coat,PCA
-2.3480892,-1.1035007,2,Pullover,PCA
0.4269367,-1.2002721,4,Coat,PCA
-0.06952909,0.43049005,2,Pullover,PCA
2.2539668,0.28129894,7,Sneaker,PCA
-2.5143359,3.406952,8,Bag,PCA
-1.6558654,0.022242192,4,Coat,PCA
-1.8976203,-1.0218153,2,Pullover,PCA
-0.06091541,0.5455812,5,Sandal,PCA
-1.3239527,2.6846108,9,Ankle boot,PCA
1.1444336,-1.4414462,1,Trouser,PCA
1.6630665,0.7404382,7,Sneaker,PCA
-1.6606007,-0.28101724,4,Coat,PCA
-0.5252121,0.8052345,2,Pullover,PCA
-0.70602685,-1.856813,6,Shirt,PCA
-0.8419941,-1.0645546,3,Dress,PCA
-1.6793276,0.6450362,0,T-shirt/top,PCA
-0.63931274,-0.9717774,3,Dress,PCA
1.3138072,-1.4782077,1,Trouser,PCA
-0.26244324,0.16907492,4,Coat,PCA
0.4271139,1.2743889,5,Sandal,PCA
-1.1362936,-0.97632545,0,T-shirt/top,PCA
-0.35849327,-0.20015122,0,T-shirt/top,PCA
-0.3382867,-0.59558535,4,Coat,PCA
0.4653663,0.33841708,4,Coat,PCA
-0.85460424,-0.48438805,2,Pullover,PCA
-1.6373012,-0.053076167,2,Pullover,PCA
-0.023684904,-0.86762786,2,Pullover,PCA
-0.65987176,-1.7205082,0,T-shirt/top,PCA
-0.21228282,0.14346346,2,Pullover,PCA
-1.3872895,-0.27501583,2,Pullover,PCA
2.9949856,-1.1953146,5,Sandal,PCA
-1.9893686,-0.3603737,0,T-shirt/top,PCA
-1.8860725,-0.42233622,0,T-shirt/top,PCA
-1.6544873,-1.0908741,0,T-shirt/top,PCA
0.7380076,2.6125193,9,Ankle boot,PCA
-1.4186306,0.14061409,0,T-shirt/top,PCA
0.8566838,-1.3042578,3,Dress,PCA
1.2925298,-1.5925025,1,Trouser,PCA
2.279879,-0.2981024,7,Sneaker,PCA
1.9921017,1.990785,9,Ankle boot,PCA
-1.2891574,0.24763235,6,Shirt,PCA
-2.8832676,-1.4057641,6,Shirt,PCA
-1.4658883,0.95691943,9,Ankle boot,PCA
1.9556296,-0.2491246,7,Sneaker,PCA
0.38131678,-1.6639616,3,Dress,PCA
0.06294962,0.17715564,4,Coat,PCA
-0.225029,-0.91219044,8,Bag,PCA
-1.273957,0.82318467,2,Pullover,PCA
-0.7688513,-1.1565353,3,Dress,PCA
2.215947,-0.13038668,7,Sneaker,PCA
-1.0179358,-0.8160983,3,Dress,PCA
-0.26920426,-0.8237486,3,Dress,PCA
-0.036317065,0.8027678,5,Sandal,PCA
-1.063883,-1.2683674,0,T-shirt/top,PCA
-0.63140076,0.72819567,2,Pullover,PCA
1.0164174,2.4170294,9,Ankle boot,PCA
-0.88749987,-0.32666084,0,T-shirt/top,PCA
-0.5549776,-1.3390311,3,Dress,PCA
2.061448,2.0042105,9,Ankle boot,PCA
0.948639,0.8371447,9,Ankle boot,PCA
-1.1691531,-1.4833641,0,T-shirt/top,PCA
3.0334985,-0.8531036,5,Sandal,PCA
2.1438103,-0.31606057,5,Sandal,PCA
2.6634572,0.4950834,7,Sneaker,PCA
-2.921353,-0.5724693,0,T-shirt/top,PCA
1.7315371,0.47374755,5,Sandal,PCA
0.6326284,-0.680853,2,Pullover,PCA
0.31940648,-0.14500204,6,Shirt,PCA
0.20262277,-0.9553652,1,Trouser,PCA
-0.76526916,-1.2084732,6,Shirt,PCA
-1.6356065,-0.6017507,4,Coat,PCA
-1.4209589,0.3792221,0,T-shirt/top,PCA
0.31592166,-0.48287892,2,Pullover,PCA
1.0740461,0.94828254,5,Sandal,PCA
2.6478639,-0.49386385,7,Sneaker,PCA
-1.0855523,-0.99115175,0,T-shirt/top,PCA
-2.0327332,1.1114585,2,Pullover,PCA
-0.8869253,-0.613601,2,Pullover,PCA
0.097857386,-0.9028422,3,Dress,PCA
2.425172,-0.54235446,5,Sandal,PCA
1.3551831,2.1358228,9,Ankle boot,PCA
2.3863986,-1.415891,5,Sandal,PCA
-2.5457797,1.5158392,8,Bag,PCA
0.62554514,0.60632914,4,Coat,PCA
-0.34402955,0.42828777,4,Coat,PCA
-0.29442364,1.1123593,9,Ankle boot,PCA
0.6216501,1.892271,9,Ankle boot,PCA
-1.2088565,-1.5769218,3,Dress,PCA
-0.75445163,-0.7493714,6,Shirt,PCA
-1.5337024,3.322978,9,Ankle boot,PCA
-0.05115758,1.7782105,9,Ankle boot,PCA
-1.0036172,2.3932195,9,Ankle boot,PCA
2.04374,1.1629117,8,Bag,PCA
-0.44026798,-0.21243149,6,Shirt,PCA
0.73732626,2.2626848,9,Ankle boot,PCA
-1.095721,0.10300471,6,Shirt,PCA
1.3068011,-1.1707006,1,Trouser,PCA
2.3037353,0.7303041,5,Sandal,PCA
-0.6284585,1.7852254,5,Sandal,PCA
-0.16321288,0.89958894,5,Sandal,PCA
-0.45410514,0.030313335,3,Dress,PCA
1.4678607,-1.198327,1,Trouser,PCA
1.7940788,-1.2976662,1,Trouser,PCA
1.085794,2.062986,9,Ankle boot,PCA
0.6922332,1.3286014,7,Sneaker,PCA
-0.23751591,-0.69230247,2,Pullover,PCA
1.0096105,-0.9970455,1,Trouser,PCA
0.92562807,2.4333153,9,Ankle boot,PCA
0.1727873,-1.5813468,3,Dress,PCA
-0.13419168,2.4476566,9,Ankle boot,PCA
1.8184112,-0.002701234,7,Sneaker,PCA
-0.44204247,0.20499665,2,Pullover,PCA
-1.0701101,-0.6542035,0,T-shirt/top,PCA
0.3793701,-1.248861,3,Dress,PCA
1.018052,-1.8196688,4,Coat,PCA
2.3556578,-0.99457824,5,Sandal,PCA
-0.6099855,-1.9405174,3,Dress,PCA
-1.7873439,1.0771432,8,Bag,PCA
-2.9685307,2.9534712,8,Bag,PCA
0.98468137,2.019987,7,Sneaker,PCA
-2.2570386,0.00022891164,4,Coat,PCA
-0.7648588,0.91806215,9,Ankle boot,PCA
0.1306154,0.21476468,6,Shirt,PCA
2.0048664,0.701662,5,Sandal,PCA
-1.3674204,-0.0012243167,0,T-shirt/top,PCA
0.051749915,0.8165307,5,Sandal,PCA
1.7373414,1.2700108,7,Sneaker,PCA
-0.0045234263,0.4376112,2,Pullover,PCA
0.9308372,-0.9836779,2,Pullover,PCA
-1.388408,-0.90226406,6,Shirt,PCA
1.2474955,1.4247043,7,Sneaker,PCA
-0.08497408,-0.37313858,2,Pullover,PCA
1.2833879,-0.8340974,1,Trouser,PCA
-2.8994577,2.2573256,9,Ankle boot,PCA
-1.3599064,-1.9456058,0,T-shirt/top,PCA
-0.6173225,-1.0965995,6,Shirt,PCA
0.7657599,0.55974376,0,T-shirt/top,PCA
2.4910522,0.29616854,7,Sneaker,PCA
2.148414,0.7105333,7,Sneaker,PCA
-0.36543924,-0.5860052,0,T-shirt/top,PCA
-0.93695444,-0.29741654,4,Coat,PCA
-0.31847316,-1.069078,3,Dress,PCA
-0.043006405,-1.3253202,3,Dress,PCA
-1.3255534,-1.2616069,0,T-shirt/top,PCA
-1.0581323,-0.78606665,6,Shirt,PCA
-1.9210671,-0.33964646,6,Shirt,PCA
-0.70036894,-0.9424175,0,T-shirt/top,PCA
1.6370742,2.2015986,7,Sneaker,PCA
-0.53526855,-1.8573922,3,Dress,PCA
2.1182592,-0.7186648,7,Sneaker,PCA
2.8922253,-1.343877,5,Sandal,PCA
-0.6283206,-1.0704336,0,T-shirt/top,PCA
-0.56029576,2.1981707,4,Coat,PCA
0.8432918,1.752736,9,Ankle boot,PCA
1.058198,-0.6603228,3,Dress,PCA
-0.6076957,1.6968201,5,Sandal,PCA
0.9875743,1.3944691,7,Sneaker,PCA
-1.1589717,1.1339922,2,Pullover,PCA
1.9533424,1.455056,7,Sneaker,PCA
1.3394588,-1.6636548,1,Trouser,PCA
-1.305074,-0.9440435,0,T-shirt/top,PCA
0.78879964,-1.0773013,3,Dress,PCA
-0.6497331,1.8647548,5,Sandal,PCA
1.2413878,2.0437865,9,Ankle boot,PCA
-1.3647077,-0.16512479,2,Pullover,PCA
0.11713962,-1.1703018,0,T-shirt/top,PCA
0.21713436,-0.2485942,2,Pullover,PCA
0.020100519,1.1731752,7,Sneaker,PCA
-0.593516,-1.0118454,0,T-shirt/top,PCA
-2.207273,0.6669663,6,Shirt,PCA
-0.17811985,0.040627867,2,Pullover,PCA
-2.3838694,0.6104496,0,T-shirt/top,PCA
2.3873503,-0.9997709,5,Sandal,PCA
1.0690405,-1.2369311,1,Trouser,PCA
-0.89778525,-0.8511105,4,Coat,PCA
2.3828573,-1.2640811,5,Sandal,PCA
0.9612626,-1.255978,1,Trouser,PCA
1.9952759,1.1206584,9,Ankle boot,PCA
1.5202833,-0.7410928,1,Trouser,PCA
-0.27227134,-0.46907985,4,Coat,PCA
-0.8816373,0.71194047,5,Sandal,PCA
0.9138781,1.6223997,7,Sneaker,PCA
2.1682942,1.1952237,5,Sandal,PCA
2.4235127,0.6722444,0,T-shirt/top,PCA
-0.16447969,-0.7441094,4,Coat,PCA
1.4243491,1.7683771,7,Sneaker,PCA
-1.1569341,0.206515,2,Pullover,PCA
1.8258876,0.81914467,5,Sandal,PCA
-0.4858721,2.01826,9,Ankle boot,PCA
