component_1,component_2,label,class_name,method
4.294758,6.226748,0,T-shirt/top,UMAP
4.90238,5.199354,6,Shirt,UMAP
5.974185,2.8342555,5,Sandal,UMAP
3.5452318,4.644538,7,Sneaker,UMAP
2.723997,6.4052787,7,Sneaker,UMAP
7.251407,4.6214495,8,Bag,UMAP
1.5060807,5.9367948,9,Ankle boot,UMAP
1.7203339,6.5493364,6,Shirt,UMAP
4.0658183,6.0646753,2,Pullover,UMAP
3.698329,1.7454808,2,Pullover,UMAP
4.275198,1.7368662,3,Dress,UMAP
3.9768324,4.001331,4,Coat,UMAP
5.7526407,2.6821399,9,Ankle boot,UMAP
6.2369437,2.7654295,1,Trouser,UMAP
3.4097674,2.0726633,7,Sneaker,UMAP
4.6654186,1.72938,2,Pullover,UMAP
5.985234,7.8479376,0,T-shirt/top,UMAP
3.7491932,6.749573,4,Coat,UMAP
4.401954,7.4569182,3,Dress,UMAP
6.128786,6.669733,9,Ankle boot,UMAP
3.9724128,6.2016816,0,T-shirt/top,UMAP
1.929164,5.1860933,9,Ankle boot,UMAP
5.400716,6.731527,6,Shirt,UMAP
6.0502133,4.7232275,4,Coat,UMAP
0.9762829,3.619092,9,Ankle boot,UMAP
4.564367,4.673474,7,Sneaker,UMAP
1.2298133,4.2499065,9,Ankle boot,UMAP
1.0785747,4.6177187,0,T-shirt/top,UMAP
5.9380007,7.5277023,6,Shirt,UMAP
3.9939473,3.7130978,2,Pullover,UMAP
5.2239017,8.025562,0,T-shirt/top,UMAP
4.8288107,3.7136052,7,Sneaker,UMAP
3.2665737,5.7429376,7,Sneaker,UMAP
2.4526947,3.9354186,0,T-shirt/top,UMAP
2.9139864,4.570471,5,Sandal,UMAP
2.698108,7.863569,4,Coat,UMAP
5.3053403,1.8329912,6,Shirt,UMAP
1.119511,5.0377254,7,Sneaker,UMAP
5.081525,2.8909574,5,Sandal,UMAP
5.562259,4.266537,7,Sneaker,UMAP
4.7066665,3.2260365,7,Sneaker,UMAP
0.53429765,3.5183878,3,Dress,UMAP
1.1457016,5.644473,4,Coat,UMAP
6.764104,4.7506676,3,Dress,UMAP
5.2320895,6.984602,1,Trouser,UMAP
2.769193,7.779382,2,Pullover,UMAP
5.9187193,3.0701323,5,Sandal,UMAP
3.9493582,7.939508,8,Bag,UMAP
4.1634674,2.3404841,2,Pullover,UMAP
7.322948,6.998591,6,Shirt,UMAP
2.4545178,3.2964807,7,Sneaker,UMAP
7.4968214,6.843097,9,Ankle boot,UMAP
3.1013482,2.9554746,7,Sneaker,UMAP
4.8599443,7.177708,8,Bag,UMAP
1.490626,7.4615026,8,Bag,UMAP
6.744908,6.8304505,6,Shirt,UMAP
5.8867,6.984625,4,Coat,UMAP
3.8838046,7.327087,1,Trouser,UMAP
1.8646599,4.6591477,6,Shirt,UMAP
7.0382695,7.660781,6,Shirt,UMAP
3.130461,4.950133,1,Trouser,UMAP
3.9989936,2.138364,6,Shirt,UMAP
2.4533434,2.8975284,7,Sneaker,UMAP
3.4183972,7.009319,3,Dress,UMAP
2.20313,6.8942285,2,Pullover,UMAP
3.3273685,6.39656,9,Ankle boot,UMAP
6.5105815,6.8016157,1,Trouser,UMAP
5.819236,8.18615,5,Sandal,UMAP
1.3128543,7.0683393,8,Bag,UMAP
3.5889325,7.666082,1,Trouser,UMAP
5.9669585,6.6759887,6,Shirt,UMAP
4.945876,6.3624372,4,Coat,UMAP
2.0594413,3.9746206,5,Sandal,UMAP
4.945136,1.9997529,3,Dress,UMAP
5.383134,1.7966974,2,Pullover,UMAP
1.7892435,4.709471,4,Coat,UMAP
0.6424577,5.4046164,8,Bag,UMAP
1.9358797,2.9665408,0,T-shirt/top,UMAP
5.555531,7.27089,1,Trouser,UMAP
6.7880177,3.8044333,3,Dress,UMAP
3.8532872,3.8945746,8,Bag,UMAP
2.397563,6.0208025,0,T-shirt/top,UMAP
3.0693355,3.6490097,3,Dress,UMAP
0.6050275,4.7008376,0,T-shirt/top,UMAP
2.7230704,4.8080864,1,Trouser,UMAP
6.122064,6.1510725,0,T-shirt/top,UMAP
4.7059755,4.3744535,2,Pullover,UMAP
0.9723919,4.870585,6,Shirt,UMAP
3.7606132,3.1420214,8,Bag,UMAP
3.4923608,4.176363,8,Bag,UMAP
6.875169,3.0085504,5,Sandal,UMAP
2.3618474,2.3761857,4,Coat,UMAP
5.6399746,3.0128007,7,Sneaker,UMAP
7.4898615,6.831205,9,Ankle boot,UMAP
3.109659,2.9140077,8,Bag,UMAP
4.297315,5.4495673,4,Coat,UMAP
2.7784097,5.157727,9,Ankle boot,UMAP
3.7190301,7.63681,6,Shirt,UMAP
4.2558537,6.587747,3,Dress,UMAP
1.7472899,3.1475554,7,Sneaker,UMAP
4.2682753,3.1280596,8,Bag,UMAP
4.0264044,3.106377,8,Bag,UMAP
4.8040533,6.9887276,8,Bag,UMAP
2.324854,5.618983,5,Sandal,UMAP
3.1818705,4.473497,1,Trouser,UMAP
6.3517,6.9322147,1,Trouser,UMAP
6.3539557,4.8095403,0,T-shirt/top,UMAP
0.36071673,4.456361,3,Dress,UMAP
3.0990498,2.8520513,7,Sneaker,UMAP
3.8527796,8.353211,6,Shirt,UMAP
4.3508973,5.561471,3,Dress,UMAP
0.65006703,6.196358,9,Ankle boot,UMAP
6.70683,4.49571,8,Bag,UMAP
4.256334,4.393775,4,Coat,UMAP
1.727836,7.5713305,6,Shirt,UMAP
5.158855,7.971171,5,Sandal,UMAP
5.171754,3.4189377,2,Pullover,UMAP
0.8538519,6.6470966,8,Bag,UMAP
5.6638184,4.201639,7,Sneaker,UMAP
0.42465982,4.6102653,3,Dress,UMAP
4.71669,3.3041098,2,Pullover,UMAP
3.6036294,1.784891,7,Sneaker,UMAP
2.8392837,6.6490655,0,T-shirt/top,UMAP
2.728744,1.9825379,2,Pullover,UMAP
6.539565,6.922671,7,Sneaker,UMAP
1.9753555,4.751453,4,Coat,UMAP
2.2440157,4.6089935,0,T-shirt/top,UMAP
6.1647406,6.967612,5,Sandal,UMAP
4.342641,6.180215,8,Bag,UMAP
4.244111,4.8096504,1,Trouser,UMAP
1.3219798,4.354519,5,Sandal,UMAP
6.545489,6.9369903,0,T-shirt/top,UMAP
6.0835557,7.1603937,3,Dress,UMAP
2.4454613,2.365348,9,Ankle boot,UMAP
2.8306,7.1923356,8,Bag,UMAP
5.0556903,7.489612,0,T-shirt/top,UMAP
6.851283,4.1353397,7,Sneaker,UMAP
1.1704553,5.2859035,6,Shirt,UMAP
2.354806,5.5641346,3,Dress,UMAP
0.58138305,4.8799553,1,Trouser,UMAP
5.1049013,4.578496,2,Pullover,UMAP
5.9147754,4.1506724,4,Coat,UMAP
4.168428,6.2973623,0,T-shirt/top,UMAP
1.5072547,3.8253138,8,Bag,UMAP
5.908874,6.997486,0,T-shirt/top,UMAP
3.5252345,6.4186773,0,T-shirt/top,UMAP
3.7168045,3.7790759,8,Bag,UMAP
2.102626,7.9289193,8,Bag,UMAP
7.579199,6.7812753,9,Ankle boot,UMAP
3.9389846,3.519085,9,Ankle boot,UMAP
6.386191,7.8730392,4,Coat,UMAP
6.1410913,7.253479,0,T-shirt/top,UMAP
3.839316,3.0576835,3,Dress,UMAP
3.9645002,7.92622,8,Bag,UMAP
1.8516399,5.8284802,3,Dress,UMAP
6.6984577,5.2893033,7,Sneaker,UMAP
5.1057115,3.1912103,4,Coat,UMAP
1.8161098,4.8076496,6,Shirt,UMAP
2.4046235,6.6149106,5,Sandal,UMAP
1.8412112,4.115943,4,Coat,UMAP
6.2814164,4.4200716,6,Shirt,UMAP
2.4039395,3.512449,6,Shirt,UMAP
5.129182,2.7346406,1,Trouser,UMAP
2.8155622,7.309789,9,Ankle boot,UMAP
4.986493,5.198661,6,Shirt,UMAP
4.63395,4.7027893,3,Dress,UMAP
3.0713735,6.5053005,2,Pullover,UMAP
4.7039704,1.7818991,3,Dress,UMAP
0.96475685,6.24674,4,Coat,UMAP
5.107274,8.148527,5,Sandal,UMAP
5.4182525,6.1054015,1,Trouser,UMAP
1.131871,6.509804,2,Pullover,UMAP
0.74952435,6.3352447,8,Bag,UMAP
6.3411903,5.3094406,1,Trouser,UMAP
6.9345584,3.7673783,4,Coat,UMAP
0.47146004,5.0019436,9,Ankle boot,UMAP
2.5087361,6.9987974,5,Sandal,UMAP
3.7947638,2.6922677,6,Shirt,UMAP
4.2239265,5.5186405,4,Coat,UMAP
6.736957,6.9379745,0,T-shirt/top,UMAP
5.8332305,5.1743975,3,Dress,UMAP
3.971968,7.084578,9,Ankle boot,UMAP
6.1570477,5.3277836,1,Trouser,UMAP
4.721449,7.454807,0,T-shirt/top,UMAP
1.7145193,3.00313,9,Ankle boot,UMAP
0.95498466,5.3800645,2,Pullover,UMAP
5.64946,2.4966009,5,Sandal,UMAP
5.6671357,2.7981849,6,Shirt,UMAP
2.139543,7.6793776,5,Sandal,UMAP
4.1089315,7.432565,8,Bag,UMAP
6.336981,8.048176,0,T-shirt/top,UMAP
4.07238,3.8543515,4,Coat,UMAP
4.380582,1.941134,3,Dress,UMAP
2.7302642,6.936072,8,Bag,UMAP
6.0121455,3.3612332,4,Coat,UMAP
2.220018,3.320949,0,T-shirt/top,UMAP
3.9996324,7.396795,8,Bag,UMAP
4.9402475,6.0285087,7,Sneaker,UMAP
6.172219,5.469434,0,T-shirt/top,UMAP
3.66075,7.4410615,1,Trouser,UMAP
5.325185,4.8404074,0,T-shirt/top,UMAP
5.108398,2.11756,4,Coat,UMAP
4.6109633,6.135198,2,Pullover,UMAP
6.608925,7.942587,0,T-shirt/top,UMAP
1.1291231,4.8744254,5,Sandal,UMAP
1.7655828,7.330885,8,Bag,UMAP
2.8272312,7.2490907,2,Pullover,UMAP
6.836986,7.898037,3,Dress,UMAP
1.45128,6.2966685,3,Dress,UMAP
4.7424498,3.7247534,5,Sandal,UMAP
3.3292983,5.630097,1,Trouser,UMAP
2.5482476,2.2448502,7,Sneaker,UMAP
5.2821155,7.028746,9,Ankle boot,UMAP
0.59989446,3.3992958,3,Dress,UMAP
6.0008698,7.4316163,0,T-shirt/top,UMAP
5.148273,7.802839,9,Ankle boot,UMAP
3.1907978,6.8593965,5,Sandal,UMAP
6.9006124,7.6983366,0,T-shirt/top,UMAP
4.4970226,6.780375,3,Dress,UMAP
1.6861267,3.2129338,9,Ankle boot,UMAP
2.1757808,7.565466,4,Coat,UMAP
2.9724636,6.4819493,9,Ankle boot,UMAP
5.3524313,3.0734768,0,T-shirt/top,UMAP
0.6567034,3.8590994,6,Shirt,UMAP
2.6519246,2.101002,0,T-shirt/top,UMAP
0.20250611,4.95772,3,Dress,UMAP
3.485151,3.663559,8,Bag,UMAP
5.135461,2.6063385,0,T-shirt/top,UMAP
5.1788526,2.6417627,0,T-shirt/top,UMAP
3.132031,8.561958,5,Sandal,UMAP
4.043165,8.583759,3,Dress,UMAP
2.1031876,3.9365983,1,Trouser,UMAP
4.43028,5.3698587,6,Shirt,UMAP
5.6705966,7.8728027,0,T-shirt/top,UMAP
4.28283,3.8054855,2,Pullover,UMAP
3.6832438,7.681192,3,Dress,UMAP
6.0406065,5.09894,1,Trouser,UMAP
6.308145,5.0043263,3,Dress,UMAP
3.1641395,6.281481,9,Ankle boot,UMAP
2.3894644,6.9647937,5,Sandal,UMAP
2.5654922,2.3554504,8,Bag,UMAP
5.503695,4.9538736,1,Trouser,UMAP
3.6661572,7.496301,1,Trouser,UMAP
2.7946055,2.6770418,4,Coat,UMAP
0.44189876,4.202494,7,Sneaker,UMAP
3.2994938,6.675668,6,Shirt,UMAP
1.9219679,5.3373675,3,Dress,UMAP
3.7852504,3.6499403,0,T-shirt/top,UMAP
1.614224,5.357458,8,Bag,UMAP
5.3030653,1.7897568,6,Shirt,UMAP
0.2871929,5.2361317,3,Dress,UMAP
6.3811264,5.1670766,6,Shirt,UMAP
1.0806214,6.4929276,4,Coat,UMAP
4.207397,5.7311134,4,Coat,UMAP
4.289768,6.5168567,4,Coat,UMAP
4.9305954,4.416037,4,Coat,UMAP
3.713448,8.684544,2,Pullover,UMAP
6.010674,5.608131,3,Dress,UMAP
2.562961,8.32534,4,Coat,UMAP
5.0775285,7.0545154,9,Ankle boot,UMAP
3.7609067,5.653737,8,Bag,UMAP
3.9699574,5.5300646,6,Shirt,UMAP
5.02583,5.343565,0,T-shirt/top,UMAP
2.7964451,5.214763,7,Sneaker,UMAP
1.6270875,5.5232344,9,Ankle boot,UMAP
0.65025616,3.6775844,5,Sandal,UMAP
4.399236,1.99187,4,Coat,UMAP
4.3611717,8.368568,0,T-shirt/top,UMAP
1.7946794,5.645921,2,Pullover,UMAP
5.127824,8.331957,1,Trouser,UMAP
6.178707,4.307822,8,Bag,UMAP
3.6217284,3.3856325,8,Bag,UMAP
3.610064,3.4385276,8,Bag,UMAP
5.6352673,7.306565,0,T-shirt/top,UMAP
1.9591434,7.373848,5,Sandal,UMAP
4.282217,1.9286786,2,Pullover,UMAP
3.5694146,3.9044669,8,Bag,UMAP
4.143567,2.6431878,6,Shirt,UMAP
3.6593614,5.083522,7,Sneaker,UMAP
4.5088882,5.4690504,8,Bag,UMAP
0.55289996,4.929492,3,Dress,UMAP
3.7723854,5.324348,9,Ankle boot,UMAP
6.3683505,4.858123,6,Shirt,UMAP
6.6452184,6.519489,1,Trouser,UMAP
6.226093,5.2621703,1,Trouser,UMAP
0.7796654,6.373711,3,Dress,UMAP
5.859801,6.1818867,1,Trouser,UMAP
4.48307,1.8800249,6,Shirt,UMAP
4.279357,2.2167833,6,Shirt,UMAP
2.895297,5.968479,2,Pullover,UMAP
0.34312198,5.101766,2,Pullover,UMAP
0.5657968,5.694255,8,Bag,UMAP
4.027529,4.672711,6,Shirt,UMAP
1.1217716,4.0175343,0,T-shirt/top,UMAP
6.5279307,4.904179,3,Dress,UMAP
5.7831354,4.7571707,3,Dress,UMAP
4.778174,8.543788,2,Pullover,UMAP
1.2867755,5.9122877,3,Dress,UMAP
2.160108,7.863561,9,Ankle boot,UMAP
0.41466478,4.0808725,4,Coat,UMAP
2.7520545,6.6217217,0,T-shirt/top,UMAP
5.1052775,7.0845666,6,Shirt,UMAP
6.4116297,4.565478,5,Sandal,UMAP
3.164317,6.562331,0,T-shirt/top,UMAP
5.5358806,4.197401,4,Coat,UMAP
2.854321,8.064068,4,Coat,UMAP
6.921794,5.193668,7,Sneaker,UMAP
0.94665766,5.1398973,9,Ankle boot,UMAP
0.83441037,6.0702486,2,Pullover,UMAP
4.416262,6.3736124,7,Sneaker,UMAP
1.6664912,5.3543906,8,Bag,UMAP
1.5207524,3.517988,7,Sneaker,UMAP
4.5431857,7.0959682,1,Trouser,UMAP
3.9572957,3.6591654,4,Coat,UMAP
5.0294657,1.6997731,6,Shirt,UMAP
2.796489,3.798942,5,Sandal,UMAP
4.977495,6.830343,1,Trouser,UMAP
1.4121828,3.1784186,9,Ankle boot,UMAP
3.5574157,3.1439905,5,Sandal,UMAP
1.6102804,8.009501,6,Shirt,UMAP
3.4942758,8.659431,0,T-shirt/top,UMAP
3.9851367,3.3896773,2,Pullover,UMAP
5.71779,5.2007055,0,T-shirt/top,UMAP
5.7551374,2.9900196,8,Bag,UMAP
2.5790756,5.202756,4,Coat,UMAP
3.2498329,2.4239588,7,Sneaker,UMAP
6.4673944,7.9713883,0,T-shirt/top,UMAP
2.626204,6.0944104,0,T-shirt/top,UMAP
5.320707,3.132309,6,Shirt,UMAP
4.8993673,6.1108527,2,Pullover,UMAP
4.4763427,2.362847,4,Coat,UMAP
7.0149803,4.700112,3,Dress,UMAP
3.2390208,2.6974788,7,Sneaker,UMAP
0.68207824,3.4566367,3,Dress,UMAP
5.3229885,1.7628394,4,Coat,UMAP
4.426764,3.8259592,2,Pullover,UMAP
0.5121194,3.5445943,3,Dress,UMAP
4.81745,4.316114,7,Sneaker,UMAP
3.648514,1.9369597,4,Coat,UMAP
0.39768127,4.402189,5,Sandal,UMAP
0.68081933,4.121794,7,Sneaker,UMAP
2.9417233,7.5596986,5,Sandal,UMAP
6.9090443,7.7238793,0,T-shirt/top,UMAP
2.9014637,4.9312415,5,Sandal,UMAP
4.930996,5.4053745,6,Shirt,UMAP
6.813694,4.5939207,7,Sneaker,UMAP
7.07044,3.4960089,1,Trouser,UMAP
1.7675989,7.2696543,8,Bag,UMAP
2.01365,5.3321743,9,Ankle boot,UMAP
2.163706,3.488134,1,Trouser,UMAP
2.8087285,5.8297863,0,T-shirt/top,UMAP
6.1968064,2.621875,1,Trouser,UMAP
3.276293,2.2425015,7,Sneaker,UMAP
5.9046216,3.5806859,8,Bag,UMAP
1.8902988,4.963085,9,Ankle boot,UMAP
1.8293519,8.105727,6,Shirt,UMAP
1.0045888,5.144209,9,Ankle boot,UMAP
5.136794,8.248911,3,Dress,UMAP
5.1047587,8.30509,0,T-shirt/top,UMAP
4.452407,5.468055,6,Shirt,UMAP
5.1282835,4.902011,4,Coat,UMAP
4.3891563,2.335231,2,Pullover,UMAP
0.8870075,5.7580934,7,Sneaker,UMAP
4.862064,2.5076113,7,Sneaker,UMAP
2.9339783,2.9296196,4,Coat,UMAP
7.4449835,3.0666175,5,Sandal,UMAP
6.2954326,3.9784517,2,Pullover,UMAP
2.4244728,3.6751392,4,Coat,UMAP
3.5215597,3.4169343,4,Coat,UMAP
0.33849305,3.98333,6,Shirt,UMAP
6.0111785,3.753604,7,Sneaker,UMAP
0.6168904,3.4325962,1,Trouser,UMAP
2.99775,5.579549,9,Ankle boot,UMAP
0.51099247,5.8545923,6,Shirt,UMAP
3.744112,7.4775047,6,Shirt,UMAP
6.896527,2.7906616,5,Sandal,UMAP
6.1160817,7.32337,0,T-shirt/top,UMAP
4.7009277,8.535321,3,Dress,UMAP
4.0912056,4.1352606,1,Trouser,UMAP
6.0379834,4.453782,0,T-shirt/top,UMAP
1.8828716,3.223835,9,Ankle boot,UMAP
7.01398,7.191856,0,T-shirt/top,UMAP
0.7491726,4.0718727,3,Dress,UMAP
2.8977065,3.6523983,2,Pullover,UMAP
2.6652284,7.7773786,2,Pullover,UMAP
1.7226863,6.233619,2,Pullover,UMAP
5.210402,7.189806,9,Ankle boot,UMAP
2.4273808,7.5548635,2,Pullover,UMAP
6.010774,8.070463,4,Coat,UMAP
4.195468,2.1199718,4,Coat,UMAP
2.8938081,5.136685,9,Ankle boot,UMAP
2.6559296,6.0185466,8,Bag,UMAP
6.285446,7.587878,6,Shirt,UMAP
1.0669671,3.3641946,7,Sneaker,UMAP
4.549828,6.4582415,3,Dress,UMAP
6.236812,6.6523075,1,Trouser,UMAP
6.616726,6.9159093,1,Trouser,UMAP
0.58925045,5.5342765,6,Shirt,UMAP
6.75263,4.4881144,3,Dress,UMAP
7.0203576,4.7332196,7,Sneaker,UMAP
5.1235075,3.3055074,4,Coat,UMAP
6.6952844,6.826034,4,Coat,UMAP
6.300694,4.183424,2,Pullover,UMAP
6.219185,3.9784055,7,Sneaker,UMAP
5.929218,4.680795,3,Dress,UMAP
4.966544,7.2005596,9,Ankle boot,UMAP
0.68277985,3.3813322,5,Sandal,UMAP
2.4458404,2.453556,5,Sandal,UMAP
5.989087,3.996878,9,Ankle boot,UMAP
5.139569,1.7140507,6,Shirt,UMAP
0.6703788,5.0914927,9,Ankle boot,UMAP
4.9349546,4.481844,2,Pullover,UMAP
5.0656013,8.065536,3,Dress,UMAP
3.7784042,6.7516546,2,Pullover,UMAP
2.7626996,7.204128,2,Pullover,UMAP
1.7231758,4.124906,8,Bag,UMAP
1.7366126,3.76915,6,Shirt,UMAP
3.55371,7.1465526,4,Coat,UMAP
4.51417,6.1952496,7,Sneaker,UMAP
2.0087879,6.478756,9,Ankle boot,UMAP
1.9583288,4.1356688,8,Bag,UMAP
5.1272197,3.5775502,6,Shirt,UMAP
5.8824267,2.8256893,7,Sneaker,UMAP
3.2882254,2.8677914,5,Sandal,UMAP
3.3776436,4.800745,9,Ankle boot,UMAP
1.2224671,5.6130395,2,Pullover,UMAP
1.7889335,4.154823,8,Bag,UMAP
5.9305387,6.2049103,1,Trouser,UMAP
2.1715395,6.041208,9,Ankle boot,UMAP
6.470354,7.3722477,4,Coat,UMAP
4.348338,7.333382,9,Ankle boot,UMAP
6.389978,8.190453,9,Ankle boot,UMAP
4.5499268,4.5997453,6,Shirt,UMAP
1.9511929,3.1443634,0,T-shirt/top,UMAP
1.3540801,3.8633828,5,Sandal,UMAP
5.9689493,6.972515,0,T-shirt/top,UMAP
6.999648,4.4569163,8,Bag,UMAP
3.649107,7.6050477,6,Shirt,UMAP
4.153769,3.1242814,8,Bag,UMAP
5.2660584,2.546199,1,Trouser,UMAP
4.4857388,7.2397842,4,Coat,UMAP
4.2405806,4.2392373,4,Coat,UMAP
6.5395293,4.4443116,7,Sneaker,UMAP
3.3912823,7.7846494,3,Dress,UMAP
4.5772567,1.7942683,3,Dress,UMAP
2.5767992,7.553629,2,Pullover,UMAP
1.7779226,5.149964,3,Dress,UMAP
6.732013,6.975742,1,Trouser,UMAP
2.053582,3.2953267,0,T-shirt/top,UMAP
4.9517517,6.970979,4,Coat,UMAP
0.18097912,3.6493738,4,Coat,UMAP
5.750246,5.8395104,9,Ankle boot,UMAP
2.1070962,6.115252,6,Shirt,UMAP
6.894548,7.9323525,0,T-shirt/top,UMAP
2.270376,7.554309,9,Ankle boot,UMAP
0.9602183,6.7539916,8,Bag,UMAP
4.088925,7.0981226,8,Bag,UMAP
4.758992,4.990309,3,Dress,UMAP
3.0599453,3.4309921,9,Ankle boot,UMAP
1.0003731,4.957252,7,Sneaker,UMAP
4.3754973,7.5560565,0,T-shirt/top,UMAP
5.368196,2.7389944,1,Trouser,UMAP
2.9487298,5.9103904,2,Pullover,UMAP
0.8170387,3.5559685,3,Dress,UMAP
4.155908,7.334155,3,Dress,UMAP
6.016712,4.8283443,3,Dress,UMAP
4.2936997,3.1115532,5,Sandal,UMAP
1.882612,4.6329074,6,Shirt,UMAP
6.7894044,6.677268,6,Shirt,UMAP
4.409394,5.0967836,1,Trouser,UMAP
4.8546443,7.8854055,6,Shirt,UMAP
7.445609,6.8600235,3,Dress,UMAP
5.104286,6.265473,3,Dress,UMAP
4.7241573,8.17407,5,Sandal,UMAP
0.64829904,5.521793,8,Bag,UMAP
2.5272028,7.361917,4,Coat,UMAP
5.5351434,5.9700747,8,Bag,UMAP
6.1359367,2.8861551,7,Sneaker,UMAP
4.795891,7.137222,6,Shirt,UMAP
3.9034212,2.1954248,7,Sneaker,UMAP
3.6754272,6.252889,2,Pullover,UMAP
7.7092156,6.476726,1,Trouser,UMAP
5.742681,2.5138242,1,Trouser,UMAP
6.4238677,3.184367,3,Dress,UMAP
4.6564374,7.2234516,8,Bag,UMAP
5.0049815,5.212898,6,Shirt,UMAP
1.2434447,5.392351,0,T-shirt/top,UMAP
2.992727,7.946614,9,Ankle boot,UMAP
3.4802442,2.6764183,7,Sneaker,UMAP
5.3380218,7.53636,5,Sandal,UMAP
1.1481842,5.5415444,8,Bag,UMAP
2.7831268,7.9968557,2,Pullover,UMAP
5.6189275,3.5358796,3,Dress,UMAP
0.8752923,4.5443306,5,Sandal,UMAP
1.4082357,4.3201685,9,Ankle boot,UMAP
5.004934,3.7320225,7,Sneaker,UMAP
0.9523466,3.5986228,0,T-shirt/top,UMAP
3.926555,7.25207,1,Trouser,UMAP
6.1423593,6.5598683,1,Trouser,UMAP
4.9069414,5.7770104,9,Ankle boot,UMAP
3.4306085,5.104751,8,Bag,UMAP
5.879558,8.01025,6,Shirt,UMAP
2.136843,7.1513824,0,T-shirt/top,UMAP
4.9968066,6.5061903,0,T-shirt/top,UMAP
7.159066,6.6873403,1,Trouser,UMAP
1.787535,6.374492,2,Pullover,UMAP
2.998645,3.6099916,2,Pullover,UMAP
6.787919,6.702327,4,Coat,UMAP
6.1851044,4.199672,4,Coat,UMAP
2.689149,3.8836179,8,Bag,UMAP
1.4174534,5.701628,1,Trouser,UMAP
2.0084083,4.706834,3,Dress,UMAP
2.7228248,5.3889003,7,Sneaker,UMAP
5.3209405,8.208623,3,Dress,UMAP
3.2526987,6.9302826,6,Shirt,UMAP
3.78385,4.591281,1,Trouser,UMAP
2.8514695,7.9036765,0,T-shirt/top,UMAP
0.21376595,4.5859537,5,Sandal,UMAP
7.1425242,7.586643,0,T-shirt/top,UMAP
2.8091865,4.2284427,1,Trouser,UMAP
6.503562,5.4463983,7,Sneaker,UMAP
4.8172235,1.7820942,3,Dress,UMAP
3.4375026,3.5555837,9,Ankle boot,UMAP
6.278824,5.2186146,8,Bag,UMAP
6.3354692,4.300527,3,Dress,UMAP
3.6956244,3.9277914,9,Ankle boot,UMAP
4.091641,8.170735,6,Shirt,UMAP
3.4001873,6.613429,9,Ankle boot,UMAP
5.301188,7.393315,5,Sandal,UMAP
2.9197357,4.941662,4,Coat,UMAP
6.8947163,4.7832,7,Sneaker,UMAP
6.177361,4.31091,0,T-shirt/top,UMAP
2.293749,4.770661,3,Dress,UMAP
0.82075936,3.5575094,9,Ankle boot,UMAP
6.672218,4.391524,7,Sneaker,UMAP
1.7871591,2.9928222,9,Ankle boot,UMAP
7.528768,6.6967373,6,Shirt,UMAP
3.812362,3.5206869,4,Coat,UMAP
0.60504234,4.854417,5,Sandal,UMAP
3.040065,5.0895667,6,Shirt,UMAP
0.22309735,3.6261547,2,Pullover,UMAP
4.0052595,4.6723795,1,Trouser,UMAP
5.4174633,7.889689,5,Sandal,UMAP
1.045859,5.110848,3,Dress,UMAP
4.2441974,5.124583,4,Coat,UMAP
3.1011581,5.915693,1,Trouser,UMAP
1.0877575,5.982902,5,Sandal,UMAP
5.3006015,8.131666,5,Sandal,UMAP
4.1541586,3.478187,8,Bag,UMAP
3.5997326,2.881524,8,Bag,UMAP
1.5117669,3.141746,9,Ankle boot,UMAP
3.0799246,6.516742,4,Coat,UMAP
3.0285425,6.638651,9,Ankle boot,UMAP
1.2599144,4.8090634,5,Sandal,UMAP
2.9087036,5.1252995,7,Sneaker,UMAP
1.7957544,3.8197248,8,Bag,UMAP
4.1776767,3.1128879,7,Sneaker,UMAP
5.0532393,5.94558,1,Trouser,UMAP
2.7768202,5.789327,3,Dress,UMAP
7.2743206,7.0654764,1,Trouser,UMAP
2.2326174,6.436673,6,Shirt,UMAP
6.081247,8.09052,1,Trouser,UMAP
1.171853,6.7593102,3,Dress,UMAP
4.337235,4.3162384,3,Dress,UMAP
6.57696,6.7805753,1,Trouser,UMAP
4.698478,4.4725175,3,Dress,UMAP
5.133478,5.907907,8,Bag,UMAP
2.181036,8.018971,9,Ankle boot,UMAP
3.5228927,5.462055,9,Ankle boot,UMAP
1.8613124,4.8001137,4,Coat,UMAP
0.53901047,4.956429,1,Trouser,UMAP
4.2780056,7.763032,0,T-shirt/top,UMAP
2.1689873,5.504599,8,Bag,UMAP
0.65991616,4.0474772,6,Shirt,UMAP
4.432632,4.781435,2,Pullover,UMAP
2.88521,4.2104096,0,T-shirt/top,UMAP
5.0352373,2.9242299,7,Sneaker,UMAP
1.2905141,5.840722,9,Ankle boot,UMAP
7.2180696,4.503683,8,Bag,UMAP
4.118042,6.2355247,2,Pullover,UMAP
2.3263557,3.4861412,5,Sandal,UMAP
4.092119,4.3301516,4,Coat,UMAP
5.968376,6.955875,6,Shirt,UMAP
3.7535033,7.531514,3,Dress,UMAP
4.278715,6.469563,1,Trouser,UMAP
6.4907866,5.025546,7,Sneaker,UMAP
5.1973166,1.7154926,2,Pullover,UMAP
6.3650904,7.378247,5,Sandal,UMAP
4.5152874,4.650855,2,Pullover,UMAP
4.4146404,4.5908737,6,Shirt,UMAP
3.447121,7.5545416,8,Bag,UMAP
4.4271626,2.4761486,2,Pullover,UMAP
3.2293794,2.7530303,5,Sandal,UMAP
4.39722,4.0442204,2,Pullover,UMAP
2.3903701,5.596501,0,T-shirt/top,UMAP
3.7009943,8.686863,7,Sneaker,UMAP
4.3482804,4.9352417,1,Trouser,UMAP
0.53468966,4.3361225,2,Pullover,UMAP
2.6549067,4.690777,9,Ankle boot,UMAP
4.5865307,6.680409,3,Dress,UMAP
2.552651,5.625218,0,T-shirt/top,UMAP
4.3808184,6.7826195,1,Trouser,UMAP
2.9031868,2.2739217,8,Bag,UMAP
4.903853,7.822114,0,T-shirt/top,UMAP
6.1282783,4.339168,8,Bag,UMAP
2.2308362,5.9830737,5,Sandal,UMAP
4.723996,4.97741,6,Shirt,UMAP
6.171442,4.495239,8,Bag,UMAP
1.8102332,4.081422,5,Sandal,UMAP
1.621705,7.826171,9,Ankle boot,UMAP
5.209509,8.221179,0,T-shirt/top,UMAP
6.7929397,5.060799,7,Sneaker,UMAP
1.5420297,4.3928294,7,Sneaker,UMAP
6.0059047,7.055922,0,T-shirt/top,UMAP
5.001636,8.051723,0,T-shirt/top,UMAP
5.2710395,5.9277115,4,Coat,UMAP
6.195916,6.1222925,1,Trouser,UMAP
4.2024994,4.4569397,1,Trouser,UMAP
4.3325458,2.7534118,6,Shirt,UMAP
4.55191,6.2919397,8,Bag,UMAP
2.792413,3.0848672,4,Coat,UMAP
6.143888,5.3538113,1,Trouser,UMAP
5.527769,4.231122,2,Pullover,UMAP
6.8676596,4.5641613,7,Sneaker,UMAP
3.7230558,3.2166126,5,Sandal,UMAP
5.377594,1.7728536,5,Sandal,UMAP
4.089436,4.7725644,9,Ankle boot,UMAP
6.2350297,4.222527,2,Pullover,UMAP
2.0806143,7.1656756,5,Sandal,UMAP
6.224789,3.1546578,7,Sneaker,UMAP
3.0073473,5.462311,9,Ankle boot,UMAP
3.9984229,5.2553144,6,Shirt,UMAP
6.828542,2.9611177,7,Sneaker,UMAP
4.951954,7.2117996,0,T-shirt/top,UMAP
5.9921527,5.304512,6,Shirt,UMAP
3.441426,3.415491,9,Ankle boot,UMAP
5.914335,4.7440033,2,Pullover,UMAP
2.7533123,7.649876,6,Shirt,UMAP
2.370524,4.1456227,9,Ankle boot,UMAP
1.2010118,5.5292535,6,Shirt,UMAP
4.356633,4.34912,6,Shirt,UMAP
5.8771935,7.177963,0,T-shirt/top,UMAP
4.2003655,2.33308,4,Coat,UMAP
6.648945,5.7224417,4,Coat,UMAP
6.8982835,7.8706007,0,T-shirt/top,UMAP
3.7291694,5.7452025,4,Coat,UMAP
1.7479919,3.9556286,5,Sandal,UMAP
5.6824403,4.2319818,6,Shirt,UMAP
2.9122052,4.763154,9,Ankle boot,UMAP
0.59370714,3.473237,3,Dress,UMAP
2.2003639,5.4669805,8,Bag,UMAP
4.322532,2.1052268,6,Shirt,UMAP
5.233676,3.6184275,7,Sneaker,UMAP
3.5542135,2.2124665,5,Sandal,UMAP
5.1840596,4.8360424,2,Pullover,UMAP
6.3157163,5.7852297,1,Trouser,UMAP
2.1276982,7.0280094,3,Dress,UMAP
3.2847507,4.420243,6,Shirt,UMAP
1.5889577,4.6496162,2,Pullover,UMAP
3.991497,2.3047857,8,Bag,UMAP
0.86679006,6.510268,3,Dress,UMAP
5.824331,3.1326416,0,T-shirt/top,UMAP
4.630282,4.1548996,3,Dress,UMAP
6.5583577,7.765573,4,Coat,UMAP
7.08038,4.7971,8,Bag,UMAP
4.15638,5.504401,4,Coat,UMAP
5.468354,4.9872346,6,Shirt,UMAP
5.5208883,6.89346,1,Trouser,UMAP
4.8530016,3.562134,4,Coat,UMAP
2.7452948,8.4601345,3,Dress,UMAP
2.2732267,2.4269593,8,Bag,UMAP
7.148537,7.0088167,1,Trouser,UMAP
6.1257453,2.5776732,3,Dress,UMAP
2.6824327,3.0315194,4,Coat,UMAP
3.1233726,5.616251,9,Ankle boot,UMAP
4.0677195,3.157573,5,Sandal,UMAP
3.9017255,2.1402504,4,Coat,UMAP
2.301012,5.99506,8,Bag,UMAP
6.964413,7.845783,3,Dress,UMAP
6.494122,7.9005947,1,Trouser,UMAP
5.660265,6.026448,9,Ankle boot,UMAP
7.438989,3.0531557,5,Sandal,UMAP
3.1810913,8.582958,2,Pullover,UMAP
4.671952,5.323146,4,Coat,UMAP
6.6434164,4.1222067,3,Dress,UMAP
2.7508955,4.7426386,0,T-shirt/top,UMAP
3.6830919,7.2101274,0,T-shirt/top,UMAP
6.3949046,5.7234,7,Sneaker,UMAP
6.9791417,7.683745,6,Shirt,UMAP
5.5353827,5.019784,2,Pullover,UMAP
1.8871379,6.1623793,5,Sandal,UMAP
4.8502383,7.103684,4,Coat,UMAP
2.091197,5.022221,2,Pullover,UMAP
3.0908158,5.8913193,9,Ankle boot,UMAP
5.5126705,3.739805,1,Trouser,UMAP
2.3793638,6.1070824,6,Shirt,UMAP
3.67421,4.755434,1,Trouser,UMAP
2.9160879,5.9653206,7,Sneaker,UMAP
5.617024,6.1133046,9,Ankle boot,UMAP
4.7453923,4.8161764,2,Pullover,UMAP
5.8144927,4.7888117,3,Dress,UMAP
6.573236,7.3016586,6,Shirt,UMAP
1.7082874,5.1651926,6,Shirt,UMAP
0.1929202,3.618438,1,Trouser,UMAP
6.2857385,5.7845006,4,Coat,UMAP
6.1250343,3.790722,4,Coat,UMAP
6.130579,7.060418,3,Dress,UMAP
2.8561678,7.237929,5,Sandal,UMAP
3.3736124,4.389726,6,Shirt,UMAP
5.035302,3.1992161,7,Sneaker,UMAP
5.2107406,8.206087,0,T-shirt/top,UMAP
1.62778,7.999893,5,Sandal,UMAP
3.3650389,2.524941,5,Sandal,UMAP
3.5774329,3.7240322,9,Ankle boot,UMAP
1.563843,4.897232,9,Ankle boot,UMAP
5.939632,3.3376305,8,Bag,UMAP
6.5981584,7.873828,6,Shirt,UMAP
2.886993,7.630867,4,Coat,UMAP
4.104709,3.187311,8,Bag,UMAP
3.5398562,2.2412672,7,Sneaker,UMAP
4.548276,7.913906,4,Coat,UMAP
6.4458327,4.537129,7,Sneaker,UMAP
3.8542552,3.0596373,8,Bag,UMAP
4.903893,8.061969,5,Sandal,UMAP
5.3353233,3.791934,4,Coat,UMAP
0.2549091,4.8077455,4,Coat,UMAP
5.4698796,7.795319,9,Ankle boot,UMAP
4.9920278,6.916088,3,Dress,UMAP
3.6385407,7.517171,2,Pullover,UMAP
4.986084,1.7805915,0,T-shirt/top,UMAP
4.5318565,6.7955713,1,Trouser,UMAP
4.5622706,6.471495,2,Pullover,UMAP
1.9300867,6.204976,8,Bag,UMAP
3.9286628,7.435239,3,Dress,UMAP
5.771807,4.8642626,8,Bag,UMAP
1.3523557,7.165074,1,Trouser,UMAP
4.5372367,6.3104663,4,Coat,UMAP
4.4362116,1.7854149,2,Pullover,UMAP
2.6287227,2.7407568,4,Coat,UMAP
3.1096883,3.2419617,7,Sneaker,UMAP
6.880275,4.091949,7,Sneaker,UMAP
4.561089,5.2887583,2,Pullover,UMAP
6.167514,7.5861144,9,Ankle boot,UMAP
3.3984303,7.1919947,8,Bag,UMAP
4.1664133,2.733022,8,Bag,UMAP
4.3214498,3.147434,5,Sandal,UMAP
6.712122,6.9378777,1,Trouser,UMAP
1.4334402,5.828242,1,Trouser,UMAP
4.427682,6.485655,6,Shirt,UMAP
6.3131003,4.1306396,2,Pullover,UMAP
2.2225113,6.6204305,5,Sandal,UMAP
7.2634187,6.6991334,1,Trouser,UMAP
0.60184157,3.950839,4,Coat,UMAP
6.4590044,7.412436,0,T-shirt/top,UMAP
7.2257485,7.3182187,6,Shirt,UMAP
4.688387,3.5997784,6,Shirt,UMAP
2.9596372,4.659057,7,Sneaker,UMAP
2.0126438,6.341406,8,Bag,UMAP
3.6939917,6.874155,5,Sandal,UMAP
3.4804444,5.7986526,7,Sneaker,UMAP
4.6076207,4.979229,2,Pullover,UMAP
2.459512,3.2498689,7,Sneaker,UMAP
5.26649,1.8011204,5,Sandal,UMAP
2.8242674,2.270615,4,Coat,UMAP
7.1682124,6.3589835,1,Trouser,UMAP
6.68607,4.816841,4,Coat,UMAP
2.1597817,2.515764,4,Coat,UMAP
3.3760538,3.258964,4,Coat,UMAP
4.338438,7.0077415,1,Trouser,UMAP
2.8649948,5.187841,7,Sneaker,UMAP
6.083266,5.8672976,5,Sandal,UMAP
2.323009,2.4100451,9,Ankle boot,UMAP
4.6080303,3.060829,9,Ankle boot,UMAP
5.954464,2.9239266,5,Sandal,UMAP
1.7895129,7.4138556,9,Ankle boot,UMAP
5.7028403,5.6190944,1,Trouser,UMAP
5.667448,6.91774,0,T-shirt/top,UMAP
3.702249,3.067057,8,Bag,UMAP
3.213775,2.0628018,8,Bag,UMAP
2.1631727,3.1748493,0,T-shirt/top,UMAP
3.6437974,2.9025698,8,Bag,UMAP
5.6304073,3.0206816,6,Shirt,UMAP
5.7391133,6.4520125,0,T-shirt/top,UMAP
6.6169662,7.754404,1,Trouser,UMAP
3.4920754,4.2131023,8,Bag,UMAP
2.2283883,7.485675,2,Pullover,UMAP
3.6140401,2.789656,7,Sneaker,UMAP
3.513443,4.890321,5,Sandal,UMAP
5.0420117,5.1402693,6,Shirt,UMAP
5.952249,4.856846,6,Shirt,UMAP
5.8277507,7.1072745,9,Ankle boot,UMAP
3.0180717,5.3111353,9,Ankle boot,UMAP
1.9086643,3.383302,6,Shirt,UMAP
6.0139523,4.273531,4,Coat,UMAP
4.1041703,2.2540913,4,Coat,UMAP
4.931132,5.305147,9,Ankle boot,UMAP
6.0582395,8.226447,0,T-shirt/top,UMAP
3.4356804,6.3009267,5,Sandal,UMAP
1.608667,5.1456294,7,Sneaker,UMAP
1.1387287,4.0245967,9,Ankle boot,UMAP
3.6411786,6.448233,9,Ankle boot,UMAP
5.0302315,7.669006,5,Sandal,UMAP
1.1613597,5.7221155,1,Trouser,UMAP
2.6517813,2.048679,4,Coat,UMAP
4.2313266,7.5660677,8,Bag,UMAP
6.3252025,6.2035933,1,Trouser,UMAP
3.5336585,2.0125647,6,Shirt,UMAP
6.831967,2.9672723,5,Sandal,UMAP
3.370039,5.651084,9,Ankle boot,UMAP
3.1868286,6.8159056,4,Coat,UMAP
2.3280933,4.571067,8,Bag,UMAP
0.28479004,4.8339496,4,Coat,UMAP
7.1273007,6.7684546,1,Trouser,UMAP
3.884126,4.1372886,0,T-shirt/top,UMAP
4.0028954,4.103968,4,Coat,UMAP
5.1787825,4.9213953,6,Shirt,UMAP
3.6939895,6.510261,6,Shirt,UMAP
2.4376817,3.5336773,4,Coat,UMAP
2.3623104,5.747724,0,T-shirt/top,UMAP
5.5333385,7.7600117,5,Sandal,UMAP
6.52364,5.2258735,7,Sneaker,UMAP
1.3609871,4.7776217,2,Pullover,UMAP
1.4063812,5.9590526,5,Sandal,UMAP
6.173187,4.136742,2,Pullover,UMAP
0.6278793,5.9083767,7,Sneaker,UMAP
4.218013,2.1726189,4,Coat,UMAP
6.390597,4.6113105,7,Sneaker,UMAP
6.080409,4.42933,8,Bag,UMAP
5.2249317,1.7209163,6,Shirt,UMAP
4.711965,2.3309977,5,Sandal,UMAP
3.0683398,5.0262713,6,Shirt,UMAP
0.29758468,4.463353,5,Sandal,UMAP
6.628546,3.721392,3,Dress,UMAP
4.809229,5.825009,7,Sneaker,UMAP
3.805627,6.340149,7,Sneaker,UMAP
4.8733654,5.1781225,6,Shirt,UMAP
3.580612,2.1311975,4,Coat,UMAP
3.373987,5.141267,8,Bag,UMAP
5.487998,6.6154423,2,Pullover,UMAP
0.07256805,5.0247583,4,Coat,UMAP
6.3819876,3.9082773,7,Sneaker,UMAP
1.4765159,4.8858256,5,Sandal,UMAP
4.4955997,6.349542,4,Coat,UMAP
5.7519026,6.0241346,1,Trouser,UMAP
2.5336034,4.553537,9,Ankle boot,UMAP
5.5178914,5.5878224,6,Shirt,UMAP
2.7357914,2.94065,7,Sneaker,UMAP
0.7258498,4.60378,3,Dress,UMAP
3.4007576,2.6232631,9,Ankle boot,UMAP
6.123105,8.199115,3,Dress,UMAP
6.2764506,4.1427026,8,Bag,UMAP
3.7708015,7.769978,6,Shirt,UMAP
5.574899,7.363753,5,Sandal,UMAP
4.5787506,5.349876,2,Pullover,UMAP
5.0285544,5.164705,2,Pullover,UMAP
4.88772,7.6806965,5,Sandal,UMAP
4.359588,5.70805,8,Bag,UMAP
1.1417123,4.5564504,6,Shirt,UMAP
5.844975,2.600203,1,Trouser,UMAP
5.950339,4.3365183,4,Coat,UMAP
5.896131,4.6644626,2,Pullover,UMAP
7.6163816,6.6888633,6,Shirt,UMAP
3.892374,3.9573178,4,Coat,UMAP
1.129368,5.529826,6,Shirt,UMAP
3.0411963,7.6331015,5,Sandal,UMAP
6.2481327,6.532803,6,Shirt,UMAP
5.954638,4.6618342,0,T-shirt/top,UMAP
3.5569303,7.1455827,1,Trouser,UMAP
0.2867241,4.8308673,0,T-shirt/top,UMAP
0.7877502,5.1461663,9,Ankle boot,UMAP
7.2362175,6.585216,3,Dress,UMAP
0.44143045,5.6295886,2,Pullover,UMAP
2.6591299,5.0977917,7,Sneaker,UMAP
2.2327366,5.6536927,6,Shirt,UMAP
3.8383965,8.24228,2,Pullover,UMAP
1.5355715,4.9479976,2,Pullover,UMAP
3.9906335,3.6437545,8,Bag,UMAP
1.3464248,5.0711236,0,T-shirt/top,UMAP
2.7374158,2.5097315,8,Bag,UMAP
6.274736,4.8235397,0,T-shirt/top,UMAP
4.196414,5.890298,4,Coat,UMAP
2.9928415,6.7689137,0,T-shirt/top,UMAP
2.8054738,3.9386225,5,Sandal,UMAP
5.494934,6.6273093,3,Dress,UMAP
2.4877834,3.9943566,1,Trouser,UMAP
4.0802655,2.5109217,7,Sneaker,UMAP
5.4884057,7.0889354,1,Trouser,UMAP
3.1186721,3.766677,8,Bag,UMAP
5.944075,6.871659,0,T-shirt/top,UMAP
2.6974123,7.561841,6,Shirt,UMAP
3.674904,4.8468404,5,Sandal,UMAP
0.16094396,4.902103,3,Dress,UMAP
3.3048155,6.993483,1,Trouser,UMAP
6.7433376,6.9132676,4,Coat,UMAP
7.222175,7.04705,6,Shirt,UMAP
5.6330247,6.524161,6,Shirt,UMAP
2.8697124,6.1282587,0,T-shirt/top,UMAP
5.377668,5.7915587,2,Pullover,UMAP
1.2835506,7.5942,1,Trouser,UMAP
3.3579552,2.8533177,8,Bag,UMAP
3.8716214,3.0770614,5,Sandal,UMAP
6.7141824,4.605894,2,Pullover,UMAP
6.8509674,2.992063,1,Trouser,UMAP
1.2224672,5.267094,3,Dress,UMAP
0.2538865,4.273242,3,Dress,UMAP
2.9383428,6.7180696,3,Dress,UMAP
1.5886945,6.6625724,1,Trouser,UMAP
3.024137,3.784433,5,Sandal,UMAP
4.0598383,4.7470007,7,Sneaker,UMAP
5.0941834,7.0230846,9,Ankle boot,UMAP
5.923953,2.5907545,1,Trouser,UMAP
2.9678404,5.911029,9,Ankle boot,UMAP
3.9812126,6.8264413,0,T-shirt/top,UMAP
2.992941,7.850641,6,Shirt,UMAP
3.803436,3.147157,8,Bag,UMAP
3.520559,6.3511677,8,Bag,UMAP
2.9309206,8.251679,2,Pullover,UMAP
1.6813135,5.9717054,2,Pullover,UMAP
6.256128,2.9948785,7,Sneaker,UMAP
0.31588298,5.1845045,3,Dress,UMAP
1.0643406,3.8050077,9,Ankle boot,UMAP
3.610145,2.4671721,5,Sandal,UMAP
6.5384583,3.9039073,7,Sneaker,UMAP
0.7672157,4.2750883,7,Sneaker,UMAP
1.703255,5.9839153,3,Dress,UMAP
3.435018,2.7351637,9,Ankle boot,UMAP
6.9125533,6.831799,6,Shirt,UMAP
1.7040603,4.5074763,6,Shirt,UMAP
0.5435099,5.765709,3,Dress,UMAP
4.204972,1.8729186,5,Sandal,UMAP
4.7144585,7.6138906,0,T-shirt/top,UMAP
4.374567,5.468197,2,Pullover,UMAP
5.4877644,7.3852654,0,T-shirt/top,UMAP
0.8144874,5.812668,0,T-shirt/top,UMAP
1.6071277,4.759758,0,T-shirt/top,UMAP
3.828758,5.386838,5,Sandal,UMAP
2.6662352,2.638554,4,Coat,UMAP
0.18903708,4.413779,5,Sandal,UMAP
3.655581,3.9683347,9,Ankle boot,UMAP
6.8248796,4.5346212,4,Coat,UMAP
2.2955544,2.5168645,7,Sneaker,UMAP
3.6846395,3.0886443,7,Sneaker,UMAP
5.35534,3.042674,3,Dress,UMAP
2.6119268,7.0663443,2,Pullover,UMAP
3.1887012,5.7143455,7,Sneaker,UMAP
5.1276546,7.032328,9,Ankle boot,UMAP
3.0992184,5.221237,8,Bag,UMAP
4.2064147,5.615984,4,Coat,UMAP
5.3199596,7.91169,9,Ankle boot,UMAP
5.639269,7.824675,4,Coat,UMAP
0.22101334,4.869186,8,Bag,UMAP
4.436165,7.2359185,1,Trouser,UMAP
1.8374151,4.876689,0,T-shirt/top,UMAP
3.5099564,7.392477,1,Trouser,UMAP
4.158148,7.481199,3,Dress,UMAP
4.862698,5.0672345,6,Shirt,UMAP
4.3882246,3.6845355,4,Coat,UMAP
0.5395769,3.9379923,7,Sneaker,UMAP
6.7651796,5.0255895,6,Shirt,UMAP
5.550078,4.430454,7,Sneaker,UMAP
1.4190948,4.8572865,2,Pullover,UMAP
1.8596827,3.059475,2,Pullover,UMAP
3.976077,2.5794003,8,Bag,UMAP
6.5251245,3.8631945,4,Coat,UMAP
0.16954286,3.6984942,6,Shirt,UMAP
5.811201,6.643732,9,Ankle boot,UMAP
4.8303533,5.029998,2,Pullover,UMAP
1.5575107,5.370875,1,Trouser,UMAP
3.6945176,6.4993567,4,Coat,UMAP
0.18931887,4.502958,5,Sandal,UMAP
2.3718266,6.274979,8,Bag,UMAP
3.3482203,2.415155,7,Sneaker,UMAP
4.20988,7.1516304,9,Ankle boot,UMAP
2.6936502,6.8915887,8,Bag,UMAP
3.6506085,7.550121,1,Trouser,UMAP
0.8237322,4.5780106,5,Sandal,UMAP
5.435679,6.6137013,6,Shirt,UMAP
0.7083011,4.992588,1,Trouser,UMAP
2.468676,5.2546525,7,Sneaker,UMAP
5.663565,3.7729971,8,Bag,UMAP
6.3772397,3.4139845,3,Dress,UMAP
4.3777595,3.4845927,4,Coat,UMAP
7.1397123,3.7371025,7,Sneaker,UMAP
2.397037,3.2515724,6,Shirt,UMAP
1.2226506,6.64215,1,Trouser,UMAP
3.4273655,3.392723,4,Coat,UMAP
3.708755,5.58042,7,Sneaker,UMAP
3.2719855,2.0817158,4,Coat,UMAP
2.7708335,3.9082444,5,Sandal,UMAP
4.9376926,5.317641,3,Dress,UMAP
7.0624537,7.1781,1,Trouser,UMAP
2.9992087,7.7703724,5,Sandal,UMAP
6.570575,7.1378775,0,T-shirt/top,UMAP
4.9155707,1.8161666,3,Dress,UMAP
3.772339,6.6336384,0,T-shirt/top,UMAP
3.0159843,7.551187,4,Coat,UMAP
5.4007034,2.6888874,1,Trouser,UMAP
2.6139326,5.4663396,7,Sneaker,UMAP
4.268283,3.3497605,5,Sandal,UMAP
4.9424157,6.922855,3,Dress,UMAP
3.3137372,4.4775667,1,Trouser,UMAP
3.958161,5.5087857,2,Pullover,UMAP
3.992046,2.5232098,5,Sandal,UMAP
0.4486535,5.0393133,4,Coat,UMAP
0.6036809,4.711733,4,Coat,UMAP
4.2208743,1.7562317,3,Dress,UMAP
4.981793,3.5729637,2,Pullover,UMAP
6.862148,6.8460865,1,Trouser,UMAP
4.648631,4.9702973,0,T-shirt/top,UMAP
6.957578,3.7873216,3,Dress,UMAP
0.15835619,4.2174807,6,Shirt,UMAP
4.851624,5.2385783,2,Pullover,UMAP
1.2243098,4.078053,3,Dress,UMAP
3.6241581,6.9849977,8,Bag,UMAP
0.12516329,4.506873,2,Pullover,UMAP
6.4653754,7.196972,1,Trouser,UMAP
2.6958368,2.9799385,5,Sandal,UMAP
4.6729746,8.297077,4,Coat,UMAP
6.406167,4.8629756,7,Sneaker,UMAP
0.60926926,5.946237,1,Trouser,UMAP
3.2743094,5.6175113,4,Coat,UMAP
4.4132423,7.6649218,0,T-shirt/top,UMAP
5.3237844,2.2691855,1,Trouser,UMAP
5.915918,5.4908247,6,Shirt,UMAP
4.611299,3.5833826,7,Sneaker,UMAP
5.524088,4.713554,9,Ankle boot,UMAP
2.8376327,7.0443907,6,Shirt,UMAP
6.1009007,3.3088474,7,Sneaker,UMAP
4.2383676,3.351296,8,Bag,UMAP
5.3065357,8.064827,0,T-shirt/top,UMAP
7.1935306,7.5347204,6,Shirt,UMAP
3.9434023,5.544648,4,Coat,UMAP
6.848592,3.5463545,4,Coat,UMAP
3.159082,3.8310251,9,Ankle boot,UMAP
1.0502208,6.896902,1,Trouser,UMAP
0.8870467,4.8923078,3,Dress,UMAP
1.4797126,7.506671,9,Ankle boot,UMAP
5.3609424,4.876416,4,Coat,UMAP
4.155693,6.1104536,4,Coat,UMAP
5.3307285,7.776773,5,Sandal,UMAP
1.0077286,4.043397,0,T-shirt/top,UMAP
4.4557066,4.5320525,1,Trouser,UMAP
4.2687135,5.3279686,5,Sandal,UMAP
2.8504343,3.8909004,5,Sandal,UMAP
5.0454345,2.767208,7,Sneaker,UMAP
0.85223716,5.113359,3,Dress,UMAP
4.5794296,4.8186607,2,Pullover,UMAP
7.0135026,3.7413905,1,Trouser,UMAP
5.9352303,7.7605324,1,Trouser,UMAP
3.822528,5.6553335,4,Coat,UMAP
1.6011698,3.1305842,9,Ankle boot,UMAP
3.4905267,2.9920776,5,Sandal,UMAP
4.2986393,2.6670249,8,Bag,UMAP
4.7083054,4.193718,5,Sandal,UMAP
3.1622956,6.160613,5,Sandal,UMAP
5.457113,5.787127,8,Bag,UMAP
7.1747265,4.2536006,4,Coat,UMAP
6.599655,3.728093,8,Bag,UMAP
5.842777,4.769168,3,Dress,UMAP
2.9947946,7.010977,9,Ankle boot,UMAP
3.1197019,5.733774,9,Ankle boot,UMAP
1.8603685,5.984468,4,Coat,UMAP
2.47544,4.0318675,6,Shirt,UMAP
5.5092273,2.657764,1,Trouser,UMAP
5.768371,3.0455694,7,Sneaker,UMAP
3.8492353,3.4335675,8,Bag,UMAP
3.0002766,4.1105914,9,Ankle boot,UMAP
5.1736965,3.6231625,5,Sandal,UMAP
3.6810343,3.656007,4,Coat,UMAP
3.825853,2.4448478,7,Sneaker,UMAP
4.0267515,7.0274425,0,T-shirt/top,UMAP
4.92627,1.9011539,5,Sandal,UMAP
2.2898529,7.4773717,3,Dress,UMAP
4.25798,8.377616,8,Bag,UMAP
0.48740393,3.5409124,3,Dress,UMAP
0.82618403,4.2453394,4,Coat,UMAP
0.29718357,4.6143537,1,Trouser,UMAP
1.5185254,3.9315972,4,Coat,UMAP
6.9775786,6.8676534,6,Shirt,UMAP
1.017056,6.6291103,7,Sneaker,UMAP
4.199278,6.642212,6,Shirt,UMAP
3.6294923,1.7427144,2,Pullover,UMAP
4.7874856,7.5474877,3,Dress,UMAP
1.5409695,3.3088002,5,Sandal,UMAP
5.10765,4.541977,6,Shirt,UMAP
5.2724967,6.5159197,8,Bag,UMAP
1.2333202,6.213041,5,Sandal,UMAP
2.720915,5.1899676,2,Pullover,UMAP
6.761962,4.0391984,7,Sneaker,UMAP
6.2008643,5.8865013,7,Sneaker,UMAP
6.2966194,8.146763,0,T-shirt/top,UMAP
0.27451888,4.6861553,5,Sandal,UMAP
4.1220527,7.654978,0,T-shirt/top,UMAP
6.621508,3.411733,7,Sneaker,UMAP
1.0829216,3.9725027,1,Trouser,UMAP
6.399043,5.167317,7,Sneaker,UMAP
2.32427,7.2749486,7,Sneaker,UMAP
1.2156019,4.8588066,2,Pullover,UMAP
2.7101212,4.5646935,5,Sandal,UMAP
5.687462,2.8273768,7,Sneaker,UMAP
4.862595,5.8384986,2,Pullover,UMAP
3.4486957,2.7827196,8,Bag,UMAP
6.614996,5.7624984,1,Trouser,UMAP
1.5614074,4.018176,2,Pullover,UMAP
4.4621024,6.592203,7,Sneaker,UMAP
4.325593,4.726487,1,Trouser,UMAP
4.0755258,4.7032366,9,Ankle boot,UMAP
2.0523472,7.1000395,2,Pullover,UMAP
4.888604,4.0754657,7,Sneaker,UMAP
3.8385375,5.119053,2,Pullover,UMAP
6.4047217,2.4739645,5,Sandal,UMAP
4.0848126,7.6088758,4,Coat,UMAP
5.876681,4.522254,2,Pullover,UMAP
2.905647,3.3300936,9,Ankle boot,UMAP
0.89026165,3.7449954,6,Shirt,UMAP
3.1906793,3.3902366,8,Bag,UMAP
3.643122,8.668583,5,Sandal,UMAP
4.1181707,2.3588088,7,Sneaker,UMAP
2.442647,6.069016,4,Coat,UMAP
5.7133245,7.039173,1,Trouser,UMAP
3.2897105,4.34061,7,Sneaker,UMAP
5.868129,6.308,3,Dress,UMAP
4.4785357,3.180374,7,Sneaker,UMAP
2.63214,7.4178114,2,Pullover,UMAP
2.8960238,3.2467918,9,Ankle boot,UMAP
5.0312934,1.7329473,7,Sneaker,UMAP
2.324319,4.1968775,5,Sandal,UMAP
0.89019966,3.5639014,9,Ankle boot,UMAP
6.1782117,6.182452,3,Dress,UMAP
1.6927557,5.775359,2,Pullover,UMAP
2.888388,5.725345,7,Sneaker,UMAP
0.11227871,5.014848,8,Bag,UMAP
0.7364622,4.3333516,0,T-shirt/top,UMAP
6.8726716,3.8212147,3,Dress,UMAP
1.2842375,4.1060753,0,T-shirt/top,UMAP
5.3313613,3.2615185,5,Sandal,UMAP
1.4747849,5.6052265,5,Sandal,UMAP
5.4922056,8.293513,3,Dress,UMAP
6.5559554,8.160335,3,Dress,UMAP
6.535239,6.3886027,1,Trouser,UMAP
1.8850728,4.4707775,2,Pullover,UMAP
2.1838915,6.6484337,6,Shirt,UMAP
3.7660542,7.1021175,8,Bag,UMAP
0.7269949,3.5192473,7,Sneaker,UMAP
5.689476,5.9952383,9,Ankle boot,UMAP
3.3750315,3.7561204,9,Ankle boot,UMAP
4.3312764,5.871256,2,Pullover,UMAP
1.1362553,5.572713,2,Pullover,UMAP
7.2494936,5.349059,4,Coat,UMAP
1.3169574,6.3386207,8,Bag,UMAP
1.9784714,7.7138243,5,Sandal,UMAP
4.642506,1.8482729,7,Sneaker,UMAP
5.782047,4.804853,8,Bag,UMAP
1.053867,4.396687,3,Dress,UMAP
2.7465754,6.7552605,8,Bag,UMAP
6.665208,3.4465094,4,Coat,UMAP
6.718723,6.3811255,1,Trouser,UMAP
3.4288647,6.650227,9,Ankle boot,UMAP
3.712463,3.377237,4,Coat,UMAP
3.5402308,3.5737932,8,Bag,UMAP
0.94453377,6.1095023,4,Coat,UMAP
5.0038934,1.8726773,1,Trouser,UMAP
2.0343752,6.406801,5,Sandal,UMAP
5.4254684,7.8869767,9,Ankle boot,UMAP
4.087384,7.3268642,1,Trouser,UMAP
3.1035793,5.8428984,5,Sandal,UMAP
7.1044154,5.031051,3,Dress,UMAP
5.2019987,4.0613637,7,Sneaker,UMAP
1.050484,5.100113,3,Dress,UMAP
0.22332238,3.6190772,6,Shirt,UMAP
3.0595443,5.0546303,0,T-shirt/top,UMAP
4.305662,6.705925,3,Dress,UMAP
2.0304575,3.7488472,0,T-shirt/top,UMAP
7.2903337,5.469527,3,Dress,UMAP
3.983826,1.6980937,2,Pullover,UMAP
6.920845,4.300229,6,Shirt,UMAP
6.1973248,7.578444,0,T-shirt/top,UMAP
4.756783,6.859748,0,T-shirt/top,UMAP
3.3661752,7.069923,3,Dress,UMAP
2.064755,4.6356993,8,Bag,UMAP
3.070886,4.0748987,7,Sneaker,UMAP
0.42642215,3.942408,0,T-shirt/top,UMAP
2.7927763,3.8595445,5,Sandal,UMAP
2.116579,7.554413,5,Sandal,UMAP
0.23768167,4.771369,0,T-shirt/top,UMAP
5.2194185,4.139539,7,Sneaker,UMAP
3.7249956,2.1450415,5,Sandal,UMAP
6.364692,6.276076,1,Trouser,UMAP
5.807825,8.15204,3,Dress,UMAP
6.513771,4.7449484,3,Dress,UMAP
4.935149,2.9491556,6,Shirt,UMAP
0.97748613,6.731568,4,Coat,UMAP
4.5966635,6.848883,2,Pullover,UMAP
0.8328566,4.2327633,7,Sneaker,UMAP
1.738167,8.134432,6,Shirt,UMAP
0.5472028,4.2822733,0,T-shirt/top,UMAP
6.1696954,7.095184,3,Dress,UMAP
4.1596394,5.8901777,6,Shirt,UMAP
1.9817284,4.046409,9,Ankle boot,UMAP
1.9305643,5.3233128,3,Dress,UMAP
3.6524332,2.0213356,9,Ankle boot,UMAP
6.8183804,7.37115,8,Bag,UMAP
2.8430023,2.2840135,7,Sneaker,UMAP
6.235176,6.2994843,1,Trouser,UMAP
2.1902812,7.467118,6,Shirt,UMAP
5.4772363,6.5058722,5,Sandal,UMAP
3.5654445,2.7604365,5,Sandal,UMAP
4.9786673,3.5700445,2,Pullover,UMAP
4.299644,7.461354,3,Dress,UMAP
0.96292794,4.644236,0,T-shirt/top,UMAP
5.77152,7.5471725,4,Coat,UMAP
1.785656,3.747099,4,Coat,UMAP
4.70185,7.7200465,6,Shirt,UMAP
2.7532325,2.1818385,4,Coat,UMAP
4.71921,2.9780736,1,Trouser,UMAP
1.2701571,7.2159305,1,Trouser,UMAP
0.9436646,6.922573,7,Sneaker,UMAP
1.9001031,3.920217,8,Bag,UMAP
3.3946524,4.9137144,9,Ankle boot,UMAP
3.1055162,3.4589326,8,Bag,UMAP
6.415592,3.290253,2,Pullover,UMAP
3.2903957,2.7680616,7,Sneaker,UMAP
4.9220996,5.279971,2,Pullover,UMAP
0.777909,5.7652664,9,Ankle boot,UMAP
2.8002696,4.5378084,8,Bag,UMAP
2.441742,7.0326033,8,Bag,UMAP
3.1804552,6.6619983,0,T-shirt/top,UMAP
3.4132028,6.905535,8,Bag,UMAP
6.25552,3.5489285,7,Sneaker,UMAP
3.7620187,4.7111106,1,Trouser,UMAP
4.664089,6.185057,6,Shirt,UMAP
1.7198585,2.9843092,6,Shirt,UMAP
5.362643,8.185702,0,T-shirt/top,UMAP
3.68913,6.9208426,1,Trouser,UMAP
3.896942,6.3088694,7,Sneaker,UMAP
6.3559036,7.151813,1,Trouser,UMAP
2.5446346,4.8434033,1,Trouser,UMAP
1.6673484,3.200639,9,Ankle boot,UMAP
3.725459,6.6055465,9,Ankle boot,UMAP
5.290472,7.926495,5,Sandal,UMAP
6.957874,7.894696,6,Shirt,UMAP
0.6415242,6.1786613,4,Coat,UMAP
0.102119885,3.5844574,8,Bag,UMAP
7.132631,4.8133616,1,Trouser,UMAP
5.3021297,3.034619,0,T-shirt/top,UMAP
2.9704494,6.551455,8,Bag,UMAP
3.508585,7.199225,1,Trouser,UMAP
5.6346087,6.923649,2,Pullover,UMAP
5.874531,2.584685,5,Sandal,UMAP
4.3375893,5.6909113,8,Bag,UMAP
1.8878499,4.2250004,8,Bag,UMAP
2.1333249,5.2606707,7,Sneaker,UMAP
5.2225513,2.4000883,7,Sneaker,UMAP
1.2060589,4.1129375,0,T-shirt/top,UMAP
2.531982,5.3531594,9,Ankle boot,UMAP
0.790303,4.3873377,2,Pullover,UMAP
5.846258,7.06143,0,T-shirt/top,UMAP
0.5930075,5.3195214,8,Bag,UMAP
4.6030436,3.978717,2,Pullover,UMAP
0.046496388,4.4344325,0,T-shirt/top,UMAP
4.7699046,4.720886,7,Sneaker,UMAP
3.0386672,6.438022,2,Pullover,UMAP
5.371804,7.7616467,9,Ankle boot,UMAP
1.9535772,7.5594807,4,Coat,UMAP
4.1139755,5.2690034,9,Ankle boot,UMAP
3.6217449,4.5490193,1,Trouser,UMAP
4.1070952,7.0720406,0,T-shirt/top,UMAP
2.635402,3.8830788,5,Sandal,UMAP
5.1609883,6.9578676,1,Trouser,UMAP
4.4204245,2.4273157,4,Coat,UMAP
0.99776584,5.420102,4,Coat,UMAP
1.9302799,2.86885,2,Pullover,UMAP
3.1679285,7.4575577,1,Trouser,UMAP
5.9493923,6.7124424,1,Trouser,UMAP
4.32127,2.3158295,2,Pullover,UMAP
3.1841366,4.7403193,3,Dress,UMAP
2.5330713,6.5818977,5,Sandal,UMAP
3.239587,5.5944734,7,Sneaker,UMAP
6.9056487,3.039898,5,Sandal,UMAP
6.637193,6.79073,4,Coat,UMAP
2.1273167,7.619902,5,Sandal,UMAP
2.115419,3.7693925,8,Bag,UMAP
7.6065073,6.685086,9,Ankle boot,UMAP
6.02804,4.6587095,2,Pullover,UMAP
4.4112315,4.8429613,1,Trouser,UMAP
3.6009285,5.165628,9,Ankle boot,UMAP
3.3957298,2.7584255,5,Sandal,UMAP
5.145624,3.3189106,4,Coat,UMAP
3.658795,1.8588339,2,Pullover,UMAP
1.8183581,4.905457,5,Sandal,UMAP
2.6631184,2.0559795,8,Bag,UMAP
2.6731155,2.646942,9,Ankle boot,UMAP
4.6799984,6.620336,2,Pullover,UMAP
4.1725388,5.5688787,8,Bag,UMAP
3.7858083,6.8060136,8,Bag,UMAP
6.458863,4.7412543,6,Shirt,UMAP
4.4404697,4.9125667,6,Shirt,UMAP
5.776606,3.981504,1,Trouser,UMAP
5.125055,2.7385943,3,Dress,UMAP
1.8579803,6.0020638,3,Dress,UMAP
4.921251,3.2789204,7,Sneaker,UMAP
2.3894558,7.3830457,2,Pullover,UMAP
1.8723706,5.213013,0,T-shirt/top,UMAP
2.3487704,3.449496,5,Sandal,UMAP
4.382848,3.6637383,2,Pullover,UMAP
3.0433102,4.011487,7,Sneaker,UMAP
0.42224628,5.8243384,8,Bag,UMAP
1.3670272,7.73029,2,Pullover,UMAP
4.9730268,5.292797,3,Dress,UMAP
5.023227,2.8492205,7,Sneaker,UMAP
6.823983,3.8526306,7,Sneaker,UMAP
4.081102,3.0327506,5,Sandal,UMAP
6.3823595,7.1175065,1,Trouser,UMAP
3.1237626,4.44122,5,Sandal,UMAP
3.4163575,2.7751994,9,Ankle boot,UMAP
0.61066645,5.918167,6,Shirt,UMAP
6.1272087,3.456501,5,Sandal,UMAP
0.13728447,4.2954516,3,Dress,UMAP
1.8931366,3.7708793,8,Bag,UMAP
6.7125125,4.2181287,7,Sneaker,UMAP
7.227686,4.6910744,1,Trouser,UMAP
3.1443713,8.568137,2,Pullover,UMAP
5.9114966,5.5546713,0,T-shirt/top,UMAP
0.35176173,4.730712,0,T-shirt/top,UMAP
4.179817,5.790499,1,Trouser,UMAP
6.3318205,8.058226,3,Dress,UMAP
5.770282,3.4756548,4,Coat,UMAP
2.2204435,6.1831026,9,Ankle boot,UMAP
4.432659,4.998543,1,Trouser,UMAP
6.1481957,5.06962,7,Sneaker,UMAP
2.6614127,2.758633,7,Sneaker,UMAP
5.1775036,5.142547,4,Coat,UMAP
5.3881154,1.7786629,5,Sandal,UMAP
7.156522,4.4298453,8,Bag,UMAP
3.1503968,8.5554085,2,Pullover,UMAP
3.5803432,6.726163,5,Sandal,UMAP
4.147072,7.744191,2,Pullover,UMAP
6.111089,7.7510905,3,Dress,UMAP
1.9890255,4.256533,5,Sandal,UMAP
2.1561427,6.0386057,2,Pullover,UMAP
7.1336584,7.5561614,0,T-shirt/top,UMAP
4.2674074,6.400153,2,Pullover,UMAP
6.762408,3.3609407,1,Trouser,UMAP
3.4213705,2.5756688,7,Sneaker,UMAP
7.1145353,7.594596,0,T-shirt/top,UMAP
4.262435,7.1877613,9,Ankle boot,UMAP
2.3302898,5.3241673,7,Sneaker,UMAP
3.8167758,1.76868,6,Shirt,UMAP
2.3395913,3.708201,6,Shirt,UMAP
3.776964,6.698655,9,Ankle boot,UMAP
1.8395454,4.543615,2,Pullover,UMAP
3.9992807,4.124719,2,Pullover,UMAP
6.9237094,4.613663,4,Coat,UMAP
0.9960667,5.176661,3,Dress,UMAP
5.9680405,5.649663,3,Dress,UMAP
6.4677753,3.5564685,2,Pullover,UMAP
2.461475,2.578703,8,Bag,UMAP
0.9835325,4.843295,0,T-shirt/top,UMAP
5.652599,8.033934,4,Coat,UMAP
1.9846389,6.9379663,2,Pullover,UMAP
4.834166,6.583242,0,T-shirt/top,UMAP
3.1207352,5.9397645,7,Sneaker,UMAP
0.30900538,5.6566677,6,Shirt,UMAP
3.9489064,5.063587,5,Sandal,UMAP
3.779003,2.142018,4,Coat,UMAP
5.209674,8.191657,0,T-shirt/top,UMAP
2.023605,7.8258085,4,Coat,UMAP
2.4182076,3.188235,2,Pullover,UMAP
1.4330217,3.6819806,4,Coat,UMAP
7.4507565,6.9687953,9,Ankle boot,UMAP
3.729754,5.472445,9,Ankle boot,UMAP
2.7163126,5.7809806,1,Trouser,UMAP
5.6455812,8.424923,0,T-shirt/top,UMAP
4.2021055,8.60803,5,Sandal,UMAP
4.265939,3.389923,1,Trouser,UMAP
5.177028,7.8206625,5,Sandal,UMAP
6.5501227,6.99586,1,Trouser,UMAP
4.9821653,4.018413,2,Pullover,UMAP
4.2633758,7.199598,8,Bag,UMAP
7.0580974,4.7866836,3,Dress,UMAP
5.7417097,5.8671417,6,Shirt,UMAP
5.078355,6.0241055,1,Trouser,UMAP
4.272453,3.0774276,3,Dress,UMAP
7.1206875,3.1637738,3,Dress,UMAP
6.797339,7.088191,1,Trouser,UMAP
2.803086,6.2296724,9,Ankle boot,UMAP
6.9644294,3.8175902,7,Sneaker,UMAP
2.0027993,6.357166,4,Coat,UMAP
4.0574307,6.3933372,4,Coat,UMAP
5.0914927,2.7099946,1,Trouser,UMAP
7.0665736,7.829439,6,Shirt,UMAP
0.08026969,4.7462463,2,Pullover,UMAP
6.1520705,6.488413,1,Trouser,UMAP
1.1060997,6.213142,2,Pullover,UMAP
1.8832488,6.487685,1,Trouser,UMAP
1.7098497,4.1807795,3,Dress,UMAP
3.88412,7.9911213,8,Bag,UMAP
3.3825855,8.624859,9,Ankle boot,UMAP
6.52376,7.2822437,1,Trouser,UMAP
0.65343124,4.7977724,6,Shirt,UMAP
4.5095453,2.8600411,3,Dress,UMAP
3.8503375,5.1576204,6,Shirt,UMAP
7.0052066,3.6871414,1,Trouser,UMAP
1.1514543,6.863106,4,Coat,UMAP
4.3878393,8.093883,0,T-shirt/top,UMAP
6.394656,8.144519,0,T-shirt/top,UMAP
2.636512,5.3780117,7,Sneaker,UMAP
3.748502,4.593193,6,Shirt,UMAP
6.466898,8.186515,0,T-shirt/top,UMAP
2.1617286,4.3221693,6,Shirt,UMAP
1.3805058,5.3058906,1,Trouser,UMAP
5.9541698,6.812099,9,Ankle boot,UMAP
5.958304,3.8047326,3,Dress,UMAP
3.0867107,4.354308,0,T-shirt/top,UMAP
4.048822,2.4463701,2,Pullover,UMAP
1.2124466,7.659124,8,Bag,UMAP
4.0860095,5.3922863,6,Shirt,UMAP
5.323059,6.9819837,5,Sandal,UMAP
3.5011518,4.226545,4,Coat,UMAP
2.3340385,3.6095016,2,Pullover,UMAP
4.336295,5.5070972,4,Coat,UMAP
4.1694508,6.1706166,1,Trouser,UMAP
6.3080907,2.9282293,7,Sneaker,UMAP
3.8359263,7.2993274,2,Pullover,UMAP
2.3271332,4.2389197,8,Bag,UMAP
5.963011,8.09864,0,T-shirt/top,UMAP
3.00495,7.857551,9,Ankle boot,UMAP
4.1409516,2.5855672,5,Sandal,UMAP
6.194485,4.2445765,4,Coat,UMAP
5.530788,2.1890562,1,Trouser,UMAP
1.3311782,3.532529,5,Sandal,UMAP
2.723715,2.017472,4,Coat,UMAP
5.242392,6.406024,3,Dress,UMAP
4.2221117,4.4748864,2,Pullover,UMAP
4.1161165,5.484808,4,Coat,UMAP
1.2927241,6.391413,2,Pullover,UMAP
0.19768107,4.290294,8,Bag,UMAP
6.5265684,7.5879726,6,Shirt,UMAP
3.3041399,7.654866,1,Trouser,UMAP
2.9903417,6.520846,8,Bag,UMAP
7.192701,3.001505,5,Sandal,UMAP
2.2885005,7.6012855,6,Shirt,UMAP
0.44661024,4.0250096,5,Sandal,UMAP
3.9491334,4.0427485,4,Coat,UMAP
3.092564,4.9765954,3,Dress,UMAP
3.7609873,5.055248,6,Shirt,UMAP
3.2942207,4.9171486,9,Ankle boot,UMAP
1.9958898,6.340717,4,Coat,UMAP
7.200935,4.7077374,1,Trouser,UMAP
1.3075131,4.0195346,5,Sandal,UMAP
3.3215647,2.3233051,7,Sneaker,UMAP
2.2587535,5.158965,7,Sneaker,UMAP
3.1337025,8.565141,2,Pullover,UMAP
2.0825603,6.2441397,3,Dress,UMAP
5.5081654,6.75389,4,Coat,UMAP
2.2428918,3.3178375,5,Sandal,UMAP
5.419675,5.52613,3,Dress,UMAP
2.8426027,4.8235493,7,Sneaker,UMAP
2.8828814,5.8372583,7,Sneaker,UMAP
5.225727,7.067454,9,Ankle boot,UMAP
3.473416,4.3496947,7,Sneaker,UMAP
5.9185047,8.161665,5,Sandal,UMAP
0.5207293,5.6864734,7,Sneaker,UMAP
4.77613,7.1096263,8,Bag,UMAP
4.588045,6.4661613,2,Pullover,UMAP
1.881698,6.9594965,2,Pullover,UMAP
6.975376,4.364413,8,Bag,UMAP
5.0659475,1.9544061,3,Dress,UMAP
4.647592,5.3322787,2,Pullover,UMAP
1.9255495,5.69918,3,Dress,UMAP
5.18328,2.2971954,1,Trouser,UMAP
4.8717613,7.7594237,6,Shirt,UMAP
4.7542386,3.171437,3,Dress,UMAP
3.1244323,8.556344,4,Coat,UMAP
2.94096,6.5764847,9,Ankle boot,UMAP
7.0468183,4.794018,0,T-shirt/top,UMAP
7.1852407,6.4192524,1,Trouser,UMAP
1.5356379,4.797155,9,Ankle boot,UMAP
4.804991,6.815754,3,Dress,UMAP
4.2961082,6.1205745,8,Bag,UMAP
4.272103,7.7769575,0,T-shirt/top,UMAP
6.067661,8.298346,3,Dress,UMAP
6.827464,7.4564204,4,Coat,UMAP
7.1056466,5.087135,4,Coat,UMAP
2.90876,7.6137586,8,Bag,UMAP
3.8141644,4.807702,5,Sandal,UMAP
0.73527336,5.9764214,8,Bag,UMAP
4.3743668,8.121753,3,Dress,UMAP
7.4548945,3.0826488,5,Sandal,UMAP
3.667643,3.496792,4,Coat,UMAP
4.4498577,3.95021,4,Coat,UMAP
2.1476424,3.5601823,1,Trouser,UMAP
2.770754,5.7330747,7,Sneaker,UMAP
6.1490293,5.2612367,7,Sneaker,UMAP
2.8086803,8.447187,2,Pullover,UMAP
6.8630934,7.254719,6,Shirt,UMAP
3.0821698,6.351661,0,T-shirt/top,UMAP
4.8695,7.173247,6,Shirt,UMAP
6.3457103,4.501836,6,Shirt,UMAP
6.025561,2.6111722,1,Trouser,UMAP
2.889357,3.3892741,9,Ankle boot,UMAP
4.5931783,3.8398352,6,Shirt,UMAP
2.7021656,5.4346647,6,Shirt,UMAP
1.42096,5.878594,7,Sneaker,UMAP
1.2992543,5.838624,2,Pullover,UMAP
2.8986075,6.4150047,2,Pullover,UMAP
7.005374,3.7008655,4,Coat,UMAP
3.9252427,4.7432117,6,Shirt,UMAP
2.940669,4.8094707,6,Shirt,UMAP
6.547971,4.8487754,0,T-shirt/top,UMAP
6.203024,7.0641675,1,Trouser,UMAP
7.147207,3.4726925,5,Sandal,UMAP
3.0181057,7.4823747,8,Bag,UMAP
0.95978075,4.018532,5,Sandal,UMAP
1.5640781,4.754128,3,Dress,UMAP
7.0719514,4.2944264,5,Sandal,UMAP
1.7875092,4.6432652,7,Sneaker,UMAP
2.501104,4.114916,1,Trouser,UMAP
4.4932294,2.6831415,9,Ankle boot,UMAP
2.2688923,5.4499817,8,Bag,UMAP
5.7289524,7.4101324,1,Trouser,UMAP
5.3680205,8.141403,6,Shirt,UMAP
6.0088744,2.5576522,1,Trouser,UMAP
2.4402795,7.313332,6,Shirt,UMAP
2.5757113,6.375638,6,Shirt,UMAP
4.8207703,3.1030884,9,Ankle boot,UMAP
1.8496366,4.9306974,2,Pullover,UMAP
0.27012536,3.9487276,3,Dress,UMAP
5.22197,7.3674903,9,Ankle boot,UMAP
6.928677,4.4461174,7,Sneaker,UMAP
4.3267283,4.9162426,1,Trouser,UMAP
6.136042,5.0928054,1,Trouser,UMAP
3.7904234,6.5999007,4,Coat,UMAP
3.8484488,7.8894124,8,Bag,UMAP
5.7769313,2.7103887,5,Sandal,UMAP
3.3776,6.157381,9,Ankle boot,UMAP
4.42379,7.6639776,0,T-shirt/top,UMAP
1.3778216,4.086872,8,Bag,UMAP
4.697368,8.19367,0,T-shirt/top,UMAP
3.6144881,3.7261977,9,Ankle boot,UMAP
4.8586583,3.2278783,5,Sandal,UMAP
2.4242058,4.438884,4,Coat,UMAP
3.0534213,4.4998827,9,Ankle boot,UMAP
5.1029267,2.5099885,7,Sneaker,UMAP
5.9109707,2.6986048,9,Ankle boot,UMAP
1.904434,7.522938,1,Trouser,UMAP
5.9258723,2.8011715,7,Sneaker,UMAP
4.539206,5.0559244,2,Pullover,UMAP
4.837401,3.043215,3,Dress,UMAP
5.336908,7.9589176,5,Sandal,UMAP
5.7309628,5.298262,8,Bag,UMAP
2.5521867,3.13343,5,Sandal,UMAP
4.94948,1.6917361,3,Dress,UMAP
7.304314,6.595586,6,Shirt,UMAP
2.7475276,5.028258,6,Shirt,UMAP
3.6711438,8.271238,7,Sneaker,UMAP
2.6959794,6.9191294,5,Sandal,UMAP
2.0987375,6.2066603,3,Dress,UMAP
4.0039177,3.5016913,4,Coat,UMAP
5.758121,8.373207,3,Dress,UMAP
4.4969716,3.4743016,7,Sneaker,UMAP
0.7057897,3.9143813,4,Coat,UMAP
5.565162,6.6298313,4,Coat,UMAP
6.726076,3.3845587,1,Trouser,UMAP
4.035117,7.06989,8,Bag,UMAP
7.657148,6.5947833,4,Coat,UMAP
5.0408254,2.4044008,0,T-shirt/top,UMAP
2.771377,5.5843167,9,Ankle boot,UMAP
6.3628917,3.2895246,7,Sneaker,UMAP
2.0146866,7.0841274,7,Sneaker,UMAP
0.78908575,4.54643,2,Pullover,UMAP
0.97922295,4.565219,1,Trouser,UMAP
0.44909424,5.104356,3,Dress,UMAP
5.717626,7.2455716,0,T-shirt/top,UMAP
1.6045722,4.1014194,4,Coat,UMAP
7.2886376,7.2881813,6,Shirt,UMAP
6.6065135,4.1487727,8,Bag,UMAP
6.0721087,3.153117,7,Sneaker,UMAP
4.9798517,2.8212528,0,T-shirt/top,UMAP
5.821797,2.5557237,9,Ankle boot,UMAP
1.1209568,6.0483503,6,Shirt,UMAP
1.1094904,5.343982,5,Sandal,UMAP
2.4089928,4.676431,9,Ankle boot,UMAP
4.245577,3.3422172,4,Coat,UMAP
3.4176824,7.7490172,3,Dress,UMAP
3.7605028,2.0399818,4,Coat,UMAP
1.7340924,3.5542123,8,Bag,UMAP
2.617286,7.305286,1,Trouser,UMAP
6.345208,2.955131,7,Sneaker,UMAP
3.386147,3.8429453,8,Bag,UMAP
4.2757835,5.4661508,6,Shirt,UMAP
4.1758275,6.1921325,4,Coat,UMAP
1.3677406,3.8687727,3,Dress,UMAP
1.7086412,8.144642,4,Coat,UMAP
2.2057846,7.243974,3,Dress,UMAP
6.2992697,6.023343,7,Sneaker,UMAP
0.7231279,6.453592,8,Bag,UMAP
3.8002775,6.880937,3,Dress,UMAP
3.378013,4.6293864,2,Pullover,UMAP
4.743337,4.537439,9,Ankle boot,UMAP
6.431328,4.5749273,3,Dress,UMAP
5.0698466,6.4521656,3,Dress,UMAP
4.572875,5.0718637,7,Sneaker,UMAP
3.2271662,4.6686535,3,Dress,UMAP
2.635594,5.5716977,9,Ankle boot,UMAP
4.9777894,5.2989035,2,Pullover,UMAP
6.5374084,3.489047,1,Trouser,UMAP
4.1256323,5.163235,2,Pullover,UMAP
0.9034808,4.698946,9,Ankle boot,UMAP
3.465406,7.5056543,6,Shirt,UMAP
0.8475914,6.8676405,1,Trouser,UMAP
0.05137539,4.586525,4,Coat,UMAP
5.666561,7.679398,0,T-shirt/top,UMAP
4.4421034,4.987455,4,Coat,UMAP
0.88160187,5.0593114,3,Dress,UMAP
4.324076,5.542509,2,Pullover,UMAP
3.4474785,7.7504005,3,Dress,UMAP
5.081828,6.093076,1,Trouser,UMAP
1.8666366,5.5212665,4,Coat,UMAP
1.0008945,4.965236,3,Dress,UMAP
7.39994,3.1521378,5,Sandal,UMAP
2.4764473,2.9812238,9,Ankle boot,UMAP
1.649951,3.5734487,2,Pullover,UMAP
6.314179,5.9058027,7,Sneaker,UMAP
3.1877553,2.855574,7,Sneaker,UMAP
0.68956804,3.4816139,0,T-shirt/top,UMAP
1.6452302,5.9595823,2,Pullover,UMAP
1.5885713,6.2136993,9,Ankle boot,UMAP
1.2482326,3.9068081,2,Pullover,UMAP
6.892285,4.9135656,4,Coat,UMAP
1.3141729,3.8763332,4,Coat,UMAP
1.441937,5.7350535,9,Ankle boot,UMAP
4.926999,3.3939126,1,Trouser,UMAP
0.59692556,3.543114,0,T-shirt/top,UMAP
4.839546,7.460238,7,Sneaker,UMAP
2.032681,7.7262015,5,Sandal,UMAP
2.4240196,5.3691163,1,Trouser,UMAP
5.4624496,8.298833,5,Sandal,UMAP
1.5591697,7.3750906,7,Sneaker,UMAP
3.1579328,6.2050066,4,Coat,UMAP
0.24674678,4.913463,6,Shirt,UMAP
1.897052,7.690123,8,Bag,UMAP
5.9526424,4.870217,3,Dress,UMAP
3.3152285,6.4875193,5,Sandal,UMAP
0.2986679,5.1041617,1,Trouser,UMAP
5.0446806,7.9550085,0,T-shirt/top,UMAP
0.8057625,6.506238,9,Ankle boot,UMAP
3.3373506,3.1779916,5,Sandal,UMAP
2.1840675,7.8155813,2,Pullover,UMAP
6.169607,3.436172,1,Trouser,UMAP
2.1934562,5.504946,5,Sandal,UMAP
2.798383,7.99497,4,Coat,UMAP
2.5289843,2.6525073,9,Ankle boot,UMAP
3.9001822,4.5715384,5,Sandal,UMAP
3.0963292,3.4961576,8,Bag,UMAP
2.1825702,8.034727,4,Coat,UMAP
4.451506,5.5130177,5,Sandal,UMAP
1.4124169,6.870692,8,Bag,UMAP
5.0176253,4.4235964,7,Sneaker,UMAP
3.7778597,1.7417225,2,Pullover,UMAP
2.6366801,7.388257,1,Trouser,UMAP
2.8878531,5.6430902,7,Sneaker,UMAP
6.8382626,4.1398296,0,T-shirt/top,UMAP
2.1711235,4.6970286,3,Dress,UMAP
0.93662405,6.8228407,6,Shirt,UMAP
4.0642323,6.8007717,9,Ankle boot,UMAP
6.2270784,6.6986337,0,T-shirt/top,UMAP
4.3764577,8.141016,2,Pullover,UMAP
5.1872745,6.5370865,6,Shirt,UMAP
2.302916,4.0235834,5,Sandal,UMAP
5.555384,2.9746766,1,Trouser,UMAP
6.4169717,6.570168,1,Trouser,UMAP
4.164995,1.7431991,2,Pullover,UMAP
2.5205424,4.0412083,6,Shirt,UMAP
2.2539926,5.543906,8,Bag,UMAP
5.351438,8.4068165,0,T-shirt/top,UMAP
5.3963723,4.1457796,7,Sneaker,UMAP
2.21925,2.6001048,1,Trouser,UMAP
4.080387,5.733484,7,Sneaker,UMAP
4.746019,4.9502125,3,Dress,UMAP
4.542634,2.383407,1,Trouser,UMAP
1.744209,5.022622,1,Trouser,UMAP
0.114524655,4.9766717,4,Coat,UMAP
2.7683148,3.1640975,8,Bag,UMAP
3.074153,6.4694,9,Ankle boot,UMAP
1.5095643,7.3136077,4,Coat,UMAP
6.825117,7.921087,9,Ankle boot,UMAP
4.4235396,5.5161667,3,Dress,UMAP
0.45317167,4.647966,4,Coat,UMAP
5.194877,2.3496277,1,Trouser,UMAP
3.1202307,6.1518693,0,T-shirt/top,UMAP
5.2171655,7.2301655,1,Trouser,UMAP
3.8588333,2.3824687,5,Sandal,UMAP
1.3061869,3.8758748,6,Shirt,UMAP
3.1274474,4.7818785,7,Sneaker,UMAP
1.9169072,5.492074,3,Dress,UMAP
2.8537421,5.906464,9,Ankle boot,UMAP
2.537585,2.958763,7,Sneaker,UMAP
4.1515307,7.8309875,8,Bag,UMAP
6.9165998,3.1905048,1,Trouser,UMAP
5.275371,7.9127216,9,Ankle boot,UMAP
0.7385225,6.0406556,9,Ankle boot,UMAP
7.2492867,5.313339,4,Coat,UMAP
2.0802157,3.082109,0,T-shirt/top,UMAP
4.382043,5.057463,4,Coat,UMAP
3.4594147,3.2149708,0,T-shirt/top,UMAP
1.4551033,6.381903,2,Pullover,UMAP
7.195471,5.3418064,3,Dress,UMAP
3.9613674,4.353557,6,Shirt,UMAP
5.6502233,6.1664658,5,Sandal,UMAP
3.293111,7.171314,8,Bag,UMAP
2.6582754,5.1443176,5,Sandal,UMAP
1.8378654,4.241406,9,Ankle boot,UMAP
2.819088,6.7133923,5,Sandal,UMAP
1.1751835,5.619783,2,Pullover,UMAP
6.305207,3.3760982,5,Sandal,UMAP
1.1148244,6.6666145,8,Bag,UMAP
4.1740313,7.847434,8,Bag,UMAP
1.2913886,3.5994675,2,Pullover,UMAP
1.3022445,5.506262,2,Pullover,UMAP
0.93669105,6.7188215,8,Bag,UMAP
5.155884,2.473873,7,Sneaker,UMAP
3.2317574,2.1524932,8,Bag,UMAP
0.9840207,3.6410046,9,Ankle boot,UMAP
5.0975094,4.3790903,2,Pullover,UMAP
5.644585,7.4162035,0,T-shirt/top,UMAP
3.2498777,2.7849224,8,Bag,UMAP
6.207278,3.7634096,7,Sneaker,UMAP
4.6546807,5.3511953,6,Shirt,UMAP
2.1954653,3.3897088,1,Trouser,UMAP
2.613077,5.892504,0,T-shirt/top,UMAP
6.1926227,4.1264143,8,Bag,UMAP
2.5145545,5.011816,3,Dress,UMAP
5.2840886,3.6345427,5,Sandal,UMAP
2.1641378,8.061264,4,Coat,UMAP
4.597207,4.6715784,1,Trouser,UMAP
3.1285458,5.0981474,0,T-shirt/top,UMAP
5.9865212,5.7614813,3,Dress,UMAP
4.0320287,6.508949,9,Ankle boot,UMAP
3.9781342,3.6734068,6,Shirt,UMAP
2.7610314,3.59096,9,Ankle boot,UMAP
3.3543355,3.4146256,8,Bag,UMAP
2.835795,2.1174688,4,Coat,UMAP
2.3380408,5.054866,3,Dress,UMAP
6.9161935,7.7437153,1,Trouser,UMAP
5.454755,7.864209,9,Ankle boot,UMAP
2.3325682,5.3713503,8,Bag,UMAP
1.2261639,4.8664455,0,T-shirt/top,UMAP
0.72141343,5.338198,8,Bag,UMAP
5.227194,4.297302,7,Sneaker,UMAP
3.8421216,3.029654,0,T-shirt/top,UMAP
4.837767,7.9050403,3,Dress,UMAP
6.3109803,3.9119172,3,Dress,UMAP
2.6597745,3.1682453,4,Coat,UMAP
2.0944622,7.181443,8,Bag,UMAP
3.8492718,4.768117,6,Shirt,UMAP
7.0287166,3.794402,1,Trouser,UMAP
0.6288478,3.3838089,3,Dress,UMAP
5.736331,5.4944735,1,Trouser,UMAP
3.6347265,2.4698846,7,Sneaker,UMAP
6.686621,6.9905553,1,Trouser,UMAP
3.5543983,3.0150163,5,Sandal,UMAP
1.2601843,7.741171,6,Shirt,UMAP
5.058288,4.1331005,0,T-shirt/top,UMAP
1.0471308,4.97373,3,Dress,UMAP
4.126592,7.844641,8,Bag,UMAP
6.7870994,4.979269,8,Bag,UMAP
4.241347,4.956332,2,Pullover,UMAP
6.253475,7.9266973,1,Trouser,UMAP
2.0603812,5.4860277,9,Ankle boot,UMAP
4.1236567,6.6480775,8,Bag,UMAP
1.2759056,4.081809,4,Coat,UMAP
4.343819,2.6691,2,Pullover,UMAP
4.2878594,8.543892,3,Dress,UMAP
4.5073905,4.313245,5,Sandal,UMAP
3.7687433,6.444518,8,Bag,UMAP
5.7405987,5.3792343,0,T-shirt/top,UMAP
5.831854,6.9682255,6,Shirt,UMAP
1.6236409,6.371956,2,Pullover,UMAP
5.9515305,5.249444,1,Trouser,UMAP
4.194446,2.082305,5,Sandal,UMAP
5.0792556,8.398092,9,Ankle boot,UMAP
5.9305463,7.034076,0,T-shirt/top,UMAP
3.3632388,5.453474,7,Sneaker,UMAP
1.212789,6.1140966,2,Pullover,UMAP
6.9557157,7.9036417,6,Shirt,UMAP
5.2851844,8.056894,0,T-shirt/top,UMAP
5.473351,6.292157,0,T-shirt/top,UMAP
7.1615286,4.693864,8,Bag,UMAP
2.1447687,3.6811805,9,Ankle boot,UMAP
1.1782218,5.3640437,9,Ankle boot,UMAP
3.8494828,6.322186,4,Coat,UMAP
0.72209585,4.579979,6,Shirt,UMAP
5.559072,3.156345,7,Sneaker,UMAP
4.559075,5.7562237,3,Dress,UMAP
5.3793707,2.7221942,1,Trouser,UMAP
3.505133,5.5505204,6,Shirt,UMAP
0.84400105,4.2197776,5,Sandal,UMAP
0.19787975,5.004377,0,T-shirt/top,UMAP
3.892156,3.6252112,4,Coat,UMAP
4.1061106,4.0106573,6,Shirt,UMAP
0.94133365,6.8284564,6,Shirt,UMAP
5.168783,2.6834245,5,Sandal,UMAP
4.2115545,5.2600355,5,Sandal,UMAP
0.16541944,3.6390083,8,Bag,UMAP
2.5368898,4.019197,2,Pullover,UMAP
0.4802653,5.3838415,4,Coat,UMAP
2.720044,5.8970823,2,Pullover,UMAP
5.8147855,4.4264193,8,Bag,UMAP
4.161307,8.004839,6,Shirt,UMAP
4.3847103,4.776833,0,T-shirt/top,UMAP
3.0073478,6.428619,8,Bag,UMAP
5.7444496,7.063914,0,T-shirt/top,UMAP
0.6632378,3.9606712,4,Coat,UMAP
4.0734067,3.4548926,8,Bag,UMAP
2.484594,2.7611456,5,Sandal,UMAP
4.269951,7.181234,9,Ankle boot,UMAP
2.4007552,8.122806,6,Shirt,UMAP
6.6477838,5.7452555,1,Trouser,UMAP
7.1702876,7.5077024,6,Shirt,UMAP
2.4323654,3.236597,5,Sandal,UMAP
6.599005,5.6729527,1,Trouser,UMAP
1.7681911,7.4446454,1,Trouser,UMAP
7.085924,4.8153214,8,Bag,UMAP
2.3453908,2.4970887,8,Bag,UMAP
3.3817637,4.1878886,8,Bag,UMAP
5.002715,3.186207,7,Sneaker,UMAP
6.353075,6.183216,3,Dress,UMAP
3.8421996,6.390416,1,Trouser,UMAP
1.9262745,4.690957,7,Sneaker,UMAP
6.8751793,7.9153543,9,Ankle boot,UMAP
5.7107844,7.556994,5,Sandal,UMAP
4.868837,5.937588,9,Ankle boot,UMAP
1.386518,4.0953856,9,Ankle boot,UMAP
2.4713771,3.9586089,0,T-shirt/top,UMAP
1.0738602,6.2360387,9,Ankle boot,UMAP
3.179127,4.0368743,9,Ankle boot,UMAP
6.9392123,2.942408,5,Sandal,UMAP
2.893513,3.291291,9,Ankle boot,UMAP
3.9862082,7.676372,3,Dress,UMAP
5.56915,2.6304276,1,Trouser,UMAP
6.4059587,7.268725,3,Dress,UMAP
0.6206353,6.381807,8,Bag,UMAP
2.8172827,4.3308935,7,Sneaker,UMAP
6.7820773,7.9195,3,Dress,UMAP
7.3949966,3.0368967,5,Sandal,UMAP
6.9071503,3.05661,5,Sandal,UMAP
7.3152432,5.461927,6,Shirt,UMAP
5.788145,6.3484516,9,Ankle boot,UMAP
4.7421374,8.239125,0,T-shirt/top,UMAP
2.0171936,7.573307,2,Pullover,UMAP
1.8810223,4.284046,7,Sneaker,UMAP
6.007325,3.406552,6,Shirt,UMAP
3.7360628,5.4307985,3,Dress,UMAP
5.6318207,5.5289507,4,Coat,UMAP
5.835367,8.244111,0,T-shirt/top,UMAP
4.4387097,4.7721224,0,T-shirt/top,UMAP
6.0245037,7.6448817,8,Bag,UMAP
1.5001497,4.088549,9,Ankle boot,UMAP
5.622726,5.27056,1,Trouser,UMAP
6.349285,7.0260525,3,Dress,UMAP
3.015803,5.7561636,7,Sneaker,UMAP
5.4783745,6.810248,9,Ankle boot,UMAP
5.5604997,2.4748363,9,Ankle boot,UMAP
7.172272,4.71305,8,Bag,UMAP
6.6473923,4.0312324,8,Bag,UMAP
0.2069146,4.7426023,4,Coat,UMAP
4.43406,2.6364653,7,Sneaker,UMAP
2.4385293,6.4307775,5,Sandal,UMAP
1.0471448,3.5010593,1,Trouser,UMAP
2.7323754,3.090813,9,Ankle boot,UMAP
2.3069394,3.4595106,7,Sneaker,UMAP
5.7396083,2.3196104,7,Sneaker,UMAP
2.1948664,4.145403,5,Sandal,UMAP
3.7368484,6.243137,4,Coat,UMAP
3.7887151,2.0532763,9,Ankle boot,UMAP
6.2204885,5.789238,3,Dress,UMAP
5.7739844,6.335245,0,T-shirt/top,UMAP
5.0816517,4.715604,2,Pullover,UMAP
0.918669,4.174048,7,Sneaker,UMAP
2.3182778,5.455741,0,T-shirt/top,UMAP
1.9303963,6.844355,4,Coat,UMAP
7.0703073,5.46309,4,Coat,UMAP
1.9385797,7.91821,8,Bag,UMAP
0.48806706,3.5827222,3,Dress,UMAP
6.65163,4.9176435,3,Dress,UMAP
1.9814761,7.828628,9,Ankle boot,UMAP
1.0303322,7.016622,2,Pullover,UMAP
7.36918,6.796622,6,Shirt,UMAP
2.8875608,7.4937444,1,Trouser,UMAP
6.078625,4.4115834,7,Sneaker,UMAP
2.6746993,3.90624,5,Sandal,UMAP
3.4011014,5.5873423,9,Ankle boot,UMAP
4.878539,2.3797922,7,Sneaker,UMAP
4.908642,6.101119,4,Coat,UMAP
1.6509534,7.925619,4,Coat,UMAP
6.4835544,3.4369204,5,Sandal,UMAP
4.292468,2.7413657,4,Coat,UMAP
3.1097205,5.688891,7,Sneaker,UMAP
3.3956885,2.2167666,9,Ankle boot,UMAP
2.074952,4.2896943,9,Ankle boot,UMAP
1.0889865,4.1460433,5,Sandal,UMAP
3.4793618,5.8233933,9,Ankle boot,UMAP
3.3112836,2.672556,9,Ankle boot,UMAP
2.8823726,6.5437126,0,T-shirt/top,UMAP
0.9143677,4.3231854,1,Trouser,UMAP
4.682727,7.1129007,1,Trouser,UMAP
0.11781595,4.4235945,1,Trouser,UMAP
3.686246,3.365259,5,Sandal,UMAP
7.551225,6.6515694,6,Shirt,UMAP
6.0843606,6.6885448,1,Trouser,UMAP
5.836742,2.735315,1,Trouser,UMAP
4.304258,2.9906318,8,Bag,UMAP
0.4826289,4.515955,6,Shirt,UMAP
6.1784973,2.6031234,1,Trouser,UMAP
5.6350617,2.2338495,7,Sneaker,UMAP
4.147076,4.467638,2,Pullover,UMAP
4.242165,4.500199,1,Trouser,UMAP
0.11599163,3.6526396,8,Bag,UMAP
1.7475102,3.750429,6,Shirt,UMAP
1.2198589,7.7114396,4,Coat,UMAP
0.46315143,4.9038205,1,Trouser,UMAP
4.7302814,3.013699,9,Ankle boot,UMAP
4.4229307,1.9458117,2,Pullover,UMAP
6.4152713,3.462146,7,Sneaker,UMAP
6.339561,7.8210735,1,Trouser,UMAP
5.151151,7.410929,5,Sandal,UMAP
6.8400292,7.426324,6,Shirt,UMAP
2.5183043,3.1197767,7,Sneaker,UMAP
3.1281047,4.7467747,4,Coat,UMAP
1.4723299,3.5819738,3,Dress,UMAP
6.945983,7.109619,2,Pullover,UMAP
1.7742943,3.0222902,5,Sandal,UMAP
7.0731187,7.3330975,0,T-shirt/top,UMAP
2.3530855,2.6269755,8,Bag,UMAP
4.299287,7.1888704,0,T-shirt/top,UMAP
4.3683915,4.6856375,0,T-shirt/top,UMAP
5.119374,2.1384394,1,Trouser,UMAP
2.09799,3.2744138,1,Trouser,UMAP
2.0423195,5.6951904,0,T-shirt/top,UMAP
6.0794773,4.451904,8,Bag,UMAP
4.9737496,5.005657,9,Ankle boot,UMAP
2.4737377,4.5468187,9,Ankle boot,UMAP
3.9765913,3.420267,8,Bag,UMAP
2.0795045,6.4514246,1,Trouser,UMAP
5.098122,5.256726,6,Shirt,UMAP
3.7492747,5.244872,9,Ankle boot,UMAP
1.6628492,7.680544,7,Sneaker,UMAP
3.3227558,7.0704937,6,Shirt,UMAP
4.736586,3.893695,6,Shirt,UMAP
3.7365265,5.7410665,9,Ankle boot,UMAP
2.9315503,4.9513164,7,Sneaker,UMAP
7.4566355,3.046306,5,Sandal,UMAP
5.567484,7.508405,3,Dress,UMAP
3.7115026,7.946627,9,Ankle boot,UMAP
1.7129195,5.4559875,6,Shirt,UMAP
0.58614635,5.095562,1,Trouser,UMAP
6.377923,4.999337,3,Dress,UMAP
2.4123337,7.747224,2,Pullover,UMAP
1.0774447,5.4112635,2,Pullover,UMAP
7.3308206,6.6739674,6,Shirt,UMAP
5.0113077,2.0789428,7,Sneaker,UMAP
4.1082225,6.6203737,9,Ankle boot,UMAP
2.345627,3.5224185,9,Ankle boot,UMAP
2.745902,4.924145,3,Dress,UMAP
4.745547,4.0736394,6,Shirt,UMAP
0.9156945,6.649913,2,Pullover,UMAP
4.9743776,7.294433,4,Coat,UMAP
2.2353606,4.9482117,2,Pullover,UMAP
4.291817,5.336613,8,Bag,UMAP
6.1757317,4.9738855,0,T-shirt/top,UMAP
3.2189345,2.0932598,9,Ankle boot,UMAP
0.9013893,4.226296,9,Ankle boot,UMAP
7.0735707,7.647626,6,Shirt,UMAP
3.6553888,7.117989,4,Coat,UMAP
4.45451,6.9501853,1,Trouser,UMAP
3.5222843,5.2447057,4,Coat,UMAP
0.39878595,4.4408355,0,T-shirt/top,UMAP
2.0195746,7.772537,8,Bag,UMAP
1.2204635,3.7831793,4,Coat,UMAP
5.335794,3.5386808,6,Shirt,UMAP
5.2311482,3.201976,7,Sneaker,UMAP
5.0377593,7.7511225,9,Ankle boot,UMAP
1.1797204,6.922888,8,Bag,UMAP
2.4389067,7.537885,5,Sandal,UMAP
2.3340805,4.4438434,3,Dress,UMAP
0.27692625,4.692144,0,T-shirt/top,UMAP
5.0662904,1.753306,6,Shirt,UMAP
2.6506658,2.1426008,4,Coat,UMAP
6.4730816,4.375474,2,Pullover,UMAP
4.342421,7.4292345,8,Bag,UMAP
3.0272586,6.026101,3,Dress,UMAP
3.6022682,6.9349613,2,Pullover,UMAP
3.1140356,7.3740335,1,Trouser,UMAP
2.414012,5.8445253,9,Ankle boot,UMAP
7.617311,6.528001,1,Trouser,UMAP
1.0633249,4.137206,9,Ankle boot,UMAP
5.230921,7.230796,0,T-shirt/top,UMAP
1.9951121,6.8580494,4,Coat,UMAP
0.895858,5.0980763,3,Dress,UMAP
2.1586683,3.6330025,5,Sandal,UMAP
4.81573,1.6965736,4,Coat,UMAP
2.6229618,7.7442627,8,Bag,UMAP
6.0407715,5.0968385,6,Shirt,UMAP
7.004477,4.3307447,7,Sneaker,UMAP
3.0251544,2.4670749,7,Sneaker,UMAP
3.2162507,5.44005,1,Trouser,UMAP
4.7903137,6.670116,0,T-shirt/top,UMAP
6.933715,7.4896345,7,Sneaker,UMAP
0.5391946,5.092864,3,Dress,UMAP
7.0895596,4.706538,2,Pullover,UMAP
5.0363026,2.3962917,0,T-shirt/top,UMAP
3.6840167,3.2458582,8,Bag,UMAP
1.125496,7.6256905,6,Shirt,UMAP
2.3544037,3.7424004,2,Pullover,UMAP
1.0024399,4.9277644,0,T-shirt/top,UMAP
3.7830625,4.5575686,1,Trouser,UMAP
3.216743,2.5912144,8,Bag,UMAP
5.7359047,8.102266,3,Dress,UMAP
6.6055155,7.7004395,0,T-shirt/top,UMAP
1.7129308,6.4909096,6,Shirt,UMAP
2.4866314,2.401397,8,Bag,UMAP
3.5829358,5.5684767,8,Bag,UMAP
7.1121335,3.8676605,4,Coat,UMAP
2.7836032,6.733567,5,Sandal,UMAP
0.5791839,3.5540035,9,Ankle boot,UMAP
5.5343018,5.436136,3,Dress,UMAP
6.2645164,3.9436417,8,Bag,UMAP
5.4957104,7.8589363,0,T-shirt/top,UMAP
5.161717,2.4654164,7,Sneaker,UMAP
3.9162214,8.55472,2,Pullover,UMAP
2.763467,5.28227,3,Dress,UMAP
5.777179,3.3001435,5,Sandal,UMAP
5.692494,4.7909265,0,T-shirt/top,UMAP
5.015162,3.179338,4,Coat,UMAP
2.208867,2.6164927,0,T-shirt/top,UMAP
1.829936,3.0476694,5,Sandal,UMAP
2.5090833,7.9520183,2,Pullover,UMAP
3.2365506,3.5891955,9,Ankle boot,UMAP
3.5168824,3.689577,8,Bag,UMAP
3.9633353,4.1836443,5,Sandal,UMAP
1.8386077,8.156706,5,Sandal,UMAP
3.460738,6.1367416,9,Ankle boot,UMAP
3.068931,5.0679607,3,Dress,UMAP
1.2383757,5.1683526,1,Trouser,UMAP
6.844688,6.806259,1,Trouser,UMAP
5.1144886,6.953673,4,Coat,UMAP
3.197969,5.331781,4,Coat,UMAP
3.4621108,5.5967574,1,Trouser,UMAP
4.2373424,7.2530885,3,Dress,UMAP
0.95631456,3.9795778,5,Sandal,UMAP
1.6828166,4.8251076,0,T-shirt/top,UMAP
5.0045676,7.695818,0,T-shirt/top,UMAP
5.9897294,8.024724,3,Dress,UMAP
7.170389,7.5636506,0,T-shirt/top,UMAP
5.9152412,2.9824777,5,Sandal,UMAP
6.400922,7.804918,6,Shirt,UMAP
2.4226859,6.6486073,7,Sneaker,UMAP
4.82589,2.0229125,3,Dress,UMAP
5.721272,3.9605498,7,Sneaker,UMAP
0.07373176,4.5626183,0,T-shirt/top,UMAP
0.79900783,4.4413795,5,Sandal,UMAP
5.3482513,2.8358564,0,T-shirt/top,UMAP
2.789074,1.9897461,2,Pullover,UMAP
2.7524793,3.788222,8,Bag,UMAP
5.060359,8.10105,5,Sandal,UMAP
3.0876696,7.8825045,6,Shirt,UMAP
6.211838,4.20174,2,Pullover,UMAP
4.4104104,7.626048,0,T-shirt/top,UMAP
2.6927662,5.217502,9,Ankle boot,UMAP
5.9202375,8.146199,5,Sandal,UMAP
1.3258682,6.400577,3,Dress,UMAP
0.7111672,3.388645,0,T-shirt/top,UMAP
4.3171587,2.5175333,6,Shirt,UMAP
3.7884848,3.5500827,5,Sandal,UMAP
3.2002354,6.7411942,8,Bag,UMAP
2.5144913,2.2682066,8,Bag,UMAP
3.9108944,5.2544723,3,Dress,UMAP
3.0458312,2.2893074,0,T-shirt/top,UMAP
3.153261,3.5355718,8,Bag,UMAP
2.6764467,5.580731,4,Coat,UMAP
4.3480644,1.9442524,2,Pullover,UMAP
0.058876622,4.429548,4,Coat,UMAP
2.4921257,7.372003,6,Shirt,UMAP
4.2583895,6.664026,3,Dress,UMAP
0.94124186,4.5978394,7,Sneaker,UMAP
4.6213913,2.804427,5,Sandal,UMAP
5.3890786,6.401898,3,Dress,UMAP
3.0034964,2.90433,8,Bag,UMAP
1.8679698,6.059748,3,Dress,UMAP
1.9852402,6.603124,4,Coat,UMAP
3.0153232,6.938045,8,Bag,UMAP
5.804111,3.3252547,8,Bag,UMAP
1.7581975,3.3186188,7,Sneaker,UMAP
4.74114,7.358666,7,Sneaker,UMAP
3.75856,6.200838,7,Sneaker,UMAP
6.862791,4.715104,8,Bag,UMAP
5.9148765,3.1580112,5,Sandal,UMAP
2.8424792,7.6802216,6,Shirt,UMAP
5.64326,3.7161148,1,Trouser,UMAP
2.0077157,5.9388924,0,T-shirt/top,UMAP
2.140249,3.8865244,8,Bag,UMAP
2.5869076,5.287324,4,Coat,UMAP
3.400759,7.4506483,1,Trouser,UMAP
3.6115837,3.410396,8,Bag,UMAP
3.9382732,5.173279,7,Sneaker,UMAP
1.1558495,5.978509,6,Shirt,UMAP
6.95597,4.368692,0,T-shirt/top,UMAP
0.32490793,4.564143,5,Sandal,UMAP
0.71270066,5.8230476,9,Ankle boot,UMAP
6.441403,6.551185,6,Shirt,UMAP
4.594985,3.216312,7,Sneaker,UMAP
4.4303346,7.183607,8,Bag,UMAP
5.8751454,8.089736,6,Shirt,UMAP
2.9042788,2.3772655,7,Sneaker,UMAP
6.7064304,7.729019,4,Coat,UMAP
0.6043187,6.063788,7,Sneaker,UMAP
5.0259957,2.075004,5,Sandal,UMAP
4.2015076,1.7743912,2,Pullover,UMAP
1.0415403,6.0364847,8,Bag,UMAP
6.809404,3.2296586,1,Trouser,UMAP
5.7382817,2.4853036,9,Ankle boot,UMAP
6.4653125,7.3973193,0,T-shirt/top,UMAP
4.9698873,5.2889094,3,Dress,UMAP
0.61992913,6.2535133,7,Sneaker,UMAP
4.1965423,1.7395487,2,Pullover,UMAP
3.0080833,5.067715,0,T-shirt/top,UMAP
5.303791,1.7983592,2,Pullover,UMAP
4.127817,8.550966,2,Pullover,UMAP
3.4204876,3.773172,8,Bag,UMAP
6.0354013,3.2696416,1,Trouser,UMAP
6.2623215,4.119402,2,Pullover,UMAP
0.33862132,4.5645604,2,Pullover,UMAP
4.3182397,5.322994,9,Ankle boot,UMAP
2.630451,4.869803,4,Coat,UMAP
6.255721,6.242305,6,Shirt,UMAP
1.1480914,6.8161826,1,Trouser,UMAP
3.7526844,1.8483113,2,Pullover,UMAP
1.7824568,6.3144712,1,Trouser,UMAP
3.6198893,4.866986,0,T-shirt/top,UMAP
5.9220934,7.6372175,6,Shirt,UMAP
1.7170722,8.002815,4,Coat,UMAP
7.1785216,3.3133297,5,Sandal,UMAP
4.2998133,5.964155,2,Pullover,UMAP
2.5472567,2.9773886,8,Bag,UMAP
3.7171493,3.22749,7,Sneaker,UMAP
5.0071654,8.206281,9,Ankle boot,UMAP
3.9757078,2.1720316,4,Coat,UMAP
1.210495,6.292081,2,Pullover,UMAP
2.368362,2.1721578,6,Shirt,UMAP
6.8711143,2.8613746,5,Sandal,UMAP
5.0441527,8.215002,4,Coat,UMAP
7.5115905,6.8183165,6,Shirt,UMAP
6.705218,3.352092,8,Bag,UMAP
3.7197611,4.131417,9,Ankle boot,UMAP
4.983703,4.3671694,2,Pullover,UMAP
2.390664,2.7235134,9,Ankle boot,UMAP
5.84376,2.976607,0,T-shirt/top,UMAP
3.3327408,4.849146,2,Pullover,UMAP
7.207032,4.479446,8,Bag,UMAP
3.5888736,4.8803406,6,Shirt,UMAP
1.0903049,3.8300633,2,Pullover,UMAP
4.139082,5.9331436,4,Coat,UMAP
6.6544175,5.702338,1,Trouser,UMAP
2.24269,6.0674815,5,Sandal,UMAP
6.2896557,8.060372,2,Pullover,UMAP
6.8756256,2.8488078,5,Sandal,UMAP
5.9761124,6.3050766,1,Trouser,UMAP
2.3180983,6.457984,5,Sandal,UMAP
0.11572649,3.7031174,6,Shirt,UMAP
6.015263,8.103536,1,Trouser,UMAP
4.0972276,8.486852,3,Dress,UMAP
0.9262899,6.715499,8,Bag,UMAP
1.1379725,5.311144,2,Pullover,UMAP
7.046087,5.0292754,0,T-shirt/top,UMAP
2.8026135,5.838783,2,Pullover,UMAP
6.488418,8.172637,4,Coat,UMAP
4.1113367,3.943484,0,T-shirt/top,UMAP
1.5112427,4.3459983,2,Pullover,UMAP
1.236639,5.818875,3,Dress,UMAP
0.24265027,5.3764534,6,Shirt,UMAP
2.8771584,4.4136767,9,Ankle boot,UMAP
0.92800856,4.5516343,5,Sandal,UMAP
0.8261123,4.2454915,0,T-shirt/top,UMAP
5.833534,8.013955,0,T-shirt/top,UMAP
7.0579476,4.475509,8,Bag,UMAP
4.670752,1.7677689,6,Shirt,UMAP
6.0771594,8.1835165,0,T-shirt/top,UMAP
6.5153894,3.5164254,7,Sneaker,UMAP
6.870014,3.298765,1,Trouser,UMAP
4.0599523,5.8593903,7,Sneaker,UMAP
3.563838,2.3546166,8,Bag,UMAP
0.8465185,6.559074,8,Bag,UMAP
0.7306231,5.5549045,4,Coat,UMAP
6.6414723,7.792145,1,Trouser,UMAP
2.0548408,4.781863,8,Bag,UMAP
2.908258,7.2854323,4,Coat,UMAP
1.3239917,4.902268,6,Shirt,UMAP
2.7402005,6.743366,5,Sandal,UMAP
5.540171,7.748781,9,Ankle boot,UMAP
5.4286847,5.1044335,2,Pullover,UMAP
6.339017,6.1431394,1,Trouser,UMAP
0.63677436,3.4914765,1,Trouser,UMAP
7.4021144,3.1057525,5,Sandal,UMAP
4.133815,3.8274064,5,Sandal,UMAP
6.188443,4.709312,3,Dress,UMAP
2.968252,2.7961454,2,Pullover,UMAP
4.4985523,1.936427,6,Shirt,UMAP
5.411646,3.745195,7,Sneaker,UMAP
0.22902445,3.640224,3,Dress,UMAP
0.8732532,4.924447,7,Sneaker,UMAP
1.9386668,4.7863035,8,Bag,UMAP
6.6691904,7.5772667,0,T-shirt/top,UMAP
3.6830008,7.0355663,6,Shirt,UMAP
7.3193593,4.575038,1,Trouser,UMAP
5.1294875,4.0829477,1,Trouser,UMAP
4.297294,2.6002486,2,Pullover,UMAP
3.7930484,6.4912705,4,Coat,UMAP
1.8168606,5.85858,3,Dress,UMAP
4.4282823,7.282361,6,Shirt,UMAP
6.378472,4.8606286,6,Shirt,UMAP
2.5758462,2.9782183,9,Ankle boot,UMAP
1.8894204,3.6880991,0,T-shirt/top,UMAP
5.801635,7.243357,3,Dress,UMAP
1.9547647,4.0926003,2,Pullover,UMAP
4.176409,3.1106613,4,Coat,UMAP
1.9662886,6.620918,8,Bag,UMAP
0.68352896,6.048085,4,Coat,UMAP
4.3166757,3.465989,7,Sneaker,UMAP
3.6894805,2.866703,1,Trouser,UMAP
4.310679,7.753829,9,Ankle boot,UMAP
3.6873648,3.105225,8,Bag,UMAP
3.6064968,2.2688138,9,Ankle boot,UMAP
1.7063705,7.4148583,1,Trouser,UMAP
4.5722685,3.7124286,2,Pullover,UMAP
3.6360717,4.8368254,1,Trouser,UMAP
2.1793551,3.9032567,9,Ankle boot,UMAP
3.966952,8.65579,9,Ankle boot,UMAP
6.250396,6.7839856,1,Trouser,UMAP
5.0489717,5.046483,6,Shirt,UMAP
2.249527,5.6010423,6,Shirt,UMAP
2.1543353,7.5406113,8,Bag,UMAP
0.76588213,4.4239035,5,Sandal,UMAP
1.8138437,6.043527,2,Pullover,UMAP
1.0862702,3.8963752,9,Ankle boot,UMAP
6.1419835,7.126888,0,T-shirt/top,UMAP
1.9593561,4.260463,5,Sandal,UMAP
6.245387,4.1486955,4,Coat,UMAP
2.0190866,6.0932274,4,Coat,UMAP
5.393915,5.842785,4,Coat,UMAP
1.7773559,4.619877,6,Shirt,UMAP
6.9467435,3.131075,3,Dress,UMAP
1.5689578,5.054585,2,Pullover,UMAP
4.6529408,5.116036,2,Pullover,UMAP
4.789255,3.7527795,5,Sandal,UMAP
2.2009895,3.9014237,9,Ankle boot,UMAP
4.5325055,2.0488696,7,Sneaker,UMAP
1.81798,4.1389694,6,Shirt,UMAP
5.7916884,2.7911017,1,Trouser,UMAP
2.0172627,6.4135103,3,Dress,UMAP
6.8665075,2.8589888,5,Sandal,UMAP
3.0041451,5.988439,9,Ankle boot,UMAP
3.9273288,5.103635,6,Shirt,UMAP
5.7148952,3.4489284,4,Coat,UMAP
4.330384,2.3415234,6,Shirt,UMAP
1.7505665,5.362588,6,Shirt,UMAP
1.5872176,6.2330875,5,Sandal,UMAP
2.9669771,2.1040542,9,Ankle boot,UMAP
5.9255457,8.267911,3,Dress,UMAP
7.1133013,4.571477,3,Dress,UMAP
7.280364,3.4614878,4,Coat,UMAP
7.317515,7.1583724,6,Shirt,UMAP
0.1427409,3.6099634,2,Pullover,UMAP
7.167752,7.511112,0,T-shirt/top,UMAP
2.5180995,6.3838453,3,Dress,UMAP
7.296023,5.575112,3,Dress,UMAP
2.5611477,6.8314757,8,Bag,UMAP
5.7769995,5.0246687,0,T-shirt/top,UMAP
6.8299594,4.2641134,7,Sneaker,UMAP
4.9181447,5.2965636,2,Pullover,UMAP
1.0726126,5.7826667,6,Shirt,UMAP
4.131053,2.4906998,4,Coat,UMAP
4.565753,8.153098,4,Coat,UMAP
1.5511992,4.5807724,2,Pullover,UMAP
3.4177082,5.2628345,4,Coat,UMAP
2.358698,7.77012,6,Shirt,UMAP
6.8483934,2.9989355,5,Sandal,UMAP
1.8435838,6.4795556,8,Bag,UMAP
5.1355877,8.065485,5,Sandal,UMAP
3.3105135,5.7151494,5,Sandal,UMAP
5.8342576,7.4744635,6,Shirt,UMAP
0.8847928,3.696401,5,Sandal,UMAP
5.4956064,3.1475458,6,Shirt,UMAP
2.986218,6.916263,6,Shirt,UMAP
2.5660188,2.4121113,8,Bag,UMAP
6.087824,2.8579757,1,Trouser,UMAP
7.450249,3.0477662,3,Dress,UMAP
1.7972875,6.6472473,2,Pullover,UMAP
2.518094,7.7692995,5,Sandal,UMAP
6.5804586,5.280027,7,Sneaker,UMAP
5.6823497,3.0352404,0,T-shirt/top,UMAP
1.2249471,5.531631,2,Pullover,UMAP
6.3186493,4.4142594,4,Coat,UMAP
2.2133462,4.698903,3,Dress,UMAP
3.82679,5.4733963,2,Pullover,UMAP
3.6595855,7.347097,4,Coat,UMAP
4.8763137,4.564046,3,Dress,UMAP
2.212467,7.197136,2,Pullover,UMAP
6.043099,7.1153474,3,Dress,UMAP
2.1781907,8.008329,2,Pullover,UMAP
1.7229236,6.5827346,2,Pullover,UMAP
4.2300663,7.103903,1,Trouser,UMAP
4.0606036,2.9065235,8,Bag,UMAP
3.4090872,4.7262053,5,Sandal,UMAP
4.915378,3.0247233,7,Sneaker,UMAP
5.310549,8.241815,9,Ankle boot,UMAP
3.455202,3.8368697,7,Sneaker,UMAP
3.4692478,2.7860444,9,Ankle boot,UMAP
5.8525505,7.046748,3,Dress,UMAP
0.99996805,3.5104046,0,T-shirt/top,UMAP
5.2936187,1.8619772,2,Pullover,UMAP
6.4382763,7.0783668,0,T-shirt/top,UMAP
4.438302,3.3320198,7,Sneaker,UMAP
4.262293,5.499529,8,Bag,UMAP
7.351222,6.92888,1,Trouser,UMAP
6.0061054,8.280736,0,T-shirt/top,UMAP
4.2006464,4.3821797,6,Shirt,UMAP
5.714576,3.8209603,7,Sneaker,UMAP
3.2655237,5.6529474,8,Bag,UMAP
6.9439054,4.1675353,8,Bag,UMAP
1.7955146,2.8990486,6,Shirt,UMAP
0.81974524,5.3873677,0,T-shirt/top,UMAP
3.3812358,4.662049,6,Shirt,UMAP
6.43435,6.630883,1,Trouser,UMAP
1.8835816,3.3635113,4,Coat,UMAP
3.0100307,7.1328864,5,Sandal,UMAP
4.441166,5.7972045,3,Dress,UMAP
3.096069,3.4945385,8,Bag,UMAP
2.462853,7.0171432,8,Bag,UMAP
2.7418804,2.0348318,6,Shirt,UMAP
4.7051744,6.5703735,9,Ankle boot,UMAP
1.6963724,7.2006516,9,Ankle boot,UMAP
3.2730224,5.606527,4,Coat,UMAP
2.6006582,3.2125785,8,Bag,UMAP
3.2245815,7.8196273,3,Dress,UMAP
6.475817,4.8716373,6,Shirt,UMAP
3.4758642,7.3535857,1,Trouser,UMAP
3.124167,3.5489163,0,T-shirt/top,UMAP
3.7456188,2.3120046,2,Pullover,UMAP
2.425875,7.141992,1,Trouser,UMAP
7.260867,6.8192964,1,Trouser,UMAP
6.614589,6.648096,1,Trouser,UMAP
6.4806347,8.141125,3,Dress,UMAP
0.537072,4.1551385,9,Ankle boot,UMAP
5.9606705,6.9609222,1,Trouser,UMAP
1.4289945,5.7248297,3,Dress,UMAP
3.1466854,7.5008473,8,Bag,UMAP
1.2004107,6.978106,3,Dress,UMAP
6.3812056,5.055243,1,Trouser,UMAP
3.0495787,7.445644,1,Trouser,UMAP
4.381835,4.68371,1,Trouser,UMAP
0.99819285,6.909293,2,Pullover,UMAP
4.5680227,2.2408428,1,Trouser,UMAP
7.105725,4.9239173,3,Dress,UMAP
3.873008,6.82656,9,Ankle boot,UMAP
3.8665445,6.519608,0,T-shirt/top,UMAP
5.625144,6.8858466,0,T-shirt/top,UMAP
0.8807341,4.560084,7,Sneaker,UMAP
1.343673,7.271595,7,Sneaker,UMAP
1.4987916,7.8869166,9,Ankle boot,UMAP
3.6188786,7.251219,4,Coat,UMAP
0.8467641,6.815633,1,Trouser,UMAP
4.893424,6.7524137,0,T-shirt/top,UMAP
5.353134,8.067026,0,T-shirt/top,UMAP
0.33790138,4.453328,3,Dress,UMAP
6.292656,3.9416518,7,Sneaker,UMAP
1.3087937,3.656533,5,Sandal,UMAP
3.5912366,5.2831626,9,Ankle boot,UMAP
5.048808,1.8773363,3,Dress,UMAP
4.141749,7.764506,3,Dress,UMAP
0.61970514,5.6870956,7,Sneaker,UMAP
4.9410176,7.0602536,9,Ankle boot,UMAP
3.3271499,6.746152,5,Sandal,UMAP
0.06805327,5.016555,1,Trouser,UMAP
5.994884,8.15292,0,T-shirt/top,UMAP
6.7971683,4.7564607,3,Dress,UMAP
1.7108324,5.6747785,3,Dress,UMAP
4.75235,4.064426,0,T-shirt/top,UMAP
6.297437,6.873805,3,Dress,UMAP
4.922361,6.953724,0,T-shirt/top,UMAP
4.915618,2.7468626,1,Trouser,UMAP
4.051954,4.2745976,9,Ankle boot,UMAP
0.64117163,6.2759953,0,T-shirt/top,UMAP
4.327647,3.686186,2,Pullover,UMAP
6.777902,3.5010731,6,Shirt,UMAP
0.53323454,5.6187143,7,Sneaker,UMAP
6.5604167,4.831892,3,Dress,UMAP
7.6659193,6.5874457,1,Trouser,UMAP
7.2960773,3.4247005,5,Sandal,UMAP
1.8348054,5.8339853,0,T-shirt/top,UMAP
0.40328556,3.8029773,2,Pullover,UMAP
3.9421265,8.591466,2,Pullover,UMAP
6.3423266,3.9295852,7,Sneaker,UMAP
5.53372,3.4112177,7,Sneaker,UMAP
1.834891,4.172689,2,Pullover,UMAP
7.139636,7.0476303,1,Trouser,UMAP
6.211098,4.7422366,8,Bag,UMAP
2.4590688,4.8746448,9,Ankle boot,UMAP
0.7979192,3.940967,6,Shirt,UMAP
5.982251,6.9091096,3,Dress,UMAP
1.7555342,8.165779,4,Coat,UMAP
2.1175778,3.2445848,9,Ankle boot,UMAP
1.8664117,5.5113,9,Ankle boot,UMAP
5.667823,4.10254,7,Sneaker,UMAP
0.6372491,4.0241947,4,Coat,UMAP
1.9861482,7.2377496,5,Sandal,UMAP
4.844112,6.1698313,8,Bag,UMAP
2.3666394,3.5982025,9,Ankle boot,UMAP
7.203155,4.4378276,8,Bag,UMAP
1.1634393,5.193411,9,Ankle boot,UMAP
1.0725757,3.783451,6,Shirt,UMAP
4.103088,6.7106166,9,Ankle boot,UMAP
2.9206936,4.9851813,0,T-shirt/top,UMAP
1.714964,4.2607327,6,Shirt,UMAP
5.881546,6.0314817,0,T-shirt/top,UMAP
2.9356012,3.4551504,5,Sandal,UMAP
4.589979,4.4688735,6,Shirt,UMAP
2.697009,2.7171178,5,Sandal,UMAP
1.6736951,6.0603914,2,Pullover,UMAP
4.67073,7.149758,8,Bag,UMAP
4.522957,2.814223,4,Coat,UMAP
5.773714,7.4152164,0,T-shirt/top,UMAP
4.928608,8.275086,3,Dress,UMAP
7.069383,4.692426,3,Dress,UMAP
2.3834565,2.8220668,9,Ankle boot,UMAP
6.773602,5.0283265,8,Bag,UMAP
2.7202458,2.0401094,4,Coat,UMAP
0.058244724,4.435269,6,Shirt,UMAP
4.499038,5.8641963,0,T-shirt/top,UMAP
4.9729457,5.2302403,2,Pullover,UMAP
3.9799678,7.8994293,8,Bag,UMAP
0.70613176,5.630548,1,Trouser,UMAP
3.2622383,6.8704,0,T-shirt/top,UMAP
4.1042395,6.138399,3,Dress,UMAP
1.7681017,7.4147987,8,Bag,UMAP
6.1850986,4.376642,0,T-shirt/top,UMAP
1.4310759,4.291127,2,Pullover,UMAP
2.0460238,6.7233777,8,Bag,UMAP
5.100616,1.8963634,6,Shirt,UMAP
5.9512906,6.259781,1,Trouser,UMAP
1.9595668,4.529638,3,Dress,UMAP
2.5566096,4.0448413,0,T-shirt/top,UMAP
3.2287996,3.3931203,8,Bag,UMAP
2.7412772,2.8089974,4,Coat,UMAP
3.6076465,3.3857117,9,Ankle boot,UMAP
2.4812465,7.8071346,5,Sandal,UMAP
7.0008316,4.5364885,8,Bag,UMAP
2.8064659,2.8741994,4,Coat,UMAP
1.9675734,7.784728,8,Bag,UMAP
3.7445896,7.3122025,0,T-shirt/top,UMAP
3.6037142,7.5362043,3,Dress,UMAP
2.9912846,4.0460567,9,Ankle boot,UMAP
5.2454205,7.61433,6,Shirt,UMAP
6.8511567,4.954353,8,Bag,UMAP
4.890711,5.263736,2,Pullover,UMAP
0.4656782,3.43981,3,Dress,UMAP
6.5851984,5.2701526,7,Sneaker,UMAP
2.6969123,6.917855,8,Bag,UMAP
5.967689,5.2957935,1,Trouser,UMAP
0.5947927,6.069569,1,Trouser,UMAP
2.6517813,6.2316027,8,Bag,UMAP
1.4687567,4.407435,6,Shirt,UMAP
4.9299183,5.121961,3,Dress,UMAP
2.8788664,2.1145115,4,Coat,UMAP
4.9531617,2.1166632,2,Pullover,UMAP
6.334251,5.2620673,7,Sneaker,UMAP
1.3245608,6.5396514,2,Pullover,UMAP
3.2363079,3.5486124,8,Bag,UMAP
4.4565706,7.203799,6,Shirt,UMAP
6.4194207,3.5360124,7,Sneaker,UMAP
2.795162,6.882176,8,Bag,UMAP
6.8609343,3.9339764,3,Dress,UMAP
1.1063341,7.0037766,4,Coat,UMAP
1.9338046,7.815612,4,Coat,UMAP
1.3703196,6.350222,9,Ankle boot,UMAP
2.0425153,6.2595444,5,Sandal,UMAP
4.507625,6.625289,3,Dress,UMAP
3.6971042,8.684902,5,Sandal,UMAP
6.415909,5.5353036,0,T-shirt/top,UMAP
3.8022742,4.837375,2,Pullover,UMAP
5.441885,6.0273557,4,Coat,UMAP
2.7596614,2.4984221,8,Bag,UMAP
4.393131,5.9194126,6,Shirt,UMAP
3.9756644,2.554237,7,Sneaker,UMAP
0.2810729,4.716265,3,Dress,UMAP
7.27551,6.9873013,1,Trouser,UMAP
4.2879496,4.26081,2,Pullover,UMAP
3.2892017,6.441517,9,Ankle boot,UMAP
2.9364507,6.6935434,0,T-shirt/top,UMAP
1.9217685,7.718148,8,Bag,UMAP
2.6909199,5.782857,9,Ankle boot,UMAP
1.5397307,3.5067177,6,Shirt,UMAP
5.3215137,5.179066,4,Coat,UMAP
1.531494,6.392061,2,Pullover,UMAP
4.2857847,2.087339,2,Pullover,UMAP
1.2634181,5.668281,2,Pullover,UMAP
3.4708798,6.158013,8,Bag,UMAP
5.1292253,8.058679,9,Ankle boot,UMAP
7.3414087,7.068088,6,Shirt,UMAP
6.317772,7.090124,1,Trouser,UMAP
2.07175,7.2421217,1,Trouser,UMAP
2.1755266,2.441029,8,Bag,UMAP
3.5477078,5.2243285,5,Sandal,UMAP
1.7201246,5.5332756,9,Ankle boot,UMAP
2.5781775,4.2158985,5,Sandal,UMAP
2.3608575,2.5685263,8,Bag,UMAP
3.9030232,6.770443,9,Ankle boot,UMAP
2.61033,4.828571,1,Trouser,UMAP
3.4703138,4.915303,7,Sneaker,UMAP
3.4715126,5.610799,0,T-shirt/top,UMAP
5.8381615,7.190172,6,Shirt,UMAP
5.2891746,4.6860123,1,Trouser,UMAP
2.7733119,8.395456,6,Shirt,UMAP
2.1161468,2.9037163,9,Ankle boot,UMAP
6.9254475,4.517961,8,Bag,UMAP
0.6029891,4.0036006,6,Shirt,UMAP
0.6739549,6.2021475,7,Sneaker,UMAP
7.076571,4.2017827,3,Dress,UMAP
3.0226383,3.8388429,8,Bag,UMAP
3.60187,3.6677501,8,Bag,UMAP
1.1272231,4.5426235,9,Ankle boot,UMAP
3.2419548,2.7198522,9,Ankle boot,UMAP
6.249345,5.576703,2,Pullover,UMAP
2.258683,7.186357,5,Sandal,UMAP
1.8473775,6.6552567,8,Bag,UMAP
2.1537607,4.9796686,0,T-shirt/top,UMAP
2.7724612,4.849282,2,Pullover,UMAP
6.437421,3.2958553,5,Sandal,UMAP
2.9323997,7.880358,8,Bag,UMAP
7.1081595,4.6292095,8,Bag,UMAP
4.825886,1.799101,7,Sneaker,UMAP
6.5178905,7.819208,4,Coat,UMAP
3.1234148,6.7969265,1,Trouser,UMAP
3.5531206,7.6221795,1,Trouser,UMAP
4.863576,1.7007838,2,Pullover,UMAP
2.829211,5.5102406,7,Sneaker,UMAP
1.4163533,5.5565615,8,Bag,UMAP
4.9706645,3.2514098,7,Sneaker,UMAP
2.6287236,2.428343,7,Sneaker,UMAP
2.5861733,3.9782174,5,Sandal,UMAP
6.9524245,2.89743,5,Sandal,UMAP
4.446519,6.8810735,9,Ankle boot,UMAP
5.7987275,3.2670934,5,Sandal,UMAP
3.2818055,4.7939343,8,Bag,UMAP
3.7935512,5.7955356,9,Ankle boot,UMAP
2.9841049,5.094908,0,T-shirt/top,UMAP
4.3563447,2.2775893,4,Coat,UMAP
1.9927189,5.6981645,4,Coat,UMAP
3.4234288,2.4418325,9,Ankle boot,UMAP
2.5616481,3.164636,9,Ankle boot,UMAP
5.054158,1.6717995,6,Shirt,UMAP
5.647709,7.869682,9,Ankle boot,UMAP
7.4227595,3.0786126,5,Sandal,UMAP
3.3098943,6.0521593,7,Sneaker,UMAP
5.922094,3.6772707,4,Coat,UMAP
1.0918359,5.376623,0,T-shirt/top,UMAP
1.2202393,3.486612,5,Sandal,UMAP
0.33273637,4.214226,4,Coat,UMAP
6.773818,4.357596,6,Shirt,UMAP
4.3089824,2.4287868,2,Pullover,UMAP
1.0107439,6.6037316,2,Pullover,UMAP
0.5183043,5.02527,1,Trouser,UMAP
5.002238,2.0034056,3,Dress,UMAP
4.7086673,4.375656,7,Sneaker,UMAP
6.3272843,4.2637734,7,Sneaker,UMAP
4.900618,7.4418855,9,Ankle boot,UMAP
2.7399518,4.7583017,8,Bag,UMAP
1.8798263,3.3964806,8,Bag,UMAP
4.1588154,5.8541484,3,Dress,UMAP
5.441707,8.133012,6,Shirt,UMAP
2.0851452,7.03542,5,Sandal,UMAP
6.390542,3.9231482,7,Sneaker,UMAP
4.9307327,1.7099015,3,Dress,UMAP
4.318096,5.5866175,4,Coat,UMAP
3.2460933,4.5777535,3,Dress,UMAP
3.2119498,2.1210604,5,Sandal,UMAP
2.548414,2.111207,4,Coat,UMAP
6.405197,5.2672167,3,Dress,UMAP
6.300861,8.21338,0,T-shirt/top,UMAP
4.3668523,5.533468,4,Coat,UMAP
3.0854104,5.0477996,6,Shirt,UMAP
6.145153,4.1732373,7,Sneaker,UMAP
4.468616,3.5239816,7,Sneaker,UMAP
3.2138255,8.559142,6,Shirt,UMAP
3.0367215,2.1696122,4,Coat,UMAP
7.0445476,6.789341,6,Shirt,UMAP
4.763988,6.2784047,3,Dress,UMAP
4.565359,7.7517185,0,T-shirt/top,UMAP
6.8697214,5.2313237,4,Coat,UMAP
2.5709724,5.4952016,9,Ankle boot,UMAP
3.0719676,5.066982,0,T-shirt/top,UMAP
5.3508973,7.375727,6,Shirt,UMAP
1.7900597,3.5068274,1,Trouser,UMAP
1.5917865,6.2880745,2,Pullover,UMAP
1.8784307,6.8309197,2,Pullover,UMAP
4.039133,2.1240287,6,Shirt,UMAP
0.89124525,4.116874,3,Dress,UMAP
4.2520847,5.6237183,6,Shirt,UMAP
3.2667058,5.912927,9,Ankle boot,UMAP
4.8982506,7.4372015,0,T-shirt/top,UMAP
4.6722646,7.7520547,6,Shirt,UMAP
1.0259334,4.4408927,2,Pullover,UMAP
2.9123917,3.5718865,9,Ankle boot,UMAP
4.7475867,4.823451,3,Dress,UMAP
3.143969,2.8863091,5,Sandal,UMAP
6.602011,5.701197,1,Trouser,UMAP
2.83352,5.783273,7,Sneaker,UMAP
4.352272,4.725042,3,Dress,UMAP
6.5380316,5.7402534,3,Dress,UMAP
2.065977,7.794421,5,Sandal,UMAP
5.977279,6.915486,0,T-shirt/top,UMAP
6.4543285,4.6929636,7,Sneaker,UMAP
3.408398,4.372275,7,Sneaker,UMAP
1.5580832,3.0914001,7,Sneaker,UMAP
4.3737164,5.953352,0,T-shirt/top,UMAP
5.055684,2.8321385,7,Sneaker,UMAP
5.7787666,5.106598,6,Shirt,UMAP
2.8333175,5.583848,7,Sneaker,UMAP
6.441406,8.157379,3,Dress,UMAP
3.3010628,5.5661154,3,Dress,UMAP
2.75948,5.705167,0,T-shirt/top,UMAP
1.2753605,6.0517206,8,Bag,UMAP
2.8614743,4.8951507,5,Sandal,UMAP
3.6224842,6.933412,8,Bag,UMAP
4.045937,3.4468515,8,Bag,UMAP
4.491416,6.694334,4,Coat,UMAP
1.1075138,7.0184436,7,Sneaker,UMAP
0.32324636,5.758918,6,Shirt,UMAP
3.5686145,7.334317,6,Shirt,UMAP
5.9989843,4.62088,3,Dress,UMAP
4.448384,1.8899733,2,Pullover,UMAP
6.4021907,7.3262653,1,Trouser,UMAP
1.2637193,3.800926,2,Pullover,UMAP
5.9673514,4.3899207,7,Sneaker,UMAP
0.7276524,4.1590495,5,Sandal,UMAP
5.65258,6.317429,9,Ankle boot,UMAP
4.3866267,8.394993,2,Pullover,UMAP
1.4678992,6.8735013,8,Bag,UMAP
5.0849714,5.9894786,5,Sandal,UMAP
3.2772853,3.6078184,6,Shirt,UMAP
5.497318,3.6177533,4,Coat,UMAP
6.260131,6.419199,4,Coat,UMAP
4.3999934,4.5529656,1,Trouser,UMAP
2.1041806,2.4861608,8,Bag,UMAP
4.9066877,6.642972,0,T-shirt/top,UMAP
1.0676938,4.7055006,7,Sneaker,UMAP
4.1159344,3.5555387,5,Sandal,UMAP
5.0361567,1.8197397,6,Shirt,UMAP
3.0306492,3.6838028,8,Bag,UMAP
4.1596036,5.428437,5,Sandal,UMAP
3.0934353,7.7260075,2,Pullover,UMAP
3.8562212,2.5881882,5,Sandal,UMAP
2.000966,5.472109,9,Ankle boot,UMAP
1.4617038,7.5219364,4,Coat,UMAP
1.8623916,5.9705644,2,Pullover,UMAP
6.030872,4.623801,6,Shirt,UMAP
3.9935527,7.1118665,3,Dress,UMAP
0.42752528,5.2905774,7,Sneaker,UMAP
4.64852,5.2526536,6,Shirt,UMAP
5.5381026,3.7213564,5,Sandal,UMAP
2.4684746,2.1048355,8,Bag,UMAP
3.0854867,3.6320353,5,Sandal,UMAP
5.8559394,5.0132565,7,Sneaker,UMAP
2.808999,7.5073414,2,Pullover,UMAP
1.0449024,5.1839404,7,Sneaker,UMAP
1.482608,5.21759,9,Ankle boot,UMAP
6.9592366,6.839688,1,Trouser,UMAP
6.5551767,7.4657764,0,T-shirt/top,UMAP
6.858974,4.1095777,8,Bag,UMAP
4.251304,7.72017,8,Bag,UMAP
6.447236,5.5251303,1,Trouser,UMAP
2.2340524,6.128544,9,Ankle boot,UMAP
6.346788,4.949099,3,Dress,UMAP
2.7392848,3.8276834,1,Trouser,UMAP
3.1173577,5.6021743,7,Sneaker,UMAP
1.4178805,3.8366568,5,Sandal,UMAP
0.5528565,5.126766,2,Pullover,UMAP
0.7962082,5.7649255,0,T-shirt/top,UMAP
3.3447895,4.5931067,3,Dress,UMAP
1.6648405,4.8507886,9,Ankle boot,UMAP
3.8670113,2.4710035,5,Sandal,UMAP
3.5306416,5.8716354,8,Bag,UMAP
5.198114,7.647735,9,Ankle boot,UMAP
3.4907804,7.1306663,6,Shirt,UMAP
1.6004032,5.0475183,7,Sneaker,UMAP
2.7898269,3.7993631,5,Sandal,UMAP
4.563675,1.6964309,2,Pullover,UMAP
1.9339777,3.4200435,0,T-shirt/top,UMAP
6.361486,3.391734,1,Trouser,UMAP
5.691826,6.37754,0,T-shirt/top,UMAP
6.648452,4.757956,6,Shirt,UMAP
3.0474243,7.381089,3,Dress,UMAP
5.156867,6.0546784,1,Trouser,UMAP
1.8209327,5.900384,3,Dress,UMAP
2.2830799,6.3386784,4,Coat,UMAP
4.173138,5.300692,2,Pullover,UMAP
2.7802124,2.3141513,5,Sandal,UMAP
3.991494,4.5495563,1,Trouser,UMAP
5.8562493,3.0899093,5,Sandal,UMAP
5.515415,5.707819,2,Pullover,UMAP
3.4310145,6.901058,6,Shirt,UMAP
1.0732368,5.0194616,2,Pullover,UMAP
0.43976396,4.2092757,9,Ankle boot,UMAP
1.9374204,5.8894854,7,Sneaker,UMAP
3.447034,3.452343,5,Sandal,UMAP
3.2004242,5.3329163,3,Dress,UMAP
0.9842686,4.8803177,0,T-shirt/top,UMAP
0.93582004,6.854069,2,Pullover,UMAP
0.15563889,4.78141,6,Shirt,UMAP
2.3508656,6.6097546,2,Pullover,UMAP
6.1532288,6.9416423,6,Shirt,UMAP
4.9558883,8.381978,2,Pullover,UMAP
6.675354,5.2080154,3,Dress,UMAP
3.561659,4.7062316,9,Ankle boot,UMAP
3.2702124,4.474792,0,T-shirt/top,UMAP
6.098865,5.60605,4,Coat,UMAP
4.3814893,6.7793264,6,Shirt,UMAP
4.8794637,8.187774,5,Sandal,UMAP
7.3945084,6.900761,6,Shirt,UMAP
4.688884,4.050067,7,Sneaker,UMAP
2.2371228,6.7278495,2,Pullover,UMAP
0.7591302,4.338735,4,Coat,UMAP
2.886505,8.007787,3,Dress,UMAP
4.94962,6.4271593,9,Ankle boot,UMAP
5.3347187,3.11786,3,Dress,UMAP
4.0211177,1.7860377,7,Sneaker,UMAP
2.2420957,3.1188593,0,T-shirt/top,UMAP
2.2765353,6.7784953,5,Sandal,UMAP
4.303356,6.6295447,8,Bag,UMAP
2.782042,3.519146,9,Ankle boot,UMAP
0.86083007,5.0012536,1,Trouser,UMAP
1.5662842,5.3448114,9,Ankle boot,UMAP
4.06447,6.439433,4,Coat,UMAP
3.9869323,6.9461102,0,T-shirt/top,UMAP
2.4132962,4.995132,7,Sneaker,UMAP
7.1376953,4.798416,8,Bag,UMAP
4.3834496,5.540758,8,Bag,UMAP
3.7761188,2.325413,5,Sandal,UMAP
3.1299589,3.6911254,8,Bag,UMAP
6.4888186,7.6491876,4,Coat,UMAP
2.5111647,7.0913234,2,Pullover,UMAP
3.4984934,6.313056,0,T-shirt/top,UMAP
0.7100973,6.1361065,4,Coat,UMAP
3.3929117,2.1068861,7,Sneaker,UMAP
6.292993,7.8436646,4,Coat,UMAP
2.5592468,6.2170687,9,Ankle boot,UMAP
0.13454929,4.7345963,6,Shirt,UMAP
5.071723,5.2367554,3,Dress,UMAP
4.931717,8.350036,0,T-shirt/top,UMAP
5.577757,7.260542,0,T-shirt/top,UMAP
5.1730313,8.102184,5,Sandal,UMAP
2.9231403,5.7130194,1,Trouser,UMAP
6.9361825,7.8821716,0,T-shirt/top,UMAP
5.4055634,1.8760446,7,Sneaker,UMAP
5.5834413,3.0366998,2,Pullover,UMAP
0.4494725,4.916147,4,Coat,UMAP
0.8484318,6.4545565,3,Dress,UMAP
1.6013559,5.452512,2,Pullover,UMAP
1.2021557,7.687604,2,Pullover,UMAP
2.9233718,3.3842068,7,Sneaker,UMAP
3.2841964,5.4590955,3,Dress,UMAP
0.85386497,4.237853,5,Sandal,UMAP
0.20685104,4.5827355,0,T-shirt/top,UMAP
2.8124058,6.589631,9,Ankle boot,UMAP
6.4537883,3.1531513,3,Dress,UMAP
6.99673,3.688804,8,Bag,UMAP
3.232227,4.3532147,5,Sandal,UMAP
2.4965415,7.813761,5,Sandal,UMAP
5.5881906,7.1226015,0,T-shirt/top,UMAP
4.975524,7.604954,6,Shirt,UMAP
6.883478,5.063219,7,Sneaker,UMAP
0.327593,5.603319,8,Bag,UMAP
4.283121,2.6878414,0,T-shirt/top,UMAP
0.6918953,6.2512584,8,Bag,UMAP
0.8856147,5.724434,0,T-shirt/top,UMAP
5.2942624,5.5410666,1,Trouser,UMAP
5.1180463,4.5205708,2,Pullover,UMAP
5.933522,5.3402653,1,Trouser,UMAP
4.959523,3.3086517,7,Sneaker,UMAP
5.276088,7.0883374,5,Sandal,UMAP
5.149702,3.8455348,2,Pullover,UMAP
2.7146482,7.221345,8,Bag,UMAP
3.0776877,5.677229,9,Ankle boot,UMAP
2.4514372,7.5933843,8,Bag,UMAP
5.8872833,4.339965,2,Pullover,UMAP
2.5327163,7.293912,2,Pullover,UMAP
2.6453154,6.898774,1,Trouser,UMAP
3.5493872,6.352313,0,T-shirt/top,UMAP
5.0700016,1.6803348,6,Shirt,UMAP
6.4074807,6.916576,1,Trouser,UMAP
7.2846055,6.6185975,3,Dress,UMAP
2.2815144,6.4069757,0,T-shirt/top,UMAP
3.1863477,6.9636025,9,Ankle boot,UMAP
3.4775474,7.3804207,3,Dress,UMAP
4.171201,6.607244,0,T-shirt/top,UMAP
3.2290282,2.8010523,9,Ankle boot,UMAP
2.8411736,5.1671796,7,Sneaker,UMAP
0.13746591,4.7156563,2,Pullover,UMAP
6.748186,4.6210675,0,T-shirt/top,UMAP
2.7857087,7.9983664,4,Coat,UMAP
3.8044264,5.7440596,4,Coat,UMAP
4.688577,7.431792,2,Pullover,UMAP
5.8632355,3.251138,4,Coat,UMAP
3.769268,8.672553,2,Pullover,UMAP
5.495215,2.7791264,7,Sneaker,UMAP
2.7669823,6.5956426,8,Bag,UMAP
4.3299813,6.145693,4,Coat,UMAP
5.1593494,5.8446007,2,Pullover,UMAP
6.4256244,7.724022,5,Sandal,UMAP
3.7338996,6.3820586,9,Ankle boot,UMAP
2.6288292,2.7542183,1,Trouser,UMAP
0.8613717,4.3675065,7,Sneaker,UMAP
3.6847754,6.515221,4,Coat,UMAP
3.4049363,4.3159537,2,Pullover,UMAP
6.2178698,4.606213,6,Shirt,UMAP
4.0090322,7.0489264,3,Dress,UMAP
1.826971,6.5440965,0,T-shirt/top,UMAP
4.764754,4.8336654,3,Dress,UMAP
0.17540145,4.9045053,1,Trouser,UMAP
3.8688705,2.4030688,4,Coat,UMAP
1.7919322,6.064796,5,Sandal,UMAP
4.685733,7.6076818,0,T-shirt/top,UMAP
0.8575802,4.174284,0,T-shirt/top,UMAP
4.8258243,2.416344,4,Coat,UMAP
3.6779585,3.5771022,4,Coat,UMAP
4.66941,1.7649754,2,Pullover,UMAP
3.926555,5.9877095,2,Pullover,UMAP
0.5459855,4.7733755,2,Pullover,UMAP
7.1389194,7.5662885,0,T-shirt/top,UMAP
4.2533884,2.1821146,2,Pullover,UMAP
4.527575,6.3632846,2,Pullover,UMAP
7.1499166,3.358285,5,Sandal,UMAP
3.5505626,6.431126,0,T-shirt/top,UMAP
2.9792907,7.9847574,0,T-shirt/top,UMAP
4.760457,3.223677,0,T-shirt/top,UMAP
2.8261485,5.0025043,9,Ankle boot,UMAP
2.3601897,3.6195319,0,T-shirt/top,UMAP
1.6811919,4.02995,3,Dress,UMAP
4.699595,4.5586457,1,Trouser,UMAP
6.6910267,4.4343557,7,Sneaker,UMAP
2.9759767,3.1776779,9,Ankle boot,UMAP
4.201629,5.9089694,6,Shirt,UMAP
5.725205,5.816458,6,Shirt,UMAP
5.170788,7.911217,9,Ankle boot,UMAP
6.648524,4.18535,7,Sneaker,UMAP
6.444543,3.2717395,3,Dress,UMAP
1.8196346,3.4446936,4,Coat,UMAP
6.6294093,3.7686489,8,Bag,UMAP
4.1849575,6.691167,2,Pullover,UMAP
0.8374865,6.1635194,3,Dress,UMAP
3.8470368,1.8320723,7,Sneaker,UMAP
1.318988,5.657312,3,Dress,UMAP
5.9411154,6.23183,3,Dress,UMAP
2.7009697,6.6867833,5,Sandal,UMAP
5.4515014,8.269892,0,T-shirt/top,UMAP
0.73672444,4.422933,2,Pullover,UMAP
2.4560063,5.1151857,9,Ankle boot,UMAP
3.5299776,4.751579,0,T-shirt/top,UMAP
5.757659,5.334736,3,Dress,UMAP
3.0142758,3.0509567,9,Ankle boot,UMAP
5.6992936,2.7947881,9,Ankle boot,UMAP
7.0425596,7.63639,0,T-shirt/top,UMAP
5.838926,3.0945454,5,Sandal,UMAP
6.5569153,3.6586025,5,Sandal,UMAP
2.5928836,2.402307,7,Sneaker,UMAP
3.7373097,6.817046,0,T-shirt/top,UMAP
2.8413205,2.304221,5,Sandal,UMAP
4.3282013,2.6683526,2,Pullover,UMAP
4.8974514,4.0412774,6,Shirt,UMAP
6.2577877,6.101994,1,Trouser,UMAP
6.729132,5.03051,6,Shirt,UMAP
4.4810624,7.688003,4,Coat,UMAP
2.8308868,7.9530063,0,T-shirt/top,UMAP
0.658971,4.144183,2,Pullover,UMAP
1.8386507,5.3002367,5,Sandal,UMAP
6.037184,2.8270047,7,Sneaker,UMAP
0.8313166,6.4867854,0,T-shirt/top,UMAP
3.5427487,7.141286,2,Pullover,UMAP
0.8037104,6.8172755,2,Pullover,UMAP
6.2420278,6.5264034,3,Dress,UMAP
4.5263047,4.2210035,5,Sandal,UMAP
1.7693634,3.015057,9,Ankle boot,UMAP
6.887759,3.3060648,5,Sandal,UMAP
3.4762788,6.5234604,8,Bag,UMAP
1.7732317,3.6833358,4,Coat,UMAP
3.5317607,2.2419617,4,Coat,UMAP
6.596018,4.6466055,9,Ankle boot,UMAP
1.3029412,7.749511,9,Ankle boot,UMAP
4.998518,5.1291795,3,Dress,UMAP
4.983799,1.7528036,6,Shirt,UMAP
3.5776322,6.947221,9,Ankle boot,UMAP
2.21376,5.7861075,9,Ankle boot,UMAP
3.3327823,7.326774,9,Ankle boot,UMAP
2.517374,2.3379314,8,Bag,UMAP
1.6359563,4.5318136,6,Shirt,UMAP
2.266731,8.09422,9,Ankle boot,UMAP
4.53929,4.7070155,6,Shirt,UMAP
2.7240665,4.4453306,1,Trouser,UMAP
3.344111,2.5263,5,Sandal,UMAP
2.0610926,7.362846,5,Sandal,UMAP
6.699382,7.0760875,5,Sandal,UMAP
2.263499,5.526876,3,Dress,UMAP
2.5631478,2.6228197,1,Trouser,UMAP
6.048851,2.7453308,1,Trouser,UMAP
1.777536,5.162975,9,Ankle boot,UMAP
3.140488,5.4150414,7,Sneaker,UMAP
5.133303,4.6027813,2,Pullover,UMAP
6.4223356,6.879311,1,Trouser,UMAP
1.857211,5.2802444,9,Ankle boot,UMAP
4.0594482,1.9056209,3,Dress,UMAP
2.662199,5.6979265,9,Ankle boot,UMAP
0.5754186,5.436109,7,Sneaker,UMAP
4.7220345,4.9817038,2,Pullover,UMAP
4.4793453,8.188223,0,T-shirt/top,UMAP
3.9065173,5.132805,3,Dress,UMAP
2.9555469,2.1290293,4,Coat,UMAP
2.041521,4.2312655,5,Sandal,UMAP
4.9540114,5.253797,3,Dress,UMAP
1.5716466,7.3692403,8,Bag,UMAP
3.4093041,7.2508483,8,Bag,UMAP
3.2583601,5.6535015,7,Sneaker,UMAP
3.6269863,7.5711355,4,Coat,UMAP
4.54272,7.474525,9,Ankle boot,UMAP
4.091856,3.6720119,6,Shirt,UMAP
2.611516,4.0103135,5,Sandal,UMAP
3.7813153,5.02997,0,T-shirt/top,UMAP
6.0336843,7.7755523,5,Sandal,UMAP
6.265425,7.034917,7,Sneaker,UMAP
1.4606086,3.6343987,2,Pullover,UMAP
4.159443,2.7037532,2,Pullover,UMAP
4.4317865,5.991242,6,Shirt,UMAP
2.7807722,4.9595413,7,Sneaker,UMAP
4.5914054,3.8712127,2,Pullover,UMAP
5.316292,5.58243,1,Trouser,UMAP
3.4271762,6.7361183,9,Ankle boot,UMAP
7.3355083,3.3105657,0,T-shirt/top,UMAP
7.2721386,7.222443,6,Shirt,UMAP
3.0407622,3.5292602,0,T-shirt/top,UMAP
4.984242,2.818618,7,Sneaker,UMAP
4.798922,3.3591104,7,Sneaker,UMAP
3.1702344,4.692058,0,T-shirt/top,UMAP
4.3424582,2.1278918,4,Coat,UMAP
6.5199327,6.9935565,3,Dress,UMAP
6.0593095,7.4081383,3,Dress,UMAP
6.502426,8.173068,0,T-shirt/top,UMAP
4.2775073,6.2832656,6,Shirt,UMAP
5.9149365,7.5747437,6,Shirt,UMAP
5.3441043,6.723293,0,T-shirt/top,UMAP
2.1549695,7.5873017,7,Sneaker,UMAP
4.4258676,3.2971435,3,Dress,UMAP
5.266421,2.4067042,7,Sneaker,UMAP
6.8062086,3.0904999,5,Sandal,UMAP
5.975188,8.252078,0,T-shirt/top,UMAP
2.2059016,5.539252,4,Coat,UMAP
2.9733052,4.2256856,9,Ankle boot,UMAP
7.321435,6.6523714,3,Dress,UMAP
2.7337134,6.8999267,5,Sandal,UMAP
1.6881588,6.8616176,7,Sneaker,UMAP
4.552907,5.2710705,2,Pullover,UMAP
3.5827706,8.6153755,7,Sneaker,UMAP
4.778691,1.8902241,1,Trouser,UMAP
4.5063906,7.753071,0,T-shirt/top,UMAP
2.5264063,4.076391,3,Dress,UMAP
2.289298,6.4131775,5,Sandal,UMAP
2.5692236,4.429855,9,Ankle boot,UMAP
1.74827,8.164124,2,Pullover,UMAP
0.017788721,5.0237746,0,T-shirt/top,UMAP
5.49139,5.6901617,2,Pullover,UMAP
2.8079016,5.863398,7,Sneaker,UMAP
3.2699273,3.9334903,0,T-shirt/top,UMAP
4.136827,8.54334,6,Shirt,UMAP
3.7189496,3.9057074,2,Pullover,UMAP
3.341873,7.7859955,0,T-shirt/top,UMAP
6.651083,3.3788695,5,Sandal,UMAP
2.6580706,3.891745,1,Trouser,UMAP
0.8125495,5.845538,4,Coat,UMAP
6.320625,2.345828,5,Sandal,UMAP
0.65608627,5.5515337,1,Trouser,UMAP
4.3723598,3.1030948,9,Ankle boot,UMAP
6.545267,3.3818707,1,Trouser,UMAP
0.16112411,4.879936,4,Coat,UMAP
1.8381485,7.420615,5,Sandal,UMAP
2.8218462,5.4764385,7,Sneaker,UMAP
3.9756033,3.584961,5,Sandal,UMAP
3.2344944,2.1250112,0,T-shirt/top,UMAP
1.9577496,4.332401,4,Coat,UMAP
2.9186757,5.1606584,7,Sneaker,UMAP
0.9554674,5.8897743,2,Pullover,UMAP
3.6458395,3.5109212,5,Sandal,UMAP
2.5822759,5.743119,9,Ankle boot,UMAP
