component_1,component_2,label,class_name,method
-1.4968193,-0.8896276,0,T-shirt/top,PCA
-0.84606713,-1.4144031,6,Shirt,PCA
2.0746663,1.5804563,5,Sandal,PCA
-0.4002892,0.3042297,7,Sneaker,PCA
-2.2826924,0.8689109,7,Sneaker,PCA
0.11900324,-2.2019637,8,Bag,PCA
-0.13784465,1.8775251,9,Ankle boot,PCA
-1.1609548,1.437201,6,Shirt,PCA
-0.97673756,-0.8378215,2,Pullover,PCA
1.6641866,-0.9159875,2,Pullover,PCA
0.69246924,-0.9447237,3,Dress,PCA
-0.14986555,0.28636175,4,Coat,PCA
1.7627715,1.6412845,9,Ankle boot,PCA
2.9140813,0.045093276,1,Trouser,PCA
-0.32312527,0.18307278,7,Sneaker,PCA
-0.30609527,-1.1854873,2,Pullover,PCA
0.20764397,-0.78670377,0,T-shirt/top,PCA
-1.4158931,-0.25175098,4,Coat,PCA
-0.9606691,-0.8296056,3,Dress,PCA
0.25727776,-1.3694305,9,Ankle boot,PCA
-1.2534288,-0.07624021,0,T-shirt/top,PCA
-0.47540855,1.1301731,9,Ankle boot,PCA
-0.3322923,-1.4464694,6,Shirt,PCA
-0.7213279,-0.8145875,4,Coat,PCA
1.0668024,1.8231363,9,Ankle boot,PCA
0.04670182,-0.48966485,7,Sneaker,PCA
-0.14917012,1.6255301,9,Ankle boot,PCA
-0.23793918,3.0969403,0,T-shirt/top,PCA
-0.8953089,-1.6472666,6,Shirt,PCA
0.041037038,-1.060059,2,Pullover,PCA
-0.11907482,-0.6464563,0,T-shirt/top,PCA
0.9724744,0.448894,7,Sneaker,PCA
-1.2480093,-0.6800435,7,Sneaker,PCA
0.14520301,0.09618516,0,T-shirt/top,PCA
0.48058847,0.5206439,5,Sandal,PCA
-1.2372493,0.6052101,4,Coat,PCA
0.79495656,-1.0465232,6,Shirt,PCA
-0.3810859,1.2243378,7,Sneaker,PCA
1.8753625,0.07835157,5,Sandal,PCA
1.068183,0.045794837,7,Sneaker,PCA
0.10834561,0.52087176,7,Sneaker,PCA
1.7157589,2.3545098,3,Dress,PCA
-1.0287248,1.4084615,4,Coat,PCA
0.95192295,-0.34219232,3,Dress,PCA
-0.10462941,-0.92337847,1,Trouser,PCA
-1.8649213,0.6201192,2,Pullover,PCA
1.7465074,0.29155812,5,Sandal,PCA
-0.5821703,0.018310236,8,Bag,PCA
0.9197703,-0.29135752,2,Pullover,PCA
1.3685423,-1.4671657,6,Shirt,PCA
-0.7640277,1.3804704,7,Sneaker,PCA
1.4959573,-0.27174369,9,Ankle boot,PCA
-0.43240997,0.92651993,7,Sneaker,PCA
-0.2547058,-1.0138388,8,Bag,PCA
-0.8749273,-0.22253567,8,Bag,PCA
-0.008410208,-1.2845542,6,Shirt,PCA
-0.051584776,-0.4924161,4,Coat,PCA
-2.063935,-1.2265362,1,Trouser,PCA
-0.059965868,0.7448749,6,Shirt,PCA
1.293881,-0.24184124,6,Shirt,PCA
0.7630648,0.19199574,1,Trouser,PCA
-0.79263604,-0.30402923,6,Shirt,PCA
1.0941274,1.0346841,7,Sneaker,PCA
-2.4821274,0.6784925,3,Dress,PCA
-2.4812596,1.0259423,2,Pullover,PCA
-2.1520028,-0.5648307,9,Ankle boot,PCA
0.2244312,-1.0800105,1,Trouser,PCA
0.07370927,-1.2828835,5,Sandal,PCA
-0.3807287,0.26312625,8,Bag,PCA
-1.267172,-1.5091828,1,Trouser,PCA
0.11704308,-0.38422316,6,Shirt,PCA
-0.18038793,-1.387169,4,Coat,PCA
-0.98310167,1.7031485,5,Sandal,PCA
1.126774,-1.2072226,3,Dress,PCA
0.37499598,-0.48603505,2,Pullover,PCA
-0.15108038,0.79294586,4,Coat,PCA
-0.016314562,1.2608403,8,Bag,PCA
0.6565721,0.57231176,0,T-shirt/top,PCA
-0.10019709,-0.05645054,1,Trouser,PCA
2.3374379,0.4431107,3,Dress,PCA
-0.33923107,-0.5761945,8,Bag,PCA
-1.2406056,0.67549074,0,T-shirt/top,PCA
-0.1515592,0.84190565,3,Dress,PCA
-0.03788397,1.4368813,0,T-shirt/top,PCA
0.36027023,0.7454938,1,Trouser,PCA
0.9204105,-1.0348657,0,T-shirt/top,PCA
0.5706805,-0.40397283,2,Pullover,PCA
-0.020518769,1.3319174,6,Shirt,PCA
3.6392968,0.12787901,8,Bag,PCA
0.10946314,-0.045056105,8,Bag,PCA
1.4970254,-0.057110548,5,Sandal,PCA
0.7868862,1.7327789,4,Coat,PCA
1.4764764,0.2100794,7,Sneaker,PCA
1.4055736,-0.2568337,9,Ankle boot,PCA
0.20525967,0.24335822,8,Bag,PCA
-0.7815553,-0.5087352,4,Coat,PCA
-0.63431704,0.3790321,9,Ankle boot,PCA
-0.6842247,-1.1222284,6,Shirt,PCA
-0.25433305,0.09653773,3,Dress,PCA
-0.019429814,1.2747343,7,Sneaker,PCA
1.269627,0.7271784,8,Bag,PCA
1.7049185,-0.057414606,8,Bag,PCA
-0.342175,-1.9383466,8,Bag,PCA
-1.2181079,1.6212152,5,Sandal,PCA
0.92723024,0.55058426,1,Trouser,PCA
0.041834064,-0.07008455,1,Trouser,PCA
0.9091678,-0.35998526,0,T-shirt/top,PCA
0.021978876,2.030958,3,Dress,PCA
-1.1098037,0.73930955,7,Sneaker,PCA
-1.3159065,0.39392874,6,Shirt,PCA
-0.46196848,-0.32623488,3,Dress,PCA
-0.36114085,0.4483766,9,Ankle boot,PCA
0.59480137,-1.0265762,8,Bag,PCA
-0.27566022,0.11501375,4,Coat,PCA
-0.62474793,-0.17029461,6,Shirt,PCA
-0.4538091,0.2802773,5,Sandal,PCA
0.9982869,0.036534943,2,Pullover,PCA
-0.8930857,0.7194626,8,Bag,PCA
1.7042886,-1.0321273,7,Sneaker,PCA
-0.08539599,0.9999139,3,Dress,PCA
1.0280755,-1.3211424,2,Pullover,PCA
2.1785665,-0.18607697,7,Sneaker,PCA
-1.8030328,-0.19785573,0,T-shirt/top,PCA
0.6344635,0.38859,2,Pullover,PCA
0.05480723,0.6154087,7,Sneaker,PCA
-1.7988058,1.7789499,4,Coat,PCA
0.35859478,1.0246536,0,T-shirt/top,PCA
-0.1776804,-0.47564623,5,Sandal,PCA
-0.92200476,-1.0138872,8,Bag,PCA
-0.7789529,-0.47291008,1,Trouser,PCA
0.570372,1.7603667,5,Sandal,PCA
0.41435838,-1.7882057,0,T-shirt/top,PCA
0.16838546,-2.368805,3,Dress,PCA
1.9148781,1.5714933,9,Ankle boot,PCA
-1.8504479,1.031145,8,Bag,PCA
-0.5645667,0.02960706,0,T-shirt/top,PCA
1.3565596,-1.0173339,7,Sneaker,PCA
-1.1492046,2.3943822,6,Shirt,PCA
-1.269193,1.3073071,3,Dress,PCA
0.29090226,1.6713618,1,Trouser,PCA
1.0544314,-2.0292056,2,Pullover,PCA
-0.17449121,-1.1251932,4,Coat,PCA
-1.0127027,-1.4461566,0,T-shirt/top,PCA
0.5929156,1.2259439,8,Bag,PCA
-0.17477891,-0.024397274,0,T-shirt/top,PCA
-1.1900632,-1.216814,0,T-shirt/top,PCA
0.7650064,-0.18596023,8,Bag,PCA
-1.7610788,-0.535199,8,Bag,PCA
1.7647728,-0.15591261,9,Ankle boot,PCA
0.19657226,-0.74121433,9,Ankle boot,PCA
0.52114433,-0.684215,4,Coat,PCA
-0.42167345,-1.3851757,0,T-shirt/top,PCA
2.601393,-0.15960051,3,Dress,PCA
-0.24254835,-0.19372645,8,Bag,PCA
-1.893614,2.2003093,3,Dress,PCA
1.3810841,-1.1597803,7,Sneaker,PCA
0.98448557,-0.5365157,4,Coat,PCA
-0.28653017,1.0340953,6,Shirt,PCA
-0.95224863,1.3315916,5,Sandal,PCA
-0.9854595,1.6371995,4,Coat,PCA
0.2790587,-0.62639326,6,Shirt,PCA
-1.3399994,1.2702338,6,Shirt,PCA
0.5696472,-0.1986154,1,Trouser,PCA
-2.2793672,-0.5396693,9,Ankle boot,PCA
-0.55047154,-1.4705573,6,Shirt,PCA
-0.09792918,-0.2069727,3,Dress,PCA
-1.5787978,0.14512323,2,Pullover,PCA
0.24231637,-1.2174846,3,Dress,PCA
0.0052991435,0.3422412,4,Coat,PCA
-0.8090364,-0.70800686,5,Sandal,PCA
-0.1724029,-1.780537,1,Trouser,PCA
-0.54126036,0.49401048,2,Pullover,PCA
-0.620253,0.29200858,8,Bag,PCA
-0.45076278,-1.2658305,1,Trouser,PCA
1.9027166,-0.6303,4,Coat,PCA
0.16724078,1.358552,9,Ankle boot,PCA
-1.3724651,0.11621326,5,Sandal,PCA
0.5783132,0.552561,6,Shirt,PCA
-0.8760842,0.20559634,4,Coat,PCA
0.24888915,-1.4006546,0,T-shirt/top,PCA
-0.337724,-0.20444572,3,Dress,PCA
-1.5947024,-0.7176486,9,Ankle boot,PCA
0.59301317,-0.25423643,1,Trouser,PCA
-1.3366318,-1.1912937,0,T-shirt/top,PCA
0.4699246,0.78422946,9,Ankle boot,PCA
-0.37346044,0.52444905,2,Pullover,PCA
1.8474431,0.90012157,5,Sandal,PCA
1.3471582,0.55058026,6,Shirt,PCA
-1.9919186,0.2912525,5,Sandal,PCA
-0.49810272,0.6962006,8,Bag,PCA
0.6111941,-0.67638093,0,T-shirt/top,PCA
0.056144334,0.1059827,4,Coat,PCA
0.60119283,-0.26894206,3,Dress,PCA
-0.7651784,-1.0149657,8,Bag,PCA
2.8169796,-0.25240526,4,Coat,PCA
0.8617897,0.4477716,0,T-shirt/top,PCA
-0.6943484,0.11045194,8,Bag,PCA
0.54231286,-0.085021675,7,Sneaker,PCA
0.29273006,-0.7229806,0,T-shirt/top,PCA
-1.7795687,-0.8214821,1,Trouser,PCA
0.85177296,-0.48936707,0,T-shirt/top,PCA
1.0680671,-0.035942033,4,Coat,PCA
-1.3814628,-1.7853583,2,Pullover,PCA
0.19265601,-0.63718295,0,T-shirt/top,PCA
-0.0196493,0.85452247,5,Sandal,PCA
-1.7986526,0.7716511,8,Bag,PCA
-2.0901737,0.005211616,2,Pullover,PCA
0.9457694,-1.3354809,3,Dress,PCA
-1.3283484,2.1222029,3,Dress,PCA
1.4588268,0.3756206,5,Sandal,PCA
-0.96940595,0.2859286,1,Trouser,PCA
1.6410793,1.2279475,7,Sneaker,PCA
-0.58455294,-3.0609536,9,Ankle boot,PCA
1.2539116,0.34405681,3,Dress,PCA
0.3450895,0.14413159,0,T-shirt/top,PCA
-0.52889466,-0.7583851,9,Ankle boot,PCA
-2.1299005,0.0424278,5,Sandal,PCA
0.95737326,-1.4299271,0,T-shirt/top,PCA
-0.56738347,-0.5067628,3,Dress,PCA
0.49714682,0.9060175,9,Ankle boot,PCA
-1.4081728,-0.12717986,4,Coat,PCA
-1.0527139,0.35899866,9,Ankle boot,PCA
1.3097568,-0.37372226,0,T-shirt/top,PCA
0.8806789,1.8393292,6,Shirt,PCA
1.7013923,1.1715984,0,T-shirt/top,PCA
-0.5309484,2.002425,3,Dress,PCA
0.9926567,0.52473,8,Bag,PCA
1.1653321,0.48639128,0,T-shirt/top,PCA
1.3306696,1.7538431,0,T-shirt/top,PCA
-1.3590515,-0.34136397,5,Sandal,PCA
-0.89685524,-0.9060228,3,Dress,PCA
-0.10753447,0.77057374,1,Trouser,PCA
-0.1376233,-0.89436656,6,Shirt,PCA
-0.22877476,-1.7894466,0,T-shirt/top,PCA
0.89875394,0.02069894,2,Pullover,PCA
-0.69979125,-1.2801222,3,Dress,PCA
0.84138626,-0.8606861,1,Trouser,PCA
-0.18861909,-0.63343763,3,Dress,PCA
-0.7151169,0.29764017,9,Ankle boot,PCA
-2.681731,0.6179568,5,Sandal,PCA
2.2849643,1.5320905,8,Bag,PCA
-0.005113922,-0.86663175,1,Trouser,PCA
-1.3980577,-0.4740101,1,Trouser,PCA
0.9088665,0.9299187,4,Coat,PCA
-0.09893635,1.3699145,7,Sneaker,PCA
-1.7367153,0.53624856,6,Shirt,PCA
-0.49739766,0.65853274,3,Dress,PCA
0.18899779,-0.35715923,0,T-shirt/top,PCA
0.020378245,1.2375283,8,Bag,PCA
-0.64703363,-2.0225556,6,Shirt,PCA
-0.029556949,1.388963,3,Dress,PCA
0.30108652,-1.1858269,6,Shirt,PCA
-0.6349833,0.166632,4,Coat,PCA
-0.71926355,-0.7501378,4,Coat,PCA
-1.1903772,-0.7973802,4,Coat,PCA
0.9856216,-0.47752422,4,Coat,PCA
0.88101417,0.8038606,2,Pullover,PCA
0.4061483,-0.12890056,3,Dress,PCA
0.1465939,0.44302902,4,Coat,PCA
-1.4719739,-1.3927232,9,Ankle boot,PCA
-1.1839857,-0.018667702,8,Bag,PCA
-0.39186782,-0.44312945,6,Shirt,PCA
-0.79018843,-0.9500893,0,T-shirt/top,PCA
-0.82125515,0.5834219,7,Sneaker,PCA
-0.8935622,1.9679623,9,Ankle boot,PCA
1.9614357,1.1983004,5,Sandal,PCA
0.38929242,-0.13246307,4,Coat,PCA
-1.0295838,-0.28826493,0,T-shirt/top,PCA
-1.259784,1.2133068,2,Pullover,PCA
-0.4683357,-0.7204194,1,Trouser,PCA
0.663645,0.15764745,8,Bag,PCA
0.82520026,-0.27810013,8,Bag,PCA
1.4830713,-0.7202352,8,Bag,PCA
-0.73311204,-1.1030134,0,T-shirt/top,PCA
-2.3344967,-0.22409832,5,Sandal,PCA
0.5984381,-1.2805059,2,Pullover,PCA
0.26890275,-0.61637783,8,Bag,PCA
0.3537832,0.47044381,6,Shirt,PCA
-0.5092404,-0.14449549,7,Sneaker,PCA
-1.1948457,-0.6225098,8,Bag,PCA
0.007343553,1.617198,3,Dress,PCA
-0.5921768,-0.5559219,9,Ankle boot,PCA
-0.12528802,-2.3163874,6,Shirt,PCA
0.7456171,-1.127512,1,Trouser,PCA
0.68905926,-1.2084931,1,Trouser,PCA
-0.35041827,0.2933613,3,Dress,PCA
0.29468024,-0.66587025,1,Trouser,PCA
0.15334566,-0.7398182,6,Shirt,PCA
-0.28870454,-0.020306269,6,Shirt,PCA
-1.5169094,0.29365322,2,Pullover,PCA
0.113945484,1.4836572,2,Pullover,PCA
-0.46313006,1.493124,8,Bag,PCA
0.21966012,0.2822013,6,Shirt,PCA
0.7746454,2.2550895,0,T-shirt/top,PCA
-0.14830917,-1.314834,3,Dress,PCA
0.034697942,-0.5897437,3,Dress,PCA
-0.31360418,-0.16082902,2,Pullover,PCA
-1.1167526,0.9429686,3,Dress,PCA
-0.8332443,-0.13306758,9,Ankle boot,PCA
0.13310693,1.2948431,4,Coat,PCA
-1.726615,0.2133809,0,T-shirt/top,PCA
-1.1548173,-2.3556178,6,Shirt,PCA
1.2574328,-0.57361954,5,Sandal,PCA
-1.679973,-0.2166357,0,T-shirt/top,PCA
-0.4190433,-0.42563125,4,Coat,PCA
-1.0045044,0.13078615,4,Coat,PCA
1.2642452,-1.4156302,7,Sneaker,PCA
-0.773984,1.3658249,9,Ankle boot,PCA
-0.52731395,0.5986707,2,Pullover,PCA
-0.098259,-0.43094146,7,Sneaker,PCA
-0.47398025,0.62594813,8,Bag,PCA
-0.23103043,1.3769339,7,Sneaker,PCA
-0.24443072,-0.16923523,1,Trouser,PCA
0.20949464,-0.12769492,4,Coat,PCA
0.027033903,-0.8311891,6,Shirt,PCA
1.412476,-0.16421346,5,Sandal,PCA
0.41265512,-1.1449769,1,Trouser,PCA
1.3762476,1.6248776,9,Ankle boot,PCA
0.63574713,0.31424534,5,Sandal,PCA
-0.026758786,-0.5755294,6,Shirt,PCA
-0.35194126,0.5478088,0,T-shirt/top,PCA
0.17280547,-0.7914267,2,Pullover,PCA
-0.1751535,-1.5714923,0,T-shirt/top,PCA
2.8059697,1.5938239,8,Bag,PCA
-1.0763698,0.15436427,4,Coat,PCA
-0.17620863,0.58753717,7,Sneaker,PCA
0.18430565,-1.7791487,0,T-shirt/top,PCA
-0.50216633,-0.03199702,0,T-shirt/top,PCA
1.1321357,-0.06856792,6,Shirt,PCA
-1.246348,-1.8430743,2,Pullover,PCA
0.39226034,0.11578444,4,Coat,PCA
0.58171046,-1.6596996,3,Dress,PCA
-0.30692607,0.6946896,7,Sneaker,PCA
0.9109574,1.7764332,3,Dress,PCA
0.31850287,-1.4217348,4,Coat,PCA
0.94167644,0.03579051,2,Pullover,PCA
1.2413715,1.4276464,3,Dress,PCA
0.5546455,-0.081618786,7,Sneaker,PCA
1.6131783,-0.37406054,4,Coat,PCA
0.11053607,0.76811713,5,Sandal,PCA
1.1004733,1.660002,7,Sneaker,PCA
-1.905689,-1.5801709,5,Sandal,PCA
0.8835073,-0.92331296,0,T-shirt/top,PCA
-0.39200556,0.8959794,5,Sandal,PCA
-0.9001565,-1.2962406,6,Shirt,PCA
1.0452977,-1.5358024,7,Sneaker,PCA
1.797751,-0.89524704,1,Trouser,PCA
-1.1686611,-0.01100228,8,Bag,PCA
-0.4106384,1.4445834,9,Ankle boot,PCA
0.07175623,0.8241427,1,Trouser,PCA
-0.7996525,0.41462064,0,T-shirt/top,PCA
2.7834423,0.36366487,1,Trouser,PCA
1.8234948,0.61959493,7,Sneaker,PCA
3.0342708,-0.9576821,8,Bag,PCA
-0.22891784,0.8550892,9,Ankle boot,PCA
-1.4232353,-1.0140281,6,Shirt,PCA
-0.563445,0.74465036,9,Ankle boot,PCA
-0.5321138,-0.42812872,3,Dress,PCA
-0.4534836,-0.10121843,0,T-shirt/top,PCA
-0.67663497,-1.0200653,6,Shirt,PCA
-0.32294378,-0.6451455,4,Coat,PCA
0.29862803,-0.655632,2,Pullover,PCA
0.1433013,0.6070368,7,Sneaker,PCA
1.0487729,0.19457509,7,Sneaker,PCA
0.748377,0.46762797,4,Coat,PCA
1.9346406,-0.9307358,5,Sandal,PCA
0.71089363,0.05274818,2,Pullover,PCA
-0.24564871,0.5707966,4,Coat,PCA
0.72938573,-0.023240814,4,Coat,PCA
0.4478897,1.4356223,6,Shirt,PCA
0.8886956,0.57738984,7,Sneaker,PCA
0.800336,0.97946453,1,Trouser,PCA
-0.54615617,0.018166432,9,Ankle boot,PCA
-0.23132393,1.1226963,6,Shirt,PCA
-2.1370213,-1.0349021,6,Shirt,PCA
1.442454,-0.5681771,5,Sandal,PCA
-0.33571225,-1.0834823,0,T-shirt/top,PCA
-0.31086496,-0.040820464,3,Dress,PCA
-0.23541144,-0.6409638,1,Trouser,PCA
0.549043,0.07771982,0,T-shirt/top,PCA
0.34209377,1.1300032,9,Ankle boot,PCA
0.4111964,-1.0488816,0,T-shirt/top,PCA
1.0417819,1.1685796,3,Dress,PCA
0.21054892,0.8231899,2,Pullover,PCA
-2.7690835,-0.108694814,2,Pullover,PCA
-0.6352566,0.5813516,2,Pullover,PCA
-0.74741966,-1.2285048,9,Ankle boot,PCA
-2.3078997,-0.14034198,2,Pullover,PCA
0.41746157,-0.772503,4,Coat,PCA
-0.1633483,-0.5467692,4,Coat,PCA
-0.24446344,0.873342,9,Ankle boot,PCA
-0.68760955,0.35080388,8,Bag,PCA
0.20671293,-2.868993,6,Shirt,PCA
1.2111969,1.9420526,7,Sneaker,PCA
-0.5425925,-0.7341276,3,Dress,PCA
0.12412067,-1.4287452,1,Trouser,PCA
0.2768646,-2.1366787,1,Trouser,PCA
0.22549345,1.1547701,6,Shirt,PCA
0.8643536,-1.0983847,3,Dress,PCA
1.0807836,-1.618453,7,Sneaker,PCA
0.7320021,-0.5864014,4,Coat,PCA
0.22286694,-2.6330822,4,Coat,PCA
0.7913001,-0.96698403,2,Pullover,PCA
0.6607247,0.034446247,7,Sneaker,PCA
-0.8068326,-0.03242652,3,Dress,PCA
-1.1624442,-1.4199798,9,Ankle boot,PCA
1.787755,0.41711852,5,Sandal,PCA
1.6229503,1.5056186,5,Sandal,PCA
0.25856486,0.15095216,9,Ankle boot,PCA
0.31259444,-1.5428351,6,Shirt,PCA
0.4587531,2.0736573,9,Ankle boot,PCA
0.19281945,-0.38530383,2,Pullover,PCA
-0.5794865,-1.5249507,3,Dress,PCA
-2.0092692,-0.12612197,2,Pullover,PCA
-1.735663,-0.29006943,2,Pullover,PCA
-0.106292576,1.6624407,8,Bag,PCA
-0.36318412,2.8269966,6,Shirt,PCA
-0.93223363,-0.261526,4,Coat,PCA
-0.40326148,-0.0037458101,7,Sneaker,PCA
-1.6656647,1.0430278,9,Ankle boot,PCA
-0.45653194,0.9266951,8,Bag,PCA
0.88037527,0.069631316,6,Shirt,PCA
1.9385359,0.8193585,7,Sneaker,PCA
0.34394675,0.22290567,5,Sandal,PCA
-0.33003312,0.561067,9,Ankle boot,PCA
-1.212727,1.654494,2,Pullover,PCA
-0.2992203,1.4355856,8,Bag,PCA
-0.45367292,-0.94597846,1,Trouser,PCA
-1.1501203,0.8213831,9,Ankle boot,PCA
0.72172093,-2.5182889,4,Coat,PCA
-1.1926631,-0.67290795,9,Ankle boot,PCA
0.14635028,-1.0763024,9,Ankle boot,PCA
-0.21975645,-0.11124675,6,Shirt,PCA
0.63215405,0.25647938,0,T-shirt/top,PCA
1.0249759,0.98295933,5,Sandal,PCA
-0.21148902,-0.6636846,0,T-shirt/top,PCA
0.111664325,-0.69117457,8,Bag,PCA
-1.7964234,-0.7099462,6,Shirt,PCA
0.572992,-0.22872135,8,Bag,PCA
1.2941266,-0.5761296,1,Trouser,PCA
-1.1506208,-1.6948043,4,Coat,PCA
0.55417687,0.1435033,4,Coat,PCA
1.0368829,-0.88586766,7,Sneaker,PCA
-1.1802834,-0.7619618,3,Dress,PCA
0.19010594,-0.86163217,3,Dress,PCA
-2.459736,-0.23048636,2,Pullover,PCA
-0.73005253,0.25713244,3,Dress,PCA
0.19549364,-0.886739,1,Trouser,PCA
0.87196964,0.23790944,0,T-shirt/top,PCA
0.2907122,-1.8263971,4,Coat,PCA
1.3306706,0.97187984,4,Coat,PCA
-0.60921526,-2.6859405,9,Ankle boot,PCA
-0.66245085,0.8065304,6,Shirt,PCA
1.45588,-1.844158,0,T-shirt/top,PCA
-0.7551002,-0.01906019,9,Ankle boot,PCA
-0.9874925,0.22014515,8,Bag,PCA
-0.7098493,0.07055192,8,Bag,PCA
-1.2281393,-0.47405404,3,Dress,PCA
0.28657594,1.4804553,9,Ankle boot,PCA
-0.8745645,0.9697426,7,Sneaker,PCA
-0.3664961,-0.13210848,0,T-shirt/top,PCA
0.9156917,0.6909202,1,Trouser,PCA
-0.41384006,-0.34040514,2,Pullover,PCA
0.4930111,1.617424,3,Dress,PCA
-0.5392452,0.044317894,3,Dress,PCA
-0.7486033,-0.38452202,3,Dress,PCA
1.6860601,0.5499614,5,Sandal,PCA
-0.11132084,0.85646826,6,Shirt,PCA
0.53415513,0.20887113,6,Shirt,PCA
-0.94831914,-0.46064314,1,Trouser,PCA
-1.0573734,-1.6251996,6,Shirt,PCA
1.6099803,-1.2069812,3,Dress,PCA
-0.15971002,-1.0288084,3,Dress,PCA
-1.1732538,-0.0985013,5,Sandal,PCA
0.37806827,1.5631334,8,Bag,PCA
-2.508987,1.2597027,4,Coat,PCA
0.15684207,-1.6854959,8,Bag,PCA
2.2776804,0.5871093,7,Sneaker,PCA
-2.0898623,-1.5656306,6,Shirt,PCA
0.013625629,0.026954344,7,Sneaker,PCA
-0.58993036,-0.61049867,2,Pullover,PCA
2.8448179,0.46430895,1,Trouser,PCA
1.6649809,1.5493431,1,Trouser,PCA
1.1540732,1.1987331,3,Dress,PCA
-0.56947464,-0.24048327,8,Bag,PCA
-0.7860169,-1.2383481,6,Shirt,PCA
-0.4801939,1.5761791,0,T-shirt/top,PCA
-1.5528445,-0.04407289,9,Ankle boot,PCA
0.15734926,0.0060259104,7,Sneaker,PCA
-0.88305825,-0.80626476,5,Sandal,PCA
-0.2572339,0.84879506,8,Bag,PCA
-1.4790367,-0.5028119,2,Pullover,PCA
1.4050521,-0.9007465,3,Dress,PCA
-0.52118284,1.6819769,5,Sandal,PCA
-0.13978367,1.6282479,9,Ankle boot,PCA
0.5799771,-0.056445673,7,Sneaker,PCA
0.6679064,1.2817613,0,T-shirt/top,PCA
-1.243259,-1.1631049,1,Trouser,PCA
0.2186381,-1.7705836,1,Trouser,PCA
0.1538658,-0.7886756,9,Ankle boot,PCA
-0.10000557,0.22919331,8,Bag,PCA
-0.57333106,-0.53079396,6,Shirt,PCA
-2.7537427,1.7801511,0,T-shirt/top,PCA
-0.60250527,-1.6931473,0,T-shirt/top,PCA
1.3834218,-0.77310187,1,Trouser,PCA
-0.99780804,1.1029042,2,Pullover,PCA
0.58352476,0.94215006,2,Pullover,PCA
0.94706684,-2.0876708,4,Coat,PCA
0.516656,-0.26359195,4,Coat,PCA
0.76616186,0.4130195,8,Bag,PCA
-0.28205267,0.58119917,1,Trouser,PCA
-1.3374126,1.6231548,3,Dress,PCA
-0.90210533,1.0366755,7,Sneaker,PCA
-0.5535553,-0.5662943,3,Dress,PCA
-1.7111937,0.6599074,6,Shirt,PCA
-0.34606996,0.24355349,1,Trouser,PCA
-1.5215836,0.035697624,0,T-shirt/top,PCA
-0.041972075,1.016689,5,Sandal,PCA
1.5317116,-1.568279,0,T-shirt/top,PCA
0.51035213,0.8272979,1,Trouser,PCA
1.0956185,-0.72734755,7,Sneaker,PCA
-0.14518972,-1.109901,3,Dress,PCA
0.6780325,0.13306612,9,Ankle boot,PCA
1.1526831,-0.548289,8,Bag,PCA
-0.16837282,-1.0854223,3,Dress,PCA
0.5324899,-0.11615768,9,Ankle boot,PCA
-0.94319034,-0.23083094,6,Shirt,PCA
-1.2948767,-0.35746548,9,Ankle boot,PCA
-0.8278503,-0.6156995,5,Sandal,PCA
-0.43919456,0.43454993,4,Coat,PCA
0.75718147,-1.9279505,7,Sneaker,PCA
0.8465079,-0.31441784,0,T-shirt/top,PCA
-0.15658781,1.0202848,3,Dress,PCA
0.28232697,0.99154073,9,Ankle boot,PCA
1.0110556,-1.1444467,7,Sneaker,PCA
0.46710232,1.424958,9,Ankle boot,PCA
1.6469158,-0.054340243,6,Shirt,PCA
0.9203127,-0.19587749,4,Coat,PCA
0.56381315,1.7131802,5,Sandal,PCA
-0.3547613,0.07575159,6,Shirt,PCA
0.94388574,0.7262425,2,Pullover,PCA
0.29079807,-0.7708028,1,Trouser,PCA
-0.093153566,-1.8717233,5,Sandal,PCA
-0.86568993,1.5159439,3,Dress,PCA
-0.08612606,-0.4848712,4,Coat,PCA
-0.76731706,-0.096199214,1,Trouser,PCA
-0.6722481,0.49764493,5,Sandal,PCA
-0.21592635,-0.94599813,5,Sandal,PCA
0.17833146,-0.4119666,8,Bag,PCA
2.0838988,0.36403424,8,Bag,PCA
0.33378547,1.4716345,9,Ankle boot,PCA
-1.2778871,0.3254338,4,Coat,PCA
-0.795064,-0.17211963,9,Ankle boot,PCA
0.29664886,0.6313092,5,Sandal,PCA
-0.27198932,0.188132,7,Sneaker,PCA
0.34416765,1.909432,8,Bag,PCA
1.5219913,-0.29370362,7,Sneaker,PCA
-1.583411,-2.050971,1,Trouser,PCA
-0.3586121,0.5388561,3,Dress,PCA
1.700221,-1.3545519,1,Trouser,PCA
-1.368516,0.6323801,6,Shirt,PCA
1.3148481,-0.10293042,1,Trouser,PCA
-0.13591628,0.8269483,3,Dress,PCA
0.9902159,-0.15542872,3,Dress,PCA
0.16124946,-1.8127487,1,Trouser,PCA
0.4872832,-0.435687,3,Dress,PCA
-0.36761618,-1.7169024,8,Bag,PCA
-0.14398454,0.21599156,9,Ankle boot,PCA
-0.5743946,0.40011087,9,Ankle boot,PCA
-0.39474982,0.3101214,4,Coat,PCA
0.09479454,1.4083401,1,Trouser,PCA
-1.8124882,-0.43188578,0,T-shirt/top,PCA
-1.8408717,1.6589335,8,Bag,PCA
1.1325636,1.559634,6,Shirt,PCA
0.22165364,-0.83783734,2,Pullover,PCA
-0.14199893,-0.020606538,0,T-shirt/top,PCA
0.85653275,-0.024423936,7,Sneaker,PCA
0.29844072,1.5840448,9,Ankle boot,PCA
0.6133561,-1.2825398,8,Bag,PCA
-1.3426946,-1.2931626,2,Pullover,PCA
1.3103374,0.7828844,5,Sandal,PCA
-0.20793971,0.15104422,4,Coat,PCA
-0.17331378,-0.14064448,6,Shirt,PCA
-1.1585516,-0.29379946,3,Dress,PCA
-0.2876247,0.12388778,1,Trouser,PCA
0.8225074,-0.41134128,7,Sneaker,PCA
-0.06425206,-1.3821243,2,Pullover,PCA
-0.93456405,-1.4824473,5,Sandal,PCA
0.8475394,-0.5027992,2,Pullover,PCA
-0.035437796,-0.074066974,6,Shirt,PCA
-1.8842057,-0.70789474,8,Bag,PCA
0.41770798,-0.8086023,2,Pullover,PCA
-0.29736665,0.31979662,5,Sandal,PCA
0.2552354,0.4498118,2,Pullover,PCA
-1.4469061,1.130437,0,T-shirt/top,PCA
-0.1289658,0.79592794,7,Sneaker,PCA
-0.64867383,-0.16280337,1,Trouser,PCA
1.2128096,1.295703,2,Pullover,PCA
-0.41838974,1.0266672,9,Ankle boot,PCA
-0.32371584,-0.74556965,3,Dress,PCA
-1.2162756,0.8448957,0,T-shirt/top,PCA
-1.1503031,-0.38682193,1,Trouser,PCA
2.1698763,0.5543352,8,Bag,PCA
-0.68755853,-0.30243722,0,T-shirt/top,PCA
0.028706612,-0.27842447,8,Bag,PCA
-0.33159572,0.21580032,5,Sandal,PCA
-0.10654843,-0.84879094,6,Shirt,PCA
0.25173524,-0.5195985,8,Bag,PCA
-0.94564354,1.9476869,5,Sandal,PCA
-0.89046913,0.4360263,9,Ankle boot,PCA
-0.47329634,-0.25903264,0,T-shirt/top,PCA
1.2687478,-0.8149587,7,Sneaker,PCA
0.0029674433,0.8863856,7,Sneaker,PCA
-0.38111207,-1.7833917,0,T-shirt/top,PCA
-0.68410873,-0.82121944,0,T-shirt/top,PCA
-0.3339577,-1.7446802,4,Coat,PCA
0.45313534,-0.20674697,1,Trouser,PCA
0.17710131,-0.20333038,1,Trouser,PCA
-0.1420018,0.04924661,6,Shirt,PCA
-0.50583375,-0.45284373,8,Bag,PCA
-0.22099978,1.1407944,4,Coat,PCA
0.67919326,-0.6160244,1,Trouser,PCA
0.41282287,-0.09531851,2,Pullover,PCA
1.4762886,-1.5035647,7,Sneaker,PCA
0.79575413,1.2366836,5,Sandal,PCA
0.43086648,-1.2700294,5,Sandal,PCA
0.25291055,-0.37242192,9,Ankle boot,PCA
0.70761675,-0.3296873,2,Pullover,PCA
-2.3487015,0.50290054,5,Sandal,PCA
1.4485744,0.20131758,7,Sneaker,PCA
-0.5609422,-0.008107097,9,Ankle boot,PCA
-0.42176175,-0.09458083,6,Shirt,PCA
0.654535,-0.23184744,7,Sneaker,PCA
-1.4476092,-1.4987305,0,T-shirt/top,PCA
-0.02460431,-1.1760321,6,Shirt,PCA
1.1076199,1.2179288,9,Ankle boot,PCA
0.12905951,-0.13637856,2,Pullover,PCA
-2.5836658,-0.9044474,6,Shirt,PCA
-0.7743367,0.61781365,9,Ankle boot,PCA
-0.9619785,1.2595106,6,Shirt,PCA
-0.11335038,0.20211579,6,Shirt,PCA
-0.9126632,-1.7605662,0,T-shirt/top,PCA
0.016995085,-0.13639908,4,Coat,PCA
1.0272495,-0.99668026,4,Coat,PCA
0.85373014,-2.0756953,0,T-shirt/top,PCA
-0.66182953,-0.37997,4,Coat,PCA
-0.8670646,3.1412363,5,Sandal,PCA
-0.35246757,-0.36920923,6,Shirt,PCA
0.047088526,0.7743992,9,Ankle boot,PCA
1.2817342,2.1197991,3,Dress,PCA
-1.4620686,1.5536503,8,Bag,PCA
-0.06139986,-1.3027389,6,Shirt,PCA
0.07962632,-0.34051052,7,Sneaker,PCA
0.61853427,0.15512784,5,Sandal,PCA
0.09799157,-1.645931,2,Pullover,PCA
0.75715494,-0.5220979,1,Trouser,PCA
-1.0921928,0.3392753,3,Dress,PCA
0.9093782,0.7956844,6,Shirt,PCA
-0.18822625,0.23817253,2,Pullover,PCA
1.4504802,0.99762505,8,Bag,PCA
-0.6943077,0.24417832,3,Dress,PCA
1.2757896,0.48636833,0,T-shirt/top,PCA
1.4624938,0.42238227,3,Dress,PCA
0.012163352,-1.4927108,4,Coat,PCA
1.4973378,-1.8172814,8,Bag,PCA
-0.651141,-0.27811068,4,Coat,PCA
-0.23774445,-0.64324534,6,Shirt,PCA
-0.14029858,-1.4335666,1,Trouser,PCA
1.4323093,0.19017622,4,Coat,PCA
-0.19021909,0.8993484,3,Dress,PCA
1.4860036,1.4675341,8,Bag,PCA
1.0729622,-0.81733334,1,Trouser,PCA
2.4341137,-0.13255905,3,Dress,PCA
-0.050360266,0.83076507,4,Coat,PCA
-0.6420049,0.2496376,9,Ankle boot,PCA
0.7276553,-0.15367362,5,Sandal,PCA
-0.3797442,-0.09709005,4,Coat,PCA
-0.11922404,0.78249425,8,Bag,PCA
1.5292534,-1.1789937,3,Dress,PCA
0.044753067,-1.7271419,1,Trouser,PCA
-0.2983898,-1.6381582,9,Ankle boot,PCA
1.6201017,-0.37555894,5,Sandal,PCA
-0.81549853,-0.47753793,2,Pullover,PCA
-0.578196,-0.8180203,4,Coat,PCA
0.55236465,-0.5303653,3,Dress,PCA
0.22686484,0.49659023,0,T-shirt/top,PCA
-1.3253398,0.17738706,0,T-shirt/top,PCA
0.6870707,-0.32358006,7,Sneaker,PCA
1.4474077,-0.3806398,6,Shirt,PCA
-0.15217917,-0.9321535,2,Pullover,PCA
-2.0016003,1.2263244,5,Sandal,PCA
0.062077727,-1.7143214,4,Coat,PCA
0.1681446,0.2669617,2,Pullover,PCA
-1.5085677,-0.15008876,9,Ankle boot,PCA
0.3249174,-0.36628252,1,Trouser,PCA
-0.8609424,0.7891644,6,Shirt,PCA
-1.2333373,0.34678045,1,Trouser,PCA
-1.609704,0.27369553,7,Sneaker,PCA
-0.41654065,-1.0795346,9,Ankle boot,PCA
-0.57986224,-0.0925324,2,Pullover,PCA
-0.3409518,-0.13985434,3,Dress,PCA
0.031267118,-0.7646131,6,Shirt,PCA
-0.27903977,0.8470746,6,Shirt,PCA
1.5966702,1.1363459,1,Trouser,PCA
0.4583879,-0.513253,4,Coat,PCA
0.23881888,-0.618254,4,Coat,PCA
0.34054118,-2.246858,3,Dress,PCA
-2.3959792,0.014957579,5,Sandal,PCA
0.26077592,-0.019355282,6,Shirt,PCA
0.34290728,-0.21276163,7,Sneaker,PCA
-0.36126745,-0.4578913,0,T-shirt/top,PCA
-0.2677476,-0.4269135,5,Sandal,PCA
-0.12285273,1.0138149,5,Sandal,PCA
0.6269538,-0.14179249,9,Ankle boot,PCA
-0.59072477,1.130805,9,Ankle boot,PCA
1.7220167,-0.9684819,8,Bag,PCA
-0.039418627,-1.1857281,6,Shirt,PCA
-1.0319525,0.008759791,4,Coat,PCA
0.6743675,0.52740943,8,Bag,PCA
1.0658816,0.46175376,7,Sneaker,PCA
-0.6946106,-0.8106619,4,Coat,PCA
1.2187994,-0.31001905,7,Sneaker,PCA
2.7872987,-0.36186853,8,Bag,PCA
-0.76708436,-0.9386265,5,Sandal,PCA
0.059066307,-0.066066004,4,Coat,PCA
0.10825832,1.6011087,4,Coat,PCA
-1.2748809,-2.069149,9,Ankle boot,PCA
-1.0336448,-1.542791,3,Dress,PCA
-1.4850197,0.027594155,2,Pullover,PCA
1.4912791,-1.9157395,0,T-shirt/top,PCA
-0.9754725,-0.817636,1,Trouser,PCA
-0.1541795,-0.76016194,2,Pullover,PCA
-0.7851708,1.1677502,8,Bag,PCA
-2.4223497,0.32441738,3,Dress,PCA
-0.4955784,-0.12590173,8,Bag,PCA
0.26490787,0.22294208,1,Trouser,PCA
-0.4393707,-0.567429,4,Coat,PCA
0.42021775,-0.6613845,2,Pullover,PCA
0.66067165,1.4462438,4,Coat,PCA
1.3476325,0.9744535,7,Sneaker,PCA
1.2880347,-1.0903505,7,Sneaker,PCA
-0.5015611,-1.4927566,2,Pullover,PCA
-0.39452362,-1.4336473,9,Ankle boot,PCA
-3.2744634,-0.2737489,8,Bag,PCA
1.732369,0.03265947,8,Bag,PCA
1.5473258,-0.7746768,5,Sandal,PCA
0.6184116,-1.4736937,1,Trouser,PCA
-0.6525115,0.9313653,1,Trouser,PCA
-1.3413838,-1.9741609,6,Shirt,PCA
0.40707856,-1.4922643,2,Pullover,PCA
-2.346265,0.6454204,5,Sandal,PCA
1.269114,-0.3664514,1,Trouser,PCA
1.3772379,1.9776897,4,Coat,PCA
0.119427055,-1.0609608,0,T-shirt/top,PCA
0.8236895,-0.92188114,6,Shirt,PCA
1.2323372,-0.2596627,6,Shirt,PCA
0.032111336,0.758221,7,Sneaker,PCA
-0.52156705,0.60518235,8,Bag,PCA
-2.1533427,-0.8526511,5,Sandal,PCA
-0.85102105,-0.13435876,7,Sneaker,PCA
-0.19213867,-0.7249142,2,Pullover,PCA
-0.79143476,0.79141897,7,Sneaker,PCA
0.9990869,-0.34067413,5,Sandal,PCA
1.7057933,1.0396088,4,Coat,PCA
1.1635281,-0.74419934,1,Trouser,PCA
0.64435107,-0.6959701,4,Coat,PCA
1.3333972,1.44374,4,Coat,PCA
0.18706353,1.002577,4,Coat,PCA
-0.29142135,0.10398698,1,Trouser,PCA
-0.46772873,0.34752724,7,Sneaker,PCA
-0.6475738,-0.4955063,5,Sandal,PCA
2.0311875,1.9999558,9,Ankle boot,PCA
2.1920774,-0.3496435,9,Ankle boot,PCA
1.790517,0.7459545,5,Sandal,PCA
-1.4888852,-0.29491532,9,Ankle boot,PCA
0.21390341,-1.8929573,1,Trouser,PCA
-0.3064192,0.043445334,0,T-shirt/top,PCA
2.191736,0.62234485,8,Bag,PCA
2.88453,1.3649048,8,Bag,PCA
1.174178,0.80452526,0,T-shirt/top,PCA
1.5950207,0.29119366,8,Bag,PCA
0.9811428,1.0162153,6,Shirt,PCA
0.091929406,-1.8956574,0,T-shirt/top,PCA
0.12618862,-1.0922378,1,Trouser,PCA
0.75747716,-0.23310553,8,Bag,PCA
-1.1344277,-0.29914424,2,Pullover,PCA
1.2380435,0.0899883,7,Sneaker,PCA
-1.2642156,0.579138,5,Sandal,PCA
-0.63805753,-0.957251,6,Shirt,PCA
0.24242748,-0.22603197,6,Shirt,PCA
-0.53480905,-0.22643717,9,Ankle boot,PCA
-0.36584598,-0.059912346,9,Ankle boot,PCA
0.31878313,0.9053359,6,Shirt,PCA
0.1084204,0.14737348,4,Coat,PCA
0.1836589,0.037293278,4,Coat,PCA
-0.736464,-1.5397807,9,Ankle boot,PCA
0.8005293,-0.32404894,0,T-shirt/top,PCA
-1.7374356,-0.23337078,5,Sandal,PCA
-0.30853984,0.4060684,7,Sneaker,PCA
0.3842695,2.395298,9,Ankle boot,PCA
-1.342765,-0.5338837,9,Ankle boot,PCA
-0.9263268,-0.29769012,5,Sandal,PCA
-0.27146366,1.4894193,1,Trouser,PCA
0.97891647,1.040316,4,Coat,PCA
-0.95814425,-0.31221056,8,Bag,PCA
0.7157807,-0.65528727,1,Trouser,PCA
0.3980144,0.12826128,6,Shirt,PCA
1.1160791,0.08693287,5,Sandal,PCA
-0.66435325,0.44618037,9,Ankle boot,PCA
-1.1920006,0.23083526,4,Coat,PCA
-0.43863147,1.7375599,8,Bag,PCA
0.20462838,1.8001504,4,Coat,PCA
0.6542265,-0.29590455,1,Trouser,PCA
0.26245207,0.2582381,0,T-shirt/top,PCA
0.43688968,0.26569963,4,Coat,PCA
0.19326636,-2.1456268,6,Shirt,PCA
-2.2706265,-1.452593,6,Shirt,PCA
-0.86586666,0.4594139,4,Coat,PCA
-0.59037,0.20064652,0,T-shirt/top,PCA
-0.572165,-1.9061115,5,Sandal,PCA
1.2085832,-0.55019623,7,Sneaker,PCA
-0.5331445,1.733961,2,Pullover,PCA
-0.8658917,0.8600196,5,Sandal,PCA
0.7537894,0.12693198,2,Pullover,PCA
-0.05533274,0.34774616,7,Sneaker,PCA
0.6288762,-0.5389902,4,Coat,PCA
1.2948974,-1.4356872,7,Sneaker,PCA
0.88212705,-0.5647139,8,Bag,PCA
-0.03983276,-1.7674638,6,Shirt,PCA
1.0960857,0.15103857,5,Sandal,PCA
0.52781546,-0.39904538,6,Shirt,PCA
0.03002049,0.85909957,5,Sandal,PCA
1.4718446,0.7004312,3,Dress,PCA
-0.6133174,-1.4021667,7,Sneaker,PCA
-1.0803865,-0.71819687,7,Sneaker,PCA
-0.5191429,-0.88153154,6,Shirt,PCA
-0.8073612,0.35948607,4,Coat,PCA
-1.0633222,0.30337486,8,Bag,PCA
-0.35052946,-0.7497663,2,Pullover,PCA
0.7445077,1.4432951,4,Coat,PCA
0.30544725,0.19857152,7,Sneaker,PCA
0.18733676,2.0565345,5,Sandal,PCA
-0.75219774,-0.9929278,4,Coat,PCA
-0.55012155,-0.5247965,1,Trouser,PCA
-0.23944685,1.1652958,9,Ankle boot,PCA
0.6019932,-2.0494823,6,Shirt,PCA
-0.035929974,0.92929554,7,Sneaker,PCA
-0.46302277,0.9970295,3,Dress,PCA
2.298082,0.99260145,9,Ankle boot,PCA
0.8075338,-0.21310703,3,Dress,PCA
0.106131054,0.24932319,8,Bag,PCA
-1.61681,0.5507934,6,Shirt,PCA
-0.8446848,-1.0935674,5,Sandal,PCA
-0.7689413,-1.4171906,2,Pullover,PCA
-0.15760812,-1.7004908,2,Pullover,PCA
-1.2236414,0.17618425,5,Sandal,PCA
0.018662171,-0.996324,8,Bag,PCA
0.2925647,0.5512525,6,Shirt,PCA
1.9567345,0.35922134,1,Trouser,PCA
-0.12109847,-0.53945714,4,Coat,PCA
-0.018660266,0.11322075,2,Pullover,PCA
1.7090976,0.19774601,6,Shirt,PCA
0.13633303,0.068637766,4,Coat,PCA
-0.1996689,1.6856834,6,Shirt,PCA
-1.2363812,-0.970461,5,Sandal,PCA
0.4096601,-2.383084,6,Shirt,PCA
0.6175296,0.6331316,0,T-shirt/top,PCA
-1.4471114,0.31773934,1,Trouser,PCA
0.23757577,1.5938812,0,T-shirt/top,PCA
-0.45546186,1.585062,9,Ankle boot,PCA
1.3119752,-0.03456992,3,Dress,PCA
-0.3945067,1.2313851,2,Pullover,PCA
-0.447189,0.957716,7,Sneaker,PCA
-0.123493776,0.6224486,6,Shirt,PCA
-0.9606777,0.18135448,2,Pullover,PCA
-0.10398437,1.1451993,2,Pullover,PCA
0.6762906,-0.12015057,8,Bag,PCA
-0.3386627,1.3721477,0,T-shirt/top,PCA
1.2976478,0.69478464,8,Bag,PCA
0.45753664,-1.832012,0,T-shirt/top,PCA
-0.40020648,-0.7913647,4,Coat,PCA
-1.8976178,0.08444659,0,T-shirt/top,PCA
1.139297,0.76077265,5,Sandal,PCA
-0.08203447,-1.4762627,3,Dress,PCA
0.040020242,-0.0018594228,1,Trouser,PCA
2.5060835,0.56547356,7,Sneaker,PCA
-0.30537653,-0.85059744,1,Trouser,PCA
-0.37418377,0.98760825,8,Bag,PCA
-0.015263058,-0.20898595,0,T-shirt/top,PCA
-1.0701385,-0.9287383,6,Shirt,PCA
-0.55196065,-0.5395939,5,Sandal,PCA
-0.024201263,2.4108045,3,Dress,PCA
-2.5181277,1.1989063,1,Trouser,PCA
1.1348901,-2.6592133,4,Coat,PCA
0.95696324,-1.0925202,6,Shirt,PCA
-0.29093987,-1.4912488,6,Shirt,PCA
-1.0073458,0.17261876,0,T-shirt/top,PCA
0.06373539,-1.4108516,2,Pullover,PCA
-0.027646307,0.28375566,1,Trouser,PCA
1.0343568,0.7191153,8,Bag,PCA
0.28543913,-0.58608603,5,Sandal,PCA
0.69937044,-0.65251654,2,Pullover,PCA
1.1604569,0.28082627,1,Trouser,PCA
-1.3350563,0.44913235,3,Dress,PCA
0.31551865,1.8888923,3,Dress,PCA
-0.6337705,0.32990438,3,Dress,PCA
-0.5427619,0.2920963,1,Trouser,PCA
-0.22262546,0.57001793,5,Sandal,PCA
0.18910299,-0.020958506,7,Sneaker,PCA
-0.84262496,-1.8382626,9,Ankle boot,PCA
2.1485784,0.8677498,1,Trouser,PCA
-1.541726,0.80151355,9,Ankle boot,PCA
-1.9125732,-1.0591202,0,T-shirt/top,PCA
-1.1526878,0.055067778,6,Shirt,PCA
2.3835194,0.041666977,8,Bag,PCA
-1.7897724,-1.6025583,8,Bag,PCA
-1.0117782,-0.3803145,2,Pullover,PCA
-0.6301095,1.0326988,2,Pullover,PCA
1.6890218,0.2567206,7,Sneaker,PCA
0.09825489,2.0186694,3,Dress,PCA
0.64762956,2.1433837,9,Ankle boot,PCA
0.97321135,0.19697884,5,Sandal,PCA
1.5803757,0.24887064,7,Sneaker,PCA
0.45486152,1.1400552,7,Sneaker,PCA
-0.8400593,1.6378367,3,Dress,PCA
2.1593254,0.56237406,9,Ankle boot,PCA
0.44886857,0.09936698,6,Shirt,PCA
0.52171737,0.5958692,6,Shirt,PCA
0.49484125,0.61693406,3,Dress,PCA
0.13010904,-0.013214855,5,Sandal,PCA
-0.6705406,-0.595242,0,T-shirt/top,PCA
-1.5666342,-0.17546104,2,Pullover,PCA
-1.0116104,-1.434949,0,T-shirt/top,PCA
-0.14614682,1.3150057,0,T-shirt/top,PCA
0.22701642,1.5858599,0,T-shirt/top,PCA
-0.36501372,-0.41246077,5,Sandal,PCA
0.89919496,0.9958882,4,Coat,PCA
0.25304303,0.82169425,5,Sandal,PCA
0.24024564,0.3117464,9,Ankle boot,PCA
0.6848017,-1.3472006,4,Coat,PCA
1.0484335,1.2376331,7,Sneaker,PCA
0.94568014,-0.11920553,7,Sneaker,PCA
1.0261543,0.40348616,3,Dress,PCA
-2.3312988,-0.17019771,2,Pullover,PCA
-1.7819034,0.63801336,7,Sneaker,PCA
-1.6089013,-1.977397,9,Ankle boot,PCA
-1.021299,0.8019857,8,Bag,PCA
-0.9087838,-0.39895967,4,Coat,PCA
-0.81804204,-0.6204506,9,Ankle boot,PCA
-0.61592054,-1.68577,4,Coat,PCA
-0.72248757,2.0619445,8,Bag,PCA
-1.0982696,-1.5195953,1,Trouser,PCA
-0.6421156,0.055284932,0,T-shirt/top,PCA
-1.5173693,-0.15747963,1,Trouser,PCA
-0.55005646,-0.19979036,3,Dress,PCA
-0.17388132,-0.6007289,6,Shirt,PCA
0.9455941,-0.06520792,4,Coat,PCA
1.4788555,1.9052509,7,Sneaker,PCA
0.8409817,-1.8151445,6,Shirt,PCA
0.27124617,-0.6064784,7,Sneaker,PCA
-0.43547454,0.99404603,2,Pullover,PCA
-0.019268472,1.0864503,2,Pullover,PCA
2.785088,-0.0042536557,8,Bag,PCA
2.6384249,-1.42028,4,Coat,PCA
1.0989121,1.1925554,6,Shirt,PCA
-0.15151191,-2.9859245,9,Ankle boot,PCA
-0.78447974,-0.56925154,2,Pullover,PCA
-0.8175488,1.162004,1,Trouser,PCA
-1.1686747,-0.45438534,4,Coat,PCA
-0.3390536,1.0822095,5,Sandal,PCA
-1.1546997,0.5597875,8,Bag,PCA
-0.012052648,0.7558462,7,Sneaker,PCA
-1.944145,-0.95625013,9,Ankle boot,PCA
-2.45877,0.16833535,8,Bag,PCA
-1.7151461,-0.5977976,1,Trouser,PCA
-1.0285282,2.3234007,5,Sandal,PCA
-0.45681173,-1.9795119,6,Shirt,PCA
0.5080791,1.9670943,1,Trouser,PCA
-0.71784556,1.4696561,7,Sneaker,PCA
0.5444394,-0.90066606,8,Bag,PCA
1.1075836,0.4216783,3,Dress,PCA
0.16165753,-0.50652087,4,Coat,PCA
1.8438077,-1.2838969,7,Sneaker,PCA
-0.34289372,1.0803488,6,Shirt,PCA
-0.10959004,1.0322231,1,Trouser,PCA
0.63312966,0.09233913,4,Coat,PCA
-1.0363669,0.50867623,7,Sneaker,PCA
1.3959397,0.42152303,4,Coat,PCA
1.4820334,0.11015667,5,Sandal,PCA
-0.55621624,-1.6676754,3,Dress,PCA
0.85718143,-1.9369165,1,Trouser,PCA
-1.1548246,-0.007896481,5,Sandal,PCA
0.27813712,-1.5111183,0,T-shirt/top,PCA
0.768636,-0.96999764,3,Dress,PCA
-2.0942793,-0.51569074,0,T-shirt/top,PCA
-1.2225355,-1.8459023,4,Coat,PCA
1.3620749,0.44028577,1,Trouser,PCA
-1.307067,1.4020768,7,Sneaker,PCA
1.3345901,-0.77299875,5,Sandal,PCA
0.43649918,-1.2081169,3,Dress,PCA
0.51941097,0.27411553,1,Trouser,PCA
-0.27282026,-0.2911687,2,Pullover,PCA
2.728105,-0.6819781,5,Sandal,PCA
0.8815669,0.6101705,4,Coat,PCA
0.20693551,1.8594565,4,Coat,PCA
0.32816002,-0.7672293,3,Dress,PCA
2.0017765,-0.89044994,2,Pullover,PCA
0.4576411,-0.076082945,1,Trouser,PCA
-0.03771692,-0.8231707,0,T-shirt/top,PCA
2.8960524,-0.13699585,3,Dress,PCA
0.7564333,1.2741531,6,Shirt,PCA
-0.38056415,-1.0725904,2,Pullover,PCA
0.626466,1.52352,3,Dress,PCA
-2.2826133,-0.98413736,8,Bag,PCA
0.2681804,0.92363715,2,Pullover,PCA
0.17990974,-1.0620873,1,Trouser,PCA
0.22301647,1.133229,5,Sandal,PCA
-0.8295651,-0.9459395,4,Coat,PCA
0.628189,-0.53403,7,Sneaker,PCA
0.17193034,0.043353118,1,Trouser,PCA
-0.75090253,0.47897935,4,Coat,PCA
-1.2612774,-1.2678908,0,T-shirt/top,PCA
1.1787069,-0.7506892,1,Trouser,PCA
-0.57009363,-2.3471892,6,Shirt,PCA
0.023592647,-0.26624906,7,Sneaker,PCA
-0.18568291,-0.33502162,9,Ankle boot,PCA
-1.8360772,-1.4025049,6,Shirt,PCA
1.0169418,0.007741064,7,Sneaker,PCA
-0.044966813,-0.03702534,8,Bag,PCA
0.45184663,-1.0802988,0,T-shirt/top,PCA
1.3564094,-2.0730498,6,Shirt,PCA
-0.9951479,-0.7710531,4,Coat,PCA
1.5886232,-0.13455817,4,Coat,PCA
-0.20530003,0.48895928,9,Ankle boot,PCA
0.09526855,0.7794948,1,Trouser,PCA
-0.3650742,1.7277213,3,Dress,PCA
-0.28512707,0.21779475,9,Ankle boot,PCA
-0.16648307,-0.7823469,4,Coat,PCA
-1.1340727,-0.6925648,4,Coat,PCA
-0.36126724,-1.4697398,5,Sandal,PCA
0.13750333,2.5087757,0,T-shirt/top,PCA
0.99852896,-0.33278877,1,Trouser,PCA
-0.31431764,-0.6751447,5,Sandal,PCA
1.6320605,0.4459244,5,Sandal,PCA
0.52296966,0.70692337,7,Sneaker,PCA
-0.59427255,2.059818,3,Dress,PCA
0.17943332,-0.45314234,2,Pullover,PCA
2.2248433,-0.73920673,1,Trouser,PCA
0.2107017,-0.21732512,1,Trouser,PCA
-0.95379657,-0.021911312,4,Coat,PCA
0.4161758,1.1395644,9,Ankle boot,PCA
0.24089591,0.5047257,5,Sandal,PCA
0.047815986,0.1704935,8,Bag,PCA
1.2296413,-0.22893275,5,Sandal,PCA
-1.6197196,-0.5341064,5,Sandal,PCA
0.21701658,-2.043479,8,Bag,PCA
1.4852706,-1.7881043,4,Coat,PCA
0.95418215,-0.118204676,8,Bag,PCA
-0.016993254,-0.062071808,3,Dress,PCA
-2.0630484,0.106097385,9,Ankle boot,PCA
-1.3440012,-0.80781114,9,Ankle boot,PCA
-1.3595369,0.86768,4,Coat,PCA
0.82930416,0.99468535,6,Shirt,PCA
1.0834146,0.06903778,1,Trouser,PCA
1.2130575,0.2379089,7,Sneaker,PCA
0.57596666,0.23920557,8,Bag,PCA
-0.3002653,0.39862296,9,Ankle boot,PCA
1.6488467,-0.43594313,5,Sandal,PCA
0.28442723,-0.17057338,4,Coat,PCA
1.8323034,0.40927348,7,Sneaker,PCA
-0.5683291,-0.33941194,0,T-shirt/top,PCA
1.1339289,-1.381246,5,Sandal,PCA
-1.0241162,0.09784223,3,Dress,PCA
-1.4977165,-0.2419132,8,Bag,PCA
1.903084,2.0273156,3,Dress,PCA
0.5644529,1.4074717,4,Coat,PCA
0.38192716,1.7349288,1,Trouser,PCA
0.6622438,1.660155,4,Coat,PCA
0.46760237,-1.1445637,6,Shirt,PCA
-0.5075674,0.7113947,7,Sneaker,PCA
-1.4916099,-0.8764896,6,Shirt,PCA
2.4025807,-0.176109,2,Pullover,PCA
-0.90686285,-0.91835254,3,Dress,PCA
0.019948047,1.4201154,5,Sandal,PCA
0.7736647,-1.261243,6,Shirt,PCA
-0.18496935,-1.0977155,8,Bag,PCA
-1.1892935,0.30383876,5,Sandal,PCA
0.05057559,0.52393717,2,Pullover,PCA
1.1686864,-0.609947,7,Sneaker,PCA
0.9676846,-1.4340699,7,Sneaker,PCA
0.45662698,-0.7688663,0,T-shirt/top,PCA
-0.5653183,1.2290194,5,Sandal,PCA
-0.72261924,-0.95591205,0,T-shirt/top,PCA
0.8781225,0.3076935,7,Sneaker,PCA
0.5075362,1.7074494,1,Trouser,PCA
1.1304747,-1.2565182,7,Sneaker,PCA
-1.1041762,-0.12868837,7,Sneaker,PCA
-0.17600474,0.9755148,2,Pullover,PCA
0.64403886,0.7779576,5,Sandal,PCA
1.6699399,0.6324884,7,Sneaker,PCA
-0.2992932,-0.6409778,2,Pullover,PCA
1.4112036,0.09840516,8,Bag,PCA
0.9687905,0.023437975,1,Trouser,PCA
0.50954694,1.7226695,2,Pullover,PCA
-0.83913976,-0.82640934,7,Sneaker,PCA
0.25943777,-0.7887088,1,Trouser,PCA
0.48891264,-0.9197745,9,Ankle boot,PCA
-2.3612938,1.0961477,2,Pullover,PCA
0.33143046,0.22920083,7,Sneaker,PCA
0.39599144,-0.057047658,2,Pullover,PCA
2.0387168,-0.26322716,5,Sandal,PCA
-0.7288029,0.26635236,4,Coat,PCA
-0.2606004,-1.2916845,2,Pullover,PCA
1.1031317,1.0823524,9,Ankle boot,PCA
1.301353,1.5578402,6,Shirt,PCA
0.66840035,1.4586432,8,Bag,PCA
-0.11166978,0.8682931,5,Sandal,PCA
-0.02121849,-0.21318446,7,Sneaker,PCA
-1.5838373,0.35240513,4,Coat,PCA
-0.7292919,-0.28148827,1,Trouser,PCA
0.72693306,-0.012644494,7,Sneaker,PCA
0.5234819,-0.52203876,3,Dress,PCA
1.0271878,-0.46574774,7,Sneaker,PCA
-1.4992403,-0.33070254,2,Pullover,PCA
1.0557407,1.2897017,9,Ankle boot,PCA
0.5462903,-1.2451274,7,Sneaker,PCA
-1.0949609,0.9416242,5,Sandal,PCA
0.40537077,1.5066538,9,Ankle boot,PCA
0.22950217,0.09470208,3,Dress,PCA
-0.5611019,0.8431435,2,Pullover,PCA
-1.2645406,0.10176625,7,Sneaker,PCA
-0.7994968,2.2689366,8,Bag,PCA
-0.006180793,1.3326659,0,T-shirt/top,PCA
2.5531034,0.19378494,3,Dress,PCA
-0.6124966,1.3442898,0,T-shirt/top,PCA
1.1257318,-0.35036597,5,Sandal,PCA
-0.07311292,0.58682567,5,Sandal,PCA
-0.5742659,-1.4311495,3,Dress,PCA
0.19018838,-1.3193201,3,Dress,PCA
1.2132078,-1.7039102,1,Trouser,PCA
0.26837775,0.56297284,2,Pullover,PCA
-1.1788721,0.6721508,6,Shirt,PCA
-1.2411717,-0.4623555,8,Bag,PCA
0.57020324,1.6126444,7,Sneaker,PCA
-0.15716177,-2.3177567,9,Ankle boot,PCA
-0.46613592,0.24404004,9,Ankle boot,PCA
-0.41488898,-0.9247869,2,Pullover,PCA
-0.20005634,1.550548,2,Pullover,PCA
2.3705845,-1.2996914,4,Coat,PCA
-0.7092412,0.48531428,8,Bag,PCA
-1.7579697,-0.33092567,5,Sandal,PCA
1.4882996,-0.71750456,7,Sneaker,PCA
-0.41677865,-0.07032773,8,Bag,PCA
-0.54442006,1.9995197,3,Dress,PCA
-0.74921805,0.14497733,8,Bag,PCA
1.5503834,0.12626156,4,Coat,PCA
1.3090713,-0.8544684,1,Trouser,PCA
-1.7469982,0.33167455,9,Ankle boot,PCA
0.79670984,0.47866547,4,Coat,PCA
1.0932889,-0.5657748,8,Bag,PCA
0.16777217,0.45483458,4,Coat,PCA
1.8675842,-1.015543,1,Trouser,PCA
-1.0689347,0.8323241,5,Sandal,PCA
-0.6375273,-1.4250257,9,Ankle boot,PCA
-1.3604511,-0.64869094,1,Trouser,PCA
-0.8553092,-0.31547633,5,Sandal,PCA
1.4998263,-1.4586816,3,Dress,PCA
0.6759525,-0.31906497,7,Sneaker,PCA
-0.768554,1.8158988,3,Dress,PCA
0.9265744,0.98469585,6,Shirt,PCA
-1.1073508,0.16035922,0,T-shirt/top,PCA
-1.244321,-1.5550826,3,Dress,PCA
0.444364,0.12529342,0,T-shirt/top,PCA
2.1865206,-0.3447823,3,Dress,PCA
2.6886837,-1.1750531,2,Pullover,PCA
0.73144627,-1.8165417,6,Shirt,PCA
-0.240798,-1.2948456,0,T-shirt/top,PCA
-0.6053936,-0.41464844,0,T-shirt/top,PCA
-2.1719751,0.94139296,3,Dress,PCA
-0.85891414,0.96510476,8,Bag,PCA
-0.048419822,0.30175918,7,Sneaker,PCA
1.0309513,2.152128,0,T-shirt/top,PCA
0.01110578,0.88221765,5,Sandal,PCA
-1.8639332,0.55952126,5,Sandal,PCA
0.1950567,1.4198059,0,T-shirt/top,PCA
0.5192232,-0.18270706,7,Sneaker,PCA
0.9163016,-0.0528761,5,Sandal,PCA
0.60226554,-0.82830876,1,Trouser,PCA
0.22211696,0.058508784,3,Dress,PCA
0.0919383,-0.8784519,3,Dress,PCA
0.7847994,0.046835892,6,Shirt,PCA
-0.46658534,0.28564247,4,Coat,PCA
-0.8308398,-0.9498465,2,Pullover,PCA
0.84085625,1.3015915,7,Sneaker,PCA
-0.20382315,-0.7186569,6,Shirt,PCA
1.1426138,1.5097437,0,T-shirt/top,PCA
0.19797514,-2.368159,3,Dress,PCA
-0.9651757,-0.91169786,6,Shirt,PCA
-0.40235394,0.78143805,9,Ankle boot,PCA
-0.6061009,0.77193505,3,Dress,PCA
-0.001646243,1.0493473,9,Ankle boot,PCA
1.5169753,-2.923362,8,Bag,PCA
0.10937537,1.0405185,7,Sneaker,PCA
0.10819955,-0.6173046,1,Trouser,PCA
-0.4880877,0.45246896,6,Shirt,PCA
-0.91586703,-2.4260263,5,Sandal,PCA
1.3139272,0.24873924,5,Sandal,PCA
0.3435426,0.42861018,2,Pullover,PCA
-0.7343584,-0.295615,3,Dress,PCA
-0.21229887,1.1284544,0,T-shirt/top,PCA
-0.5475753,-1.7657703,4,Coat,PCA
0.12860222,1.3094977,4,Coat,PCA
-0.8380017,-0.5962548,6,Shirt,PCA
0.053510603,1.01275,4,Coat,PCA
0.33707803,0.9123484,1,Trouser,PCA
-0.286384,0.2955273,1,Trouser,PCA
-0.042158905,0.3051985,7,Sneaker,PCA
0.64102346,0.793485,8,Bag,PCA
-0.44482034,0.54338557,9,Ankle boot,PCA
1.0828247,1.7821462,8,Bag,PCA
0.7118008,0.79042625,2,Pullover,PCA
-0.13160113,0.70831585,7,Sneaker,PCA
-1.1040301,-1.6891103,2,Pullover,PCA
0.039776117,0.62955046,9,Ankle boot,PCA
-0.029258367,0.8512635,8,Bag,PCA
-0.8410559,1.1163673,8,Bag,PCA
-1.4999692,0.08697623,0,T-shirt/top,PCA
-1.8413628,-0.01313683,8,Bag,PCA
1.2724309,-0.5898405,7,Sneaker,PCA
0.07005568,-0.18706554,1,Trouser,PCA
-0.68989533,-1.808651,6,Shirt,PCA
0.42164353,0.8876725,6,Shirt,PCA
-0.35567403,-0.32562575,0,T-shirt/top,PCA
-2.4508288,0.58673984,1,Trouser,PCA
-0.64979744,-0.7385309,7,Sneaker,PCA
0.11108585,-0.3672407,1,Trouser,PCA
0.11622158,0.7757852,1,Trouser,PCA
0.39137578,0.82120997,9,Ankle boot,PCA
-0.9924323,-1.5632344,9,Ankle boot,PCA
-0.91935796,-0.41512817,5,Sandal,PCA
0.35989195,-1.3453802,6,Shirt,PCA
0.09103657,0.84736127,4,Coat,PCA
0.79697704,0.47363225,8,Bag,PCA
1.229338,-0.79799354,1,Trouser,PCA
1.4206012,-0.823945,0,T-shirt/top,PCA
-1.0435833,-0.008771014,8,Bag,PCA
-2.579865,0.3921786,1,Trouser,PCA
-0.6790191,-1.9130462,2,Pullover,PCA
2.4875734,0.8378023,5,Sandal,PCA
-1.2346684,-1.0515345,8,Bag,PCA
-0.75953484,1.844737,8,Bag,PCA
-1.0700098,1.6365124,7,Sneaker,PCA
1.4261972,-0.8717074,7,Sneaker,PCA
0.5102177,1.8865366,0,T-shirt/top,PCA
-0.7484969,1.418504,9,Ankle boot,PCA
0.3928142,1.2540922,2,Pullover,PCA
-0.7135705,-1.4417926,0,T-shirt/top,PCA
-0.24312001,1.2001084,8,Bag,PCA
1.0819949,0.67308444,2,Pullover,PCA
0.53824455,2.380148,0,T-shirt/top,PCA
-0.6016042,-0.025539946,7,Sneaker,PCA
-0.92362726,0.04186201,2,Pullover,PCA
-1.7587688,-1.4901657,9,Ankle boot,PCA
-0.83586526,0.07276134,4,Coat,PCA
-0.7063927,-0.1769357,9,Ankle boot,PCA
0.23902453,0.17546551,1,Trouser,PCA
-1.7178726,-0.49428436,0,T-shirt/top,PCA
1.0132314,0.64587814,5,Sandal,PCA
-0.06544575,-0.65924937,1,Trouser,PCA
0.29407692,-0.35988495,4,Coat,PCA
-0.082585186,0.8251345,4,Coat,PCA
0.31903166,1.2170802,2,Pullover,PCA
-0.9985104,-0.46696234,1,Trouser,PCA
0.27653337,0.2041963,1,Trouser,PCA
-0.5543275,-1.1036153,2,Pullover,PCA
0.7116182,0.16475764,3,Dress,PCA
-1.9402158,0.9334128,5,Sandal,PCA
-0.84984046,-0.3169351,7,Sneaker,PCA
1.2408286,0.09429715,5,Sandal,PCA
0.9758133,-1.9486957,4,Coat,PCA
-2.0629346,1.5225414,5,Sandal,PCA
0.08553553,0.8373524,8,Bag,PCA
1.7196462,0.46909726,9,Ankle boot,PCA
-0.3668263,-0.820535,2,Pullover,PCA
0.38265476,-0.95110774,1,Trouser,PCA
-0.4631878,-0.33471233,9,Ankle boot,PCA
0.3146657,0.26877254,5,Sandal,PCA
0.9950586,0.5491551,4,Coat,PCA
1.5045881,-0.25540796,2,Pullover,PCA
0.10346706,0.49637893,5,Sandal,PCA
0.6429284,1.1474683,8,Bag,PCA
0.6184147,1.0610777,9,Ankle boot,PCA
-0.9758039,-0.8630133,2,Pullover,PCA
-0.85330135,-0.66481745,8,Bag,PCA
-2.1309392,-1.6795087,8,Bag,PCA
0.2774785,-1.6531584,6,Shirt,PCA
-0.33136642,-0.32012656,6,Shirt,PCA
-0.81898236,-1.3213671,1,Trouser,PCA
1.0683072,1.1066983,3,Dress,PCA
-1.7868662,1.2566198,3,Dress,PCA
0.84840035,-0.5633463,7,Sneaker,PCA
-2.4010215,0.45268694,2,Pullover,PCA
-0.3392031,0.7865588,0,T-shirt/top,PCA
0.58709514,1.0422077,5,Sandal,PCA
1.3703641,0.095893115,2,Pullover,PCA
0.13879384,0.85329604,7,Sneaker,PCA
-0.22826466,1.0942696,8,Bag,PCA
-0.55831134,0.035958394,2,Pullover,PCA
0.086886525,-1.6656035,3,Dress,PCA
0.74597585,0.079452015,7,Sneaker,PCA
1.4962195,-0.83671534,7,Sneaker,PCA
1.4359195,-0.52858216,5,Sandal,PCA
-0.05811741,-1.2449926,1,Trouser,PCA
0.6049086,0.18396503,5,Sandal,PCA
1.6639299,0.6536252,9,Ankle boot,PCA
0.35745898,0.08727045,6,Shirt,PCA
1.7818884,-0.025972102,5,Sandal,PCA
1.079388,2.1728787,3,Dress,PCA
0.38961425,1.4099466,8,Bag,PCA
0.39627302,-0.8423271,7,Sneaker,PCA
0.12319051,-2.229811,1,Trouser,PCA
-1.6995739,-0.13648993,2,Pullover,PCA
1.0364667,-0.40911403,0,T-shirt/top,PCA
0.40548798,1.0093317,0,T-shirt/top,PCA
-1.0747005,-1.0854713,1,Trouser,PCA
1.1831201,-0.5340099,3,Dress,PCA
2.041913,-0.21118855,4,Coat,PCA
-0.7021509,0.45517206,9,Ankle boot,PCA
-0.99321395,-0.98209816,1,Trouser,PCA
0.97344285,-1.4210914,7,Sneaker,PCA
0.83569616,0.5457614,7,Sneaker,PCA
-0.59773713,-1.3472116,4,Coat,PCA
0.530503,-0.8484841,5,Sandal,PCA
0.0591944,-1.5528816,8,Bag,PCA
-0.60334086,0.2540169,2,Pullover,PCA
-2.123451,-0.38057032,5,Sandal,PCA
-0.8104863,-0.046785116,2,Pullover,PCA
0.17379889,-0.5620288,3,Dress,PCA
-0.69096035,0.908413,5,Sandal,PCA
-0.9966062,0.22105016,2,Pullover,PCA
1.1870227,-1.1185964,0,T-shirt/top,PCA
-0.895806,-0.5558813,2,Pullover,PCA
1.573348,0.34687307,1,Trouser,PCA
-0.104130834,0.4770278,7,Sneaker,PCA
1.4930627,-1.8752599,0,T-shirt/top,PCA
-1.260357,-0.87460196,9,Ankle boot,PCA
0.26024994,0.42654428,7,Sneaker,PCA
1.1928406,-0.38981733,6,Shirt,PCA
-1.0814846,0.8465618,6,Shirt,PCA
-1.4267851,-1.4141715,9,Ankle boot,PCA
0.21818538,0.44284406,2,Pullover,PCA
0.34090257,0.1223371,2,Pullover,PCA
1.0123574,-0.73912287,4,Coat,PCA
-0.6099513,1.9025594,3,Dress,PCA
0.4392113,0.1583525,3,Dress,PCA
2.0297115,-0.89927375,2,Pullover,PCA
1.5693365,0.9909733,8,Bag,PCA
-0.8297715,1.159475,0,T-shirt/top,PCA
-0.031707983,-2.0986648,4,Coat,PCA
-1.6554297,0.8700103,2,Pullover,PCA
-0.61878234,-0.9975541,0,T-shirt/top,PCA
-1.1954558,-0.103680626,7,Sneaker,PCA
-0.040748242,1.2148149,6,Shirt,PCA
0.4212942,-0.1454632,5,Sandal,PCA
-0.5465949,0.5001031,4,Coat,PCA
-0.060940262,-0.33591276,0,T-shirt/top,PCA
-1.4069911,0.13916765,4,Coat,PCA
0.64973575,0.40130466,2,Pullover,PCA
0.99564755,1.2770196,4,Coat,PCA
1.4571077,-0.7635994,9,Ankle boot,PCA
-0.52420235,-0.45048338,9,Ankle boot,PCA
-1.3948457,0.9152313,1,Trouser,PCA
0.06594425,-1.1554033,0,T-shirt/top,PCA
-0.21214476,-1.0345623,5,Sandal,PCA
0.7730945,-0.65047246,1,Trouser,PCA
-0.498235,-0.28238168,5,Sandal,PCA
0.12312971,-1.600131,1,Trouser,PCA
0.7272185,-0.35923415,2,Pullover,PCA
-1.1999893,-0.5231814,8,Bag,PCA
1.013258,-0.78755176,3,Dress,PCA
-0.1814011,-2.1299834,6,Shirt,PCA
-1.3019158,-2.4401913,1,Trouser,PCA
0.713456,-0.10043275,3,Dress,PCA
0.6836025,-0.47268447,3,Dress,PCA
0.44030562,-2.3264089,1,Trouser,PCA
-1.8178402,0.7163611,9,Ankle boot,PCA
1.308397,-1.1868731,7,Sneaker,PCA
-0.7724136,0.7580616,4,Coat,PCA
-0.67159045,-0.68938047,4,Coat,PCA
1.1270797,1.4196035,1,Trouser,PCA
1.4595103,-1.9723836,6,Shirt,PCA
0.23273213,1.7837136,2,Pullover,PCA
0.37577686,-0.6612834,1,Trouser,PCA
-0.074509904,0.75692624,2,Pullover,PCA
-0.0032478645,2.2649443,1,Trouser,PCA
0.3768517,1.0879587,3,Dress,PCA
-0.3130407,-0.018447805,8,Bag,PCA
-0.34302202,0.20141095,9,Ankle boot,PCA
0.023216434,-1.3078741,1,Trouser,PCA
0.2958077,1.4500881,6,Shirt,PCA
1.3552973,-0.52441996,3,Dress,PCA
-0.37116402,0.33215898,6,Shirt,PCA
2.05762,-0.13365935,1,Trouser,PCA
-0.6978826,0.91592777,4,Coat,PCA
-0.7144369,0.074111104,0,T-shirt/top,PCA
-0.080169424,-1.2740699,0,T-shirt/top,PCA
-1.0833642,1.057241,7,Sneaker,PCA
0.14997922,0.41862556,6,Shirt,PCA
0.13838993,-1.6902372,0,T-shirt/top,PCA
-1.1933959,1.2386435,6,Shirt,PCA
-0.07695997,0.89863276,1,Trouser,PCA
-0.02507634,-0.53044355,9,Ankle boot,PCA
0.696647,0.6922138,3,Dress,PCA
0.76944333,0.31091887,0,T-shirt/top,PCA
1.4695203,0.19413817,2,Pullover,PCA
0.23088206,0.3636311,8,Bag,PCA
-0.4183642,-0.4237677,6,Shirt,PCA
0.04983775,-1.4061402,5,Sandal,PCA
-0.57988554,0.4757426,4,Coat,PCA
0.28610885,0.4935721,2,Pullover,PCA
-0.49120063,-1.0506294,4,Coat,PCA
-2.9126282,-0.6866594,1,Trouser,PCA
2.074893,0.7301623,7,Sneaker,PCA
-0.48520952,-0.012101253,2,Pullover,PCA
-0.7195453,1.6879184,8,Bag,PCA
0.08481602,-1.0937248,0,T-shirt/top,PCA
-1.2701422,-0.90007794,9,Ankle boot,PCA
2.269291,-0.36150864,5,Sandal,PCA
0.3133552,-0.57091856,4,Coat,PCA
0.6420929,-1.3650055,1,Trouser,PCA
1.5922856,0.58171695,5,Sandal,PCA
0.4132108,1.3446268,4,Coat,PCA
0.17834884,-0.055580847,3,Dress,PCA
-0.27043742,-0.36846882,2,Pullover,PCA
-0.5237386,-1.0486041,4,Coat,PCA
-0.27062955,0.8740174,2,Pullover,PCA
0.9080492,1.9889103,8,Bag,PCA
-0.043728556,-0.8363113,6,Shirt,PCA
-2.1563683,-0.68573093,1,Trouser,PCA
-1.8862604,-0.36802667,8,Bag,PCA
1.9979944,-0.74003404,5,Sandal,PCA
-2.2318063,0.6968963,6,Shirt,PCA
0.56328756,2.3218389,5,Sandal,PCA
-0.018075626,0.6240224,4,Coat,PCA
0.6089194,-0.44276395,3,Dress,PCA
-0.32008287,0.051486164,6,Shirt,PCA
-0.5318501,0.66847396,9,Ankle boot,PCA
-0.8655267,1.2363766,4,Coat,PCA
0.69081116,-1.9082303,1,Trouser,PCA
0.4853069,2.1014931,5,Sandal,PCA
0.8048318,0.8184751,7,Sneaker,PCA
-1.1825979,0.95628774,7,Sneaker,PCA
-2.2538474,-0.9431269,2,Pullover,PCA
-0.41485035,0.6218245,3,Dress,PCA
-0.5339053,-1.0215276,4,Coat,PCA
0.6868404,0.8956041,5,Sandal,PCA
0.34666646,-1.7253186,3,Dress,PCA
-0.4300956,0.55926275,7,Sneaker,PCA
-0.6331114,-0.11640562,7,Sneaker,PCA
-1.5965191,-2.6020803,9,Ankle boot,PCA
-0.08729163,-0.16009851,7,Sneaker,PCA
0.11851981,-0.2292089,5,Sandal,PCA
0.6746067,0.95827067,7,Sneaker,PCA
0.08598216,-2.6582346,8,Bag,PCA
-0.59366894,-0.7273548,2,Pullover,PCA
-0.8176718,0.18553807,2,Pullover,PCA
0.23037745,-0.9881957,8,Bag,PCA
1.4255961,-1.6673298,3,Dress,PCA
-0.91185755,-0.80365187,2,Pullover,PCA
-1.3623207,1.3579407,3,Dress,PCA
1.7077602,-0.95735604,1,Trouser,PCA
-0.7624544,-0.4269181,6,Shirt,PCA
-0.14471479,-0.21980032,3,Dress,PCA
-1.1925026,-0.39087775,4,Coat,PCA
-2.13052,-0.5426282,9,Ankle boot,PCA
1.0400288,-1.6605185,0,T-shirt/top,PCA
0.9813396,-0.122969754,1,Trouser,PCA
0.0025944375,1.3567942,9,Ankle boot,PCA
0.19340676,-0.26988143,3,Dress,PCA
-1.1709331,-0.69272536,8,Bag,PCA
-0.4355377,0.19310874,0,T-shirt/top,PCA
-0.29760125,-0.7057399,3,Dress,PCA
1.1854147,-2.3244348,4,Coat,PCA
1.362408,-1.4471109,4,Coat,PCA
-1.1394926,-1.2464539,8,Bag,PCA
-0.28789833,-0.4713779,5,Sandal,PCA
-1.0412769,1.6770209,8,Bag,PCA
-0.8946299,0.1395552,3,Dress,PCA
1.9802886,-1.0894436,5,Sandal,PCA
0.7961641,0.32258672,4,Coat,PCA
0.20962988,-0.5982962,4,Coat,PCA
0.25776312,0.74609774,1,Trouser,PCA
-1.871941,1.2274404,7,Sneaker,PCA
0.9731384,-1.5279133,7,Sneaker,PCA
-0.8160961,0.9021696,2,Pullover,PCA
1.7538587,-2.6998792,6,Shirt,PCA
-0.9974285,0.26509652,0,T-shirt/top,PCA
-1.9141552,-1.3404795,6,Shirt,PCA
-0.5331462,-0.6941457,6,Shirt,PCA
2.3317194,0.9474437,1,Trouser,PCA
0.6848498,1.0711169,9,Ankle boot,PCA
0.73695755,0.22516236,6,Shirt,PCA
-0.7010841,0.65224785,6,Shirt,PCA
-1.3883107,0.6432658,7,Sneaker,PCA
-1.5870965,0.94537926,2,Pullover,PCA
-0.8684224,-0.025130462,2,Pullover,PCA
2.7437117,-0.8321806,4,Coat,PCA
-0.19296597,0.41257772,6,Shirt,PCA
0.31955728,0.2894865,6,Shirt,PCA
1.1729891,0.37049228,0,T-shirt/top,PCA
-0.5870411,-1.8428308,1,Trouser,PCA
2.4457493,-1.457105,5,Sandal,PCA
-1.6447072,-0.33042517,8,Bag,PCA
0.6080543,2.103179,5,Sandal,PCA
0.16326624,0.7383327,3,Dress,PCA
1.8246044,-1.051024,5,Sandal,PCA
-0.114760324,0.5177692,7,Sneaker,PCA
0.26702935,0.8411942,1,Trouser,PCA
0.21175122,-0.8429588,9,Ankle boot,PCA
-0.7749239,1.3820759,8,Bag,PCA
-0.73250914,-1.355139,1,Trouser,PCA
-0.26751277,0.25408572,6,Shirt,PCA
2.5753355,0.8660587,1,Trouser,PCA
-0.91733384,-0.64287955,6,Shirt,PCA
-1.3565834,-0.008142758,6,Shirt,PCA
0.75389653,0.6233538,9,Ankle boot,PCA
-0.08312869,0.79731154,2,Pullover,PCA
1.0276442,1.9903654,3,Dress,PCA
-0.87056637,-1.026151,9,Ankle boot,PCA
0.83947116,-1.5988821,7,Sneaker,PCA
-0.6962216,-1.0707996,1,Trouser,PCA
0.86649704,-1.383534,1,Trouser,PCA
-1.1849182,-0.21505095,4,Coat,PCA
-0.44338995,0.13554794,8,Bag,PCA
1.7336962,0.98315305,5,Sandal,PCA
-1.507156,-0.21970294,9,Ankle boot,PCA
-0.72186995,-0.4077531,0,T-shirt/top,PCA
0.14405915,1.8118634,8,Bag,PCA
-1.7308449,-0.4162969,0,T-shirt/top,PCA
0.34607434,-0.25060907,9,Ankle boot,PCA
0.12006579,0.55302775,5,Sandal,PCA
-0.32928413,1.3246273,4,Coat,PCA
0.3361975,0.4035842,9,Ankle boot,PCA
0.9665339,0.24278972,7,Sneaker,PCA
2.0384912,1.0973026,9,Ankle boot,PCA
-1.7375966,0.24585032,1,Trouser,PCA
1.9767333,0.80983305,7,Sneaker,PCA
-0.15055338,-0.86250424,2,Pullover,PCA
0.84081894,1.0161783,3,Dress,PCA
-1.2248173,-1.1502525,5,Sandal,PCA
-1.1585405,-0.83015805,8,Bag,PCA
0.22338477,1.8131944,5,Sandal,PCA
0.84103405,-1.2883468,3,Dress,PCA
1.3548536,0.43161786,6,Shirt,PCA
0.25614572,0.4356405,6,Shirt,PCA
-0.8972636,0.6419514,7,Sneaker,PCA
-1.7486291,-0.63450176,5,Sandal,PCA
-1.7799131,0.71935487,3,Dress,PCA
-0.060546968,0.25811222,4,Coat,PCA
0.60591686,-1.5790343,3,Dress,PCA
0.40281397,-1.0721253,7,Sneaker,PCA
1.3531547,2.4117618,4,Coat,PCA
-0.0565301,-1.1170839,4,Coat,PCA
1.4161968,0.14964916,1,Trouser,PCA
-1.3730915,-0.9020921,8,Bag,PCA
1.7248695,0.7037015,4,Coat,PCA
1.1281749,-0.6352185,0,T-shirt/top,PCA
-0.5003793,0.5048898,9,Ankle boot,PCA
1.5192231,0.16451563,7,Sneaker,PCA
-1.3053329,0.27015573,7,Sneaker,PCA
-0.3137549,1.7978777,2,Pullover,PCA
0.76299775,0.72649133,1,Trouser,PCA
-0.6266083,1.870678,3,Dress,PCA
-1.0070646,-1.0969137,0,T-shirt/top,PCA
-0.30684736,1.5993143,4,Coat,PCA
1.2769815,0.1027546,6,Shirt,PCA
0.677609,-0.415828,8,Bag,PCA
1.0157617,0.6047331,7,Sneaker,PCA
0.7070562,0.82701737,0,T-shirt/top,PCA
2.4358027,1.8457978,9,Ankle boot,PCA
-0.34510455,0.7290874,6,Shirt,PCA
0.36892614,1.5880961,5,Sandal,PCA
-0.45376876,1.3593045,9,Ankle boot,PCA
0.4042904,0.48949274,4,Coat,PCA
-0.6060678,-0.8589357,3,Dress,PCA
-0.32697323,0.07513318,4,Coat,PCA
0.8557246,1.061131,8,Bag,PCA
-1.6966586,-0.15060654,1,Trouser,PCA
2.0625303,0.7762022,7,Sneaker,PCA
0.113928646,0.9491053,8,Bag,PCA
-0.61116916,-1.1953114,6,Shirt,PCA
-0.8803621,-0.92779535,4,Coat,PCA
0.7698247,1.0737374,3,Dress,PCA
-0.47509247,-0.23513444,4,Coat,PCA
-1.8468007,1.121695,3,Dress,PCA
0.87461066,0.24095869,7,Sneaker,PCA
-0.48267502,-0.16216558,8,Bag,PCA
-1.9027609,-0.6891653,3,Dress,PCA
0.64372414,-0.52232575,2,Pullover,PCA
-0.020153958,-0.17208992,9,Ankle boot,PCA
0.033212382,-0.99677604,3,Dress,PCA
0.22443137,-0.07839327,3,Dress,PCA
-0.26404583,-0.98948824,7,Sneaker,PCA
0.5790448,0.518458,3,Dress,PCA
-0.49577826,0.93879557,9,Ankle boot,PCA
-0.48976278,-1.2881883,2,Pullover,PCA
2.1010892,0.80820864,1,Trouser,PCA
0.009002257,-0.31558657,2,Pullover,PCA
-0.45670396,1.2072434,9,Ankle boot,PCA
-2.2636602,0.22148962,6,Shirt,PCA
-0.07006347,-0.004916936,1,Trouser,PCA
0.12901889,1.8376931,4,Coat,PCA
-0.7395574,-1.54599,0,T-shirt/top,PCA
0.0071888007,-0.47807834,4,Coat,PCA
-0.2514282,1.3062435,3,Dress,PCA
-1.1106493,-0.79363453,2,Pullover,PCA
-0.86541504,-0.9820396,3,Dress,PCA
-0.85432094,-2.6017854,1,Trouser,PCA
-0.7385782,1.0692389,4,Coat,PCA
0.155723,0.6182546,3,Dress,PCA
2.114559,-1.323805,5,Sandal,PCA
0.7223925,1.2193844,9,Ankle boot,PCA
0.8207819,0.8295984,2,Pullover,PCA
0.813146,-1.6157966,7,Sneaker,PCA
0.8618197,0.48327148,7,Sneaker,PCA
0.9498288,1.053668,0,T-shirt/top,PCA
-0.21236873,0.86818147,2,Pullover,PCA
-0.60024893,0.95977235,9,Ankle boot,PCA
0.15864727,1.486022,2,Pullover,PCA
1.0540166,-0.66861516,4,Coat,PCA
-0.0695841,0.9952288,4,Coat,PCA
0.21007833,0.9682952,9,Ankle boot,PCA
-0.000597246,-0.012825495,1,Trouser,PCA
0.65140706,1.2983701,0,T-shirt/top,PCA
-0.7857032,0.29961345,7,Sneaker,PCA
-2.1420028,-0.2204438,5,Sandal,PCA
-0.95645434,2.0680926,1,Trouser,PCA
-0.26719385,0.12588824,5,Sandal,PCA
-0.48427057,0.09212312,7,Sneaker,PCA
-1.1289096,-0.37927225,4,Coat,PCA
-0.6277798,1.9779253,6,Shirt,PCA
-1.7308152,0.50268126,8,Bag,PCA
-0.1975647,-0.1445401,3,Dress,PCA
-1.5802157,-0.2014345,5,Sandal,PCA
0.215316,2.2898085,1,Trouser,PCA
-0.690578,0.03544058,0,T-shirt/top,PCA
-0.43121794,0.14899118,9,Ankle boot,PCA
0.5225253,0.54390836,5,Sandal,PCA
-1.9751129,-0.086470746,2,Pullover,PCA
2.125279,-0.6638308,1,Trouser,PCA
-1.2749767,1.444919,5,Sandal,PCA
-1.7461054,0.57921666,4,Coat,PCA
0.567413,1.0333166,9,Ankle boot,PCA
-0.14800732,0.1307445,5,Sandal,PCA
0.5813802,0.9944034,8,Bag,PCA
-0.8139852,-0.2281021,4,Coat,PCA
-0.58771896,-1.5922337,5,Sandal,PCA
-0.6005438,0.30018994,8,Bag,PCA
-0.08117835,-0.34018672,7,Sneaker,PCA
1.7005243,-0.9002949,2,Pullover,PCA
-1.8167782,0.33606988,1,Trouser,PCA
-1.5048133,0.850137,7,Sneaker,PCA
1.2511026,-2.184726,0,T-shirt/top,PCA
-0.4078683,0.4758056,3,Dress,PCA
0.7764551,1.0818672,6,Shirt,PCA
-1.5975782,-1.1932898,9,Ankle boot,PCA
0.07816419,-0.71302116,0,T-shirt/top,PCA
-0.2890964,0.38133436,2,Pullover,PCA
0.35101742,-1.1432557,6,Shirt,PCA
-1.0160577,0.8771577,5,Sandal,PCA
1.6409603,-0.19829996,1,Trouser,PCA
0.67866856,-1.8739771,1,Trouser,PCA
1.067517,-0.93985057,2,Pullover,PCA
0.69193715,0.68479246,6,Shirt,PCA
-1.2051626,1.043784,8,Bag,PCA
-0.50472707,-1.100072,0,T-shirt/top,PCA
1.0348303,-0.45706576,7,Sneaker,PCA
1.1875802,1.2696613,1,Trouser,PCA
-2.1837485,0.09504627,7,Sneaker,PCA
0.056539547,-0.9375547,3,Dress,PCA
0.96811223,0.87447673,1,Trouser,PCA
-0.7152502,0.34208912,1,Trouser,PCA
-0.346034,2.8595984,4,Coat,PCA
-0.015745144,0.8280965,8,Bag,PCA
-1.731725,-0.0929572,9,Ankle boot,PCA
-1.0586574,0.4074151,4,Coat,PCA
1.0013171,-1.2039258,9,Ankle boot,PCA
-1.7312387,-0.5632784,3,Dress,PCA
-0.3287888,1.6913084,4,Coat,PCA
1.644364,-0.69812095,1,Trouser,PCA
-0.79668695,-0.5225362,0,T-shirt/top,PCA
-0.21452719,-0.26833534,1,Trouser,PCA
1.3974495,0.43584982,5,Sandal,PCA
0.32070667,2.0556896,6,Shirt,PCA
-0.17890896,0.25975728,7,Sneaker,PCA
-0.94179,0.88606924,3,Dress,PCA
-0.9175163,0.45575842,9,Ankle boot,PCA
0.2767622,0.67874926,7,Sneaker,PCA
-0.12833618,-0.15819643,8,Bag,PCA
1.8573433,-0.38903287,1,Trouser,PCA
-1.2001245,-1.3010998,9,Ankle boot,PCA
-0.30307683,0.36111096,9,Ankle boot,PCA
2.6433516,-2.1374102,4,Coat,PCA
1.0570371,0.7349173,0,T-shirt/top,PCA
-0.6677142,-0.33433568,4,Coat,PCA
0.747156,0.682964,0,T-shirt/top,PCA
-0.26411724,0.5681005,2,Pullover,PCA
1.6826105,-1.0743709,3,Dress,PCA
0.36724287,0.23267528,6,Shirt,PCA
-0.70948577,-2.0522237,5,Sandal,PCA
-2.5942357,0.24779636,8,Bag,PCA
-0.6103946,1.1270019,5,Sandal,PCA
-0.109789744,1.4814533,9,Ankle boot,PCA
-1.6298488,0.710745,5,Sandal,PCA
-0.8645644,1.2653986,2,Pullover,PCA
1.6017749,0.18163165,5,Sandal,PCA
-0.14576982,1.0266279,8,Bag,PCA
-0.9292326,0.20398436,8,Bag,PCA
0.41089222,1.0969014,2,Pullover,PCA
-0.63122165,0.9012537,2,Pullover,PCA
-0.7139551,0.31883606,8,Bag,PCA
1.2812712,-0.30621296,7,Sneaker,PCA
2.4013205,1.7503072,8,Bag,PCA
0.5747131,1.282551,9,Ankle boot,PCA
1.2152616,-0.89230645,2,Pullover,PCA
-1.0198878,-1.3314484,0,T-shirt/top,PCA
0.5782931,0.7700537,8,Bag,PCA
0.79828143,-0.3760826,7,Sneaker,PCA
-0.8605383,-0.92391235,6,Shirt,PCA
0.7384705,0.17365319,1,Trouser,PCA
-0.41967648,0.51725066,0,T-shirt/top,PCA
0.71131045,0.3132405,8,Bag,PCA
-0.31253415,0.64801824,3,Dress,PCA
1.5867985,-0.38479775,5,Sandal,PCA
-0.93551755,0.21525548,4,Coat,PCA
1.39233,-1.4723225,1,Trouser,PCA
-0.9397634,-1.1131105,0,T-shirt/top,PCA
-0.20517775,-0.5544504,3,Dress,PCA
-1.4387596,-0.5188904,9,Ankle boot,PCA
0.49606416,-0.12963213,6,Shirt,PCA
0.25848955,1.4032706,9,Ankle boot,PCA
0.90519667,0.45262468,8,Bag,PCA
-0.34773037,1.0447077,4,Coat,PCA
-0.377861,1.2104081,3,Dress,PCA
1.3610675,-1.7411798,1,Trouser,PCA
-1.0309886,-1.242222,9,Ankle boot,PCA
-0.61946267,0.9319773,8,Bag,PCA
0.06721779,2.0542803,0,T-shirt/top,PCA
0.54315794,0.64039487,8,Bag,PCA
1.5695258,-0.73815393,7,Sneaker,PCA
2.431058,-1.0876179,0,T-shirt/top,PCA
-1.2470883,-1.1263055,3,Dress,PCA
0.40844142,-0.18723115,3,Dress,PCA
0.3055478,0.53836644,4,Coat,PCA
-3.2649424,0.4352859,8,Bag,PCA
-0.20378995,0.51220566,6,Shirt,PCA
2.141032,-0.9209484,1,Trouser,PCA
2.2228923,1.0120796,3,Dress,PCA
0.64186275,-1.9986715,1,Trouser,PCA
2.0333712,1.0251098,7,Sneaker,PCA
0.4993595,-0.9983057,1,Trouser,PCA
0.9972239,0.17823556,5,Sandal,PCA
0.09045269,0.10125199,6,Shirt,PCA
0.19080241,-0.1428945,0,T-shirt/top,PCA
-0.14885907,1.6444056,3,Dress,PCA
-1.2403872,0.35288537,8,Bag,PCA
0.4247742,-0.6696885,8,Bag,PCA
-0.844334,0.25742882,2,Pullover,PCA
-0.003149785,-1.0590218,1,Trouser,PCA
-0.6528583,0.39213282,9,Ankle boot,PCA
-1.6172317,-1.167567,8,Bag,PCA
-0.116815,2.1475093,4,Coat,PCA
0.034229312,0.12589325,2,Pullover,PCA
-1.1241626,-1.1041423,3,Dress,PCA
0.6609469,-0.25248823,5,Sandal,PCA
-1.1099162,-0.9157626,8,Bag,PCA
-0.17252274,-2.0329936,0,T-shirt/top,PCA
-0.105898246,0.04640454,6,Shirt,PCA
-0.8795086,1.16184,2,Pullover,PCA
1.0300367,-1.3439032,1,Trouser,PCA
0.023659028,-0.2972799,5,Sandal,PCA
-0.7013884,-0.807831,9,Ankle boot,PCA
-0.1810045,-0.6184617,0,T-shirt/top,PCA
-0.6242332,-0.24380504,7,Sneaker,PCA
-0.6194967,1.717606,2,Pullover,PCA
0.45254123,-1.148899,6,Shirt,PCA
-1.0475899,-0.3211808,0,T-shirt/top,PCA
0.2238631,-1.4073724,0,T-shirt/top,PCA
1.3929671,-1.8096257,8,Bag,PCA
0.27771017,0.7918201,9,Ankle boot,PCA
-0.0614541,0.73130935,9,Ankle boot,PCA
-0.9764789,-0.25851268,4,Coat,PCA
0.6818668,1.0794858,6,Shirt,PCA
1.5549667,0.487704,7,Sneaker,PCA
-0.54081124,-1.9648169,3,Dress,PCA
0.78741443,0.7897053,1,Trouser,PCA
-0.41038623,0.30980086,6,Shirt,PCA
-0.48033398,1.4375719,5,Sandal,PCA
0.52906394,1.1815349,0,T-shirt/top,PCA
-0.48970723,0.48043048,4,Coat,PCA
0.095140055,0.21085301,6,Shirt,PCA
-1.1096215,0.45556003,6,Shirt,PCA
1.2902172,1.3535614,5,Sandal,PCA
-0.5547462,-1.0660409,5,Sandal,PCA
0.403411,0.4930198,8,Bag,PCA
0.7284045,0.9027389,2,Pullover,PCA
0.58288,0.6819445,4,Coat,PCA
-0.3156007,0.24309754,2,Pullover,PCA
-0.5319988,-0.8942942,8,Bag,PCA
-1.5092976,0.064558655,6,Shirt,PCA
0.36576414,-0.56416965,0,T-shirt/top,PCA
-2.1848223,-0.65095395,8,Bag,PCA
-0.62599224,-0.47518688,0,T-shirt/top,PCA
1.0524039,2.025572,4,Coat,PCA
0.33413783,0.3161222,8,Bag,PCA
0.63780075,1.0544846,5,Sandal,PCA
-1.7362146,-1.0385675,9,Ankle boot,PCA
-1.4256573,-0.11283499,6,Shirt,PCA
0.77823406,-0.5456622,1,Trouser,PCA
0.8383462,-1.0776807,6,Shirt,PCA
0.029196648,1.6126082,5,Sandal,PCA
0.63641083,-0.9221293,1,Trouser,PCA
-1.1729736,0.30218923,1,Trouser,PCA
1.5771849,-1.513999,8,Bag,PCA
0.8490144,1.5244797,8,Bag,PCA
0.48225135,0.28959358,8,Bag,PCA
0.3522595,0.04050401,7,Sneaker,PCA
0.61152977,-0.35058945,3,Dress,PCA
-0.5294615,-0.4312798,1,Trouser,PCA
-0.4445604,0.22753932,7,Sneaker,PCA
1.1066668,-1.0806487,9,Ankle boot,PCA
0.040858626,-0.14484482,5,Sandal,PCA
-1.4506195,-1.0117356,9,Ankle boot,PCA
-0.030891422,1.7976892,9,Ankle boot,PCA
0.15172558,0.5045002,0,T-shirt/top,PCA
-0.19930296,0.47603378,9,Ankle boot,PCA
0.28135294,0.5987614,9,Ankle boot,PCA
1.0510968,0.20829041,5,Sandal,PCA
-0.026370484,1.0232706,9,Ankle boot,PCA
-0.9765026,0.5341459,3,Dress,PCA
2.0722697,-0.086085774,1,Trouser,PCA
0.030863006,-1.286674,3,Dress,PCA
-0.8372793,1.296901,8,Bag,PCA
0.41796407,0.64428127,7,Sneaker,PCA
1.135583,-1.2804905,3,Dress,PCA
1.4024551,-0.4817852,5,Sandal,PCA
1.6287212,-0.042888377,5,Sandal,PCA
3.0271363,-2.6884964,6,Shirt,PCA
-0.008393731,-1.8781136,9,Ankle boot,PCA
-1.4134887,-1.003698,0,T-shirt/top,PCA
-1.5465292,-0.08243923,2,Pullover,PCA
-0.30659357,0.75945807,7,Sneaker,PCA
2.5312302,0.18947585,6,Shirt,PCA
0.14853539,-0.15225415,3,Dress,PCA
0.09126109,-0.711624,4,Coat,PCA
-0.26903307,-0.6295758,0,T-shirt/top,PCA
0.7240147,-0.7886852,0,T-shirt/top,PCA
0.22042027,-1.0121487,8,Bag,PCA
0.24352968,1.6629742,9,Ankle boot,PCA
0.10178323,-1.2553898,1,Trouser,PCA
0.18293461,-1.6371425,3,Dress,PCA
-1.4531989,0.24326259,7,Sneaker,PCA
-0.51525825,-1.494899,9,Ankle boot,PCA
2.2116473,0.65724826,9,Ankle boot,PCA
0.95579356,-2.192438,8,Bag,PCA
1.4495652,0.082759105,8,Bag,PCA
-0.200871,2.0407562,4,Coat,PCA
-0.024931166,-0.06081769,7,Sneaker,PCA
-0.9715163,0.24673206,5,Sandal,PCA
0.7562519,1.411231,1,Trouser,PCA
0.4778194,0.78204155,9,Ankle boot,PCA
0.62610155,0.91954863,7,Sneaker,PCA
1.4802374,0.6115786,7,Sneaker,PCA
0.35911044,-0.031555027,5,Sandal,PCA
-0.74642897,-0.18148091,4,Coat,PCA
0.32566613,0.44607794,9,Ankle boot,PCA
0.57321584,-0.9427068,3,Dress,PCA
-0.23984271,-1.6236181,0,T-shirt/top,PCA
1.2929554,-1.7064323,2,Pullover,PCA
0.48572886,1.8114845,7,Sneaker,PCA
-1.0890136,1.2596515,0,T-shirt/top,PCA
-1.6318518,0.88500005,4,Coat,PCA
1.495185,-0.5354218,4,Coat,PCA
-1.556813,0.05625335,8,Bag,PCA
0.86723286,1.3221077,3,Dress,PCA
0.91917413,-0.08398115,3,Dress,PCA
-1.189836,0.3687353,9,Ankle boot,PCA
-0.64773035,0.5069098,2,Pullover,PCA
1.0326941,-0.17341661,6,Shirt,PCA
-1.2044002,-1.1495945,1,Trouser,PCA
0.62628347,0.021145286,7,Sneaker,PCA
0.963764,0.3873144,5,Sandal,PCA
-0.97916025,0.5409187,9,Ankle boot,PCA
0.8962253,0.32906672,7,Sneaker,PCA
-1.0769134,-2.0968137,4,Coat,PCA
-0.7498739,-0.0472863,4,Coat,PCA
1.785851,-0.41526163,5,Sandal,PCA
1.5325857,-0.9024701,4,Coat,PCA
-1.4613348,0.29350168,7,Sneaker,PCA
1.2174104,0.8484167,9,Ankle boot,PCA
0.32801884,0.7350834,9,Ankle boot,PCA
0.12403828,1.2950999,5,Sandal,PCA
-0.27969757,-0.22355255,9,Ankle boot,PCA
0.39521015,0.49005643,9,Ankle boot,PCA
-1.265615,0.44859645,0,T-shirt/top,PCA
0.49013934,1.1404017,1,Trouser,PCA
-0.92585564,-1.6812065,1,Trouser,PCA
1.1334013,1.9575236,1,Trouser,PCA
0.48044747,0.07540093,5,Sandal,PCA
1.3946499,0.38155478,6,Shirt,PCA
0.2568978,-0.6351155,1,Trouser,PCA
1.8581388,1.0193437,1,Trouser,PCA
2.0578694,0.30341917,8,Bag,PCA
-0.39779505,1.2648749,6,Shirt,PCA
2.7732217,0.79437184,1,Trouser,PCA
2.0804625,0.21267967,7,Sneaker,PCA
-0.36613336,-0.9922579,2,Pullover,PCA
0.6197077,0.14056173,1,Trouser,PCA
1.8840926,0.97690994,8,Bag,PCA
-0.63956696,1.9434699,6,Shirt,PCA
0.11561258,0.8976806,4,Coat,PCA
0.6165061,0.8295035,1,Trouser,PCA
1.4300616,-0.18499294,9,Ankle boot,PCA
0.14549328,-0.51443833,2,Pullover,PCA
1.2411963,-0.5721065,7,Sneaker,PCA
0.5534909,-1.6774738,1,Trouser,PCA
-1.3859191,-0.59680253,5,Sandal,PCA
1.9129814,-1.0640348,6,Shirt,PCA
-0.020230662,1.2786518,7,Sneaker,PCA
-1.4862475,0.97477555,4,Coat,PCA
0.5889338,1.0718479,3,Dress,PCA
1.9287081,-3.4369843,2,Pullover,PCA
0.4753675,0.7216664,5,Sandal,PCA
0.7523543,-1.2397361,0,T-shirt/top,PCA
0.89028627,1.1606122,8,Bag,PCA
-2.0198917,-1.4210749,0,T-shirt/top,PCA
0.97294354,-0.8503272,0,T-shirt/top,PCA
1.1975003,-0.3926352,1,Trouser,PCA
0.64747256,0.32102922,1,Trouser,PCA
-1.5799972,1.369334,0,T-shirt/top,PCA
-0.060259577,-0.0367055,8,Bag,PCA
-0.013765972,-1.6613288,9,Ankle boot,PCA
-0.27899015,1.2273009,9,Ankle boot,PCA
0.6789597,-1.0009708,8,Bag,PCA
-1.0570512,0.6783456,1,Trouser,PCA
-0.5636271,-1.1410207,6,Shirt,PCA
-0.2234771,0.2719092,9,Ankle boot,PCA
-0.674927,-0.09416224,7,Sneaker,PCA
-1.7282206,0.5995481,6,Shirt,PCA
0.7126856,-0.1979965,6,Shirt,PCA
-0.6252206,-0.25000623,9,Ankle boot,PCA
-0.05963334,0.40061182,7,Sneaker,PCA
1.8004814,-0.66778535,5,Sandal,PCA
-0.9119392,-1.0172645,3,Dress,PCA
-1.9901187,-0.90523434,9,Ankle boot,PCA
-0.15755083,0.7053508,6,Shirt,PCA
-0.11224328,1.808313,1,Trouser,PCA
-0.4772731,-1.1897991,3,Dress,PCA
-3.9230852,1.315423,2,Pullover,PCA
0.41969955,1.263748,2,Pullover,PCA
1.3341635,-0.123107,6,Shirt,PCA
0.56436265,-0.12164361,7,Sneaker,PCA
-1.5409046,-0.53782946,9,Ankle boot,PCA
0.5843931,0.7242502,9,Ankle boot,PCA
0.13283429,0.5399869,3,Dress,PCA
0.33896002,-0.24686906,6,Shirt,PCA
-1.5666288,0.9932594,2,Pullover,PCA
0.6929199,-1.2718458,4,Coat,PCA
-0.74608386,0.91149235,2,Pullover,PCA
0.076762825,-1.5682214,8,Bag,PCA
0.36125195,-1.1737211,0,T-shirt/top,PCA
2.103441,1.5480996,9,Ankle boot,PCA
0.35391733,1.00508,9,Ankle boot,PCA
1.5170311,-0.62129855,6,Shirt,PCA
-2.169631,-1.1030653,4,Coat,PCA
-0.29653755,-0.35236397,1,Trouser,PCA
-0.34487268,0.2809508,4,Coat,PCA
0.3266785,2.6964898,0,T-shirt/top,PCA
-1.719618,0.18373002,8,Bag,PCA
0.73280954,1.8115523,4,Coat,PCA
0.28497016,-0.16649015,6,Shirt,PCA
0.42198703,0.012042871,7,Sneaker,PCA
-1.1681324,-0.10083876,9,Ankle boot,PCA
-0.3483052,0.5738768,8,Bag,PCA
-1.4477292,-0.74391496,5,Sandal,PCA
-0.30276242,1.2618471,3,Dress,PCA
0.34538746,1.2549261,0,T-shirt/top,PCA
0.2948839,-0.6795895,6,Shirt,PCA
-0.17013495,1.9426731,4,Coat,PCA
0.6626908,-1.2279269,2,Pullover,PCA
-1.2840548,-0.91620934,8,Bag,PCA
-0.70664483,0.32077813,3,Dress,PCA
-1.207027,0.024484212,2,Pullover,PCA
-1.3310014,-0.7675616,1,Trouser,PCA
-0.8730537,0.79399306,9,Ankle boot,PCA
2.4938076,0.2203885,1,Trouser,PCA
-0.037342478,2.1047606,9,Ankle boot,PCA
-0.84419227,-1.1635286,0,T-shirt/top,PCA
-1.7265127,0.80410355,4,Coat,PCA
-0.55577475,1.8330978,3,Dress,PCA
0.32004336,1.3281242,5,Sandal,PCA
-0.060119424,-1.1833127,4,Coat,PCA
-2.8118486,-0.18807696,8,Bag,PCA
0.07118783,-0.5606225,6,Shirt,PCA
0.79989624,-1.7625748,7,Sneaker,PCA
-0.11176413,0.6478891,7,Sneaker,PCA
-0.086820394,-0.24349815,1,Trouser,PCA
-0.9451128,-1.0357547,0,T-shirt/top,PCA
1.3354958,-1.755058,7,Sneaker,PCA
-0.38242707,2.4438128,3,Dress,PCA
1.536923,-1.292615,2,Pullover,PCA
0.90717906,0.51087797,0,T-shirt/top,PCA
1.9115068,-0.48555416,8,Bag,PCA
0.49912232,0.83869493,6,Shirt,PCA
0.21847251,0.208229,2,Pullover,PCA
-0.15988298,0.33118293,0,T-shirt/top,PCA
0.1708678,0.12005557,1,Trouser,PCA
1.5478754,0.9589881,8,Bag,PCA
0.23466244,-1.8064419,3,Dress,PCA
0.7348436,-1.8040327,0,T-shirt/top,PCA
-1.0663526,2.0268714,6,Shirt,PCA
2.1729784,1.2268662,8,Bag,PCA
-0.9680471,-0.51286095,8,Bag,PCA
1.60427,-1.0549505,4,Coat,PCA
-2.4792917,0.63968545,5,Sandal,PCA
0.39621058,1.1198308,9,Ankle boot,PCA
0.9104927,-1.9802723,3,Dress,PCA
-0.0820629,0.7157071,8,Bag,PCA
-0.5916111,-1.0650522,0,T-shirt/top,PCA
1.2671001,-0.730929,7,Sneaker,PCA
0.010299556,-0.16292569,2,Pullover,PCA
-1.3702666,1.3664805,3,Dress,PCA
1.9397128,0.23199612,5,Sandal,PCA
-0.7540224,-1.8438406,0,T-shirt/top,PCA
0.26615036,-0.4225335,4,Coat,PCA
0.77457625,0.8787149,0,T-shirt/top,PCA
0.5362289,1.178285,5,Sandal,PCA
-2.0779436,-0.46263492,2,Pullover,PCA
-0.35390332,0.4281688,9,Ankle boot,PCA
0.14719771,0.6678871,8,Bag,PCA
0.69541174,0.3378145,5,Sandal,PCA
-1.0003517,-0.75784874,5,Sandal,PCA
-1.4902519,0.38425088,9,Ankle boot,PCA
0.20225874,-0.28078058,3,Dress,PCA
-0.18626146,1.5137174,1,Trouser,PCA
0.4629798,-0.88691854,1,Trouser,PCA
-0.20288503,-0.093710594,4,Coat,PCA
-0.27877524,0.9022429,4,Coat,PCA
-0.5467258,0.22001956,1,Trouser,PCA
-1.3614137,-0.7643238,3,Dress,PCA
0.22837828,1.881452,5,Sandal,PCA
0.11091916,1.3742591,0,T-shirt/top,PCA
-1.4105048,-0.04723866,0,T-shirt/top,PCA
0.23841867,-0.5427379,3,Dress,PCA
1.3306512,-1.7574587,0,T-shirt/top,PCA
1.7827865,0.5369784,5,Sandal,PCA
0.10471211,-1.9498264,6,Shirt,PCA
-2.394816,1.0364172,7,Sneaker,PCA
0.9935154,-0.16454996,3,Dress,PCA
0.1097222,-0.5213905,7,Sneaker,PCA
0.33962542,2.2323098,0,T-shirt/top,PCA
-0.6340993,1.6893191,5,Sandal,PCA
1.805502,-0.2642045,0,T-shirt/top,PCA
0.15985858,0.1968005,2,Pullover,PCA
-0.33805475,1.1133802,8,Bag,PCA
-0.81049,-1.010602,5,Sandal,PCA
-1.73394,-0.8142385,6,Shirt,PCA
0.6258255,-0.5337359,2,Pullover,PCA
-0.80013114,-0.2356601,0,T-shirt/top,PCA
-0.20494968,0.63712543,9,Ankle boot,PCA
0.17263302,-0.038767584,5,Sandal,PCA
-1.0771753,0.9517738,3,Dress,PCA
1.2396178,1.2216009,0,T-shirt/top,PCA
0.48282894,0.24956527,6,Shirt,PCA
0.25060296,-0.10549724,5,Sandal,PCA
-1.1417242,-0.57409394,8,Bag,PCA
1.3599347,2.0181983,8,Bag,PCA
-0.004904505,0.19559404,3,Dress,PCA
-0.3343045,1.067474,0,T-shirt/top,PCA
0.32741177,1.3498697,8,Bag,PCA
-2.1697965,-0.10024745,4,Coat,PCA
0.6012248,-0.5651223,2,Pullover,PCA
0.80587816,2.004252,4,Coat,PCA
-1.89697,-0.43902114,6,Shirt,PCA
-1.8354051,-1.2202777,3,Dress,PCA
0.73278487,1.1820107,7,Sneaker,PCA
0.9026901,-0.24412382,5,Sandal,PCA
0.28432065,-0.5114077,3,Dress,PCA
0.16125062,0.8946969,8,Bag,PCA
-1.452061,1.0642515,3,Dress,PCA
-1.4471823,1.5781635,4,Coat,PCA
-0.40714967,0.40582913,8,Bag,PCA
4.1444616,-0.8453391,8,Bag,PCA
0.5407441,1.3859211,7,Sneaker,PCA
-0.6938395,-0.33578378,7,Sneaker,PCA
-1.0238923,-0.94327205,7,Sneaker,PCA
0.7647628,-0.747014,8,Bag,PCA
1.8111756,0.353382,5,Sandal,PCA
-2.3865726,-0.47862494,6,Shirt,PCA
-0.16941816,-1.8840988,1,Trouser,PCA
-1.5641824,1.1063465,0,T-shirt/top,PCA
-0.26927364,1.0016495,8,Bag,PCA
-1.0178262,0.43959698,4,Coat,PCA
-2.0659354,-1.5421411,1,Trouser,PCA
-0.38678974,0.08665523,8,Bag,PCA
-0.09640676,0.13213196,7,Sneaker,PCA
-0.996039,0.73484206,6,Shirt,PCA
0.7493916,-1.8262546,0,T-shirt/top,PCA
1.0760006,1.6630738,5,Sandal,PCA
-0.4639582,1.1598707,9,Ankle boot,PCA
1.1554652,-2.612378,6,Shirt,PCA
0.5208738,-0.60873395,7,Sneaker,PCA
-0.011217937,-0.22933178,8,Bag,PCA
0.49855036,-0.15347031,6,Shirt,PCA
0.9186946,0.94592834,7,Sneaker,PCA
0.6343171,-1.2594783,4,Coat,PCA
-0.053104486,0.25005025,7,Sneaker,PCA
0.54107285,-0.36726287,5,Sandal,PCA
0.6206386,-0.29631165,2,Pullover,PCA
-2.0537019,1.6816792,8,Bag,PCA
1.4077412,0.16120012,1,Trouser,PCA
2.4913175,1.6737534,9,Ankle boot,PCA
0.06822517,-1.7671146,0,T-shirt/top,PCA
-0.8588394,-2.0102272,3,Dress,PCA
-0.2768305,0.47763026,7,Sneaker,PCA
0.5890864,-0.77355856,2,Pullover,PCA
-1.0073583,-0.08843084,0,T-shirt/top,PCA
0.67825013,-1.3462174,2,Pullover,PCA
-1.8254666,-0.8596282,2,Pullover,PCA
0.60480183,0.66344976,8,Bag,PCA
1.0058103,0.186493,1,Trouser,PCA
0.79535437,-0.087858476,2,Pullover,PCA
0.5475388,1.9200529,2,Pullover,PCA
-0.12318638,-1.5788277,9,Ankle boot,PCA
0.31503955,0.3606248,4,Coat,PCA
1.321312,-1.5590692,6,Shirt,PCA
-0.22710389,1.2214857,1,Trouser,PCA
1.9645859,-0.6787054,2,Pullover,PCA
-2.5712397,1.3720527,1,Trouser,PCA
-0.9993252,-0.01993562,0,T-shirt/top,PCA
0.02715935,-0.7835538,6,Shirt,PCA
-0.43402475,-0.28103343,4,Coat,PCA
2.0424218,-0.78948253,5,Sandal,PCA
-0.72618866,-1.1937567,2,Pullover,PCA
0.28254986,1.390202,8,Bag,PCA
0.7775779,0.4391138,7,Sneaker,PCA
-0.33069903,-0.8440077,9,Ankle boot,PCA
-0.401013,0.047386937,4,Coat,PCA
-0.6160922,0.97130513,2,Pullover,PCA
-0.29845265,1.686625,6,Shirt,PCA
1.899094,-0.120039046,5,Sandal,PCA
-0.97229856,-0.351944,4,Coat,PCA
1.7116501,-0.5740828,6,Shirt,PCA
0.97232264,-0.024480835,8,Bag,PCA
0.34800494,0.74476856,9,Ankle boot,PCA
1.8512658,-0.99131674,2,Pullover,PCA
0.50362736,1.2450467,9,Ankle boot,PCA
1.5439413,0.33646283,0,T-shirt/top,PCA
-1.0545228,0.16085164,2,Pullover,PCA
0.3409002,-0.9664241,8,Bag,PCA
-0.5469175,-0.0050804745,6,Shirt,PCA
1.5282763,1.849278,2,Pullover,PCA
-1.177034,-0.65658253,4,Coat,PCA
0.96269494,-1.2016135,1,Trouser,PCA
-0.856995,0.47545972,5,Sandal,PCA
0.5323294,-0.6052434,2,Pullover,PCA
1.3641101,-0.20443505,5,Sandal,PCA
-0.6896209,-1.3778092,1,Trouser,PCA
-1.3135118,0.6451828,5,Sandal,PCA
1.3368216,0.9373357,6,Shirt,PCA
0.48035958,-0.82047504,1,Trouser,PCA
-0.85889083,-0.0781288,3,Dress,PCA
-1.111985,0.28091905,8,Bag,PCA
0.34416524,1.0443943,2,Pullover,PCA
1.4850436,-1.6677048,0,T-shirt/top,PCA
-0.8569106,0.33851427,2,Pullover,PCA
-0.1834246,-1.1633672,4,Coat,PCA
0.46602735,-0.33105925,0,T-shirt/top,PCA
0.2721677,0.8599275,2,Pullover,PCA
-1.0557725,1.4659448,3,Dress,PCA
0.12837881,1.676231,6,Shirt,PCA
0.4557456,0.40942124,9,Ankle boot,PCA
-0.4472511,1.8337122,5,Sandal,PCA
-0.36116466,1.6977133,0,T-shirt/top,PCA
0.15806901,-0.60509926,0,T-shirt/top,PCA
0.1352917,-1.6590341,8,Bag,PCA
0.22890522,-0.52914,6,Shirt,PCA
0.034061406,-1.0209968,0,T-shirt/top,PCA
1.2345285,-0.40511176,7,Sneaker,PCA
1.4299978,-0.33133024,1,Trouser,PCA
-1.9238015,-0.33123603,7,Sneaker,PCA
0.986573,0.9581027,8,Bag,PCA
-1.5251591,1.2047812,8,Bag,PCA
0.40031993,1.0066175,4,Coat,PCA
0.3685559,-0.8753865,1,Trouser,PCA
-1.0333657,1.4429218,8,Bag,PCA
-1.5437573,-0.39189324,4,Coat,PCA
0.06477857,1.1541164,6,Shirt,PCA
-1.0641111,-0.16732572,5,Sandal,PCA
-0.7753441,-2.0279877,9,Ankle boot,PCA
-0.04912452,-1.1563442,2,Pullover,PCA
0.62377745,-0.53526247,1,Trouser,PCA
0.698142,1.0677915,1,Trouser,PCA
1.9610054,-1.305712,5,Sandal,PCA
0.020256508,-0.44240037,5,Sandal,PCA
-0.66115594,-1.3017899,3,Dress,PCA
0.08998754,0.9353148,2,Pullover,PCA
0.572051,-0.3010169,6,Shirt,PCA
0.52122164,0.19525298,7,Sneaker,PCA
0.5652963,0.3578257,3,Dress,PCA
0.33252668,0.50659585,7,Sneaker,PCA
-1.339211,1.7620311,8,Bag,PCA
0.78316516,-0.94176877,0,T-shirt/top,PCA
-2.4745448,-0.4980367,6,Shirt,PCA
1.2068729,-1.9408848,1,Trouser,PCA
0.20006847,-0.091946855,1,Trouser,PCA
1.466568,-0.6192158,2,Pullover,PCA
-1.8803335,-0.7409914,4,Coat,PCA
-2.1461532,1.3459744,3,Dress,PCA
-0.56976074,-2.177765,6,Shirt,PCA
-0.22046211,-1.4812493,6,Shirt,PCA
0.0847287,0.6807555,9,Ankle boot,PCA
0.53479224,0.5248259,0,T-shirt/top,PCA
-0.47316873,-0.846333,3,Dress,PCA
0.11560923,0.73905396,2,Pullover,PCA
-0.05692784,-0.74700844,4,Coat,PCA
-1.454197,1.0161401,8,Bag,PCA
-0.6191238,1.055561,4,Coat,PCA
0.36587164,-0.19884399,7,Sneaker,PCA
0.6903496,0.3350038,1,Trouser,PCA
-1.2955211,-0.7957948,9,Ankle boot,PCA
1.5636668,0.10051828,8,Bag,PCA
2.2833865,-0.14291683,9,Ankle boot,PCA
-0.98700243,-0.34932685,1,Trouser,PCA
1.1520922,-0.35962874,2,Pullover,PCA
0.098427296,-0.51163334,1,Trouser,PCA
0.27416867,0.48591134,9,Ankle boot,PCA
0.12874043,-0.38284352,9,Ankle boot,PCA
0.094597906,0.3446346,1,Trouser,PCA
-0.3875473,-1.382675,6,Shirt,PCA
-2.0389962,1.815105,6,Shirt,PCA
-1.7528307,0.5070852,8,Bag,PCA
-0.99745995,2.015057,5,Sandal,PCA
-0.8335433,1.0060874,2,Pullover,PCA
0.7308234,1.5002248,9,Ankle boot,PCA
-0.10623644,-2.3469055,0,T-shirt/top,PCA
1.1670798,0.78458184,5,Sandal,PCA
0.42093205,-1.3831258,4,Coat,PCA
-1.4043642,0.58624554,4,Coat,PCA
0.010554232,-1.8121804,4,Coat,PCA
-0.40901625,0.58284235,6,Shirt,PCA
2.1187303,-0.34328997,3,Dress,PCA
-0.20723718,1.1183108,2,Pullover,PCA
-0.3600878,-0.9860837,2,Pullover,PCA
1.2924161,0.58493817,5,Sandal,PCA
-0.47385347,0.6597771,9,Ankle boot,PCA
0.35164917,0.04682476,7,Sneaker,PCA
-0.45652437,1.8274429,6,Shirt,PCA
1.8882802,0.13129248,1,Trouser,PCA
-0.80270547,0.3664514,3,Dress,PCA
1.5877509,0.47945738,5,Sandal,PCA
-1.1909258,-0.14882042,9,Ankle boot,PCA
-0.3769825,0.025203103,6,Shirt,PCA
2.546764,-0.9976745,4,Coat,PCA
0.735983,-0.96230453,6,Shirt,PCA
-0.63211197,0.5342157,6,Shirt,PCA
-0.4625346,0.87677675,5,Sandal,PCA
1.9230725,2.7272453,9,Ankle boot,PCA
1.0926865,-1.5314808,3,Dress,PCA
1.3767233,-1.3422265,3,Dress,PCA
1.9018426,-1.9114292,4,Coat,PCA
1.060215,-1.5310783,6,Shirt,PCA
1.3738446,0.40518814,2,Pullover,PCA
1.064459,-1.6812763,0,T-shirt/top,PCA
-0.6953664,0.5389151,3,Dress,PCA
2.569703,0.3427081,3,Dress,PCA
-1.7823381,0.0145872105,8,Bag,PCA
-0.1154232,-0.72484785,0,T-shirt/top,PCA
0.6232745,-1.174135,7,Sneaker,PCA
-0.03529304,-0.97846854,2,Pullover,PCA
-0.5186298,1.0483866,6,Shirt,PCA
0.14535445,0.5118418,4,Coat,PCA
-0.8615797,-0.8822116,4,Coat,PCA
0.049669378,0.929506,2,Pullover,PCA
-0.4297692,0.49788198,4,Coat,PCA
-2.2566464,-0.22520219,6,Shirt,PCA
1.2691761,0.23105945,5,Sandal,PCA
-1.5831494,2.147341,8,Bag,PCA
-1.0311792,-0.86313003,5,Sandal,PCA
-0.12026118,-0.09304516,5,Sandal,PCA
-0.39340216,-1.2750185,6,Shirt,PCA
1.9472139,1.2968318,5,Sandal,PCA
1.0921168,-0.038950205,6,Shirt,PCA
-2.4540098,0.08480804,6,Shirt,PCA
1.7690095,1.155699,8,Bag,PCA
2.308089,0.4953331,1,Trouser,PCA
1.7424223,-0.36369538,3,Dress,PCA
-1.4677534,1.1456367,2,Pullover,PCA
-3.6567905,-0.22214049,5,Sandal,PCA
0.9276604,-0.72961223,7,Sneaker,PCA
0.85218835,0.14793159,0,T-shirt/top,PCA
-0.6033909,1.8113137,2,Pullover,PCA
0.20090684,-1.0140475,4,Coat,PCA
-0.64386696,1.1287149,3,Dress,PCA
-0.4655255,-0.11149772,2,Pullover,PCA
-2.4116416,0.043487728,4,Coat,PCA
0.27671674,-0.15247196,3,Dress,PCA
-1.6993124,0.46916068,2,Pullover,PCA
-0.048806082,-2.1857681,3,Dress,PCA
-1.3734298,-0.70811874,2,Pullover,PCA
-1.1144099,1.5583757,2,Pullover,PCA
-0.5624962,-0.2435984,1,Trouser,PCA
0.7130419,0.27895328,8,Bag,PCA
-1.4116149,-0.02017455,5,Sandal,PCA
1.1914148,-0.42911285,7,Sneaker,PCA
0.032558896,-0.73446983,9,Ankle boot,PCA
0.12895358,0.38550413,7,Sneaker,PCA
1.6079818,0.35694137,9,Ankle boot,PCA
-0.050421398,-0.58210266,3,Dress,PCA
0.19380817,1.4245743,0,T-shirt/top,PCA
1.115842,-1.448267,2,Pullover,PCA
-0.0035449676,-1.6375915,0,T-shirt/top,PCA
0.84236956,-0.42124677,7,Sneaker,PCA
-0.5656375,-1.3407987,8,Bag,PCA
1.5355499,-0.8980063,1,Trouser,PCA
0.6638065,-0.5439765,0,T-shirt/top,PCA
0.18261857,0.21685998,6,Shirt,PCA
1.683668,-0.42712763,7,Sneaker,PCA
-0.97137445,0.19532093,8,Bag,PCA
1.0275035,-1.6911025,8,Bag,PCA
0.6329877,1.0617346,6,Shirt,PCA
-0.19252995,1.398765,0,T-shirt/top,PCA
0.0667817,0.84262925,6,Shirt,PCA
0.6781419,0.18975647,1,Trouser,PCA
0.17585206,1.7717171,4,Coat,PCA
-1.209412,-0.325429,5,Sandal,PCA
0.6674023,-1.0782424,3,Dress,PCA
0.41728264,1.0603014,8,Bag,PCA
-3.4740782,0.87641466,8,Bag,PCA
1.2291262,0.49421576,6,Shirt,PCA
-1.5473434,-1.4903437,9,Ankle boot,PCA
-1.0486466,-0.26930195,9,Ankle boot,PCA
-1.297766,-0.2046702,4,Coat,PCA
-0.055151906,1.0724291,8,Bag,PCA
-1.7446363,-0.34630612,3,Dress,PCA
0.14280488,-0.67307246,6,Shirt,PCA
-2.2404864,0.74572825,1,Trouser,PCA
0.14394096,1.2418948,0,T-shirt/top,PCA
-0.09493327,0.5952219,2,Pullover,PCA
-1.2788177,0.1692008,1,Trouser,PCA
1.075111,-0.49039686,1,Trouser,PCA
0.25963765,-1.5814681,1,Trouser,PCA
0.27230087,-1.4962848,3,Dress,PCA
0.49543518,1.5004207,9,Ankle boot,PCA
-0.01966786,-0.3452676,1,Trouser,PCA
-1.6385583,0.68311864,3,Dress,PCA
-2.090224,-0.6916795,8,Bag,PCA
-0.5057758,0.17656122,3,Dress,PCA
0.70243895,-0.22442906,1,Trouser,PCA
-1.2270025,-1.9732691,1,Trouser,PCA
0.63131,-0.29044127,1,Trouser,PCA
0.02077165,0.8998572,2,Pullover,PCA
1.4809321,0.5712858,1,Trouser,PCA
0.9201292,-1.1073239,3,Dress,PCA
-1.6143292,-0.961386,9,Ankle boot,PCA
-1.7027758,-0.046267673,0,T-shirt/top,PCA
0.19294815,-1.3087487,0,T-shirt/top,PCA
-0.35925388,1.2695258,7,Sneaker,PCA
-0.35998324,0.43347266,7,Sneaker,PCA
-0.39549232,0.49788544,9,Ankle boot,PCA
-0.51899844,0.014458371,4,Coat,PCA
0.4363045,0.81481785,1,Trouser,PCA
-0.6408702,-0.53279656,0,T-shirt/top,PCA
0.17461585,-0.18278071,0,T-shirt/top,PCA
0.40148002,1.5172217,3,Dress,PCA
0.23320803,0.09690972,7,Sneaker,PCA
1.0531791,1.1752598,5,Sandal,PCA
-0.03127372,-0.38135365,9,Ankle boot,PCA
1.4015865,-1.9113334,3,Dress,PCA
-1.1238009,-0.18529153,3,Dress,PCA
0.092668846,0.6487903,7,Sneaker,PCA
-2.1575966,-1.8288614,9,Ankle boot,PCA
-1.8487871,-0.62204,5,Sandal,PCA
0.9839658,1.3274025,1,Trouser,PCA
0.41213512,-0.20908856,0,T-shirt/top,PCA
0.59946346,-1.2887049,3,Dress,PCA
-1.6123034,1.2573861,3,Dress,PCA
0.31494913,-0.2854711,0,T-shirt/top,PCA
0.3612794,0.16558164,3,Dress,PCA
-0.5040469,-0.33276755,0,T-shirt/top,PCA
0.81236523,-0.21074085,1,Trouser,PCA
0.276863,0.1510089,9,Ankle boot,PCA
-0.6116461,0.20126674,0,T-shirt/top,PCA
1.7159977,0.0023192093,2,Pullover,PCA
1.1641033,0.20673051,6,Shirt,PCA
0.22225997,0.8489499,7,Sneaker,PCA
0.111381695,-0.49689606,3,Dress,PCA
2.135348,0.77513105,1,Trouser,PCA
2.5017886,-1.3961585,5,Sandal,PCA
-1.1726637,1.6069553,0,T-shirt/top,PCA
0.49204823,1.2096167,2,Pullover,PCA
0.17175183,-0.5467336,2,Pullover,PCA
0.6098015,0.42844397,7,Sneaker,PCA
1.4047257,0.2127059,7,Sneaker,PCA
-0.5167848,1.7692401,2,Pullover,PCA
0.88916636,-1.535944,1,Trouser,PCA
0.1436478,-1.5731747,8,Bag,PCA
-0.25193927,1.1491457,9,Ankle boot,PCA
0.2924777,1.5471611,6,Shirt,PCA
0.9227741,-1.6646091,3,Dress,PCA
-0.30033413,-1.2054174,4,Coat,PCA
0.78169245,0.721674,9,Ankle boot,PCA
-0.67800367,1.4013427,9,Ankle boot,PCA
1.4110236,-0.5377516,7,Sneaker,PCA
1.2114046,1.8542807,4,Coat,PCA
-1.7806671,0.31533659,5,Sandal,PCA
-0.9008336,-2.292996,8,Bag,PCA
0.37251037,0.28851205,9,Ankle boot,PCA
0.06136261,-1.2332984,8,Bag,PCA
-0.36404845,1.9085271,9,Ankle boot,PCA
0.883698,2.3398454,6,Shirt,PCA
-1.1177732,-0.3859005,9,Ankle boot,PCA
-0.062435646,0.25522593,0,T-shirt/top,PCA
-0.99510163,2.5189505,6,Shirt,PCA
0.7823441,-0.6544216,0,T-shirt/top,PCA
0.46064854,0.8130209,5,Sandal,PCA
0.68503475,-0.17074214,6,Shirt,PCA
1.2472194,1.2771559,5,Sandal,PCA
-0.92396516,1.0451032,2,Pullover,PCA
-0.40509284,-1.1159266,8,Bag,PCA
1.4091673,-0.6737283,4,Coat,PCA
-0.47222984,-0.829282,0,T-shirt/top,PCA
-0.84645104,-1.0607395,3,Dress,PCA
0.92331886,-1.7092695,3,Dress,PCA
0.3930156,0.96463567,9,Ankle boot,PCA
0.59744555,-0.09799259,8,Bag,PCA
1.1241212,1.6296937,4,Coat,PCA
0.4145741,2.2090476,6,Shirt,PCA
-0.10051064,-1.7932134,0,T-shirt/top,PCA
-0.39623663,-1.5053763,2,Pullover,PCA
-0.68920934,0.06979127,8,Bag,PCA
-0.68047,0.8238582,1,Trouser,PCA
-1.5789156,-0.49791828,0,T-shirt/top,PCA
-0.6890914,-0.8373713,3,Dress,PCA
-1.0877594,0.10104145,8,Bag,PCA
0.23220797,-0.825178,0,T-shirt/top,PCA
0.31839943,1.2100316,2,Pullover,PCA
-1.2215713,0.34461692,8,Bag,PCA
1.2000979,-0.56526583,6,Shirt,PCA
-0.4222289,-1.6813486,1,Trouser,PCA
0.05811626,0.26041618,3,Dress,PCA
-0.36431953,0.5802482,0,T-shirt/top,PCA
0.36513644,0.68275434,8,Bag,PCA
0.20995909,1.0906532,4,Coat,PCA
0.42652187,0.19402903,9,Ankle boot,PCA
-2.9389641,0.116504475,5,Sandal,PCA
0.58873993,-2.2350047,8,Bag,PCA
-0.15709329,0.9803573,4,Coat,PCA
-1.6841248,0.20885086,8,Bag,PCA
-1.6066021,-0.04169091,0,T-shirt/top,PCA
-0.9434637,-0.17784315,3,Dress,PCA
1.135967,1.1406975,9,Ankle boot,PCA
0.055110484,-0.79717326,6,Shirt,PCA
0.6263143,-0.8167129,8,Bag,PCA
-0.5322733,-1.2632654,2,Pullover,PCA
0.82889456,0.8382693,3,Dress,PCA
1.297449,-0.29707998,7,Sneaker,PCA
-1.9519393,0.33160695,8,Bag,PCA
0.84238297,-1.4617374,1,Trouser,PCA
0.19884792,-0.2635946,1,Trouser,PCA
-1.287841,0.40300572,8,Bag,PCA
0.6692098,0.8917554,6,Shirt,PCA
-0.27958092,-1.0659918,3,Dress,PCA
0.65835094,1.3287705,4,Coat,PCA
0.8080979,-0.30327627,2,Pullover,PCA
0.9428964,-1.6776518,7,Sneaker,PCA
-0.688164,0.5497236,2,Pullover,PCA
0.80756277,0.7220356,8,Bag,PCA
-0.28072047,-2.5629942,6,Shirt,PCA
1.040053,-0.26633468,7,Sneaker,PCA
-0.2461679,0.7901185,8,Bag,PCA
1.7732489,-0.36371836,3,Dress,PCA
0.29912,0.65921736,4,Coat,PCA
-1.5840901,-0.6772226,4,Coat,PCA
-0.1778617,0.8252486,9,Ankle boot,PCA
-0.37484017,0.50706625,5,Sandal,PCA
-1.2460157,-0.37229577,3,Dress,PCA
0.21695964,0.336202,5,Sandal,PCA
0.7488787,-0.48348042,0,T-shirt/top,PCA
-0.3722269,-0.5294496,2,Pullover,PCA
-0.4582548,-2.079789,4,Coat,PCA
1.0477419,0.6087395,8,Bag,PCA
-0.18200792,-1.630952,6,Shirt,PCA
2.0935535,0.063721605,7,Sneaker,PCA
-0.35316765,1.5295697,3,Dress,PCA
1.1220104,-0.66471714,1,Trouser,PCA
-0.034364056,-0.043390647,2,Pullover,PCA
-2.2272325,0.23768985,9,Ankle boot,PCA
-0.73580295,-0.27508363,0,T-shirt/top,PCA
-1.8266567,0.21472193,8,Bag,PCA
-0.8775754,0.641914,9,Ankle boot,PCA
0.73421204,1.2588392,6,Shirt,PCA
-0.29868165,-1.585966,4,Coat,PCA
-0.23210049,1.1808431,2,Pullover,PCA
0.039665226,-0.71136564,2,Pullover,PCA
-1.0131156,0.7092752,2,Pullover,PCA
-1.0169353,-0.8961628,8,Bag,PCA
0.15209156,-0.93244034,9,Ankle boot,PCA
1.3095403,-1.516693,6,Shirt,PCA
-0.051243205,-0.17977013,1,Trouser,PCA
-1.6021765,0.05232667,1,Trouser,PCA
1.297445,1.9058893,8,Bag,PCA
-0.032284405,0.23309396,5,Sandal,PCA
-0.49210304,1.7104106,9,Ankle boot,PCA
0.6319855,0.5328154,5,Sandal,PCA
1.103916,0.7207139,8,Bag,PCA
-2.0792823,-1.678947,9,Ankle boot,PCA
-0.090516746,0.89982724,1,Trouser,PCA
-1.0652338,0.4374488,7,Sneaker,PCA
-0.7891483,0.21251088,0,T-shirt/top,PCA
-0.012265515,-0.6455045,6,Shirt,PCA
0.20310324,-0.78746885,1,Trouser,PCA
-0.48314637,0.3290466,6,Shirt,PCA
1.2220875,1.704522,9,Ankle boot,PCA
0.6372519,-2.51348,8,Bag,PCA
1.1511436,1.8483167,6,Shirt,PCA
-0.8888512,0.78601664,7,Sneaker,PCA
2.0382957,-0.5942249,3,Dress,PCA
-0.6504232,1.895887,8,Bag,PCA
0.9783688,0.32368562,8,Bag,PCA
-0.2222395,2.0812461,9,Ankle boot,PCA
1.4405782,1.3602351,9,Ankle boot,PCA
0.39050618,-1.0340918,2,Pullover,PCA
-1.2886909,0.522193,5,Sandal,PCA
-1.3917769,1.2782317,8,Bag,PCA
0.040850796,0.5087083,0,T-shirt/top,PCA
0.11793965,0.4609642,2,Pullover,PCA
1.7453597,0.6955577,5,Sandal,PCA
-1.765755,-0.40726566,8,Bag,PCA
0.35572186,-2.529543,8,Bag,PCA
1.0665712,-1.4731534,7,Sneaker,PCA
0.7767336,-0.90385467,4,Coat,PCA
-1.2687534,0.0682347,1,Trouser,PCA
-1.6501775,-0.5538485,1,Trouser,PCA
0.45179906,-1.3923948,2,Pullover,PCA
-1.2508055,0.58822525,7,Sneaker,PCA
-0.50394106,0.34263045,8,Bag,PCA
0.065071955,0.49414358,7,Sneaker,PCA
0.83956486,1.4091413,7,Sneaker,PCA
1.034965,0.7763783,5,Sandal,PCA
1.9046851,-0.7549698,5,Sandal,PCA
-1.6599705,-1.0606064,9,Ankle boot,PCA
1.6041156,0.1442028,5,Sandal,PCA
-0.52962214,1.186102,8,Bag,PCA
-0.5834438,-0.49796334,9,Ankle boot,PCA
-0.12625492,0.068259224,0,T-shirt/top,PCA
-0.042813826,-0.07032073,4,Coat,PCA
-1.1263224,1.1020446,4,Coat,PCA
1.0221611,0.2118091,9,Ankle boot,PCA
0.5093488,0.2592926,9,Ankle boot,PCA
0.23356007,-1.1341727,6,Shirt,PCA
-0.12805378,-2.0715027,9,Ankle boot,PCA
2.0161135,-0.95704114,5,Sandal,PCA
-0.937003,-0.34851733,7,Sneaker,PCA
0.48702183,-0.7747626,4,Coat,PCA
-0.7323944,1.6228275,0,T-shirt/top,PCA
1.3398211,0.9617084,5,Sandal,PCA
0.8137253,2.5144284,4,Coat,PCA
0.9145243,-0.91762066,6,Shirt,PCA
1.021499,-0.08412067,2,Pullover,PCA
-0.6170125,0.2839937,2,Pullover,PCA
0.14504272,1.6964862,1,Trouser,PCA
1.341265,-1.4197901,3,Dress,PCA
0.6941992,-0.2808551,7,Sneaker,PCA
0.6052644,-0.6788271,7,Sneaker,PCA
-1.6418868,-0.6671313,9,Ankle boot,PCA
-0.032010537,0.81693864,8,Bag,PCA
0.016742408,1.5993872,8,Bag,PCA
-0.3391921,0.02282772,3,Dress,PCA
-0.14745863,-0.18946697,6,Shirt,PCA
-1.8342545,0.8525252,5,Sandal,PCA
0.45794624,-0.061392546,7,Sneaker,PCA
1.0359274,-1.6715258,3,Dress,PCA
-0.8908509,-0.8114083,4,Coat,PCA
1.0272133,0.45918694,3,Dress,PCA
1.8475304,1.0339547,5,Sandal,PCA
0.25627938,1.0275335,4,Coat,PCA
1.6504617,-1.2769603,3,Dress,PCA
-0.21335158,-1.4854503,0,T-shirt/top,PCA
-1.3154055,-1.3409898,4,Coat,PCA
0.33584937,-1.0929629,6,Shirt,PCA
0.6980848,0.014032945,7,Sneaker,PCA
0.36944875,-0.18839003,7,Sneaker,PCA
-0.89197654,0.21499917,6,Shirt,PCA
1.0253844,0.5750977,4,Coat,PCA
0.7849406,-0.5074514,6,Shirt,PCA
-0.72979295,-1.281098,3,Dress,PCA
-0.9432976,-0.9210355,0,T-shirt/top,PCA
1.0366946,-1.0848386,4,Coat,PCA
-1.1343391,0.3003082,9,Ankle boot,PCA
0.07149542,1.0206116,0,T-shirt/top,PCA
-0.7334438,-0.79614764,6,Shirt,PCA
0.35319003,0.8267023,1,Trouser,PCA
-0.87092155,1.2919487,2,Pullover,PCA
-1.9940455,1.8222684,2,Pullover,PCA
-0.41540614,-0.17197295,6,Shirt,PCA
0.78613335,2.0669951,3,Dress,PCA
-1.8422633,-0.4527446,6,Shirt,PCA
-1.0152365,-0.468339,9,Ankle boot,PCA
-0.16204806,-0.36717427,0,T-shirt/top,PCA
-0.7053572,-1.166237,6,Shirt,PCA
0.35465282,0.74235475,2,Pullover,PCA
0.13495593,1.0565883,9,Ankle boot,PCA
-0.7191265,-0.18431343,3,Dress,PCA
0.569886,0.44404814,5,Sandal,PCA
0.93365115,-0.5334147,1,Trouser,PCA
-0.7950355,0.19180132,7,Sneaker,PCA
0.72464484,-0.54776466,3,Dress,PCA
1.0941279,-1.1400037,3,Dress,PCA
-1.7977772,-0.07944799,5,Sandal,PCA
-0.14335838,-0.41812274,0,T-shirt/top,PCA
0.90054953,-1.0994581,7,Sneaker,PCA
0.23880012,0.16962034,7,Sneaker,PCA
0.75882643,1.4609475,7,Sneaker,PCA
-0.95898145,-0.4880004,0,T-shirt/top,PCA
0.7780457,0.5240904,7,Sneaker,PCA
0.7621955,-0.626609,6,Shirt,PCA
-0.6498271,0.30251837,7,Sneaker,PCA
0.47589475,-0.99965954,3,Dress,PCA
-0.953972,0.5567184,3,Dress,PCA
-0.3096647,0.42727223,0,T-shirt/top,PCA
-1.1556871,0.8852466,8,Bag,PCA
-0.27932277,0.6848171,5,Sandal,PCA
-1.8802431,-0.80928606,8,Bag,PCA
0.34854218,-0.007119295,8,Bag,PCA
-0.8120526,-0.6850564,4,Coat,PCA
0.010513246,0.6143541,7,Sneaker,PCA
-0.8200573,1.9237416,6,Shirt,PCA
-0.8277052,0.022330256,6,Shirt,PCA
-1.3430427,-0.4703884,3,Dress,PCA
-0.29399782,-1.022864,2,Pullover,PCA
-0.01135461,-0.94819945,1,Trouser,PCA
0.9091492,1.129433,2,Pullover,PCA
-0.300683,-0.70337236,7,Sneaker,PCA
1.1825117,1.0885049,5,Sandal,PCA
-0.41914865,-2.1346056,9,Ankle boot,PCA
-0.30276293,-0.29131123,2,Pullover,PCA
-1.298754,0.0051658396,8,Bag,PCA
-1.6378105,-1.6645681,5,Sandal,PCA
-0.5181057,0.39960536,6,Shirt,PCA
0.04312652,-0.80856293,4,Coat,PCA
0.15997608,-0.6035627,4,Coat,PCA
0.8538539,-0.46168926,1,Trouser,PCA
1.0376872,2.1551268,8,Bag,PCA
-0.16542946,-0.9929318,0,T-shirt/top,PCA
-0.38186055,0.93041867,7,Sneaker,PCA
0.17950569,-0.3768409,5,Sandal,PCA
1.5222152,-2.126404,6,Shirt,PCA
-0.034570087,1.4551442,8,Bag,PCA
-1.254037,0.048006162,5,Sandal,PCA
-0.9724346,-0.21935111,2,Pullover,PCA
2.0334485,0.033741318,5,Sandal,PCA
-0.8442388,0.93401647,9,Ankle boot,PCA
-0.930454,-0.082719,4,Coat,PCA
-1.1894952,0.9656092,2,Pullover,PCA
0.08371432,-0.536486,6,Shirt,PCA
-1.9577413,-1.5682675,3,Dress,PCA
0.7957576,0.80850285,7,Sneaker,PCA
-1.0699284,-0.7827985,6,Shirt,PCA
1.0543277,-0.60918677,5,Sandal,PCA
0.33797067,1.3187833,8,Bag,PCA
0.90901107,1.2264463,5,Sandal,PCA
0.7809323,-1.2669103,7,Sneaker,PCA
-1.1589894,-0.3446887,2,Pullover,PCA
-1.6987317,1.1550205,7,Sneaker,PCA
0.5752281,1.4581763,9,Ankle boot,PCA
0.68876386,-0.84583414,1,Trouser,PCA
-0.11684072,-1.2633094,0,T-shirt/top,PCA
1.4544439,-1.2263752,8,Bag,PCA
-0.8800411,-1.1802446,8,Bag,PCA
0.6206186,-1.1182079,1,Trouser,PCA
-1.2243938,0.73439413,9,Ankle boot,PCA
-0.8521803,-1.1079628,3,Dress,PCA
1.3693516,-0.02796725,1,Trouser,PCA
-1.0539358,-0.042040206,7,Sneaker,PCA
1.2704415,0.89233017,5,Sandal,PCA
0.083309606,1.2539005,2,Pullover,PCA
-0.15774214,0.7248166,0,T-shirt/top,PCA
0.9355616,0.022985654,3,Dress,PCA
-0.5091936,0.6429051,9,Ankle boot,PCA
1.9525117,0.44610882,5,Sandal,PCA
-0.92873865,-0.6696471,8,Bag,PCA
-0.65164036,-0.87631154,9,Ankle boot,PCA
-2.8420773,0.4052752,6,Shirt,PCA
0.14479992,0.80144775,7,Sneaker,PCA
2.0994241,0.042199485,5,Sandal,PCA
0.28521383,-1.3714753,2,Pullover,PCA
0.51441276,0.5100718,0,T-shirt/top,PCA
1.3137461,-0.16047418,1,Trouser,PCA
-0.16793084,-1.9252069,0,T-shirt/top,PCA
0.38402888,-1.1835792,6,Shirt,PCA
-2.126045,-0.03768377,3,Dress,PCA
-1.3990557,-2.1388807,1,Trouser,PCA
-1.7520498,1.8986493,3,Dress,PCA
-0.9521428,0.739519,4,Coat,PCA
-0.5610127,-1.0771126,2,Pullover,PCA
1.2333227,0.93809587,5,Sandal,PCA
0.4212516,-0.33573067,1,Trouser,PCA
1.9379562,0.2507686,5,Sandal,PCA
-0.06327835,-2.0453823,2,Pullover,PCA
-1.5337383,0.4428203,6,Shirt,PCA
1.2118052,0.7763528,2,Pullover,PCA
0.26172003,1.6459544,9,Ankle boot,PCA
-1.4499893,1.2780677,7,Sneaker,PCA
1.4907393,0.5390421,5,Sandal,PCA
-0.30692676,0.30766144,3,Dress,PCA
-0.80697036,0.9271363,0,T-shirt/top,PCA
-0.37235144,0.5170467,2,Pullover,PCA
-0.0446282,2.312381,6,Shirt,PCA
-1.3473998,0.6162687,2,Pullover,PCA
0.18060778,-0.24472803,6,Shirt,PCA
-1.1964204,-0.22565517,2,Pullover,PCA
0.32274196,-1.0921677,3,Dress,PCA
-0.22440806,-0.021821706,9,Ankle boot,PCA
0.1399077,-0.022317152,0,T-shirt/top,PCA
0.4878614,-0.17855075,4,Coat,PCA
-0.9018481,0.10041641,6,Shirt,PCA
-1.1697758,0.04146988,5,Sandal,PCA
1.6472299,-0.72920865,6,Shirt,PCA
0.54072016,-0.07230843,7,Sneaker,PCA
-1.1234739,0.694145,2,Pullover,PCA
0.62291086,1.6721989,4,Coat,PCA
-0.5846907,1.5777508,3,Dress,PCA
-0.49608004,-1.8091328,9,Ankle boot,PCA
1.0147899,-0.033114024,3,Dress,PCA
-0.05686366,-0.5303905,7,Sneaker,PCA
1.1551672,0.8768913,0,T-shirt/top,PCA
-1.7482921,0.5922742,5,Sandal,PCA
-0.20971316,-0.0820011,8,Bag,PCA
0.94188875,0.83622587,9,Ankle boot,PCA
-0.58392566,1.9065754,1,Trouser,PCA
-0.17744988,2.279914,9,Ankle boot,PCA
-1.7795806,-0.95934814,4,Coat,PCA
-2.6019945,-0.27319315,0,T-shirt/top,PCA
-1.2206557,0.8480973,7,Sneaker,PCA
1.2686327,-1.4848146,8,Bag,PCA
-2.2157073,-0.8948869,8,Bag,PCA
1.3135139,0.15813014,5,Sandal,PCA
0.058191724,0.64307266,8,Bag,PCA
0.15470201,-2.3511531,4,Coat,PCA
-2.2603493,0.016829273,2,Pullover,PCA
-1.2323071,-0.85219306,0,T-shirt/top,PCA
-0.33729446,0.92077255,4,Coat,PCA
-0.16290791,0.6851208,7,Sneaker,PCA
0.597276,-0.22229539,4,Coat,PCA
-1.3199315,0.62007934,9,Ankle boot,PCA
0.14768131,2.2823293,6,Shirt,PCA
0.7108748,-1.7707561,3,Dress,PCA
-0.30291384,-1.0005186,0,T-shirt/top,PCA
-0.85203,-1.0950694,0,T-shirt/top,PCA
-0.7749295,-0.554395,5,Sandal,PCA
-0.28412575,0.12568952,1,Trouser,PCA
1.1357789,-1.7931002,0,T-shirt/top,PCA
0.5849674,-0.58181536,7,Sneaker,PCA
0.76153445,0.43333918,2,Pullover,PCA
0.105344616,1.5596966,4,Coat,PCA
-0.6708732,0.2844674,3,Dress,PCA
-0.45201084,0.59411556,2,Pullover,PCA
0.4995108,0.52513796,2,Pullover,PCA
0.004853923,1.3765513,7,Sneaker,PCA
-0.226167,0.16777256,3,Dress,PCA
-0.16673143,1.7400665,5,Sandal,PCA
0.12023975,1.8385904,0,T-shirt/top,PCA
-1.5928234,0.6176929,9,Ankle boot,PCA
1.733275,1.2529161,3,Dress,PCA
1.4636905,-1.1682667,8,Bag,PCA
0.59772867,0.32394207,5,Sandal,PCA
-2.6723847,-0.010318951,5,Sandal,PCA
-0.86868566,0.082763605,0,T-shirt/top,PCA
-0.8068754,-0.3932872,6,Shirt,PCA
1.5508682,-1.1476221,7,Sneaker,PCA
-0.8134594,1.6177132,8,Bag,PCA
-0.005935382,0.7511509,0,T-shirt/top,PCA
-0.91853553,0.7499674,8,Bag,PCA
-0.10006595,0.710897,0,T-shirt/top,PCA
0.2334703,-0.85564536,1,Trouser,PCA
1.5491438,-1.6006792,2,Pullover,PCA
0.98050255,-1.01833,1,Trouser,PCA
0.38854048,-0.3576178,7,Sneaker,PCA
-0.7223315,-1.8470602,5,Sandal,PCA
0.57274026,-0.3956009,2,Pullover,PCA
-2.28926,-0.5405477,8,Bag,PCA
-0.1846641,0.1652904,9,Ankle boot,PCA
-1.9965236,-0.66426355,8,Bag,PCA
0.48016474,-0.061138228,2,Pullover,PCA
-2.5533075,0.46671915,2,Pullover,PCA
-1.1456289,-0.2490921,1,Trouser,PCA
-1.5955508,-1.2138064,0,T-shirt/top,PCA
0.19303574,-1.3305624,6,Shirt,PCA
-0.01751801,-0.4497179,1,Trouser,PCA
1.6686643,-0.74309397,3,Dress,PCA
-1.2343445,0.64175564,0,T-shirt/top,PCA
-1.5191561,0.26270837,9,Ankle boot,PCA
-2.1320758,-0.25098366,3,Dress,PCA
-0.9353807,-0.30715182,0,T-shirt/top,PCA
1.2446208,0.8832294,9,Ankle boot,PCA
-0.3832782,0.6520521,7,Sneaker,PCA
0.54054916,1.5987953,2,Pullover,PCA
0.26200804,-2.0300508,0,T-shirt/top,PCA
-1.8143418,1.0664133,4,Coat,PCA
-1.1951667,-0.015604204,4,Coat,PCA
-0.74506766,-1.3009,2,Pullover,PCA
1.6719503,0.30906135,4,Coat,PCA
0.43386143,0.7201514,2,Pullover,PCA
1.2949463,0.604278,7,Sneaker,PCA
-3.4202824,1.4515781,8,Bag,PCA
-1.0697464,-0.73358667,4,Coat,PCA
-0.47967607,-1.5888096,2,Pullover,PCA
0.28235072,-2.2051458,5,Sandal,PCA
-1.4350834,-0.9441769,9,Ankle boot,PCA
0.68847305,0.72216874,1,Trouser,PCA
0.075075336,0.795833,7,Sneaker,PCA
-0.97135085,-0.52467996,4,Coat,PCA
0.3131151,-0.11239647,2,Pullover,PCA
0.58154994,-0.8987279,6,Shirt,PCA
-1.2074813,-0.30878735,3,Dress,PCA
-1.6475179,1.4621114,0,T-shirt/top,PCA
-0.75719625,0.22209227,3,Dress,PCA
0.56613195,1.8538594,1,Trouser,PCA
0.30273324,0.6530173,4,Coat,PCA
-1.0986685,1.385414,5,Sandal,PCA
-0.32123247,-0.5051275,0,T-shirt/top,PCA
0.04179666,1.3037195,0,T-shirt/top,PCA
0.5345596,0.63093877,4,Coat,PCA
0.4371818,-0.1347469,4,Coat,PCA
0.29342926,-1.1250972,2,Pullover,PCA
-0.77405244,-0.81472903,2,Pullover,PCA
1.1452425,1.1175187,2,Pullover,PCA
1.1215059,-1.4470304,0,T-shirt/top,PCA
0.073273905,-0.8528496,2,Pullover,PCA
-0.37871537,-0.8415908,2,Pullover,PCA
2.6971576,-1.0982288,5,Sandal,PCA
-1.5261621,-0.9941054,0,T-shirt/top,PCA
-1.1655205,-0.59695137,0,T-shirt/top,PCA
0.35331145,-1.0651256,0,T-shirt/top,PCA
0.18214077,0.48523006,9,Ankle boot,PCA
-0.9029534,0.91940075,0,T-shirt/top,PCA
0.49538612,0.9625174,3,Dress,PCA
0.74724853,-0.48487517,1,Trouser,PCA
0.89229584,-1.1590884,7,Sneaker,PCA
1.3947443,1.2287769,9,Ankle boot,PCA
-0.44855577,-1.0330054,6,Shirt,PCA
-1.6171178,-2.4247835,6,Shirt,PCA
-0.64758974,-0.79234403,9,Ankle boot,PCA
1.3643397,-0.6155262,7,Sneaker,PCA
0.9584969,1.2205986,3,Dress,PCA
-0.064205825,2.1945422,4,Coat,PCA
1.7590551,-0.8052576,8,Bag,PCA
-1.0600995,0.40735668,2,Pullover,PCA
-1.0008277,1.3651953,3,Dress,PCA
1.0084456,0.0069262125,7,Sneaker,PCA
-0.8772626,0.32451153,3,Dress,PCA
-0.365857,-1.4534277,3,Dress,PCA
-0.33963895,0.7737192,5,Sandal,PCA
-0.1889824,-0.48708555,0,T-shirt/top,PCA
-0.35740748,1.5155627,2,Pullover,PCA
-0.66151834,0.691527,9,Ankle boot,PCA
-0.1968268,0.08954583,0,T-shirt/top,PCA
-0.6812549,-0.22869404,3,Dress,PCA
1.3056822,1.2605393,9,Ankle boot,PCA
1.2917191,0.39904818,9,Ankle boot,PCA
0.45925698,-1.5577425,0,T-shirt/top,PCA
1.9375772,0.13217583,5,Sandal,PCA
0.7613119,-0.37435183,5,Sandal,PCA
0.97691584,1.2943422,7,Sneaker,PCA
-2.3379674,-1.4950906,0,T-shirt/top,PCA
0.47698078,1.0015574,5,Sandal,PCA
1.3542283,-0.9533785,2,Pullover,PCA
0.7049349,0.12597589,6,Shirt,PCA
-0.2371926,-1.7241158,1,Trouser,PCA
0.48537162,-0.6117426,6,Shirt,PCA
-0.7573768,-0.34061027,4,Coat,PCA
-1.0057484,0.7273153,0,T-shirt/top,PCA
1.3222791,1.6757118,2,Pullover,PCA
-0.597597,0.5421105,5,Sandal,PCA
2.172513,0.5007548,7,Sneaker,PCA
-0.4333493,0.02284749,0,T-shirt/top,PCA
-2.1863146,-0.5903657,2,Pullover,PCA
0.20758173,0.1816522,2,Pullover,PCA
0.32689214,-1.6837276,3,Dress,PCA
0.9722902,0.60887265,5,Sandal,PCA
0.44851163,1.0935749,9,Ankle boot,PCA
1.7221211,-0.7543333,5,Sandal,PCA
-1.7548535,-1.4210767,8,Bag,PCA
-0.121773735,2.7089257,4,Coat,PCA
-0.06280571,0.5768734,4,Coat,PCA
0.36989614,-0.5491932,9,Ankle boot,PCA
-0.37755403,0.7401317,9,Ankle boot,PCA
-0.7739091,-1.1327386,3,Dress,PCA
0.67053246,-0.8344669,6,Shirt,PCA
-2.6047862,-0.34286633,9,Ankle boot,PCA
-0.7465085,0.25211293,9,Ankle boot,PCA
-1.6184546,-0.07222674,9,Ankle boot,PCA
1.458651,1.5812799,8,Bag,PCA
0.612087,0.72508967,6,Shirt,PCA
0.119066894,0.70330054,9,Ankle boot,PCA
-0.16392496,-0.36486164,6,Shirt,PCA
0.2035985,0.9260848,1,Trouser,PCA
0.51688135,0.77219635,5,Sandal,PCA
-1.8113284,-0.18250427,5,Sandal,PCA
0.19140491,-0.6230738,5,Sandal,PCA
-0.87385935,0.9510511,3,Dress,PCA
0.61457443,1.2070714,1,Trouser,PCA
1.9475372,0.51642495,1,Trouser,PCA
-0.48930568,1.2324914,9,Ankle boot,PCA
-0.5055128,-0.091981806,7,Sneaker,PCA
1.0802019,-1.7884071,2,Pullover,PCA
0.15979995,-0.6531031,1,Trouser,PCA
-0.3184769,1.4999125,9,Ankle boot,PCA
0.36897698,0.09706966,3,Dress,PCA
-0.7655751,0.6094942,9,Ankle boot,PCA
-0.35173693,1.7687471,7,Sneaker,PCA
0.13512027,-0.6223201,2,Pullover,PCA
-0.49153203,0.10309353,0,T-shirt/top,PCA
0.16772896,0.20671548,3,Dress,PCA
2.2229936,-0.054841414,4,Coat,PCA
0.46373552,0.88472337,5,Sandal,PCA
-0.57959205,-1.2859461,3,Dress,PCA
-0.90970504,-0.029196844,8,Bag,PCA
-2.716246,-0.27769887,8,Bag,PCA
-1.5650878,0.3220886,7,Sneaker,PCA
-1.7825997,-0.3551749,4,Coat,PCA
-0.78047264,-0.28855056,9,Ankle boot,PCA
0.41506347,0.5932704,6,Shirt,PCA
0.47168082,1.017532,5,Sandal,PCA
-0.84483814,0.025652764,0,T-shirt/top,PCA
-0.12832081,-0.011997424,5,Sandal,PCA
0.13036323,0.7785936,7,Sneaker,PCA
0.6104644,0.91220146,2,Pullover,PCA
2.5442023,-1.092835,2,Pullover,PCA
-0.4482788,-0.92051584,6,Shirt,PCA
-0.050694373,0.5798536,7,Sneaker,PCA
0.75790656,0.22935498,2,Pullover,PCA
0.26167074,-1.2062442,1,Trouser,PCA
-2.4645681,-1.3580433,9,Ankle boot,PCA
1.2764415,-1.7423111,0,T-shirt/top,PCA
0.9456989,-1.8791057,6,Shirt,PCA
0.73750144,0.6280916,0,T-shirt/top,PCA
1.0464078,0.52489614,7,Sneaker,PCA
0.5956217,-0.30984235,7,Sneaker,PCA
0.45057327,0.30527344,0,T-shirt/top,PCA
-0.10950227,0.010246355,4,Coat,PCA
0.41994563,-1.3062154,3,Dress,PCA
0.45055538,-1.748909,3,Dress,PCA
-0.13205136,-1.2440721,0,T-shirt/top,PCA
-0.06763418,0.15457812,6,Shirt,PCA
-0.7031297,-2.122256,6,Shirt,PCA
0.27033377,-0.6558283,0,T-shirt/top,PCA
-1.1222832,0.96773595,7,Sneaker,PCA
0.32028896,-1.1230808,3,Dress,PCA
1.8581443,-0.5754922,7,Sneaker,PCA
1.5800152,-0.08940499,5,Sandal,PCA
0.6645017,-0.20271985,0,T-shirt/top,PCA
-2.0770245,2.4006262,4,Coat,PCA
0.50778544,0.4287393,9,Ankle boot,PCA
1.4468749,-0.41797587,3,Dress,PCA
-1.5489193,-0.0130355405,5,Sandal,PCA
-1.3843895,0.886334,7,Sneaker,PCA
-1.0686685,-0.41666818,2,Pullover,PCA
-0.44249734,0.70888805,7,Sneaker,PCA
1.6833082,-1.7614685,1,Trouser,PCA
-0.8107909,-0.42024964,0,T-shirt/top,PCA
0.8994704,0.56313074,3,Dress,PCA
-1.1497931,1.0071043,5,Sandal,PCA
-0.22646126,0.8172001,9,Ankle boot,PCA
-0.32553172,-1.3362472,2,Pullover,PCA
0.99558103,1.3273736,0,T-shirt/top,PCA
1.0306292,-1.3431914,2,Pullover,PCA
-0.9895378,0.084110446,7,Sneaker,PCA
0.388439,0.9379639,0,T-shirt/top,PCA
-1.3105773,-0.71077573,6,Shirt,PCA
0.568342,-0.67861634,2,Pullover,PCA
-1.7231542,-0.41340676,0,T-shirt/top,PCA
1.5840267,-0.46371868,5,Sandal,PCA
1.0595977,0.4713971,1,Trouser,PCA
-0.0062409155,0.9646394,4,Coat,PCA
2.5090563,-0.04882525,5,Sandal,PCA
0.42344415,0.28841466,1,Trouser,PCA
0.86281043,0.5467898,9,Ankle boot,PCA
1.7390591,1.2716826,1,Trouser,PCA
0.4284384,2.2365134,4,Coat,PCA
-1.1696693,-0.5423576,5,Sandal,PCA
-0.5526005,0.7491038,7,Sneaker,PCA
0.29179946,-0.71116304,5,Sandal,PCA
2.3435981,2.2547536,0,T-shirt/top,PCA
0.42519048,0.74874306,4,Coat,PCA
0.15359347,0.60375494,7,Sneaker,PCA
-0.46631086,1.3878474,2,Pullover,PCA
0.8593982,0.43035004,5,Sandal,PCA
-0.42089218,0.39889413,9,Ankle boot,PCA
