component_1,component_2,label,class_name,method
9.1531,2.6314483,0,T-shirt/top,UMAP
9.686399,8.27737,6,Shirt,UMAP
-0.36269483,6.0934334,5,Sandal,UMAP
-0.81536806,7.8928375,7,Sneaker,UMAP
0.3343564,8.938125,7,Sneaker,UMAP
11.573868,6.6327667,8,Bag,UMAP
0.19082117,8.948262,9,Ankle boot,UMAP
7.8612037,6.3205967,6,Shirt,UMAP
9.654813,8.353128,2,Pullover,UMAP
9.576002,9.751837,2,Pullover,UMAP
9.651056,5.35674,3,Dress,UMAP
9.717239,9.154294,4,Coat,UMAP
-0.15608107,8.044094,9,Ankle boot,UMAP
11.5462475,1.348539,1,Trouser,UMAP
-0.9309255,7.6747236,7,Sneaker,UMAP
10.417345,8.767406,2,Pullover,UMAP
7.869394,2.7739692,0,T-shirt/top,UMAP
9.461024,7.6366777,4,Coat,UMAP
10.529282,3.0081768,3,Dress,UMAP
2.0885708,10.499247,9,Ankle boot,UMAP
9.381929,2.7789447,0,T-shirt/top,UMAP
0.8805827,8.431014,9,Ankle boot,UMAP
9.477114,2.6536775,6,Shirt,UMAP
10.505807,6.9758434,4,Coat,UMAP
0.11707931,8.757658,9,Ankle boot,UMAP
-0.5764309,8.673078,7,Sneaker,UMAP
0.80347955,8.641819,9,Ankle boot,UMAP
8.27821,7.550575,0,T-shirt/top,UMAP
8.26543,5.7558165,6,Shirt,UMAP
9.913121,8.490787,2,Pullover,UMAP
8.221156,1.9681277,0,T-shirt/top,UMAP
-1.573824,7.171882,7,Sneaker,UMAP
-0.13808617,9.161722,7,Sneaker,UMAP
8.371097,3.0138915,0,T-shirt/top,UMAP
0.26077622,7.4958377,5,Sandal,UMAP
9.007837,8.198086,4,Coat,UMAP
10.6406975,8.347012,6,Shirt,UMAP
-0.904536,7.2336674,7,Sneaker,UMAP
-0.52181023,6.7619553,5,Sandal,UMAP
-0.71499854,6.3500123,7,Sneaker,UMAP
-1.0977685,6.963774,7,Sneaker,UMAP
12.390567,3.23316,3,Dress,UMAP
8.244609,7.463519,4,Coat,UMAP
12.055633,3.870216,3,Dress,UMAP
12.242273,2.333818,1,Trouser,UMAP
7.8249073,7.6940312,2,Pullover,UMAP
-0.36030027,6.007719,5,Sandal,UMAP
11.342963,6.345555,8,Bag,UMAP
10.550184,8.516602,2,Pullover,UMAP
7.60214,2.8871074,6,Shirt,UMAP
-0.9976149,7.672661,7,Sneaker,UMAP
2.008065,9.362457,9,Ankle boot,UMAP
-1.0891753,7.7557015,7,Sneaker,UMAP
2.22287,7.37303,8,Bag,UMAP
6.241785,7.4147124,8,Bag,UMAP
8.085229,2.3157587,6,Shirt,UMAP
9.460465,6.155248,4,Coat,UMAP
10.889107,3.6717103,1,Trouser,UMAP
8.951404,7.3872337,6,Shirt,UMAP
7.763508,3.3961942,6,Shirt,UMAP
12.28231,3.7926192,1,Trouser,UMAP
10.036376,8.783134,6,Shirt,UMAP
-1.4682444,7.4121866,7,Sneaker,UMAP
10.147644,3.2475903,3,Dress,UMAP
7.554625,7.235386,2,Pullover,UMAP
1.2985823,10.034225,9,Ankle boot,UMAP
12.280088,2.2371943,1,Trouser,UMAP
2.3672354,9.415365,5,Sandal,UMAP
6.215684,7.3624024,8,Bag,UMAP
10.965595,3.5595317,1,Trouser,UMAP
9.795897,3.0859065,6,Shirt,UMAP
10.154978,6.167348,4,Coat,UMAP
1.0615178,8.302232,5,Sandal,UMAP
9.553483,4.512574,3,Dress,UMAP
10.578081,8.395868,2,Pullover,UMAP
10.008998,7.427005,4,Coat,UMAP
6.4751897,7.421281,8,Bag,UMAP
7.9672365,3.6116192,0,T-shirt/top,UMAP
12.138147,2.498427,1,Trouser,UMAP
12.575381,3.593346,3,Dress,UMAP
1.9956527,6.767799,8,Bag,UMAP
8.257385,2.5772872,0,T-shirt/top,UMAP
8.982525,5.8624177,3,Dress,UMAP
8.558134,3.5937397,0,T-shirt/top,UMAP
11.903365,2.5572047,1,Trouser,UMAP
10.633617,3.4853904,0,T-shirt/top,UMAP
9.346302,8.065374,2,Pullover,UMAP
8.782859,7.453544,6,Shirt,UMAP
0.053063653,7.736691,8,Bag,UMAP
2.2766142,6.605218,8,Bag,UMAP
-1.539834,5.381386,5,Sandal,UMAP
8.512696,8.625299,4,Coat,UMAP
-1.7224954,6.547544,7,Sneaker,UMAP
2.0219572,9.433767,9,Ankle boot,UMAP
-0.4942576,7.7444115,8,Bag,UMAP
9.612508,8.8128805,4,Coat,UMAP
0.6411029,8.930834,9,Ankle boot,UMAP
10.088384,7.3163095,6,Shirt,UMAP
10.80569,3.1903813,3,Dress,UMAP
-0.9850151,7.834744,7,Sneaker,UMAP
1.9186018,6.606702,8,Bag,UMAP
1.790333,6.52427,8,Bag,UMAP
10.856039,4.5003066,8,Bag,UMAP
0.5487486,8.845434,5,Sandal,UMAP
12.493644,2.7301502,1,Trouser,UMAP
12.248834,2.6615791,1,Trouser,UMAP
11.631651,3.857308,0,T-shirt/top,UMAP
11.604304,2.7778442,3,Dress,UMAP
-1.0274597,7.7108903,7,Sneaker,UMAP
7.8008046,6.1958847,6,Shirt,UMAP
11.5172205,3.6602712,3,Dress,UMAP
1.9736713,8.706273,9,Ankle boot,UMAP
11.414812,6.64847,8,Bag,UMAP
8.815016,8.901181,4,Coat,UMAP
9.0836,7.6698008,6,Shirt,UMAP
2.7583747,9.284752,5,Sandal,UMAP
9.758158,8.712822,2,Pullover,UMAP
6.3596888,7.4093094,8,Bag,UMAP
-1.071284,6.151168,7,Sneaker,UMAP
8.400291,3.634061,3,Dress,UMAP
10.075798,9.033087,2,Pullover,UMAP
-1.5410942,7.1405,7,Sneaker,UMAP
8.271491,1.919102,0,T-shirt/top,UMAP
9.262411,9.831986,2,Pullover,UMAP
-0.7050864,8.697908,7,Sneaker,UMAP
8.847895,9.155154,4,Coat,UMAP
8.977349,3.4995632,0,T-shirt/top,UMAP
2.5236027,9.456943,5,Sandal,UMAP
6.326441,7.2809806,8,Bag,UMAP
13.139214,1.2233806,1,Trouser,UMAP
-0.16109638,7.022555,5,Sandal,UMAP
8.110285,2.6263373,0,T-shirt/top,UMAP
9.427627,4.5310855,3,Dress,UMAP
-0.24220678,7.8312488,9,Ankle boot,UMAP
6.1018353,7.6220636,8,Bag,UMAP
8.351907,2.2269523,0,T-shirt/top,UMAP
-1.7933004,6.3538933,7,Sneaker,UMAP
8.129017,7.6778893,6,Shirt,UMAP
9.165947,8.134839,3,Dress,UMAP
11.780962,1.9894438,1,Trouser,UMAP
10.756506,8.189827,2,Pullover,UMAP
10.800734,7.2754292,4,Coat,UMAP
9.168834,2.3471322,0,T-shirt/top,UMAP
1.808325,7.1844244,8,Bag,UMAP
8.200578,2.525908,0,T-shirt/top,UMAP
7.982906,1.9825225,0,T-shirt/top,UMAP
1.4610174,6.6940994,8,Bag,UMAP
6.1127687,7.0780315,8,Bag,UMAP
1.9379013,9.408952,9,Ankle boot,UMAP
1.8682376,9.39857,9,Ankle boot,UMAP
9.025611,5.9230905,4,Coat,UMAP
8.05952,2.1352737,0,T-shirt/top,UMAP
12.612922,2.7349336,3,Dress,UMAP
11.336188,6.322591,8,Bag,UMAP
9.074377,3.2730591,3,Dress,UMAP
-1.4288733,6.1471124,7,Sneaker,UMAP
9.9281225,5.890928,4,Coat,UMAP
8.64166,8.089898,6,Shirt,UMAP
2.9933665,9.520437,5,Sandal,UMAP
8.867364,9.082899,4,Coat,UMAP
11.447999,4.265838,6,Shirt,UMAP
8.93568,9.139337,6,Shirt,UMAP
12.106276,1.7014185,1,Trouser,UMAP
0.84378076,9.435441,9,Ankle boot,UMAP
9.648812,8.131077,6,Shirt,UMAP
9.363488,5.571228,3,Dress,UMAP
8.383741,7.960583,2,Pullover,UMAP
9.72553,5.4370165,3,Dress,UMAP
8.994696,6.0612726,4,Coat,UMAP
3.028879,9.793441,5,Sandal,UMAP
12.216668,2.587079,1,Trouser,UMAP
8.494133,7.2644825,2,Pullover,UMAP
6.339584,7.390543,8,Bag,UMAP
12.074879,2.7606308,1,Trouser,UMAP
9.790629,5.3926306,4,Coat,UMAP
0.919934,8.499335,9,Ankle boot,UMAP
2.040849,8.631196,5,Sandal,UMAP
9.433383,7.5217743,6,Shirt,UMAP
9.721482,8.880306,4,Coat,UMAP
8.109143,2.5554912,0,T-shirt/top,UMAP
11.725666,3.7316775,3,Dress,UMAP
1.4732139,10.330974,9,Ankle boot,UMAP
12.691049,1.5161011,1,Trouser,UMAP
9.00693,2.2338681,0,T-shirt/top,UMAP
0.9381029,8.753626,9,Ankle boot,UMAP
9.431643,6.3002844,2,Pullover,UMAP
-1.548441,5.4716406,5,Sandal,UMAP
9.001057,7.3437543,6,Shirt,UMAP
1.6694111,8.471172,5,Sandal,UMAP
9.407269,6.834604,8,Bag,UMAP
7.861191,2.685281,0,T-shirt/top,UMAP
9.666536,9.488205,4,Coat,UMAP
9.775829,5.399951,3,Dress,UMAP
6.2339215,7.15329,8,Bag,UMAP
9.903917,4.799507,4,Coat,UMAP
8.378623,3.7743442,0,T-shirt/top,UMAP
10.658794,6.652922,8,Bag,UMAP
-0.6975987,6.576439,7,Sneaker,UMAP
8.573681,3.6116567,0,T-shirt/top,UMAP
10.812082,3.7971618,1,Trouser,UMAP
9.923677,4.354947,0,T-shirt/top,UMAP
10.360306,8.613049,4,Coat,UMAP
9.986756,7.862774,2,Pullover,UMAP
7.6330376,2.5309203,0,T-shirt/top,UMAP
0.25731075,7.255959,5,Sandal,UMAP
6.3137994,7.395238,8,Bag,UMAP
8.302709,7.186328,2,Pullover,UMAP
8.360121,2.536225,3,Dress,UMAP
8.62055,6.915579,3,Dress,UMAP
-0.4184834,5.831843,5,Sandal,UMAP
12.861956,1.3303298,1,Trouser,UMAP
-1.2641578,7.221229,7,Sneaker,UMAP
2.1252868,10.480503,9,Ankle boot,UMAP
12.427759,3.3182824,3,Dress,UMAP
8.1227045,2.9646714,0,T-shirt/top,UMAP
2.1049562,10.4457035,9,Ankle boot,UMAP
3.0306282,9.572979,5,Sandal,UMAP
7.769429,2.5975966,0,T-shirt/top,UMAP
10.673072,3.1180317,3,Dress,UMAP
0.78107893,8.818484,9,Ankle boot,UMAP
9.536921,7.9594016,4,Coat,UMAP
1.3449938,9.341912,9,Ankle boot,UMAP
7.5878386,3.3253663,0,T-shirt/top,UMAP
8.76761,7.1306024,6,Shirt,UMAP
8.214559,3.9483838,0,T-shirt/top,UMAP
10.8351555,3.7535686,3,Dress,UMAP
1.6544583,6.785864,8,Bag,UMAP
11.050831,2.6388865,0,T-shirt/top,UMAP
11.207783,2.4330757,0,T-shirt/top,UMAP
2.2597847,9.137448,5,Sandal,UMAP
8.043104,3.038383,3,Dress,UMAP
12.3454075,2.2821782,1,Trouser,UMAP
9.640357,6.2560315,6,Shirt,UMAP
8.0374,2.3986206,0,T-shirt/top,UMAP
9.714686,9.282301,2,Pullover,UMAP
9.659208,5.641893,3,Dress,UMAP
12.661008,1.4092258,1,Trouser,UMAP
11.7833,3.9455514,3,Dress,UMAP
0.9959633,9.726992,9,Ankle boot,UMAP
3.0343711,9.549708,5,Sandal,UMAP
-0.91998255,7.540592,8,Bag,UMAP
12.582791,1.5509933,1,Trouser,UMAP
11.06123,3.9426885,1,Trouser,UMAP
9.691746,9.413222,4,Coat,UMAP
-0.4809043,9.0326605,7,Sneaker,UMAP
2.4244447,6.6026225,6,Shirt,UMAP
9.021106,5.951314,3,Dress,UMAP
8.318936,3.085666,0,T-shirt/top,UMAP
5.9048734,7.7307878,8,Bag,UMAP
8.8313465,5.7404165,6,Shirt,UMAP
11.145467,3.8734043,3,Dress,UMAP
10.598242,3.7870023,6,Shirt,UMAP
8.968786,6.439037,4,Coat,UMAP
10.049049,8.46303,4,Coat,UMAP
10.250265,7.9462366,4,Coat,UMAP
10.782467,8.133982,4,Coat,UMAP
8.463419,8.572071,2,Pullover,UMAP
12.092122,2.89898,3,Dress,UMAP
8.883045,7.515336,4,Coat,UMAP
1.9356977,10.45167,9,Ankle boot,UMAP
6.31712,7.260813,8,Bag,UMAP
9.159086,7.0073004,6,Shirt,UMAP
8.230786,6.1840925,0,T-shirt/top,UMAP
-0.62927043,9.025986,7,Sneaker,UMAP
0.37676352,9.049944,9,Ankle boot,UMAP
-0.116992846,6.3896365,5,Sandal,UMAP
10.18806,8.690887,4,Coat,UMAP
8.469706,2.0819674,0,T-shirt/top,UMAP
7.975214,7.416858,2,Pullover,UMAP
11.111068,3.2818313,1,Trouser,UMAP
11.253366,6.503447,8,Bag,UMAP
1.8681716,6.6363397,8,Bag,UMAP
1.8595195,6.63128,8,Bag,UMAP
8.143855,2.111653,0,T-shirt/top,UMAP
2.7928007,8.884275,5,Sandal,UMAP
9.694886,9.632044,2,Pullover,UMAP
2.1101475,6.6637816,8,Bag,UMAP
10.015178,9.470286,6,Shirt,UMAP
-0.4039112,8.741937,7,Sneaker,UMAP
6.186009,7.209829,8,Bag,UMAP
11.535207,2.1271644,3,Dress,UMAP
0.69912463,8.921548,9,Ankle boot,UMAP
11.186366,4.1122527,6,Shirt,UMAP
12.559117,2.4130137,1,Trouser,UMAP
12.707555,1.4786133,1,Trouser,UMAP
10.265324,3.390844,3,Dress,UMAP
12.883695,1.8241768,1,Trouser,UMAP
10.515542,8.501461,6,Shirt,UMAP
9.997273,9.4960575,6,Shirt,UMAP
8.096342,7.2628603,2,Pullover,UMAP
8.579878,6.709929,2,Pullover,UMAP
6.311489,7.4400935,8,Bag,UMAP
9.004132,7.4957294,6,Shirt,UMAP
10.158289,6.405081,0,T-shirt/top,UMAP
11.933671,3.8852851,3,Dress,UMAP
11.445692,4.0270095,3,Dress,UMAP
8.317902,8.317726,2,Pullover,UMAP
11.035058,3.9046428,3,Dress,UMAP
0.777799,9.371469,9,Ankle boot,UMAP
10.059111,6.437919,4,Coat,UMAP
8.311707,1.8845062,0,T-shirt/top,UMAP
8.675685,2.336504,6,Shirt,UMAP
-0.9865322,6.179766,5,Sandal,UMAP
8.356577,1.8654603,0,T-shirt/top,UMAP
9.695541,6.3434277,4,Coat,UMAP
8.465203,7.7323437,4,Coat,UMAP
-1.4523097,6.121988,7,Sneaker,UMAP
1.277616,9.188712,9,Ankle boot,UMAP
9.011756,6.480357,2,Pullover,UMAP
-1.2817367,6.9526677,7,Sneaker,UMAP
6.101534,7.406269,8,Bag,UMAP
-0.12628731,8.576037,7,Sneaker,UMAP
12.391219,2.205343,1,Trouser,UMAP
9.68514,9.684356,4,Coat,UMAP
10.657774,8.32262,6,Shirt,UMAP
-0.1490681,6.2887053,5,Sandal,UMAP
12.272037,1.803643,1,Trouser,UMAP
-0.004825271,8.453632,9,Ankle boot,UMAP
0.09322988,7.204249,5,Sandal,UMAP
9.156203,8.109336,6,Shirt,UMAP
8.231643,3.1075861,0,T-shirt/top,UMAP
9.803918,9.810395,2,Pullover,UMAP
10.879539,3.7008564,0,T-shirt/top,UMAP
-0.5860385,6.3367968,8,Bag,UMAP
9.398787,8.97941,4,Coat,UMAP
-0.95114654,7.6817546,7,Sneaker,UMAP
8.173983,2.2939997,0,T-shirt/top,UMAP
8.228957,2.2057045,0,T-shirt/top,UMAP
7.8012385,3.619824,6,Shirt,UMAP
9.734583,6.5079875,2,Pullover,UMAP
10.468968,8.606607,4,Coat,UMAP
11.969712,3.931108,3,Dress,UMAP
-0.9408684,7.708301,7,Sneaker,UMAP
12.023853,2.8888,3,Dress,UMAP
10.714161,8.338035,4,Coat,UMAP
9.754309,9.1468525,2,Pullover,UMAP
12.267714,3.38923,3,Dress,UMAP
-1.1778609,7.206611,7,Sneaker,UMAP
9.617105,9.459284,4,Coat,UMAP
2.7464814,9.398563,5,Sandal,UMAP
-0.98274934,7.3076615,7,Sneaker,UMAP
1.9787759,8.807774,5,Sandal,UMAP
7.6105843,2.8877363,0,T-shirt/top,UMAP
0.33835548,8.636891,5,Sandal,UMAP
9.574503,8.074587,6,Shirt,UMAP
-1.7919865,6.197695,7,Sneaker,UMAP
11.597131,1.5159452,1,Trouser,UMAP
6.251267,7.2544165,8,Bag,UMAP
0.48462486,8.652416,9,Ankle boot,UMAP
12.967698,1.4048778,1,Trouser,UMAP
8.65037,2.2820997,0,T-shirt/top,UMAP
11.519415,1.3250718,1,Trouser,UMAP
-1.3334817,7.5438848,7,Sneaker,UMAP
10.049222,5.1387877,8,Bag,UMAP
1.0501772,8.779231,9,Ankle boot,UMAP
9.094115,8.086706,6,Shirt,UMAP
1.3393695,9.18181,9,Ankle boot,UMAP
8.903288,2.9950984,3,Dress,UMAP
8.369979,2.010678,0,T-shirt/top,UMAP
9.458133,7.4206314,6,Shirt,UMAP
10.620593,7.3659945,4,Coat,UMAP
10.332516,9.099748,2,Pullover,UMAP
-0.52003145,6.568425,7,Sneaker,UMAP
-1.186308,6.8165574,7,Sneaker,UMAP
9.597799,9.584269,4,Coat,UMAP
-1.7178588,5.4037213,5,Sandal,UMAP
10.750162,6.874566,2,Pullover,UMAP
9.364831,8.742013,4,Coat,UMAP
9.433208,9.883987,4,Coat,UMAP
10.436203,4.2694006,6,Shirt,UMAP
-1.3933784,7.014206,7,Sneaker,UMAP
12.194497,2.584954,1,Trouser,UMAP
1.1468467,9.769733,9,Ankle boot,UMAP
7.9015346,6.274914,6,Shirt,UMAP
8.368877,7.0375915,6,Shirt,UMAP
-1.5373021,5.484916,5,Sandal,UMAP
7.984235,2.4076736,0,T-shirt/top,UMAP
8.529416,3.3344874,3,Dress,UMAP
13.151559,1.1611836,1,Trouser,UMAP
10.690205,3.7894142,0,T-shirt/top,UMAP
0.47086677,8.822413,9,Ankle boot,UMAP
7.8207846,2.4629986,0,T-shirt/top,UMAP
11.90135,3.2291138,3,Dress,UMAP
8.501796,8.324669,2,Pullover,UMAP
7.860711,7.6787033,2,Pullover,UMAP
8.620506,6.8385735,2,Pullover,UMAP
2.0572324,10.507901,9,Ankle boot,UMAP
7.9105086,7.423302,2,Pullover,UMAP
9.321447,5.6585417,4,Coat,UMAP
10.434335,8.221399,4,Coat,UMAP
0.6506941,9.162143,9,Ankle boot,UMAP
3.0987768,7.0141654,8,Bag,UMAP
8.773905,5.0965466,6,Shirt,UMAP
-1.2193073,7.755031,7,Sneaker,UMAP
11.408079,3.8590178,3,Dress,UMAP
12.825708,1.9835786,1,Trouser,UMAP
12.653924,2.3449354,1,Trouser,UMAP
10.098563,3.9172773,6,Shirt,UMAP
12.103749,3.9310844,3,Dress,UMAP
-1.687797,6.2211237,7,Sneaker,UMAP
9.761778,5.6429505,4,Coat,UMAP
10.128466,4.736303,4,Coat,UMAP
10.816587,7.039796,2,Pullover,UMAP
-1.5866805,7.0018086,7,Sneaker,UMAP
11.739844,4.332183,3,Dress,UMAP
1.9970908,10.451266,9,Ankle boot,UMAP
-0.33173072,5.9979687,5,Sandal,UMAP
-0.26235983,6.25196,5,Sandal,UMAP
1.438055,8.576762,9,Ankle boot,UMAP
10.59396,8.331041,6,Shirt,UMAP
0.19565459,8.710259,9,Ankle boot,UMAP
9.279861,8.858953,2,Pullover,UMAP
9.618374,2.5782115,3,Dress,UMAP
8.123932,7.50012,2,Pullover,UMAP
8.012905,7.279716,2,Pullover,UMAP
2.2565765,6.9406176,8,Bag,UMAP
8.87251,9.580795,6,Shirt,UMAP
9.983593,7.8499265,4,Coat,UMAP
-0.613902,6.642494,7,Sneaker,UMAP
1.0243074,9.56898,9,Ankle boot,UMAP
2.3252587,6.939527,8,Bag,UMAP
8.539391,6.189312,6,Shirt,UMAP
-1.7552205,6.907664,7,Sneaker,UMAP
-0.30399364,7.40644,5,Sandal,UMAP
0.7496419,8.894734,9,Ankle boot,UMAP
7.758673,7.3768077,2,Pullover,UMAP
2.4853432,6.909761,8,Bag,UMAP
12.785631,2.2936435,1,Trouser,UMAP
0.88491523,9.335352,9,Ankle boot,UMAP
9.465939,5.1153855,4,Coat,UMAP
1.6186776,10.492038,9,Ankle boot,UMAP
2.6559858,9.564178,9,Ankle boot,UMAP
9.144222,7.577047,6,Shirt,UMAP
7.947949,3.4410057,0,T-shirt/top,UMAP
-0.4542081,6.55121,5,Sandal,UMAP
8.090927,2.3285086,0,T-shirt/top,UMAP
11.484732,6.3888774,8,Bag,UMAP
8.188415,6.7418933,6,Shirt,UMAP
1.9730774,6.578369,8,Bag,UMAP
12.084682,1.2971139,1,Trouser,UMAP
10.003249,7.1539702,4,Coat,UMAP
10.728745,7.3065615,4,Coat,UMAP
-1.7628992,6.3767734,7,Sneaker,UMAP
9.673728,5.9273553,3,Dress,UMAP
9.691628,5.396502,3,Dress,UMAP
7.5399046,6.8006544,2,Pullover,UMAP
10.74847,3.8154254,3,Dress,UMAP
12.454122,2.5250905,1,Trouser,UMAP
8.118495,3.6759348,0,T-shirt/top,UMAP
9.653427,5.601089,4,Coat,UMAP
9.899013,4.013827,4,Coat,UMAP
2.087009,10.549633,9,Ankle boot,UMAP
7.583952,6.290877,6,Shirt,UMAP
7.769908,2.4109528,0,T-shirt/top,UMAP
0.8964148,9.531818,9,Ankle boot,UMAP
6.3713393,7.351378,8,Bag,UMAP
9.195447,6.83789,8,Bag,UMAP
9.5831585,5.9848895,3,Dress,UMAP
0.12119231,8.382402,9,Ankle boot,UMAP
-0.3319185,9.21604,7,Sneaker,UMAP
9.384879,2.5509706,0,T-shirt/top,UMAP
11.696844,1.9615136,1,Trouser,UMAP
9.166409,7.234085,2,Pullover,UMAP
11.784173,3.2740905,3,Dress,UMAP
10.795922,3.2244463,3,Dress,UMAP
11.624295,3.8502336,3,Dress,UMAP
-1.292494,6.9038253,5,Sandal,UMAP
8.838585,7.37987,6,Shirt,UMAP
7.882121,3.068034,6,Shirt,UMAP
13.106833,1.2187017,1,Trouser,UMAP
10.295313,3.4675417,6,Shirt,UMAP
12.631369,2.6763308,3,Dress,UMAP
11.769851,4.2681994,3,Dress,UMAP
2.9824615,9.707684,5,Sandal,UMAP
10.553089,6.4034667,8,Bag,UMAP
7.0128136,7.440026,4,Coat,UMAP
9.431498,6.488963,8,Bag,UMAP
-1.845141,6.8666363,7,Sneaker,UMAP
9.272816,2.4136639,6,Shirt,UMAP
-0.6410243,7.246741,7,Sneaker,UMAP
9.537592,7.0957675,2,Pullover,UMAP
11.501976,1.304425,1,Trouser,UMAP
11.530943,1.5587223,1,Trouser,UMAP
12.381656,3.657495,3,Dress,UMAP
8.079434,7.516203,8,Bag,UMAP
9.748302,8.15539,6,Shirt,UMAP
8.916373,3.1814768,0,T-shirt/top,UMAP
0.93763703,8.408333,9,Ankle boot,UMAP
-1.0543205,7.5470085,7,Sneaker,UMAP
2.2435129,10.399403,5,Sandal,UMAP
1.9580723,8.41587,8,Bag,UMAP
8.051403,7.9284554,2,Pullover,UMAP
12.119724,3.8492074,3,Dress,UMAP
0.6276553,7.6629944,5,Sandal,UMAP
0.46858954,8.527397,9,Ankle boot,UMAP
-0.75076795,6.528724,7,Sneaker,UMAP
8.538522,3.6547878,0,T-shirt/top,UMAP
11.5987015,2.8933465,1,Trouser,UMAP
12.446511,2.3513446,1,Trouser,UMAP
1.7316331,9.173789,9,Ankle boot,UMAP
2.1846464,6.509973,8,Bag,UMAP
8.048979,2.9223194,6,Shirt,UMAP
7.2914805,7.1705294,0,T-shirt/top,UMAP
8.002973,2.491175,0,T-shirt/top,UMAP
12.679076,2.3353179,1,Trouser,UMAP
8.006004,7.2992764,2,Pullover,UMAP
8.47529,8.280866,2,Pullover,UMAP
9.542211,5.218638,4,Coat,UMAP
10.762702,7.086991,4,Coat,UMAP
1.879357,7.5342636,8,Bag,UMAP
12.258477,2.3069441,1,Trouser,UMAP
9.163406,8.662234,3,Dress,UMAP
-0.33945778,8.948033,7,Sneaker,UMAP
8.834594,3.0594287,3,Dress,UMAP
7.1861153,7.506886,6,Shirt,UMAP
13.101246,1.3619846,1,Trouser,UMAP
7.9026704,6.086513,0,T-shirt/top,UMAP
3.0157692,9.613446,5,Sandal,UMAP
7.4265532,2.6208866,0,T-shirt/top,UMAP
11.795948,2.2548628,1,Trouser,UMAP
-1.2934903,6.091184,7,Sneaker,UMAP
9.139032,5.434586,3,Dress,UMAP
0.16136105,8.826112,9,Ankle boot,UMAP
11.078468,3.999508,8,Bag,UMAP
11.868831,4.1392183,3,Dress,UMAP
1.7861925,9.215144,9,Ankle boot,UMAP
8.089304,6.642182,6,Shirt,UMAP
1.6878816,10.161405,9,Ankle boot,UMAP
2.889335,9.558182,5,Sandal,UMAP
9.94948,8.037908,4,Coat,UMAP
-1.7213151,6.255801,7,Sneaker,UMAP
11.389438,4.2271514,0,T-shirt/top,UMAP
11.513642,4.237816,3,Dress,UMAP
0.8307981,9.352428,9,Ankle boot,UMAP
-1.4745357,6.452446,7,Sneaker,UMAP
0.43878192,8.603679,9,Ankle boot,UMAP
7.731307,3.4521465,6,Shirt,UMAP
9.607394,9.803813,4,Coat,UMAP
-0.108449884,6.5116663,5,Sandal,UMAP
2.143955,6.561416,6,Shirt,UMAP
9.984094,6.3466887,2,Pullover,UMAP
13.067195,1.4626464,1,Trouser,UMAP
2.86328,9.879706,5,Sandal,UMAP
10.959738,3.729362,3,Dress,UMAP
10.628279,7.564049,4,Coat,UMAP
11.64168,3.6918848,1,Trouser,UMAP
2.9635549,9.639104,5,Sandal,UMAP
2.6775193,9.760943,5,Sandal,UMAP
1.4125309,8.059494,8,Bag,UMAP
1.5919739,6.6463313,8,Bag,UMAP
0.75017375,8.596345,9,Ankle boot,UMAP
9.349105,8.712415,4,Coat,UMAP
1.2424778,9.423902,9,Ankle boot,UMAP
-0.023702446,6.5364966,5,Sandal,UMAP
-0.64916295,9.048057,7,Sneaker,UMAP
2.2873075,6.8482056,8,Bag,UMAP
-1.4028425,6.624358,7,Sneaker,UMAP
11.507893,3.3130598,1,Trouser,UMAP
8.668632,3.4123101,3,Dress,UMAP
12.652952,2.667966,1,Trouser,UMAP
8.30526,2.5085545,6,Shirt,UMAP
11.826462,1.6572144,1,Trouser,UMAP
9.324685,3.6719291,3,Dress,UMAP
9.8332405,4.729232,3,Dress,UMAP
12.6856985,2.3168025,1,Trouser,UMAP
10.0155115,4.309268,3,Dress,UMAP
10.572026,7.3310633,8,Bag,UMAP
0.8319854,9.088018,9,Ankle boot,UMAP
0.9836539,9.010284,9,Ankle boot,UMAP
9.982185,7.5671496,4,Coat,UMAP
11.647473,2.2930748,1,Trouser,UMAP
8.950371,2.1798766,0,T-shirt/top,UMAP
2.6428082,6.8795786,8,Bag,UMAP
9.005626,7.3630314,6,Shirt,UMAP
8.949264,9.212764,2,Pullover,UMAP
8.740403,3.0954547,0,T-shirt/top,UMAP
-1.214902,6.695835,7,Sneaker,UMAP
0.0633682,9.064764,9,Ankle boot,UMAP
11.524589,6.4193335,8,Bag,UMAP
9.564162,8.578667,2,Pullover,UMAP
-0.2093159,6.7144637,5,Sandal,UMAP
8.76463,8.981708,4,Coat,UMAP
8.248825,2.978433,6,Shirt,UMAP
10.768262,3.1902382,3,Dress,UMAP
12.208658,2.3714354,1,Trouser,UMAP
-1.0146855,6.254105,7,Sneaker,UMAP
10.589627,8.479039,2,Pullover,UMAP
2.7419524,9.603949,5,Sandal,UMAP
10.354417,8.041425,2,Pullover,UMAP
9.1862135,7.6355505,6,Shirt,UMAP
6.63505,7.205912,8,Bag,UMAP
10.139998,9.00158,2,Pullover,UMAP
0.91979796,6.905746,5,Sandal,UMAP
9.480019,7.567397,2,Pullover,UMAP
8.521314,2.5577428,0,T-shirt/top,UMAP
1.4371334,7.004472,7,Sneaker,UMAP
13.102922,1.2022113,1,Trouser,UMAP
10.299777,6.406116,2,Pullover,UMAP
0.23447645,8.680155,9,Ankle boot,UMAP
9.756638,4.784523,3,Dress,UMAP
8.447338,2.566821,0,T-shirt/top,UMAP
12.101532,2.5932941,1,Trouser,UMAP
1.302095,6.6822324,8,Bag,UMAP
9.153701,2.6546082,0,T-shirt/top,UMAP
11.089105,6.5525055,8,Bag,UMAP
1.3447392,7.739098,5,Sandal,UMAP
9.696885,8.11754,6,Shirt,UMAP
11.298329,6.5310493,8,Bag,UMAP
1.7620125,8.812468,5,Sandal,UMAP
1.0680125,8.673202,9,Ankle boot,UMAP
8.542146,2.1248026,0,T-shirt/top,UMAP
-1.3942313,6.1304812,7,Sneaker,UMAP
-0.11071432,7.0904374,7,Sneaker,UMAP
7.940081,2.4627666,0,T-shirt/top,UMAP
9.094219,2.4114776,0,T-shirt/top,UMAP
9.97264,6.166281,4,Coat,UMAP
12.352458,2.2608898,1,Trouser,UMAP
12.969962,1.3418847,1,Trouser,UMAP
9.774313,7.1870685,6,Shirt,UMAP
3.0819142,7.0915227,8,Bag,UMAP
9.617722,8.983317,4,Coat,UMAP
12.787932,1.5225877,1,Trouser,UMAP
9.756301,7.4306874,2,Pullover,UMAP
-1.6380277,5.986104,7,Sneaker,UMAP
-0.09825386,6.753394,5,Sandal,UMAP
-1.4429203,7.1458216,5,Sandal,UMAP
1.7295017,9.212878,9,Ankle boot,UMAP
10.791351,6.903012,2,Pullover,UMAP
2.8879488,9.179787,5,Sandal,UMAP
-1.8010504,6.7340555,7,Sneaker,UMAP
0.8777702,9.454445,9,Ankle boot,UMAP
9.106313,7.3286185,6,Shirt,UMAP
-1.7492285,6.2226715,7,Sneaker,UMAP
8.99869,2.216735,0,T-shirt/top,UMAP
10.921132,4.235228,6,Shirt,UMAP
-0.105337605,8.644004,9,Ankle boot,UMAP
10.793301,6.990353,2,Pullover,UMAP
7.5607767,6.603839,6,Shirt,UMAP
1.6872195,9.5807,9,Ankle boot,UMAP
7.775064,7.5107374,6,Shirt,UMAP
8.694877,8.520425,6,Shirt,UMAP
7.9707503,2.1705031,0,T-shirt/top,UMAP
10.460132,8.6038,4,Coat,UMAP
9.50575,5.402462,4,Coat,UMAP
7.865212,2.4222796,0,T-shirt/top,UMAP
9.695715,7.5453076,4,Coat,UMAP
1.6725898,8.820292,5,Sandal,UMAP
9.88981,7.083952,6,Shirt,UMAP
0.7289514,9.0751915,9,Ankle boot,UMAP
12.246072,2.931137,3,Dress,UMAP
2.6184793,6.8473077,8,Bag,UMAP
10.270863,9.000186,6,Shirt,UMAP
-1.225074,7.0634394,7,Sneaker,UMAP
-0.8322977,7.563871,5,Sandal,UMAP
10.479993,7.7283936,2,Pullover,UMAP
12.5372715,2.0476108,1,Trouser,UMAP
8.406547,3.174767,3,Dress,UMAP
2.091008,6.614994,6,Shirt,UMAP
9.463097,6.918764,2,Pullover,UMAP
-0.6982505,7.45673,8,Bag,UMAP
10.817297,3.2637951,3,Dress,UMAP
7.7139373,3.4842272,0,T-shirt/top,UMAP
12.013576,3.8732443,3,Dress,UMAP
9.617008,5.8097615,4,Coat,UMAP
11.508287,6.4415665,8,Bag,UMAP
9.818212,8.534345,4,Coat,UMAP
9.79529,7.190582,6,Shirt,UMAP
12.38069,2.3882558,1,Trouser,UMAP
9.911159,9.383289,4,Coat,UMAP
8.209354,3.5595198,3,Dress,UMAP
1.2765739,6.748421,8,Bag,UMAP
12.601242,2.7187243,1,Trouser,UMAP
11.411391,1.5024999,3,Dress,UMAP
9.51513,9.193538,4,Coat,UMAP
0.8870092,9.604345,9,Ankle boot,UMAP
-0.3631199,6.770513,5,Sandal,UMAP
10.164391,8.882002,4,Coat,UMAP
2.444878,6.7036395,8,Bag,UMAP
9.135117,2.7788472,3,Dress,UMAP
11.564382,2.8161,1,Trouser,UMAP
1.614091,10.455932,9,Ankle boot,UMAP
-1.6784314,5.386775,5,Sandal,UMAP
8.728771,9.152946,2,Pullover,UMAP
10.733159,7.312661,4,Coat,UMAP
11.978672,4.074908,3,Dress,UMAP
7.8079147,3.193199,0,T-shirt/top,UMAP
9.653286,2.927053,0,T-shirt/top,UMAP
-0.8268183,6.2944922,7,Sneaker,UMAP
7.622152,3.388805,6,Shirt,UMAP
10.779396,7.145093,2,Pullover,UMAP
2.0033035,8.5987625,5,Sandal,UMAP
9.678384,5.400296,4,Coat,UMAP
8.145548,7.1147933,2,Pullover,UMAP
1.320595,10.120889,9,Ankle boot,UMAP
11.567441,2.080638,1,Trouser,UMAP
7.723903,2.928249,6,Shirt,UMAP
13.154951,1.2948594,1,Trouser,UMAP
-0.45983216,9.110388,7,Sneaker,UMAP
1.5199358,10.397316,9,Ankle boot,UMAP
9.294515,8.971559,2,Pullover,UMAP
11.447805,3.955494,3,Dress,UMAP
7.7918277,2.977137,6,Shirt,UMAP
8.691709,7.5874343,6,Shirt,UMAP
11.902401,1.585102,1,Trouser,UMAP
9.590824,5.844082,4,Coat,UMAP
9.665549,6.0421615,4,Coat,UMAP
9.424717,4.6480703,3,Dress,UMAP
2.549528,9.006667,5,Sandal,UMAP
7.942839,3.09747,6,Shirt,UMAP
-1.0949254,6.7799664,7,Sneaker,UMAP
8.568865,2.2529042,0,T-shirt/top,UMAP
-0.39722708,7.328076,5,Sandal,UMAP
-0.9682223,7.695997,5,Sandal,UMAP
1.8388603,9.339109,9,Ankle boot,UMAP
0.90382415,8.700311,9,Ankle boot,UMAP
11.729277,4.5488734,8,Bag,UMAP
8.036132,2.031972,6,Shirt,UMAP
10.244332,8.309167,4,Coat,UMAP
1.9616474,6.523498,8,Bag,UMAP
-1.2690393,7.611328,7,Sneaker,UMAP
9.576022,6.302395,4,Coat,UMAP
-1.3987031,6.128248,7,Sneaker,UMAP
1.7191646,6.5872765,8,Bag,UMAP
2.9335203,9.610631,5,Sandal,UMAP
10.5177555,8.246733,4,Coat,UMAP
8.332761,7.8823214,4,Coat,UMAP
2.1146767,10.497794,9,Ankle boot,UMAP
8.276546,2.6561308,3,Dress,UMAP
8.341068,7.8947587,2,Pullover,UMAP
9.505643,5.194228,0,T-shirt/top,UMAP
10.887789,3.5134053,1,Trouser,UMAP
10.143524,7.5000978,2,Pullover,UMAP
6.080003,7.6213923,8,Bag,UMAP
10.303989,3.3779957,3,Dress,UMAP
11.315015,6.3629217,8,Bag,UMAP
11.50652,2.2170317,1,Trouser,UMAP
10.198717,7.602931,4,Coat,UMAP
10.232488,9.123888,2,Pullover,UMAP
9.33976,8.977828,4,Coat,UMAP
-1.3274943,7.6167197,7,Sneaker,UMAP
-1.8093853,6.3106804,7,Sneaker,UMAP
9.321166,8.776727,2,Pullover,UMAP
2.192722,9.677783,9,Ankle boot,UMAP
3.4919436,6.9614596,8,Bag,UMAP
1.4375457,6.6712413,8,Bag,UMAP
1.5425833,6.824128,5,Sandal,UMAP
12.4973345,2.5265756,1,Trouser,UMAP
12.188208,2.3498569,1,Trouser,UMAP
10.163482,7.393237,6,Shirt,UMAP
10.816654,7.0689697,2,Pullover,UMAP
2.8552778,8.948319,5,Sandal,UMAP
12.58514,2.7575798,1,Trouser,UMAP
8.818217,8.266181,4,Coat,UMAP
7.7574053,2.4554064,0,T-shirt/top,UMAP
7.418939,2.911104,6,Shirt,UMAP
9.83886,9.2846575,6,Shirt,UMAP
-0.7106807,8.883695,7,Sneaker,UMAP
6.041319,7.5947714,8,Bag,UMAP
1.5032735,10.415074,5,Sandal,UMAP
-1.2829794,7.3293705,7,Sneaker,UMAP
8.802217,9.138536,2,Pullover,UMAP
-0.98076826,7.659109,7,Sneaker,UMAP
-1.0562506,7.36015,5,Sandal,UMAP
9.569694,9.893418,4,Coat,UMAP
12.513765,2.9252279,1,Trouser,UMAP
9.886027,5.531334,4,Coat,UMAP
8.993332,8.226967,4,Coat,UMAP
8.555548,8.063453,4,Coat,UMAP
12.420654,2.042577,1,Trouser,UMAP
-0.60181403,9.12294,7,Sneaker,UMAP
1.2719489,9.684405,5,Sandal,UMAP
-0.035549756,8.123391,9,Ankle boot,UMAP
-0.69263405,8.729393,9,Ankle boot,UMAP
-0.4902111,5.751299,5,Sandal,UMAP
1.4040827,10.1173525,9,Ankle boot,UMAP
12.999442,1.5416362,1,Trouser,UMAP
8.343616,2.776076,0,T-shirt/top,UMAP
1.294532,6.703929,8,Bag,UMAP
-1.0141275,7.533392,8,Bag,UMAP
8.432789,3.8816586,0,T-shirt/top,UMAP
1.5778286,6.6297474,8,Bag,UMAP
8.820956,7.3203616,6,Shirt,UMAP
8.24915,2.8084295,0,T-shirt/top,UMAP
11.362162,2.741758,1,Trouser,UMAP
2.098924,6.7604265,8,Bag,UMAP
7.7972736,6.6721063,2,Pullover,UMAP
-1.2999531,7.63332,7,Sneaker,UMAP
1.723195,8.631517,5,Sandal,UMAP
9.680394,8.205903,6,Shirt,UMAP
10.74656,4.014139,6,Shirt,UMAP
1.5714878,10.09814,9,Ankle boot,UMAP
1.6292946,9.607207,9,Ankle boot,UMAP
8.997964,7.534099,6,Shirt,UMAP
10.798658,7.0149527,4,Coat,UMAP
10.346559,8.703649,4,Coat,UMAP
1.4204472,9.281324,9,Ankle boot,UMAP
7.6603637,3.0508354,0,T-shirt/top,UMAP
2.0373015,8.700128,5,Sandal,UMAP
-0.4824768,6.4991565,7,Sneaker,UMAP
0.4665619,8.830525,9,Ankle boot,UMAP
1.2883228,10.105641,9,Ankle boot,UMAP
2.7467194,9.479374,5,Sandal,UMAP
11.193251,2.1659052,1,Trouser,UMAP
9.285638,9.953511,4,Coat,UMAP
8.088366,7.324951,8,Bag,UMAP
12.649501,2.2654448,1,Trouser,UMAP
10.006311,9.042713,6,Shirt,UMAP
-0.78511703,5.585748,5,Sandal,UMAP
1.1205192,9.265392,9,Ankle boot,UMAP
10.194789,8.152876,4,Coat,UMAP
5.914229,7.75352,8,Bag,UMAP
8.821733,7.5945883,4,Coat,UMAP
12.513011,2.692486,1,Trouser,UMAP
8.05556,3.234195,0,T-shirt/top,UMAP
9.70529,8.953938,4,Coat,UMAP
10.775649,8.130063,6,Shirt,UMAP
8.769066,2.3733811,6,Shirt,UMAP
9.110959,9.053973,4,Coat,UMAP
7.9729786,5.9982986,0,T-shirt/top,UMAP
2.4083385,10.317235,5,Sandal,UMAP
-1.2527149,6.0432234,7,Sneaker,UMAP
8.319218,8.633054,2,Pullover,UMAP
1.9772444,8.577314,5,Sandal,UMAP
10.730106,6.8198743,2,Pullover,UMAP
-0.6760559,6.362603,7,Sneaker,UMAP
10.459792,8.571927,4,Coat,UMAP
-1.3499504,6.17228,7,Sneaker,UMAP
11.03435,6.6802816,8,Bag,UMAP
10.598552,8.343463,6,Shirt,UMAP
-1.07303,6.7270694,5,Sandal,UMAP
2.215611,6.506535,6,Shirt,UMAP
2.967275,9.487208,5,Sandal,UMAP
12.4470005,3.5634658,3,Dress,UMAP
-0.9196055,7.164274,7,Sneaker,UMAP
-0.5027101,8.7854395,7,Sneaker,UMAP
9.696284,8.295331,6,Shirt,UMAP
9.81479,8.997213,4,Coat,UMAP
2.262204,6.5689983,8,Bag,UMAP
9.541108,6.654395,2,Pullover,UMAP
9.055832,6.0993958,4,Coat,UMAP
-1.5872604,7.1655426,7,Sneaker,UMAP
0.88849604,6.74814,5,Sandal,UMAP
10.34849,7.924898,4,Coat,UMAP
12.830009,2.231964,1,Trouser,UMAP
0.3159435,8.875908,9,Ankle boot,UMAP
9.984058,5.834928,6,Shirt,UMAP
-1.0393405,7.730899,7,Sneaker,UMAP
8.495185,3.864146,3,Dress,UMAP
6.6391854e-05,7.871897,9,Ankle boot,UMAP
8.605341,3.0939405,3,Dress,UMAP
11.365077,6.33214,8,Bag,UMAP
8.257558,7.9140434,6,Shirt,UMAP
2.769767,9.609484,5,Sandal,UMAP
9.620782,8.279612,2,Pullover,UMAP
9.711607,8.388016,2,Pullover,UMAP
2.9846158,9.591724,5,Sandal,UMAP
11.498234,6.5626097,8,Bag,UMAP
9.903899,3.9805443,6,Shirt,UMAP
11.537277,1.4878191,1,Trouser,UMAP
9.958434,6.243222,4,Coat,UMAP
10.73098,6.8955555,2,Pullover,UMAP
7.701926,3.4962382,6,Shirt,UMAP
9.559837,9.041474,4,Coat,UMAP
8.042243,7.157266,6,Shirt,UMAP
1.9693438,8.46331,5,Sandal,UMAP
10.7276745,2.9931269,6,Shirt,UMAP
11.288801,4.151585,0,T-shirt/top,UMAP
10.732189,3.7701724,1,Trouser,UMAP
8.890928,3.6027062,0,T-shirt/top,UMAP
1.3119175,8.995501,9,Ankle boot,UMAP
12.48959,2.863092,3,Dress,UMAP
8.58065,6.8035483,2,Pullover,UMAP
-0.47220463,8.953131,7,Sneaker,UMAP
8.083587,6.0805373,6,Shirt,UMAP
9.132088,9.470455,2,Pullover,UMAP
8.429379,7.8837943,2,Pullover,UMAP
1.2656002,8.232623,8,Bag,UMAP
8.971945,3.4505582,0,T-shirt/top,UMAP
1.2301474,6.7206182,8,Bag,UMAP
11.664798,3.9094849,0,T-shirt/top,UMAP
10.377401,8.381006,4,Coat,UMAP
8.821479,2.2062244,0,T-shirt/top,UMAP
-0.19233023,6.268513,5,Sandal,UMAP
10.900178,3.0921528,3,Dress,UMAP
12.589542,2.2036762,1,Trouser,UMAP
-1.7392724,7.1242423,7,Sneaker,UMAP
12.239879,2.413307,1,Trouser,UMAP
2.194228,6.5272193,8,Bag,UMAP
8.377428,2.7909942,0,T-shirt/top,UMAP
9.73356,8.074384,6,Shirt,UMAP
1.6607741,9.196773,5,Sandal,UMAP
10.467827,3.9812777,3,Dress,UMAP
8.533474,7.8737397,1,Trouser,UMAP
9.490051,5.3055043,4,Coat,UMAP
7.541318,3.023351,6,Shirt,UMAP
9.7105465,5.951077,6,Shirt,UMAP
8.281511,2.6345253,0,T-shirt/top,UMAP
9.27304,9.628377,2,Pullover,UMAP
11.424051,2.575633,1,Trouser,UMAP
0.99078536,6.7749696,8,Bag,UMAP
-0.56867576,6.538946,5,Sandal,UMAP
10.769263,6.8432307,2,Pullover,UMAP
11.675631,1.5547563,1,Trouser,UMAP
10.658393,3.4630604,3,Dress,UMAP
11.928363,3.3365133,3,Dress,UMAP
10.429187,3.411981,3,Dress,UMAP
11.526719,4.2735624,1,Trouser,UMAP
0.37895823,8.141219,5,Sandal,UMAP
-0.9528793,7.1473794,7,Sneaker,UMAP
2.1110182,10.488625,9,Ankle boot,UMAP
11.595489,1.4257658,1,Trouser,UMAP
0.7651551,9.520664,9,Ankle boot,UMAP
9.248274,2.4161491,0,T-shirt/top,UMAP
8.830213,7.840445,6,Shirt,UMAP
1.7410468,6.60068,8,Bag,UMAP
6.4635663,7.170566,8,Bag,UMAP
8.758217,9.094962,2,Pullover,UMAP
8.734368,7.8009624,2,Pullover,UMAP
-1.8446282,6.7849073,7,Sneaker,UMAP
10.268741,3.21798,3,Dress,UMAP
0.041238606,8.837167,9,Ankle boot,UMAP
-0.64611065,7.28854,5,Sandal,UMAP
-1.8254957,6.8402157,7,Sneaker,UMAP
-0.6623376,6.693349,7,Sneaker,UMAP
10.047051,3.479644,3,Dress,UMAP
0.058169693,7.9057565,9,Ankle boot,UMAP
7.8668675,3.1072662,6,Shirt,UMAP
9.214112,7.415545,6,Shirt,UMAP
10.800195,3.1445076,3,Dress,UMAP
0.041196913,6.7292585,5,Sandal,UMAP
9.331348,2.595122,0,T-shirt/top,UMAP
9.07332,9.052116,2,Pullover,UMAP
8.264798,2.079154,0,T-shirt/top,UMAP
10.824861,4.160799,0,T-shirt/top,UMAP
8.134817,7.1062164,0,T-shirt/top,UMAP
1.6799036,8.760574,5,Sandal,UMAP
9.345236,8.808007,4,Coat,UMAP
2.875457,9.466765,5,Sandal,UMAP
1.4375175,7.306109,9,Ankle boot,UMAP
9.983485,5.846729,4,Coat,UMAP
-1.2460989,7.651844,7,Sneaker,UMAP
-1.243539,7.289594,7,Sneaker,UMAP
9.450566,3.8515396,3,Dress,UMAP
8.029242,6.8283496,2,Pullover,UMAP
0.03768527,8.880892,7,Sneaker,UMAP
1.9973618,10.481052,9,Ankle boot,UMAP
2.271676,6.564022,8,Bag,UMAP
9.959456,8.402129,4,Coat,UMAP
2.1762035,10.412547,9,Ankle boot,UMAP
9.698994,5.951274,4,Coat,UMAP
3.057465,6.925363,8,Bag,UMAP
11.693026,2.869531,1,Trouser,UMAP
10.6922455,4.2225814,0,T-shirt/top,UMAP
10.671702,3.6360254,1,Trouser,UMAP
10.703102,3.1334267,3,Dress,UMAP
9.677927,8.281115,6,Shirt,UMAP
9.783004,9.57405,4,Coat,UMAP
-1.1400566,7.476151,7,Sneaker,UMAP
11.532969,3.3960772,6,Shirt,UMAP
-1.2185819,6.767071,7,Sneaker,UMAP
8.269455,8.226083,2,Pullover,UMAP
8.422345,8.784589,2,Pullover,UMAP
1.491704,6.564234,8,Bag,UMAP
9.922507,5.1740723,4,Coat,UMAP
10.634181,4.063844,6,Shirt,UMAP
2.273617,10.357367,9,Ankle boot,UMAP
9.630083,8.922445,2,Pullover,UMAP
12.403364,1.9876149,1,Trouser,UMAP
9.794554,6.7404575,4,Coat,UMAP
2.9275832,9.474441,5,Sandal,UMAP
3.0598824,6.897027,8,Bag,UMAP
-0.91200155,7.6737084,7,Sneaker,UMAP
1.6962252,10.435357,9,Ankle boot,UMAP
6.3424077,7.2787905,8,Bag,UMAP
10.689128,3.82827,1,Trouser,UMAP
1.5751778,8.699588,5,Sandal,UMAP
9.887242,2.8817568,6,Shirt,UMAP
11.60432,2.086337,1,Trouser,UMAP
-0.019340612,8.846061,7,Sneaker,UMAP
11.526376,6.6259203,8,Bag,UMAP
12.299769,3.7299404,3,Dress,UMAP
10.398524,8.252756,4,Coat,UMAP
-1.8419427,6.325755,7,Sneaker,UMAP
8.506298,8.688641,6,Shirt,UMAP
11.522287,2.3536303,1,Trouser,UMAP
9.393121,9.791881,4,Coat,UMAP
0.2898834,8.452941,7,Sneaker,UMAP
9.663315,9.618542,4,Coat,UMAP
-0.065179795,6.445472,5,Sandal,UMAP
9.438129,5.4558926,3,Dress,UMAP
12.545467,2.6612134,1,Trouser,UMAP
1.7090969,8.176311,5,Sandal,UMAP
7.592609,2.6708808,0,T-shirt/top,UMAP
9.44406,5.1541915,3,Dress,UMAP
8.6774025,2.0632737,0,T-shirt/top,UMAP
9.659539,8.037529,4,Coat,UMAP
11.572417,1.5897651,1,Trouser,UMAP
0.05775848,8.848992,7,Sneaker,UMAP
-0.4927962,6.0375743,5,Sandal,UMAP
10.800001,3.195348,3,Dress,UMAP
12.246049,2.6082928,1,Trouser,UMAP
9.412938,8.179553,2,Pullover,UMAP
-1.7091415,7.1497974,5,Sandal,UMAP
9.254385,5.909538,4,Coat,UMAP
8.724892,8.20599,4,Coat,UMAP
9.6064,5.402699,3,Dress,UMAP
9.892671,9.146077,2,Pullover,UMAP
12.395873,2.6802082,1,Trouser,UMAP
7.7481194,3.0448632,0,T-shirt/top,UMAP
12.597584,3.5497973,3,Dress,UMAP
8.035489,3.6128466,6,Shirt,UMAP
8.870223,9.345043,2,Pullover,UMAP
8.469993,3.935382,3,Dress,UMAP
3.471294,6.972775,8,Bag,UMAP
8.027077,3.3013806,2,Pullover,UMAP
11.831985,3.0622737,1,Trouser,UMAP
-0.06982252,6.9767017,5,Sandal,UMAP
8.844582,6.132638,4,Coat,UMAP
-1.4623492,6.2734904,7,Sneaker,UMAP
12.432047,1.8590151,1,Trouser,UMAP
9.794196,8.128332,4,Coat,UMAP
9.21559,2.3556528,0,T-shirt/top,UMAP
11.857804,1.4454852,1,Trouser,UMAP
11.157648,4.0482535,6,Shirt,UMAP
-1.3303758,7.0575967,7,Sneaker,UMAP
1.4577212,8.946107,9,Ankle boot,UMAP
8.241958,2.194912,6,Shirt,UMAP
-1.6299744,6.6076984,7,Sneaker,UMAP
2.0747306,6.60365,8,Bag,UMAP
8.657384,2.7077107,0,T-shirt/top,UMAP
9.298286,4.176039,6,Shirt,UMAP
9.660452,8.375385,4,Coat,UMAP
9.981348,5.314798,4,Coat,UMAP
0.1867066,8.609055,9,Ankle boot,UMAP
11.402046,2.3078327,1,Trouser,UMAP
11.078488,4.002472,3,Dress,UMAP
0.41687095,8.492064,9,Ankle boot,UMAP
10.373844,8.037389,4,Coat,UMAP
10.207615,7.9070354,4,Coat,UMAP
2.9429305,9.825058,5,Sandal,UMAP
8.255158,3.647735,0,T-shirt/top,UMAP
13.022048,1.4378861,1,Trouser,UMAP
0.32710224,8.331228,5,Sandal,UMAP
-0.143232,6.484198,5,Sandal,UMAP
-0.8066249,6.9565425,7,Sneaker,UMAP
11.314919,4.1806264,3,Dress,UMAP
8.914123,9.266261,2,Pullover,UMAP
11.636695,1.4421427,1,Trouser,UMAP
11.793723,2.2585344,1,Trouser,UMAP
9.9341545,8.230707,4,Coat,UMAP
0.74541837,8.912637,9,Ankle boot,UMAP
-0.13934554,7.1366305,5,Sandal,UMAP
6.222697,7.367266,8,Bag,UMAP
-0.9967141,6.242095,5,Sandal,UMAP
1.1438668,9.655803,5,Sandal,UMAP
11.132226,6.9977536,8,Bag,UMAP
9.859218,5.472488,4,Coat,UMAP
11.486427,6.3989596,8,Bag,UMAP
11.595296,3.8110235,3,Dress,UMAP
1.3969148,10.171276,9,Ankle boot,UMAP
1.2090139,10.032272,9,Ankle boot,UMAP
8.98754,7.819109,4,Coat,UMAP
9.1993475,7.4134583,6,Shirt,UMAP
11.593145,1.6563667,1,Trouser,UMAP
-1.514813,6.3809724,7,Sneaker,UMAP
1.9039191,6.6258693,8,Bag,UMAP
0.68202287,8.954871,9,Ankle boot,UMAP
-0.40876636,5.772237,5,Sandal,UMAP
9.6072855,9.781262,4,Coat,UMAP
-1.524582,7.5419583,7,Sneaker,UMAP
9.772426,3.0094228,0,T-shirt/top,UMAP
-0.9998838,6.230512,5,Sandal,UMAP
9.207558,3.6246886,3,Dress,UMAP
7.549869,6.051091,8,Bag,UMAP
12.49599,3.3393095,3,Dress,UMAP
8.905217,8.013978,4,Coat,UMAP
11.899139,2.3204265,1,Trouser,UMAP
8.533214,8.5294075,4,Coat,UMAP
8.056958,2.5665529,6,Shirt,UMAP
-0.40134934,7.1896486,7,Sneaker,UMAP
9.432496,7.166594,6,Shirt,UMAP
9.515568,9.863427,2,Pullover,UMAP
10.85452,3.281213,3,Dress,UMAP
0.5575981,7.9268465,5,Sandal,UMAP
10.758638,8.08692,6,Shirt,UMAP
9.554247,6.7679343,8,Bag,UMAP
3.0428843,9.734608,5,Sandal,UMAP
8.9854555,7.449511,2,Pullover,UMAP
-1.7994012,6.397054,7,Sneaker,UMAP
-1.0196229,6.202829,7,Sneaker,UMAP
7.913407,2.541838,0,T-shirt/top,UMAP
2.8752995,9.519854,5,Sandal,UMAP
9.663962,2.8208892,0,T-shirt/top,UMAP
-1.5072514,6.089866,7,Sneaker,UMAP
11.678273,2.1374464,1,Trouser,UMAP
-1.322986,6.1055045,7,Sneaker,UMAP
-0.28565198,8.564407,7,Sneaker,UMAP
8.314598,8.269656,2,Pullover,UMAP
0.29555237,7.4681745,5,Sandal,UMAP
-1.2578217,7.0137973,7,Sneaker,UMAP
9.940422,7.552471,2,Pullover,UMAP
1.5311522,6.6546035,8,Bag,UMAP
12.030657,1.7640254,1,Trouser,UMAP
8.374425,8.592848,2,Pullover,UMAP
-0.40864143,8.664129,7,Sneaker,UMAP
13.024515,1.4104319,1,Trouser,UMAP
1.9066739,9.399284,9,Ankle boot,UMAP
7.6450973,7.6480923,2,Pullover,UMAP
-0.3930943,6.5951743,7,Sneaker,UMAP
10.272173,7.7249937,2,Pullover,UMAP
-1.7355939,5.559589,5,Sandal,UMAP
9.796925,7.138279,4,Coat,UMAP
10.485127,7.671849,2,Pullover,UMAP
0.15491445,8.4228325,9,Ankle boot,UMAP
10.168179,3.9288328,6,Shirt,UMAP
2.048898,6.539081,8,Bag,UMAP
2.6197834,9.153523,5,Sandal,UMAP
-1.0794374,6.916858,7,Sneaker,UMAP
8.262949,7.729671,4,Coat,UMAP
12.237806,2.6190965,1,Trouser,UMAP
-0.7844773,8.80233,7,Sneaker,UMAP
10.754539,3.1206315,3,Dress,UMAP
-1.2602199,6.917479,7,Sneaker,UMAP
9.670285,7.7639356,2,Pullover,UMAP
0.17495058,8.238455,9,Ankle boot,UMAP
-1.5178013,6.56329,7,Sneaker,UMAP
2.4837015,8.940037,5,Sandal,UMAP
0.4999859,8.717476,9,Ankle boot,UMAP
10.75244,3.0600119,3,Dress,UMAP
8.37525,7.8747263,2,Pullover,UMAP
-0.5573748,9.109539,7,Sneaker,UMAP
8.044061,7.126568,8,Bag,UMAP
8.769595,3.2563732,0,T-shirt/top,UMAP
12.566339,3.6039884,3,Dress,UMAP
10.083109,3.865146,0,T-shirt/top,UMAP
-0.6375181,5.9459286,5,Sandal,UMAP
2.6740768,9.103796,5,Sandal,UMAP
9.246088,3.9293709,3,Dress,UMAP
9.090173,2.8302948,3,Dress,UMAP
12.651209,2.3466961,1,Trouser,UMAP
9.796768,7.369243,2,Pullover,UMAP
8.288344,7.3086357,6,Shirt,UMAP
7.3001585,6.6823826,8,Bag,UMAP
-0.13713233,8.606556,7,Sneaker,UMAP
2.0965803,10.589971,9,Ankle boot,UMAP
0.45132983,8.775083,9,Ankle boot,UMAP
10.280211,8.332525,2,Pullover,UMAP
8.045328,7.1278124,2,Pullover,UMAP
9.917404,4.8412533,4,Coat,UMAP
6.3065066,7.3737555,8,Bag,UMAP
1.9209688,8.507996,5,Sandal,UMAP
-1.118407,6.3832035,7,Sneaker,UMAP
11.128756,6.424826,8,Bag,UMAP
8.721207,7.0221786,3,Dress,UMAP
5.946046,7.716549,8,Bag,UMAP
9.948742,5.253735,4,Coat,UMAP
12.596642,2.467847,1,Trouser,UMAP
0.453636,8.885188,9,Ankle boot,UMAP
10.4255495,8.715616,4,Coat,UMAP
1.9058336,6.7329044,8,Bag,UMAP
9.037333,5.9026976,4,Coat,UMAP
12.209502,1.2358227,1,Trouser,UMAP
1.5627061,8.496221,5,Sandal,UMAP
2.1754992,10.487043,9,Ankle boot,UMAP
11.68601,2.829918,1,Trouser,UMAP
1.013001,9.615099,5,Sandal,UMAP
12.182376,3.8218915,3,Dress,UMAP
-0.8380248,6.442603,7,Sneaker,UMAP
11.170473,3.977969,3,Dress,UMAP
9.612683,3.9748387,6,Shirt,UMAP
2.3643725,6.412464,0,T-shirt/top,UMAP
9.639844,5.669127,3,Dress,UMAP
8.731955,3.7828288,0,T-shirt/top,UMAP
12.501688,3.4266896,3,Dress,UMAP
9.638506,9.671435,2,Pullover,UMAP
11.513239,4.3293977,6,Shirt,UMAP
8.311628,2.0556216,0,T-shirt/top,UMAP
9.376819,2.7344973,0,T-shirt/top,UMAP
8.108355,7.5225964,3,Dress,UMAP
2.4702437,6.864904,8,Bag,UMAP
-1.2373747,7.29647,7,Sneaker,UMAP
8.394235,4.0642467,0,T-shirt/top,UMAP
-0.29084623,6.9607787,5,Sandal,UMAP
2.7789016,8.94968,5,Sandal,UMAP
8.564632,3.673521,0,T-shirt/top,UMAP
-0.83448815,6.274724,7,Sneaker,UMAP
-0.78584075,7.35623,5,Sandal,UMAP
12.749928,2.2414072,1,Trouser,UMAP
8.634707,3.137117,3,Dress,UMAP
11.825815,3.9757988,3,Dress,UMAP
9.382798,8.678286,6,Shirt,UMAP
9.783738,7.3915496,4,Coat,UMAP
8.9892845,9.091603,2,Pullover,UMAP
-1.0846928,7.384692,7,Sneaker,UMAP
9.161918,8.101709,6,Shirt,UMAP
8.940821,3.6576169,0,T-shirt/top,UMAP
9.415578,4.6376,3,Dress,UMAP
9.535361,8.428206,6,Shirt,UMAP
1.4579496,9.466531,9,Ankle boot,UMAP
9.1255865,6.0440407,3,Dress,UMAP
1.8405861,6.81978,9,Ankle boot,UMAP
9.737984,5.388339,8,Bag,UMAP
-0.8277341,7.5197873,7,Sneaker,UMAP
12.837962,2.3055298,1,Trouser,UMAP
8.153906,6.55366,6,Shirt,UMAP
2.2788448,10.425323,5,Sandal,UMAP
-0.2175812,6.6279373,5,Sandal,UMAP
9.929745,7.188795,2,Pullover,UMAP
10.756688,3.1475453,3,Dress,UMAP
9.351911,3.9491422,0,T-shirt/top,UMAP
9.724473,5.9420304,4,Coat,UMAP
9.115312,8.440842,4,Coat,UMAP
9.205517,2.4684649,6,Shirt,UMAP
9.450208,9.468216,4,Coat,UMAP
11.731749,2.0124419,1,Trouser,UMAP
11.427665,2.4789252,1,Trouser,UMAP
-1.0308611,6.9405813,7,Sneaker,UMAP
1.8359902,7.125756,8,Bag,UMAP
0.666459,8.932395,9,Ankle boot,UMAP
1.9319202,6.581237,8,Bag,UMAP
8.479803,6.3286567,2,Pullover,UMAP
-1.0219865,7.7132983,7,Sneaker,UMAP
8.861745,9.38923,2,Pullover,UMAP
1.4924631,8.691399,9,Ankle boot,UMAP
2.2777617,6.681016,8,Bag,UMAP
6.055661,7.773082,8,Bag,UMAP
8.702467,2.2847505,0,T-shirt/top,UMAP
3.4276335,6.9741874,8,Bag,UMAP
-1.2704214,6.2236686,7,Sneaker,UMAP
13.015314,1.512875,1,Trouser,UMAP
10.924591,4.3885646,6,Shirt,UMAP
8.882859,7.279778,6,Shirt,UMAP
8.265212,2.0297487,0,T-shirt/top,UMAP
10.637929,4.0269203,1,Trouser,UMAP
-0.51571894,8.714316,7,Sneaker,UMAP
12.301167,2.482484,1,Trouser,UMAP
11.729029,2.4885426,1,Trouser,UMAP
0.8326735,8.839771,9,Ankle boot,UMAP
1.8039654,10.225154,9,Ankle boot,UMAP
3.0133135,9.736995,5,Sandal,UMAP
7.644438,2.4750588,6,Shirt,UMAP
9.02986,6.2482853,4,Coat,UMAP
12.136488,3.9365377,8,Bag,UMAP
12.3531,3.408354,1,Trouser,UMAP
7.56958,3.2504568,0,T-shirt/top,UMAP
6.6171985,7.2304463,8,Bag,UMAP
10.613655,3.9156992,1,Trouser,UMAP
8.8695965,9.328896,2,Pullover,UMAP
-1.5389237,6.827248,5,Sandal,UMAP
6.5396576,7.111957,8,Bag,UMAP
2.4607182,6.8658957,8,Bag,UMAP
0.2704048,8.328553,7,Sneaker,UMAP
-1.1554391,6.671956,7,Sneaker,UMAP
8.204278,7.1037803,0,T-shirt/top,UMAP
0.7052179,9.338327,9,Ankle boot,UMAP
9.255348,7.2316914,2,Pullover,UMAP
7.970213,2.142788,0,T-shirt/top,UMAP
2.8206692,6.9380913,8,Bag,UMAP
9.764592,8.972823,2,Pullover,UMAP
8.666013,3.844797,0,T-shirt/top,UMAP
-0.42001027,7.276345,7,Sneaker,UMAP
8.877886,7.831927,2,Pullover,UMAP
2.110896,10.560543,9,Ankle boot,UMAP
8.312804,6.6576705,4,Coat,UMAP
1.3090559,9.651229,9,Ankle boot,UMAP
13.073767,1.5547711,1,Trouser,UMAP
9.232439,2.3602462,0,T-shirt/top,UMAP
-0.067691356,6.438014,5,Sandal,UMAP
12.273968,2.3773623,1,Trouser,UMAP
10.299146,8.820341,4,Coat,UMAP
9.708662,7.393867,4,Coat,UMAP
8.473613,8.5682,2,Pullover,UMAP
10.735826,3.668047,1,Trouser,UMAP
12.628608,2.193699,1,Trouser,UMAP
10.128949,7.759011,2,Pullover,UMAP
11.869619,3.7372527,3,Dress,UMAP
3.0048063,9.494688,5,Sandal,UMAP
-0.3234668,9.032631,7,Sneaker,UMAP
-1.5698972,5.38073,5,Sandal,UMAP
9.452477,5.234302,4,Coat,UMAP
2.7174535,8.9126005,5,Sandal,UMAP
2.4568684,7.0317864,8,Bag,UMAP
1.0787871,8.855599,9,Ankle boot,UMAP
10.11414,6.7582335,2,Pullover,UMAP
12.911458,1.3626726,1,Trouser,UMAP
1.6970339,9.642239,9,Ankle boot,UMAP
-0.43875426,7.2304673,5,Sandal,UMAP
8.952371,5.9862647,4,Coat,UMAP
9.470718,9.595387,2,Pullover,UMAP
-0.39716497,5.905606,5,Sandal,UMAP
2.1218374,6.798953,8,Bag,UMAP
1.4638889,8.841392,9,Ankle boot,UMAP
9.053166,7.186897,2,Pullover,UMAP
6.7665615,7.063191,8,Bag,UMAP
3.4032667,7.0105095,8,Bag,UMAP
11.319633,3.960775,6,Shirt,UMAP
9.225103,7.6889677,6,Shirt,UMAP
11.513244,4.310943,1,Trouser,UMAP
11.498666,2.241597,3,Dress,UMAP
9.506963,7.2711673,3,Dress,UMAP
-1.058303,6.503468,7,Sneaker,UMAP
7.4586587,6.921078,2,Pullover,UMAP
8.200901,6.2469025,0,T-shirt/top,UMAP
0.29266316,7.585876,5,Sandal,UMAP
9.723789,9.2745695,2,Pullover,UMAP
-1.0191203,7.594656,7,Sneaker,UMAP
6.2429705,7.507136,8,Bag,UMAP
9.139856,8.03799,2,Pullover,UMAP
9.334356,5.304106,3,Dress,UMAP
-0.9760033,6.572254,7,Sneaker,UMAP
-1.474413,6.407606,7,Sneaker,UMAP
-0.7441938,6.5319915,5,Sandal,UMAP
12.209533,2.5837271,1,Trouser,UMAP
-0.18715687,6.6266136,5,Sandal,UMAP
-0.035711538,7.9118247,9,Ankle boot,UMAP
10.709135,4.055092,6,Shirt,UMAP
-0.9483856,6.2354493,5,Sandal,UMAP
11.769097,2.606931,3,Dress,UMAP
2.1866953,6.7955394,8,Bag,UMAP
-1.7385001,6.5583267,7,Sneaker,UMAP
12.119035,3.5726027,1,Trouser,UMAP
8.710113,9.114994,2,Pullover,UMAP
8.239782,3.4256735,0,T-shirt/top,UMAP
8.663414,3.6107495,0,T-shirt/top,UMAP
12.874889,1.3044147,1,Trouser,UMAP
9.570054,2.527025,3,Dress,UMAP
10.142627,5.2582245,4,Coat,UMAP
0.965297,9.530315,9,Ankle boot,UMAP
13.134008,1.2050772,1,Trouser,UMAP
-1.1435148,6.1469064,7,Sneaker,UMAP
-0.59298515,6.5423326,7,Sneaker,UMAP
10.733625,7.427968,4,Coat,UMAP
-1.4020973,7.2153363,5,Sandal,UMAP
11.535501,6.670095,8,Bag,UMAP
8.746795,9.038511,2,Pullover,UMAP
2.5205474,9.058267,5,Sandal,UMAP
8.2919855,7.9632096,2,Pullover,UMAP
8.4590435,3.2825406,3,Dress,UMAP
3.010864,9.5203085,5,Sandal,UMAP
8.389669,7.851116,2,Pullover,UMAP
7.4684105,2.7030447,0,T-shirt/top,UMAP
9.584567,7.0278583,2,Pullover,UMAP
11.696524,1.5361434,1,Trouser,UMAP
-1.0186641,7.730799,7,Sneaker,UMAP
7.43052,2.5896404,0,T-shirt/top,UMAP
1.5593318,10.454923,9,Ankle boot,UMAP
-1.1067646,6.8295937,7,Sneaker,UMAP
9.578589,9.508066,6,Shirt,UMAP
8.465091,8.608264,6,Shirt,UMAP
1.4823128,10.25927,9,Ankle boot,UMAP
9.743328,7.3124766,2,Pullover,UMAP
8.595519,8.843329,2,Pullover,UMAP
10.024378,5.820302,4,Coat,UMAP
11.103593,4.172519,3,Dress,UMAP
12.1702175,2.9872112,3,Dress,UMAP
9.975644,5.2154717,2,Pullover,UMAP
1.3597248,6.703653,8,Bag,UMAP
9.017893,3.2151823,0,T-shirt/top,UMAP
9.639275,5.8796496,4,Coat,UMAP
7.7149,7.4515233,2,Pullover,UMAP
8.287282,2.603182,0,T-shirt/top,UMAP
-0.3907673,9.188648,7,Sneaker,UMAP
8.263639,6.9653506,6,Shirt,UMAP
1.3399954,8.651337,5,Sandal,UMAP
9.991673,8.918328,4,Coat,UMAP
8.667779,3.0221663,0,T-shirt/top,UMAP
9.012417,8.037541,4,Coat,UMAP
8.528093,8.801827,2,Pullover,UMAP
9.629897,7.466172,4,Coat,UMAP
2.0928082,9.418763,9,Ankle boot,UMAP
1.7769442,9.550616,9,Ankle boot,UMAP
9.273005,6.0938444,1,Trouser,UMAP
7.9597416,3.031921,0,T-shirt/top,UMAP
2.1354687,9.254741,5,Sandal,UMAP
12.699129,1.3847842,1,Trouser,UMAP
3.0620785,9.7514925,5,Sandal,UMAP
12.596064,2.5444086,1,Trouser,UMAP
10.129094,7.9534097,2,Pullover,UMAP
10.891207,6.503135,8,Bag,UMAP
12.104727,3.8760345,3,Dress,UMAP
11.117547,4.0838304,6,Shirt,UMAP
11.730906,3.2868643,1,Trouser,UMAP
8.75589,4.9671426,3,Dress,UMAP
11.900145,4.1431775,3,Dress,UMAP
12.53748,2.580447,1,Trouser,UMAP
1.3210696,10.109044,9,Ankle boot,UMAP
-1.8226273,6.2119174,7,Sneaker,UMAP
8.535168,7.76857,4,Coat,UMAP
9.985919,6.591205,4,Coat,UMAP
11.6083355,1.6720989,1,Trouser,UMAP
7.6672316,2.5141027,6,Shirt,UMAP
8.109405,8.188592,2,Pullover,UMAP
12.719041,2.191297,1,Trouser,UMAP
8.577765,6.566004,2,Pullover,UMAP
11.1463175,2.354772,1,Trouser,UMAP
11.433236,3.7256474,3,Dress,UMAP
11.308512,6.3648624,8,Bag,UMAP
1.8435224,9.251012,9,Ankle boot,UMAP
12.223405,2.6801713,1,Trouser,UMAP
8.74983,7.1475844,6,Shirt,UMAP
9.990038,5.0914903,3,Dress,UMAP
9.332827,8.078778,6,Shirt,UMAP
11.65851,1.4393,1,Trouser,UMAP
8.624245,7.582743,4,Coat,UMAP
8.594899,2.2061548,0,T-shirt/top,UMAP
8.018996,2.3356743,0,T-shirt/top,UMAP
0.0094550345,8.811215,7,Sneaker,UMAP
9.029467,7.440648,6,Shirt,UMAP
8.009888,2.3248324,0,T-shirt/top,UMAP
8.9222145,7.7278814,6,Shirt,UMAP
12.236123,2.2924955,1,Trouser,UMAP
1.6914458,9.413585,9,Ankle boot,UMAP
11.678257,3.2862792,3,Dress,UMAP
8.260914,3.1062167,0,T-shirt/top,UMAP
10.405275,8.693799,2,Pullover,UMAP
6.0875096,7.518434,8,Bag,UMAP
9.54615,7.7591496,6,Shirt,UMAP
2.4684145,10.2657795,5,Sandal,UMAP
10.162817,7.397834,4,Coat,UMAP
8.574204,8.778767,2,Pullover,UMAP
9.875702,8.499453,4,Coat,UMAP
10.653336,7.1301775,1,Trouser,UMAP
-1.8481518,6.786521,7,Sneaker,UMAP
9.613461,7.3708816,2,Pullover,UMAP
5.9449067,7.7382183,8,Bag,UMAP
8.553928,2.2065468,0,T-shirt/top,UMAP
1.3998985,8.934034,9,Ankle boot,UMAP
-1.7583488,6.9043107,5,Sandal,UMAP
10.008341,6.2863154,4,Coat,UMAP
11.923257,1.4802998,1,Trouser,UMAP
-0.33641064,5.903547,5,Sandal,UMAP
9.308552,9.953745,4,Coat,UMAP
11.240087,3.6601274,3,Dress,UMAP
9.042233,9.237767,2,Pullover,UMAP
10.537344,7.524688,4,Coat,UMAP
8.261563,7.756468,2,Pullover,UMAP
1.5895852,7.444593,8,Bag,UMAP
7.6413436,2.7402618,6,Shirt,UMAP
10.353115,3.7632067,1,Trouser,UMAP
6.6459413,7.2135673,8,Bag,UMAP
-1.6381052,5.416318,5,Sandal,UMAP
7.3976517,6.888141,6,Shirt,UMAP
0.40620676,7.4756317,5,Sandal,UMAP
9.772001,9.221701,4,Coat,UMAP
10.548054,4.6707363,3,Dress,UMAP
9.10481,7.5472326,6,Shirt,UMAP
0.6635946,9.206761,9,Ankle boot,UMAP
8.689947,7.432823,4,Coat,UMAP
12.154003,3.7567675,1,Trouser,UMAP
0.14124517,7.5696797,5,Sandal,UMAP
-1.2453651,7.666905,7,Sneaker,UMAP
0.4409833,8.215373,7,Sneaker,UMAP
7.878239,7.837931,2,Pullover,UMAP
10.229862,3.3762383,3,Dress,UMAP
9.825353,6.082178,4,Coat,UMAP
-0.30904955,6.550245,5,Sandal,UMAP
9.798586,4.961112,3,Dress,UMAP
-0.37472194,8.394693,7,Sneaker,UMAP
-0.41813335,9.16998,7,Sneaker,UMAP
1.9903879,10.500459,9,Ankle boot,UMAP
-0.6567129,8.310107,7,Sneaker,UMAP
2.529755,9.334948,5,Sandal,UMAP
-0.61285645,6.317902,7,Sneaker,UMAP
10.277886,7.5323224,8,Bag,UMAP
10.103953,7.5461416,2,Pullover,UMAP
8.657961,7.3667173,2,Pullover,UMAP
11.510548,6.4593205,8,Bag,UMAP
9.853829,5.1980658,3,Dress,UMAP
9.765967,7.784194,2,Pullover,UMAP
8.554493,6.927481,3,Dress,UMAP
12.055243,1.2762239,1,Trouser,UMAP
9.843335,3.1103137,6,Shirt,UMAP
10.928052,2.6556165,3,Dress,UMAP
8.783268,9.118993,4,Coat,UMAP
1.5506771,10.311853,9,Ankle boot,UMAP
11.560565,3.6042643,0,T-shirt/top,UMAP
12.538265,2.838882,1,Trouser,UMAP
0.98287475,8.07864,9,Ankle boot,UMAP
10.687338,3.107614,3,Dress,UMAP
6.2918334,7.33534,8,Bag,UMAP
9.366131,2.6578496,0,T-shirt/top,UMAP
8.720823,2.9095094,3,Dress,UMAP
9.438465,5.0625873,4,Coat,UMAP
10.003516,5.319579,4,Coat,UMAP
6.1954293,7.1641684,8,Bag,UMAP
1.8510484,9.12062,5,Sandal,UMAP
6.1081457,7.594133,8,Bag,UMAP
8.685921,2.1425526,3,Dress,UMAP
-1.7644706,5.4783854,5,Sandal,UMAP
10.449031,8.735944,4,Coat,UMAP
10.241257,8.615262,4,Coat,UMAP
13.013087,1.4044942,1,Trouser,UMAP
0.14759262,8.912398,7,Sneaker,UMAP
-1.1361556,6.105215,7,Sneaker,UMAP
8.0130625,8.112383,2,Pullover,UMAP
9.430183,4.749895,6,Shirt,UMAP
8.892069,2.3282104,0,T-shirt/top,UMAP
8.949577,2.3509102,6,Shirt,UMAP
10.964711,4.438146,6,Shirt,UMAP
11.53974,1.3978919,1,Trouser,UMAP
0.23022977,8.43424,9,Ankle boot,UMAP
8.939398,7.399277,6,Shirt,UMAP
2.876475,6.6460156,6,Shirt,UMAP
0.20082174,8.341425,7,Sneaker,UMAP
7.500012,6.9202375,2,Pullover,UMAP
9.067584,6.8437643,2,Pullover,UMAP
9.779866,4.582131,4,Coat,UMAP
9.056635,7.4653544,6,Shirt,UMAP
8.969261,6.185513,6,Shirt,UMAP
11.568565,3.8039978,0,T-shirt/top,UMAP
11.7874365,3.2041652,1,Trouser,UMAP
-1.6504011,5.3891044,5,Sandal,UMAP
7.3547115,6.686821,8,Bag,UMAP
-0.03221744,7.0114326,5,Sandal,UMAP
9.001655,5.7830796,3,Dress,UMAP
-1.3162767,5.642496,5,Sandal,UMAP
-1.1505041,7.133873,7,Sneaker,UMAP
12.154927,1.5509256,1,Trouser,UMAP
0.88181883,8.175423,9,Ankle boot,UMAP
2.6007164,6.8553185,8,Bag,UMAP
10.99225,3.4078875,1,Trouser,UMAP
8.054271,6.2274528,6,Shirt,UMAP
11.526828,1.3520216,1,Trouser,UMAP
7.4131875,6.525979,6,Shirt,UMAP
8.03957,2.9756691,6,Shirt,UMAP
0.066494755,8.374239,9,Ankle boot,UMAP
9.574991,6.0344863,2,Pullover,UMAP
12.2269745,3.3571792,3,Dress,UMAP
2.1223621,10.533978,9,Ankle boot,UMAP
-1.73784,6.2543707,7,Sneaker,UMAP
13.132994,1.2262644,1,Trouser,UMAP
12.424751,1.5651428,1,Trouser,UMAP
8.9838,6.656882,4,Coat,UMAP
11.285025,6.32821,8,Bag,UMAP
-0.32111052,6.157706,5,Sandal,UMAP
1.2890065,10.117016,9,Ankle boot,UMAP
8.941146,2.2550588,0,T-shirt/top,UMAP
0.7670186,8.09985,8,Bag,UMAP
8.598122,2.0826771,0,T-shirt/top,UMAP
1.844289,9.313958,9,Ankle boot,UMAP
1.205159,7.408724,5,Sandal,UMAP
9.868596,8.253974,4,Coat,UMAP
0.3310841,8.91801,9,Ankle boot,UMAP
-1.1005211,6.694509,7,Sneaker,UMAP
-0.49299136,7.069824,9,Ankle boot,UMAP
10.737825,3.7514067,1,Trouser,UMAP
-1.6532266,7.076517,7,Sneaker,UMAP
9.2097435,8.953214,2,Pullover,UMAP
11.36138,2.6347635,3,Dress,UMAP
2.9678547,9.851558,5,Sandal,UMAP
6.6166415,7.220501,8,Bag,UMAP
0.5003594,7.310331,5,Sandal,UMAP
9.76219,5.341142,3,Dress,UMAP
8.121164,3.6343057,6,Shirt,UMAP
8.175377,3.0660129,6,Shirt,UMAP
1.5503258,7.324004,7,Sneaker,UMAP
1.800255,8.457176,5,Sandal,UMAP
8.934154,6.6342483,3,Dress,UMAP
9.810048,9.58469,4,Coat,UMAP
9.377315,4.4285583,3,Dress,UMAP
-1.3666162,6.8235707,7,Sneaker,UMAP
8.72657,8.210573,4,Coat,UMAP
9.57272,5.8365493,4,Coat,UMAP
11.878033,1.6354423,1,Trouser,UMAP
7.891235,6.7851815,8,Bag,UMAP
7.778363,3.5640168,4,Coat,UMAP
11.051387,2.6627672,0,T-shirt/top,UMAP
0.7364095,9.499679,9,Ankle boot,UMAP
-1.7956301,6.713842,7,Sneaker,UMAP
1.3516322,7.490561,7,Sneaker,UMAP
8.166094,8.288848,2,Pullover,UMAP
11.867714,1.7486573,1,Trouser,UMAP
10.988032,3.9049487,3,Dress,UMAP
8.002107,2.1136112,0,T-shirt/top,UMAP
8.512663,8.667556,4,Coat,UMAP
7.940917,3.5568755,6,Shirt,UMAP
11.174618,6.4869595,8,Bag,UMAP
-1.6037407,6.952004,7,Sneaker,UMAP
8.892447,3.5782785,0,T-shirt/top,UMAP
-0.29524505,7.730819,9,Ankle boot,UMAP
9.341514,2.9144795,6,Shirt,UMAP
0.56302506,7.31368,5,Sandal,UMAP
0.5155366,8.825919,9,Ankle boot,UMAP
10.343518,8.327705,4,Coat,UMAP
9.620289,5.642896,3,Dress,UMAP
9.779139,8.983348,4,Coat,UMAP
2.2426896,6.912772,8,Bag,UMAP
10.953532,4.3663144,1,Trouser,UMAP
-1.8485256,6.834164,7,Sneaker,UMAP
2.1094575,6.4922113,8,Bag,UMAP
10.187682,7.915653,6,Shirt,UMAP
10.303428,8.017269,4,Coat,UMAP
10.560049,3.697184,3,Dress,UMAP
9.481043,8.05227,4,Coat,UMAP
7.813124,6.302283,3,Dress,UMAP
-0.4346216,6.438354,7,Sneaker,UMAP
8.867522,7.5264378,8,Bag,UMAP
11.5050335,3.7645195,3,Dress,UMAP
8.211,7.064271,2,Pullover,UMAP
1.6851898,8.951999,9,Ankle boot,UMAP
11.795324,4.0865383,3,Dress,UMAP
10.887991,3.0381186,3,Dress,UMAP
-0.53681445,8.728781,7,Sneaker,UMAP
11.736029,3.736145,3,Dress,UMAP
0.509214,9.338135,9,Ankle boot,UMAP
8.863452,9.3714,2,Pullover,UMAP
12.592007,3.5750482,1,Trouser,UMAP
9.515649,8.841392,2,Pullover,UMAP
1.2856308,9.23201,9,Ankle boot,UMAP
8.000173,7.577566,6,Shirt,UMAP
11.428879,2.243154,1,Trouser,UMAP
8.393698,8.495344,4,Coat,UMAP
8.076302,2.3253016,0,T-shirt/top,UMAP
10.45654,7.9530635,4,Coat,UMAP
11.294856,4.0505514,3,Dress,UMAP
9.676785,8.699234,2,Pullover,UMAP
9.740512,5.5316024,3,Dress,UMAP
11.956784,2.8174555,1,Trouser,UMAP
8.692518,8.671059,4,Coat,UMAP
11.654346,3.7738085,3,Dress,UMAP
-1.7249748,5.4215083,5,Sandal,UMAP
0.529802,8.316561,9,Ankle boot,UMAP
8.758325,7.101411,2,Pullover,UMAP
-1.0593729,6.1939373,7,Sneaker,UMAP
-1.246151,7.6597095,7,Sneaker,UMAP
8.434705,3.877909,0,T-shirt/top,UMAP
8.466988,7.9038105,2,Pullover,UMAP
0.90235054,9.367461,9,Ankle boot,UMAP
8.441796,8.710414,2,Pullover,UMAP
10.122533,5.6153965,4,Coat,UMAP
9.142882,8.592782,4,Coat,UMAP
0.18680955,8.497442,9,Ankle boot,UMAP
11.478316,2.2691371,1,Trouser,UMAP
8.569295,3.8742962,0,T-shirt/top,UMAP
1.4476306,7.757864,7,Sneaker,UMAP
1.8397881,8.459078,5,Sandal,UMAP
8.082071,8.240236,1,Trouser,UMAP
2.6503088,9.230244,5,Sandal,UMAP
-1.4742458,7.2363544,7,Sneaker,UMAP
8.039114,6.6532373,4,Coat,UMAP
8.218941,6.8955083,6,Shirt,UMAP
6.1199617,7.0986896,8,Bag,UMAP
11.741881,3.820149,3,Dress,UMAP
1.6849493,9.771127,5,Sandal,UMAP
11.556163,2.1979501,1,Trouser,UMAP
9.159367,2.6873412,0,T-shirt/top,UMAP
1.9196328,8.659225,9,Ankle boot,UMAP
-0.11354112,6.8252497,5,Sandal,UMAP
7.7499804,7.4280567,2,Pullover,UMAP
11.8671875,1.6394676,1,Trouser,UMAP
2.7285078,9.062869,5,Sandal,UMAP
8.373072,7.939893,4,Coat,UMAP
1.4568212,8.886525,9,Ankle boot,UMAP
0.3958786,7.98579,5,Sandal,UMAP
2.0003054,6.5086308,8,Bag,UMAP
8.216341,6.473281,4,Coat,UMAP
1.7340769,9.254276,5,Sandal,UMAP
6.3168864,7.375375,8,Bag,UMAP
-0.7338133,6.26721,7,Sneaker,UMAP
9.592544,9.707074,2,Pullover,UMAP
10.707525,4.290876,1,Trouser,UMAP
0.23014913,8.626948,7,Sneaker,UMAP
11.787288,4.2679024,0,T-shirt/top,UMAP
11.556411,4.265299,3,Dress,UMAP
8.799392,7.585907,6,Shirt,UMAP
1.7375677,10.162198,9,Ankle boot,UMAP
7.788592,3.1087697,0,T-shirt/top,UMAP
8.035011,6.551027,2,Pullover,UMAP
11.282669,4.264175,6,Shirt,UMAP
1.765816,8.895041,5,Sandal,UMAP
11.537532,1.5050126,1,Trouser,UMAP
12.608886,2.295461,1,Trouser,UMAP
9.778177,9.606026,2,Pullover,UMAP
9.264754,7.2607803,6,Shirt,UMAP
2.5547013,6.8128176,8,Bag,UMAP
7.9485154,2.542839,0,T-shirt/top,UMAP
-1.0544379,6.2128863,7,Sneaker,UMAP
11.929145,2.158394,1,Trouser,UMAP
0.8596538,8.436622,7,Sneaker,UMAP
9.6544075,4.756688,3,Dress,UMAP
12.114701,1.3864658,1,Trouser,UMAP
12.367945,1.805242,1,Trouser,UMAP
8.709998,7.0691066,4,Coat,UMAP
0.6928213,8.120665,8,Bag,UMAP
1.4094146,10.000317,9,Ankle boot,UMAP
9.539659,7.3009195,4,Coat,UMAP
2.2980597,9.568041,9,Ankle boot,UMAP
9.464133,5.784699,3,Dress,UMAP
8.853187,8.347543,4,Coat,UMAP
12.037013,1.2828424,1,Trouser,UMAP
7.7328105,2.6423037,0,T-shirt/top,UMAP
11.853262,2.3569777,1,Trouser,UMAP
-0.990055,7.4304657,5,Sandal,UMAP
8.745653,8.209395,6,Shirt,UMAP
-0.7140425,8.853987,7,Sneaker,UMAP
9.002798,6.2977905,3,Dress,UMAP
1.037991,9.625543,9,Ankle boot,UMAP
-1.069777,7.5046034,7,Sneaker,UMAP
9.152256,6.5782294,8,Bag,UMAP
11.615881,1.5495642,1,Trouser,UMAP
2.1874075,10.446039,9,Ankle boot,UMAP
1.9789121,8.876984,9,Ankle boot,UMAP
9.95524,5.023368,4,Coat,UMAP
8.055285,3.670629,0,T-shirt/top,UMAP
9.426596,8.875294,4,Coat,UMAP
9.040052,8.557414,0,T-shirt/top,UMAP
8.408498,6.6756835,2,Pullover,UMAP
12.37348,3.2502594,3,Dress,UMAP
8.979959,7.38924,6,Shirt,UMAP
2.051901,10.376189,5,Sandal,UMAP
3.3779354,6.959996,8,Bag,UMAP
0.4372203,7.840524,5,Sandal,UMAP
0.46798748,8.686879,9,Ankle boot,UMAP
3.0173876,9.520476,5,Sandal,UMAP
7.7386723,7.291033,2,Pullover,UMAP
-0.31327155,5.952896,5,Sandal,UMAP
6.095708,7.525054,8,Bag,UMAP
9.072814,6.85021,8,Bag,UMAP
8.497127,8.680376,2,Pullover,UMAP
8.024407,7.248117,2,Pullover,UMAP
6.480164,7.3379145,8,Bag,UMAP
-1.1489373,6.582497,7,Sneaker,UMAP
1.5714206,6.662795,8,Bag,UMAP
1.0102038,8.717505,9,Ankle boot,UMAP
10.722939,8.252073,2,Pullover,UMAP
8.03194,2.0970428,0,T-shirt/top,UMAP
-0.6013669,7.544387,8,Bag,UMAP
-1.7850126,6.784272,7,Sneaker,UMAP
9.31142,7.6958513,6,Shirt,UMAP
12.632802,1.6960307,1,Trouser,UMAP
8.101729,2.8588922,0,T-shirt/top,UMAP
11.1381855,6.559536,8,Bag,UMAP
11.37003,3.8966181,3,Dress,UMAP
-0.4591412,5.704168,5,Sandal,UMAP
8.370933,6.610804,4,Coat,UMAP
12.976954,1.4235269,1,Trouser,UMAP
7.8785734,1.967236,0,T-shirt/top,UMAP
10.989279,3.2215674,3,Dress,UMAP
1.6775942,9.967777,9,Ankle boot,UMAP
9.737188,9.251523,6,Shirt,UMAP
0.19615553,8.541404,9,Ankle boot,UMAP
1.8959473,6.614743,8,Bag,UMAP
9.355197,9.426159,4,Coat,UMAP
7.8163114,3.649566,3,Dress,UMAP
12.056549,1.3348097,1,Trouser,UMAP
2.1180787,10.499447,9,Ankle boot,UMAP
2.294736,6.5826116,8,Bag,UMAP
7.5963764,6.074942,0,T-shirt/top,UMAP
10.903264,6.5539827,8,Bag,UMAP
-1.8062714,6.4395127,7,Sneaker,UMAP
-0.3585577,6.880262,0,T-shirt/top,UMAP
10.672758,3.1344552,3,Dress,UMAP
11.639484,4.1942077,3,Dress,UMAP
9.297497,9.24308,4,Coat,UMAP
7.2528253,7.1616497,8,Bag,UMAP
8.998971,7.430047,6,Shirt,UMAP
11.661466,1.4576274,1,Trouser,UMAP
12.545323,3.196658,3,Dress,UMAP
12.833689,1.3643991,1,Trouser,UMAP
-1.4729797,7.4924464,7,Sneaker,UMAP
12.575084,2.4757907,1,Trouser,UMAP
0.40684265,6.853969,5,Sandal,UMAP
8.947622,7.926357,6,Shirt,UMAP
9.81306,2.9228678,0,T-shirt/top,UMAP
11.211573,3.6028373,3,Dress,UMAP
9.147314,6.838775,8,Bag,UMAP
11.451427,6.374497,8,Bag,UMAP
8.984508,9.310753,2,Pullover,UMAP
11.5235815,2.4534514,1,Trouser,UMAP
0.9122572,8.542555,9,Ankle boot,UMAP
3.4313304,7.316983,8,Bag,UMAP
8.944671,7.955311,4,Coat,UMAP
9.718229,7.433073,2,Pullover,UMAP
8.201699,3.0968428,3,Dress,UMAP
-0.50839514,6.031888,5,Sandal,UMAP
9.224995,6.6965837,8,Bag,UMAP
11.701409,3.8149543,0,T-shirt/top,UMAP
8.48849,3.3324726,6,Shirt,UMAP
7.85538,6.286375,2,Pullover,UMAP
12.84324,1.4029597,1,Trouser,UMAP
-0.3226377,7.287525,5,Sandal,UMAP
2.3552377,9.837522,9,Ankle boot,UMAP
8.114458,2.2861097,0,T-shirt/top,UMAP
-0.5360461,9.049384,7,Sneaker,UMAP
8.165445,6.623774,2,Pullover,UMAP
7.5972066,2.7678444,6,Shirt,UMAP
8.287688,1.9516548,0,T-shirt/top,UMAP
8.235174,2.84952,0,T-shirt/top,UMAP
11.503113,6.624179,8,Bag,UMAP
1.7178168,9.364172,9,Ankle boot,UMAP
1.2068332,8.735669,9,Ankle boot,UMAP
10.07995,7.926889,4,Coat,UMAP
8.797751,6.5524325,6,Shirt,UMAP
-1.4226964,7.2495246,7,Sneaker,UMAP
9.244192,5.4188485,3,Dress,UMAP
11.692809,1.9187585,1,Trouser,UMAP
9.345419,7.881102,6,Shirt,UMAP
0.54169166,7.624672,5,Sandal,UMAP
8.186087,3.6807306,0,T-shirt/top,UMAP
9.62734,9.774409,4,Coat,UMAP
9.678029,9.055244,6,Shirt,UMAP
8.293239,7.36259,6,Shirt,UMAP
-0.82363737,6.8819447,5,Sandal,UMAP
1.5068195,9.209847,5,Sandal,UMAP
11.357404,6.321728,8,Bag,UMAP
9.0877495,7.334096,2,Pullover,UMAP
9.108003,6.155724,4,Coat,UMAP
9.301953,7.370915,2,Pullover,UMAP
11.46329,6.436989,8,Bag,UMAP
8.806278,2.3563519,6,Shirt,UMAP
7.7535915,3.107514,0,T-shirt/top,UMAP
3.229152,6.897215,8,Bag,UMAP
8.157085,2.2013688,0,T-shirt/top,UMAP
8.766413,8.284404,4,Coat,UMAP
2.155256,7.060219,8,Bag,UMAP
-0.09401406,6.4225044,5,Sandal,UMAP
1.6209495,10.418647,9,Ankle boot,UMAP
7.987054,7.8898582,6,Shirt,UMAP
12.362989,1.993348,1,Trouser,UMAP
7.5096636,3.0134053,6,Shirt,UMAP
0.26716077,7.74311,5,Sandal,UMAP
12.460981,1.8634644,1,Trouser,UMAP
11.533886,4.2652755,1,Trouser,UMAP
11.305045,6.6331224,8,Bag,UMAP
1.8200032,7.0712914,8,Bag,UMAP
2.085722,6.6312504,8,Bag,UMAP
-1.0570452,6.8197975,7,Sneaker,UMAP
12.027553,2.475302,3,Dress,UMAP
10.738839,3.7216918,1,Trouser,UMAP
-1.0396426,7.244989,7,Sneaker,UMAP
2.2895525,9.43554,9,Ankle boot,UMAP
2.6579547,9.330788,5,Sandal,UMAP
1.4850479,9.451758,9,Ankle boot,UMAP
0.27880365,8.928094,9,Ankle boot,UMAP
8.588296,3.3208447,0,T-shirt/top,UMAP
2.4858134,9.160684,9,Ankle boot,UMAP
0.5541287,8.685526,9,Ankle boot,UMAP
-1.5391895,5.381721,5,Sandal,UMAP
0.4677362,8.733935,9,Ankle boot,UMAP
9.9795475,2.975503,3,Dress,UMAP
11.52267,1.4272021,1,Trouser,UMAP
8.4882345,3.3316453,3,Dress,UMAP
6.3152385,7.4442844,8,Bag,UMAP
-0.3821921,8.065534,7,Sneaker,UMAP
9.155479,2.745826,3,Dress,UMAP
-1.692396,5.388576,5,Sandal,UMAP
-1.6452136,5.3525934,5,Sandal,UMAP
12.634574,2.6572604,6,Shirt,UMAP
2.2361698,10.450336,9,Ankle boot,UMAP
8.43839,2.0480556,0,T-shirt/top,UMAP
7.8192987,7.441195,2,Pullover,UMAP
0.6152424,7.2461863,7,Sneaker,UMAP
11.789598,2.594199,6,Shirt,UMAP
11.85055,3.924737,3,Dress,UMAP
9.838213,6.2676578,4,Coat,UMAP
8.426275,2.1192415,0,T-shirt/top,UMAP
8.003571,3.1704679,0,T-shirt/top,UMAP
3.584424,7.035316,8,Bag,UMAP
0.42358804,8.556281,9,Ankle boot,UMAP
13.010532,1.5082897,1,Trouser,UMAP
9.548702,4.555101,3,Dress,UMAP
-0.3724184,9.036287,7,Sneaker,UMAP
2.2067704,10.404316,9,Ankle boot,UMAP
0.18801929,7.178342,9,Ankle boot,UMAP
11.543289,6.587342,8,Bag,UMAP
12.148235,4.190994,8,Bag,UMAP
8.609969,7.0955358,4,Coat,UMAP
-0.9239463,6.9902673,7,Sneaker,UMAP
2.7369883,9.037046,5,Sandal,UMAP
12.514289,1.7668812,1,Trouser,UMAP
0.56973565,8.426508,9,Ankle boot,UMAP
-1.2539989,7.7037053,7,Sneaker,UMAP
-1.4215823,6.8115797,7,Sneaker,UMAP
-0.6075047,5.589339,5,Sandal,UMAP
10.001358,8.053949,4,Coat,UMAP
0.8070195,8.063104,9,Ankle boot,UMAP
12.168923,3.0965297,3,Dress,UMAP
9.87034,3.057744,0,T-shirt/top,UMAP
10.726023,8.233805,2,Pullover,UMAP
-1.094765,7.3562737,7,Sneaker,UMAP
8.422582,2.547893,0,T-shirt/top,UMAP
7.700582,6.7290897,4,Coat,UMAP
10.139685,4.1420393,4,Coat,UMAP
6.1046515,7.113361,8,Bag,UMAP
12.31235,3.4931138,3,Dress,UMAP
12.004336,3.8336053,3,Dress,UMAP
0.77351654,8.868285,9,Ankle boot,UMAP
8.227053,8.09634,2,Pullover,UMAP
7.7222457,3.219015,6,Shirt,UMAP
10.850436,3.6723135,1,Trouser,UMAP
-0.72432923,6.4554443,7,Sneaker,UMAP
-0.045511737,6.4479303,5,Sandal,UMAP
0.83239675,8.813977,9,Ankle boot,UMAP
-1.1280401,6.842363,7,Sneaker,UMAP
9.770891,6.295545,4,Coat,UMAP
9.485675,8.290032,4,Coat,UMAP
-0.45026237,5.7476926,5,Sandal,UMAP
9.796178,9.82344,4,Coat,UMAP
-0.1521649,8.919476,7,Sneaker,UMAP
0.08007678,7.6488495,9,Ankle boot,UMAP
1.8810706,9.248735,9,Ankle boot,UMAP
0.44673133,7.6151285,5,Sandal,UMAP
1.2436589,9.475827,9,Ankle boot,UMAP
0.2588071,8.410141,9,Ankle boot,UMAP
8.341813,1.8935466,0,T-shirt/top,UMAP
12.362844,1.5799718,1,Trouser,UMAP
11.676597,2.8894737,1,Trouser,UMAP
11.621495,1.6910372,1,Trouser,UMAP
-0.37618545,6.6943417,5,Sandal,UMAP
7.8589416,3.5948827,6,Shirt,UMAP
12.670966,2.1724114,1,Trouser,UMAP
11.629192,1.507953,1,Trouser,UMAP
1.6826916,6.6478233,8,Bag,UMAP
8.905013,3.2833993,6,Shirt,UMAP
11.480344,1.263179,1,Trouser,UMAP
-1.4527379,6.6996446,7,Sneaker,UMAP
9.358592,9.612642,2,Pullover,UMAP
12.758861,1.5317202,1,Trouser,UMAP
12.395799,3.3906841,8,Bag,UMAP
8.079943,8.35432,6,Shirt,UMAP
9.304682,8.067948,4,Coat,UMAP
11.836338,2.1978831,1,Trouser,UMAP
-0.53158593,8.675425,9,Ankle boot,UMAP
9.917808,7.961012,2,Pullover,UMAP
-1.7570006,6.5842414,7,Sneaker,UMAP
12.005133,1.7149005,1,Trouser,UMAP
3.0041575,9.87811,5,Sandal,UMAP
8.21225,3.5031288,6,Shirt,UMAP
-0.8105694,7.824225,7,Sneaker,UMAP
8.203502,7.5380955,4,Coat,UMAP
8.284117,3.79764,3,Dress,UMAP
9.459528,5.19481,2,Pullover,UMAP
0.60817635,7.948189,5,Sandal,UMAP
7.5783453,2.797626,0,T-shirt/top,UMAP
2.109972,6.9359365,8,Bag,UMAP
9.27256,2.3268821,0,T-shirt/top,UMAP
7.525922,2.9975924,0,T-shirt/top,UMAP
12.04863,1.2902188,1,Trouser,UMAP
12.564163,1.8070254,1,Trouser,UMAP
9.088779,3.2177665,0,T-shirt/top,UMAP
11.22634,6.484967,8,Bag,UMAP
1.2998214,9.008219,9,Ankle boot,UMAP
0.43609512,8.775939,9,Ankle boot,UMAP
1.821368,6.9319997,8,Bag,UMAP
9.186894,4.757956,1,Trouser,UMAP
10.019022,7.5181007,6,Shirt,UMAP
0.92943436,9.086305,9,Ankle boot,UMAP
-1.5101902,7.227974,7,Sneaker,UMAP
7.1514626,7.5033846,6,Shirt,UMAP
9.070364,7.445756,6,Shirt,UMAP
1.1122202,9.900778,9,Ankle boot,UMAP
-0.7392961,8.930749,7,Sneaker,UMAP
-1.7217777,5.397277,5,Sandal,UMAP
9.702199,2.6756325,3,Dress,UMAP
2.3355145,9.833631,9,Ankle boot,UMAP
8.677942,7.686661,6,Shirt,UMAP
11.391114,2.1853244,1,Trouser,UMAP
11.734321,3.9598167,3,Dress,UMAP
7.3817506,7.0810347,2,Pullover,UMAP
8.144008,7.0265045,2,Pullover,UMAP
8.037355,3.5448606,6,Shirt,UMAP
-1.168506,6.9569974,7,Sneaker,UMAP
1.7821993,10.132613,9,Ankle boot,UMAP
0.6624978,8.730545,9,Ankle boot,UMAP
11.610129,3.8223715,3,Dress,UMAP
9.100077,7.386501,6,Shirt,UMAP
8.476154,7.2985163,2,Pullover,UMAP
8.583227,5.608587,4,Coat,UMAP
8.258551,7.815798,2,Pullover,UMAP
0.8405249,8.233631,8,Bag,UMAP
11.481055,4.1830215,0,T-shirt/top,UMAP
-0.22968759,7.7056108,9,Ankle boot,UMAP
1.3861023,8.668954,9,Ankle boot,UMAP
7.5716076,3.2386594,6,Shirt,UMAP
9.716092,8.188854,4,Coat,UMAP
12.429385,2.2423973,1,Trouser,UMAP
9.170076,8.4395685,4,Coat,UMAP
8.906008,3.9236734,0,T-shirt/top,UMAP
6.1319017,7.127528,8,Bag,UMAP
8.761536,8.219852,4,Coat,UMAP
9.941375,7.213944,6,Shirt,UMAP
-1.2082884,7.0899677,7,Sneaker,UMAP
2.2195213,10.398956,9,Ankle boot,UMAP
6.16596,7.4795218,8,Bag,UMAP
1.9929976,8.651536,5,Sandal,UMAP
9.033947,5.9841156,3,Dress,UMAP
8.568824,3.6864152,0,T-shirt/top,UMAP
10.694508,8.347488,6,Shirt,UMAP
9.166705,9.790735,4,Coat,UMAP
10.75846,7.422777,2,Pullover,UMAP
8.265992,7.690864,8,Bag,UMAP
9.033748,5.936228,3,Dress,UMAP
9.867007,8.152942,2,Pullover,UMAP
10.634839,3.7772453,1,Trouser,UMAP
0.9291043,9.414733,9,Ankle boot,UMAP
11.537591,1.3325963,1,Trouser,UMAP
0.31596476,8.975236,9,Ankle boot,UMAP
8.512822,2.0802171,0,T-shirt/top,UMAP
7.700685,7.3483276,4,Coat,UMAP
11.401864,4.330419,3,Dress,UMAP
0.4391787,7.6384563,5,Sandal,UMAP
10.566599,8.573121,4,Coat,UMAP
7.4120245,7.020083,8,Bag,UMAP
10.551623,3.9013877,6,Shirt,UMAP
-1.8224598,6.2692313,7,Sneaker,UMAP
-0.93279165,7.60007,7,Sneaker,UMAP
12.045139,2.6675138,1,Trouser,UMAP
8.114639,2.4233136,0,T-shirt/top,UMAP
-1.4557443,6.2352505,7,Sneaker,UMAP
11.445486,4.404466,3,Dress,UMAP
10.0196,5.836968,2,Pullover,UMAP
7.81282,3.652225,0,T-shirt/top,UMAP
1.7832816,6.597946,8,Bag,UMAP
8.721287,7.688488,6,Shirt,UMAP
8.963636,7.477554,2,Pullover,UMAP
9.151097,3.048724,0,T-shirt/top,UMAP
13.048209,1.3815845,1,Trouser,UMAP
1.5211016,6.7097163,8,Bag,UMAP
9.425709,4.389751,3,Dress,UMAP
7.797231,2.4253714,0,T-shirt/top,UMAP
7.830789,6.1732264,6,Shirt,UMAP
1.3048749,6.688052,8,Bag,UMAP
2.44336,6.635638,8,Bag,UMAP
9.8722315,5.331382,4,Coat,UMAP
2.9954076,9.527011,5,Sandal,UMAP
0.89722586,9.330725,9,Ankle boot,UMAP
9.941569,4.7830606,3,Dress,UMAP
6.1871605,7.5477595,8,Bag,UMAP
8.0861635,2.310329,0,T-shirt/top,UMAP
-1.1392349,6.677675,7,Sneaker,UMAP
8.858074,9.109908,2,Pullover,UMAP
2.1489978,7.2544985,3,Dress,UMAP
-0.45222503,5.7019143,5,Sandal,UMAP
10.382824,6.24076,0,T-shirt/top,UMAP
9.715985,6.5469284,4,Coat,UMAP
8.173797,3.6207976,0,T-shirt/top,UMAP
0.4527118,7.497351,5,Sandal,UMAP
7.82566,7.6369543,2,Pullover,UMAP
0.28764588,8.504437,9,Ankle boot,UMAP
1.9583075,6.684149,8,Bag,UMAP
0.1817108,7.204124,5,Sandal,UMAP
1.5556093,8.073635,5,Sandal,UMAP
1.2620742,10.104227,9,Ankle boot,UMAP
10.3197975,4.7406883,3,Dress,UMAP
11.392679,2.3029437,1,Trouser,UMAP
12.509453,2.859251,1,Trouser,UMAP
9.384017,6.1475577,4,Coat,UMAP
9.457053,8.007237,4,Coat,UMAP
12.850519,1.322308,1,Trouser,UMAP
10.81405,3.3190172,3,Dress,UMAP
0.28172868,7.1821227,5,Sandal,UMAP
8.827591,3.6181183,0,T-shirt/top,UMAP
8.2310095,2.115506,0,T-shirt/top,UMAP
8.471872,3.2176614,3,Dress,UMAP
7.4338865,2.611263,0,T-shirt/top,UMAP
-0.40543175,5.893594,5,Sandal,UMAP
8.128612,2.6582718,6,Shirt,UMAP
0.7337228,9.002048,7,Sneaker,UMAP
9.645023,5.2613707,3,Dress,UMAP
-1.3123169,7.096361,7,Sneaker,UMAP
8.196834,6.740858,0,T-shirt/top,UMAP
1.6067742,8.78755,5,Sandal,UMAP
7.6339703,3.4116712,0,T-shirt/top,UMAP
9.22717,9.637114,2,Pullover,UMAP
5.8697906,7.788976,8,Bag,UMAP
2.939406,9.716644,5,Sandal,UMAP
9.205642,7.9542923,6,Shirt,UMAP
10.790667,7.0689325,2,Pullover,UMAP
8.989298,2.3918092,0,T-shirt/top,UMAP
0.94442785,9.573033,9,Ankle boot,UMAP
2.6050384,9.225116,5,Sandal,UMAP
10.478912,3.1564798,3,Dress,UMAP
8.327728,3.895584,0,T-shirt/top,UMAP
9.522911,7.2228336,6,Shirt,UMAP
-0.26328942,7.0682354,5,Sandal,UMAP
6.2615385,7.1974854,8,Bag,UMAP
1.2590023,6.754206,8,Bag,UMAP
11.550342,3.9852183,3,Dress,UMAP
8.307742,8.460335,0,T-shirt/top,UMAP
1.9953504,6.5586066,8,Bag,UMAP
9.534447,8.766591,4,Coat,UMAP
10.276566,9.148022,2,Pullover,UMAP
8.552988,8.3874855,4,Coat,UMAP
7.142087,6.7314935,6,Shirt,UMAP
10.938841,4.3236136,3,Dress,UMAP
-1.023161,6.920175,7,Sneaker,UMAP
-0.5681176,5.819551,5,Sandal,UMAP
11.219691,3.533377,3,Dress,UMAP
5.732144,7.8517995,8,Bag,UMAP
9.422956,2.7962,3,Dress,UMAP
8.59946,7.215116,4,Coat,UMAP
6.171739,7.7670135,8,Bag,UMAP
12.572402,2.6668198,8,Bag,UMAP
-1.1823475,7.775567,7,Sneaker,UMAP
0.28820783,8.138066,7,Sneaker,UMAP
-0.49009377,8.854076,7,Sneaker,UMAP
11.498511,6.304639,8,Bag,UMAP
-0.47708827,5.6749053,5,Sandal,UMAP
7.598495,7.003385,6,Shirt,UMAP
11.763382,4.1443872,1,Trouser,UMAP
9.214902,3.086263,0,T-shirt/top,UMAP
2.2342467,7.0580626,8,Bag,UMAP
9.692812,8.68095,4,Coat,UMAP
10.387934,3.9857273,1,Trouser,UMAP
2.237751,7.1539392,8,Bag,UMAP
-1.4501647,6.829509,7,Sneaker,UMAP
9.116359,2.9618716,6,Shirt,UMAP
11.676488,4.234912,0,T-shirt/top,UMAP
-0.24476856,6.816609,5,Sandal,UMAP
1.4904546,8.60331,9,Ankle boot,UMAP
8.380418,2.4653234,6,Shirt,UMAP
-1.3148578,6.9201684,7,Sneaker,UMAP
9.369454,6.7627892,8,Bag,UMAP
8.515118,3.1093943,6,Shirt,UMAP
-1.1595865,7.6016736,7,Sneaker,UMAP
9.530843,5.542359,4,Coat,UMAP
-0.55748093,6.46755,7,Sneaker,UMAP
1.2907935,7.4097652,5,Sandal,UMAP
9.488347,9.529298,2,Pullover,UMAP
6.176233,7.526641,8,Bag,UMAP
11.717244,1.5408165,1,Trouser,UMAP
-0.26366454,7.7399487,9,Ankle boot,UMAP
7.909877,2.1573155,0,T-shirt/top,UMAP
9.363791,5.46243,3,Dress,UMAP
0.1428533,6.6792393,7,Sneaker,UMAP
9.555682,9.701381,2,Pullover,UMAP
8.240601,2.5009866,0,T-shirt/top,UMAP
10.612796,8.448788,2,Pullover,UMAP
7.669459,6.3312373,2,Pullover,UMAP
2.046565,6.6207247,8,Bag,UMAP
11.644596,1.7418528,1,Trouser,UMAP
10.773049,6.859118,2,Pullover,UMAP
8.236651,8.259086,2,Pullover,UMAP
1.0907174,9.3353405,9,Ankle boot,UMAP
9.982906,6.5300903,4,Coat,UMAP
10.884319,3.4487674,6,Shirt,UMAP
11.370525,2.582263,1,Trouser,UMAP
9.637543,9.766166,2,Pullover,UMAP
10.626577,3.8447049,1,Trouser,UMAP
9.156299,2.6614063,0,T-shirt/top,UMAP
8.180494,5.8899035,6,Shirt,UMAP
10.134918,8.233232,4,Coat,UMAP
-1.6576581,5.3708754,5,Sandal,UMAP
9.973572,8.490614,2,Pullover,UMAP
5.8030853,7.8109913,8,Bag,UMAP
-1.3072107,7.4258356,7,Sneaker,UMAP
2.1263506,10.515537,9,Ankle boot,UMAP
10.11055,8.890891,4,Coat,UMAP
7.933445,6.370797,2,Pullover,UMAP
8.986475,9.747258,6,Shirt,UMAP
-1.7020255,5.9036093,5,Sandal,UMAP
8.764722,6.2554817,4,Coat,UMAP
7.6298933,3.312863,6,Shirt,UMAP
10.915825,6.5461893,8,Bag,UMAP
0.9435779,8.867074,9,Ankle boot,UMAP
10.808187,8.109055,2,Pullover,UMAP
0.5131885,8.361472,9,Ankle boot,UMAP
7.7843757,3.5491478,0,T-shirt/top,UMAP
8.412313,7.390172,2,Pullover,UMAP
11.591398,6.5222125,8,Bag,UMAP
9.066102,2.8185835,6,Shirt,UMAP
8.711477,8.169391,2,Pullover,UMAP
9.9864025,8.413505,4,Coat,UMAP
12.376617,1.9150954,1,Trouser,UMAP
2.693549,9.196339,5,Sandal,UMAP
8.956677,5.834057,2,Pullover,UMAP
-1.0572047,5.4744034,5,Sandal,UMAP
12.779895,2.3380437,1,Trouser,UMAP
2.92547,9.493307,5,Sandal,UMAP
8.363641,3.889804,6,Shirt,UMAP
11.92133,1.6485296,1,Trouser,UMAP
8.2178335,3.0598717,3,Dress,UMAP
6.36175,7.3837748,8,Bag,UMAP
8.078238,7.1595635,2,Pullover,UMAP
11.291045,3.0363417,0,T-shirt/top,UMAP
8.227968,7.7679963,2,Pullover,UMAP
9.021347,5.7912993,4,Coat,UMAP
10.989045,6.631708,0,T-shirt/top,UMAP
9.085157,7.7472053,2,Pullover,UMAP
9.759917,3.818789,3,Dress,UMAP
8.578177,7.843739,6,Shirt,UMAP
0.98159766,9.206103,9,Ankle boot,UMAP
1.4140002,8.608065,5,Sandal,UMAP
8.856745,3.276676,0,T-shirt/top,UMAP
7.933622,2.6064832,0,T-shirt/top,UMAP
11.555207,6.6364574,8,Bag,UMAP
10.541508,8.55502,6,Shirt,UMAP
8.558182,2.1084397,0,T-shirt/top,UMAP
-1.8201113,6.559187,7,Sneaker,UMAP
11.723009,1.543982,1,Trouser,UMAP
0.84380335,8.474768,7,Sneaker,UMAP
-0.6137495,7.5261135,8,Bag,UMAP
6.2539334,7.4516892,8,Bag,UMAP
10.468404,6.7677,4,Coat,UMAP
11.473144,2.2712834,1,Trouser,UMAP
2.524416,6.870392,8,Bag,UMAP
9.8396435,7.964338,4,Coat,UMAP
8.743938,7.470682,6,Shirt,UMAP
0.32721424,8.777072,5,Sandal,UMAP
2.097628,10.470494,9,Ankle boot,UMAP
10.804479,7.168877,2,Pullover,UMAP
12.461876,2.183097,1,Trouser,UMAP
12.406441,2.7382383,1,Trouser,UMAP
-1.6978195,5.388098,5,Sandal,UMAP
0.09101927,7.415748,5,Sandal,UMAP
11.495637,3.888279,3,Dress,UMAP
9.408425,9.179344,2,Pullover,UMAP
10.615847,8.423998,6,Shirt,UMAP
-1.4848137,7.194021,7,Sneaker,UMAP
11.839745,3.7242818,3,Dress,UMAP
-0.64321584,6.43001,7,Sneaker,UMAP
2.5399845,6.8650637,8,Bag,UMAP
7.5165734,3.0882757,0,T-shirt/top,UMAP
8.420705,8.110913,6,Shirt,UMAP
12.0934,3.9406598,1,Trouser,UMAP
12.673384,1.4263252,1,Trouser,UMAP
9.882044,9.751052,2,Pullover,UMAP
9.902494,8.0520525,4,Coat,UMAP
9.223623,3.0763574,3,Dress,UMAP
9.659574,5.9848824,6,Shirt,UMAP
11.391539,4.3205614,6,Shirt,UMAP
1.7497357,9.189422,9,Ankle boot,UMAP
8.660653,3.528893,0,T-shirt/top,UMAP
9.724322,3.0081735,3,Dress,UMAP
8.898515,8.549264,2,Pullover,UMAP
9.8136635,8.878136,4,Coat,UMAP
3.28844,6.9893556,8,Bag,UMAP
9.479877,7.208207,4,Coat,UMAP
-1.0550641,6.918392,7,Sneaker,UMAP
12.130549,1.4999422,1,Trouser,UMAP
1.4235137,10.3000965,9,Ankle boot,UMAP
1.3309414,6.713091,8,Bag,UMAP
1.1460446,6.791278,9,Ankle boot,UMAP
11.473085,4.203687,1,Trouser,UMAP
9.771362,9.192828,2,Pullover,UMAP
12.404228,2.8578582,1,Trouser,UMAP
1.7909588,9.2435,9,Ankle boot,UMAP
2.0559947,9.316815,9,Ankle boot,UMAP
12.22362,2.676001,1,Trouser,UMAP
9.732791,8.257781,6,Shirt,UMAP
7.165159,6.989475,6,Shirt,UMAP
6.1194515,7.1103916,8,Bag,UMAP
1.6390725,8.742736,5,Sandal,UMAP
8.3713665,8.002914,2,Pullover,UMAP
0.712657,8.596382,9,Ankle boot,UMAP
7.940803,2.7548711,0,T-shirt/top,UMAP
-0.70761055,5.5811906,5,Sandal,UMAP
10.738351,7.487755,4,Coat,UMAP
8.748567,7.7800274,4,Coat,UMAP
9.9776125,5.911321,4,Coat,UMAP
9.358536,7.3955574,6,Shirt,UMAP
12.5086155,3.6479096,3,Dress,UMAP
8.340375,8.142407,2,Pullover,UMAP
8.847969,9.363567,2,Pullover,UMAP
-0.3777586,5.845882,5,Sandal,UMAP
1.6334418,9.414263,9,Ankle boot,UMAP
-1.069206,6.7038426,7,Sneaker,UMAP
8.470916,8.732376,6,Shirt,UMAP
11.98944,1.311748,1,Trouser,UMAP
10.289032,3.3867218,3,Dress,UMAP
-1.6674305,5.659307,5,Sandal,UMAP
0.99707365,9.718062,9,Ankle boot,UMAP
9.220227,7.502033,6,Shirt,UMAP
10.013644,5.1779213,4,Coat,UMAP
10.181696,9.061014,6,Shirt,UMAP
8.7384205,7.705628,6,Shirt,UMAP
2.6876638,9.205037,5,Sandal,UMAP
-0.25571972,7.186817,9,Ankle boot,UMAP
9.335726,4.414172,3,Dress,UMAP
12.1524725,3.9142275,3,Dress,UMAP
9.721442,5.3458157,4,Coat,UMAP
7.4361997,2.9901123,6,Shirt,UMAP
9.71215,3.9910684,2,Pullover,UMAP
7.5344467,2.6818295,0,T-shirt/top,UMAP
10.505987,3.3927307,3,Dress,UMAP
12.593192,3.4303613,3,Dress,UMAP
6.5666814,7.2477665,8,Bag,UMAP
10.883576,4.4035707,0,T-shirt/top,UMAP
-1.820851,6.293208,7,Sneaker,UMAP
8.851552,9.409323,2,Pullover,UMAP
10.8281145,4.395689,6,Shirt,UMAP
10.416219,8.584003,4,Coat,UMAP
9.867811,7.2290645,4,Coat,UMAP
8.363111,8.464514,2,Pullover,UMAP
9.913379,8.065141,4,Coat,UMAP
7.6842346,6.8976808,6,Shirt,UMAP
-0.9274577,5.5402317,5,Sandal,UMAP
2.9772172,6.907602,8,Bag,UMAP
3.03163,9.804237,5,Sandal,UMAP
2.4390473,9.018668,5,Sandal,UMAP
8.541918,5.88656,6,Shirt,UMAP
-0.38373223,5.8690777,5,Sandal,UMAP
7.6446886,3.4941702,6,Shirt,UMAP
8.393227,2.378387,6,Shirt,UMAP
1.2711316,6.6922903,8,Bag,UMAP
11.885876,1.2944767,1,Trouser,UMAP
11.392174,1.6811343,3,Dress,UMAP
8.378272,7.3670273,2,Pullover,UMAP
2.8312979,8.879309,5,Sandal,UMAP
-1.419911,6.0519786,7,Sneaker,UMAP
8.147551,3.383337,0,T-shirt/top,UMAP
7.69184,7.66952,2,Pullover,UMAP
10.763774,7.4160547,4,Coat,UMAP
10.675206,6.6899676,3,Dress,UMAP
9.943449,8.0584,2,Pullover,UMAP
8.639469,8.584981,4,Coat,UMAP
9.564226,5.5339885,3,Dress,UMAP
7.6343055,7.3238173,2,Pullover,UMAP
9.385506,4.631191,3,Dress,UMAP
7.8030653,6.876611,2,Pullover,UMAP
7.6674523,7.4623017,2,Pullover,UMAP
12.58795,2.1142137,1,Trouser,UMAP
1.5474786,6.6893077,8,Bag,UMAP
2.5353117,8.96853,5,Sandal,UMAP
-0.7108603,6.4514937,7,Sneaker,UMAP
2.368533,10.137141,9,Ankle boot,UMAP
-1.3612812,7.1011615,7,Sneaker,UMAP
0.13991514,7.9457626,9,Ankle boot,UMAP
11.352381,3.575426,3,Dress,UMAP
8.383355,3.4456422,0,T-shirt/top,UMAP
10.555545,8.502186,2,Pullover,UMAP
8.160354,2.1579034,0,T-shirt/top,UMAP
-1.292299,6.9492726,7,Sneaker,UMAP
11.505697,6.5340433,8,Bag,UMAP
12.615136,2.4366858,1,Trouser,UMAP
7.600385,3.0853932,0,T-shirt/top,UMAP
9.066356,8.255805,6,Shirt,UMAP
-1.0916764,6.123206,7,Sneaker,UMAP
2.4633539,6.8066487,8,Bag,UMAP
11.455005,6.686328,8,Bag,UMAP
8.866103,7.2792025,6,Shirt,UMAP
8.982391,3.493078,0,T-shirt/top,UMAP
8.887358,7.3479853,6,Shirt,UMAP
12.655058,2.2406116,1,Trouser,UMAP
8.545679,8.675953,4,Coat,UMAP
1.9413098,8.511113,5,Sandal,UMAP
12.045177,3.8012528,3,Dress,UMAP
2.062992,6.505206,8,Bag,UMAP
7.283507,7.1854534,8,Bag,UMAP
9.303683,9.959709,6,Shirt,UMAP
1.9289982,10.226546,9,Ankle boot,UMAP
1.8786803,8.728049,9,Ankle boot,UMAP
8.995273,8.932309,4,Coat,UMAP
2.1136532,6.8041134,8,Bag,UMAP
8.954472,6.040896,3,Dress,UMAP
11.483519,4.19546,6,Shirt,UMAP
9.085855,7.173845,1,Trouser,UMAP
1.6376339,7.187728,0,T-shirt/top,UMAP
9.339656,9.305005,2,Pullover,UMAP
11.649617,4.2854104,1,Trouser,UMAP
12.632426,2.7044575,1,Trouser,UMAP
12.798185,2.4099731,1,Trouser,UMAP
8.965353,2.9287422,3,Dress,UMAP
0.9016405,8.546769,9,Ankle boot,UMAP
12.567858,2.1379936,1,Trouser,UMAP
11.488346,4.193508,3,Dress,UMAP
3.3970518,6.996676,8,Bag,UMAP
9.391431,3.6597435,3,Dress,UMAP
12.574703,1.5222399,1,Trouser,UMAP
11.699995,4.192007,1,Trouser,UMAP
12.914867,1.4311616,1,Trouser,UMAP
8.304744,8.058366,2,Pullover,UMAP
12.105886,1.3188807,1,Trouser,UMAP
12.10547,3.740005,3,Dress,UMAP
1.4194785,10.194772,9,Ankle boot,UMAP
8.871506,2.4641688,0,T-shirt/top,UMAP
8.216466,2.939068,0,T-shirt/top,UMAP
0.8461569,8.325757,7,Sneaker,UMAP
-1.378386,7.2939854,7,Sneaker,UMAP
0.80654144,8.376914,9,Ankle boot,UMAP
10.036798,7.54213,4,Coat,UMAP
11.632059,2.039831,1,Trouser,UMAP
9.162589,2.6300406,0,T-shirt/top,UMAP
7.8016653,3.1193264,0,T-shirt/top,UMAP
11.767615,2.6705244,3,Dress,UMAP
-1.6164305,7.069747,7,Sneaker,UMAP
-0.10593554,6.4916363,5,Sandal,UMAP
0.6509768,9.01137,9,Ankle boot,UMAP
9.660131,5.039275,3,Dress,UMAP
9.729902,2.798151,3,Dress,UMAP
-0.595749,6.32364,7,Sneaker,UMAP
1.9627624,10.455797,9,Ankle boot,UMAP
1.7986356,8.5057,5,Sandal,UMAP
11.580428,1.8061787,1,Trouser,UMAP
8.032545,2.704541,0,T-shirt/top,UMAP
12.062703,3.9427464,3,Dress,UMAP
10.639412,3.9306865,3,Dress,UMAP
7.544265,3.2044678,0,T-shirt/top,UMAP
8.389645,3.4203067,3,Dress,UMAP
9.143216,2.5884798,0,T-shirt/top,UMAP
12.119103,1.7802076,1,Trouser,UMAP
1.6714112,9.211724,9,Ankle boot,UMAP
9.744872,3.0682957,0,T-shirt/top,UMAP
9.688327,9.333153,2,Pullover,UMAP
10.377314,3.689705,6,Shirt,UMAP
-0.50153655,6.488156,7,Sneaker,UMAP
11.99712,3.8431942,3,Dress,UMAP
11.483521,1.3089136,1,Trouser,UMAP
-1.6064125,5.742289,5,Sandal,UMAP
9.192998,3.1363237,0,T-shirt/top,UMAP
10.263749,6.445524,2,Pullover,UMAP
8.803158,9.202108,2,Pullover,UMAP
-1.6141644,7.1261945,7,Sneaker,UMAP
-1.6157366,7.127182,7,Sneaker,UMAP
8.775598,9.029179,2,Pullover,UMAP
12.5557995,2.5617123,1,Trouser,UMAP
11.105714,6.683654,8,Bag,UMAP
0.54539853,9.194683,9,Ankle boot,UMAP
8.7789545,7.2296367,6,Shirt,UMAP
9.414715,4.6964626,3,Dress,UMAP
9.504744,8.014892,4,Coat,UMAP
0.5583873,8.671409,9,Ankle boot,UMAP
0.32206625,8.97847,9,Ankle boot,UMAP
-1.167289,6.064335,7,Sneaker,UMAP
8.7861,8.2553215,4,Coat,UMAP
2.787764,8.908118,5,Sandal,UMAP
10.375601,7.789273,8,Bag,UMAP
1.7498027,9.100883,9,Ankle boot,UMAP
11.562094,6.5262194,8,Bag,UMAP
0.66526395,8.349857,9,Ankle boot,UMAP
1.1513091,6.7458315,6,Shirt,UMAP
1.8207403,9.99084,9,Ankle boot,UMAP
8.302245,3.0234687,0,T-shirt/top,UMAP
8.299099,8.057079,6,Shirt,UMAP
8.296136,3.1811745,0,T-shirt/top,UMAP
-0.2657857,7.079631,5,Sandal,UMAP
9.0739765,7.300474,6,Shirt,UMAP
-0.010514931,6.432131,5,Sandal,UMAP
8.343574,7.842878,2,Pullover,UMAP
9.542453,7.5710344,8,Bag,UMAP
10.125959,9.130504,4,Coat,UMAP
8.153076,2.1547158,0,T-shirt/top,UMAP
9.6878,2.5654194,3,Dress,UMAP
12.129004,3.8560488,3,Dress,UMAP
1.6497865,9.073996,9,Ankle boot,UMAP
11.314399,6.284298,8,Bag,UMAP
9.285268,9.854689,4,Coat,UMAP
8.678941,7.1101923,6,Shirt,UMAP
8.877769,5.3466806,0,T-shirt/top,UMAP
8.863453,9.4273405,2,Pullover,UMAP
11.327805,6.2889643,8,Bag,UMAP
12.426807,2.119953,1,Trouser,UMAP
9.065601,2.2841125,0,T-shirt/top,UMAP
9.908742,5.6214795,3,Dress,UMAP
6.2179365,7.2657194,8,Bag,UMAP
11.334845,4.1946435,0,T-shirt/top,UMAP
8.3786745,8.5000725,2,Pullover,UMAP
6.1069584,7.1178465,8,Bag,UMAP
10.606438,8.443535,6,Shirt,UMAP
12.847577,2.26225,1,Trouser,UMAP
11.457087,4.0479445,3,Dress,UMAP
8.880957,3.2370691,0,T-shirt/top,UMAP
1.9664438,6.5576124,8,Bag,UMAP
8.895063,8.831007,4,Coat,UMAP
1.7416148,9.155803,9,Ankle boot,UMAP
2.839106,8.924976,5,Sandal,UMAP
11.527636,6.6516037,8,Bag,UMAP
9.59015,9.09008,4,Coat,UMAP
6.112817,7.071461,8,Bag,UMAP
9.2449255,2.462402,0,T-shirt/top,UMAP
11.341295,4.342771,3,Dress,UMAP
-0.49753964,9.094158,9,Ankle boot,UMAP
9.948839,3.1351135,6,Shirt,UMAP
11.467021,6.368335,8,Bag,UMAP
8.89578,9.37662,2,Pullover,UMAP
12.254152,3.1787646,3,Dress,UMAP
-1.4538976,6.047649,7,Sneaker,UMAP
6.680791,7.226407,8,Bag,UMAP
12.807077,1.4093388,1,Trouser,UMAP
12.398182,1.7572063,1,Trouser,UMAP
3.11696,6.87145,8,Bag,UMAP
9.078669,7.376012,6,Shirt,UMAP
9.734879,5.5897665,3,Dress,UMAP
9.476814,9.271614,4,Coat,UMAP
10.077969,8.697553,2,Pullover,UMAP
-1.3918092,6.215451,7,Sneaker,UMAP
8.556245,7.19237,2,Pullover,UMAP
2.0494485,6.574706,8,Bag,UMAP
9.752711,5.9035673,6,Shirt,UMAP
-1.7157931,6.653226,7,Sneaker,UMAP
6.071795,7.7931147,8,Bag,UMAP
12.454641,3.705016,3,Dress,UMAP
9.680467,7.3816977,4,Coat,UMAP
9.633757,8.097098,4,Coat,UMAP
0.9800736,9.460811,9,Ankle boot,UMAP
0.20838025,8.265972,5,Sandal,UMAP
8.373294,2.81079,3,Dress,UMAP
2.614402,9.242648,5,Sandal,UMAP
8.392806,3.1896544,0,T-shirt/top,UMAP
9.582223,8.262604,2,Pullover,UMAP
9.8362055,6.1484637,4,Coat,UMAP
1.5101511,7.246618,8,Bag,UMAP
10.038861,6.3121166,6,Shirt,UMAP
-1.5761684,7.3300905,7,Sneaker,UMAP
8.555005,3.7838335,3,Dress,UMAP
12.60568,2.6211557,1,Trouser,UMAP
8.597609,8.896428,2,Pullover,UMAP
1.343364,10.085051,9,Ankle boot,UMAP
8.283388,1.9401294,0,T-shirt/top,UMAP
6.094342,7.060641,8,Bag,UMAP
0.72847223,9.35135,9,Ankle boot,UMAP
8.960668,8.166264,6,Shirt,UMAP
10.815994,7.242925,4,Coat,UMAP
8.713384,7.631707,2,Pullover,UMAP
10.312771,9.179552,2,Pullover,UMAP
8.005185,7.223534,2,Pullover,UMAP
2.6823442,6.6935644,8,Bag,UMAP
2.3709176,10.293869,9,Ankle boot,UMAP
7.626111,2.8621526,6,Shirt,UMAP
12.33028,2.63449,1,Trouser,UMAP
10.697289,3.727151,1,Trouser,UMAP
1.1477392,6.766135,8,Bag,UMAP
0.8563463,9.024786,5,Sandal,UMAP
0.2289233,8.97056,9,Ankle boot,UMAP
-0.45000643,6.521093,5,Sandal,UMAP
1.5727187,7.180927,8,Bag,UMAP
1.7164663,10.403818,9,Ankle boot,UMAP
10.834099,4.0009217,1,Trouser,UMAP
-0.15666221,8.800088,7,Sneaker,UMAP
8.384892,2.8533285,0,T-shirt/top,UMAP
8.552503,3.1107159,6,Shirt,UMAP
12.611619,1.4824585,1,Trouser,UMAP
8.191942,6.3651776,6,Shirt,UMAP
-0.09083722,8.400427,9,Ankle boot,UMAP
11.566772,6.604111,8,Bag,UMAP
9.066914,7.385165,6,Shirt,UMAP
1.3950589,7.40844,7,Sneaker,UMAP
12.453461,3.7181778,3,Dress,UMAP
2.2138479,6.5161047,8,Bag,UMAP
1.736878,6.7265277,8,Bag,UMAP
0.2904806,8.867081,9,Ankle boot,UMAP
-0.02929708,7.940457,9,Ankle boot,UMAP
9.70195,5.91012,2,Pullover,UMAP
1.9775518,8.550859,5,Sandal,UMAP
3.1791856,6.950558,8,Bag,UMAP
8.550169,3.6239517,0,T-shirt/top,UMAP
8.51291,7.3283896,2,Pullover,UMAP
-0.46625233,5.791769,5,Sandal,UMAP
6.174242,7.1499786,8,Bag,UMAP
11.563392,6.6271305,8,Bag,UMAP
-1.3006155,6.3324842,7,Sneaker,UMAP
9.567782,5.565201,4,Coat,UMAP
12.401296,1.9726702,1,Trouser,UMAP
10.689241,3.7116568,1,Trouser,UMAP
10.543424,8.672359,2,Pullover,UMAP
-0.59368336,9.103411,7,Sneaker,UMAP
3.0601397,7.1513267,8,Bag,UMAP
-1.0165104,6.906334,7,Sneaker,UMAP
-1.1049261,7.5087442,7,Sneaker,UMAP
-0.06325451,6.579381,5,Sandal,UMAP
-1.5576323,5.3810596,5,Sandal,UMAP
2.2611144,9.797431,9,Ankle boot,UMAP
-0.5000926,5.6964483,5,Sandal,UMAP
2.267263,6.530885,8,Bag,UMAP
1.084696,9.860224,9,Ankle boot,UMAP
7.4600415,2.8052225,0,T-shirt/top,UMAP
10.339588,8.921834,4,Coat,UMAP
8.863723,8.367979,4,Coat,UMAP
1.7833449,9.125567,9,Ankle boot,UMAP
1.7528096,9.1437845,9,Ankle boot,UMAP
10.68621,8.384729,6,Shirt,UMAP
2.2406216,10.383496,9,Ankle boot,UMAP
-1.7131153,5.4034343,5,Sandal,UMAP
-0.6498007,8.991448,7,Sneaker,UMAP
10.640282,8.29147,4,Coat,UMAP
9.048907,3.2262127,0,T-shirt/top,UMAP
-0.3153276,5.915316,5,Sandal,UMAP
8.484141,8.4491825,4,Coat,UMAP
11.400303,4.2501616,6,Shirt,UMAP
10.295642,8.996104,2,Pullover,UMAP
9.163871,6.635547,2,Pullover,UMAP
11.54716,2.2003067,1,Trouser,UMAP
9.758185,4.6934643,3,Dress,UMAP
-1.4732317,6.427248,7,Sneaker,UMAP
-1.5643228,6.489487,7,Sneaker,UMAP
1.9040421,10.462055,9,Ankle boot,UMAP
2.179718,6.6667376,8,Bag,UMAP
2.265067,6.9324136,8,Bag,UMAP
11.274745,3.8352513,3,Dress,UMAP
8.181693,6.214262,6,Shirt,UMAP
2.8038826,8.956138,5,Sandal,UMAP
-1.7575052,6.927897,7,Sneaker,UMAP
9.7858095,5.310821,3,Dress,UMAP
9.8015175,8.564692,4,Coat,UMAP
12.182199,3.7542787,3,Dress,UMAP
-1.2357756,7.173197,5,Sandal,UMAP
9.227748,9.896401,4,Coat,UMAP
9.905541,4.427277,3,Dress,UMAP
8.052,2.5012662,0,T-shirt/top,UMAP
9.844593,8.493199,4,Coat,UMAP
7.456539,2.7947056,6,Shirt,UMAP
-1.4412129,6.460891,7,Sneaker,UMAP
-1.3654367,7.0542607,7,Sneaker,UMAP
8.557035,8.882129,6,Shirt,UMAP
9.561606,9.576573,4,Coat,UMAP
7.824531,3.2007754,6,Shirt,UMAP
11.763179,4.2707953,3,Dress,UMAP
8.951808,2.180604,0,T-shirt/top,UMAP
9.822611,5.453585,4,Coat,UMAP
0.79666406,8.8170595,9,Ankle boot,UMAP
2.0655107,6.5767264,0,T-shirt/top,UMAP
8.165361,2.2099884,6,Shirt,UMAP
12.854329,1.4418573,1,Trouser,UMAP
7.9778795,6.422987,2,Pullover,UMAP
7.481032,7.295004,2,Pullover,UMAP
9.974193,8.944262,6,Shirt,UMAP
9.987109,4.6356764,3,Dress,UMAP
9.554648,8.960066,6,Shirt,UMAP
1.1214949,9.884232,9,Ankle boot,UMAP
8.8821535,2.5311189,0,T-shirt/top,UMAP
9.749825,2.8138394,6,Shirt,UMAP
9.433253,7.225137,2,Pullover,UMAP
0.40421858,8.56892,9,Ankle boot,UMAP
9.270594,5.7324586,3,Dress,UMAP
0.3933459,6.9208546,5,Sandal,UMAP
12.304298,1.9020789,1,Trouser,UMAP
-0.280387,9.091097,7,Sneaker,UMAP
9.49184,4.2625494,3,Dress,UMAP
12.369387,2.7513244,3,Dress,UMAP
1.9544421,8.532534,5,Sandal,UMAP
8.252374,2.724599,0,T-shirt/top,UMAP
-1.339095,6.1835074,7,Sneaker,UMAP
-0.6987836,8.472651,7,Sneaker,UMAP
-1.1761206,7.727144,7,Sneaker,UMAP
10.842581,4.504454,0,T-shirt/top,UMAP
-1.010325,6.7176647,7,Sneaker,UMAP
9.510528,6.028949,6,Shirt,UMAP
-0.39643976,9.203468,7,Sneaker,UMAP
9.060919,2.7551582,3,Dress,UMAP
9.42456,6.179864,3,Dress,UMAP
8.446779,2.7310727,0,T-shirt/top,UMAP
6.2769165,7.4149394,8,Bag,UMAP
0.9441601,8.511038,5,Sandal,UMAP
3.4850497,6.9959917,8,Bag,UMAP
2.092931,7.235037,8,Bag,UMAP
10.127385,7.39116,4,Coat,UMAP
-1.4663416,7.1632066,7,Sneaker,UMAP
8.129804,7.7397294,6,Shirt,UMAP
8.682267,7.0085616,6,Shirt,UMAP
11.580505,4.1573725,3,Dress,UMAP
10.292493,8.026883,2,Pullover,UMAP
11.858344,2.8835042,1,Trouser,UMAP
9.760175,7.4501486,2,Pullover,UMAP
-1.6684028,6.47068,7,Sneaker,UMAP
-0.21377143,6.421301,5,Sandal,UMAP
2.210699,10.464483,9,Ankle boot,UMAP
7.9517093,6.5523353,2,Pullover,UMAP
6.6132026,7.299578,8,Bag,UMAP
2.190366,10.092803,5,Sandal,UMAP
9.091369,7.279077,6,Shirt,UMAP
10.516476,8.099869,4,Coat,UMAP
9.578902,5.8289895,4,Coat,UMAP
13.0192,1.4641445,1,Trouser,UMAP
1.314336,6.7888145,8,Bag,UMAP
8.336872,2.734042,0,T-shirt/top,UMAP
-0.63189596,6.6535087,7,Sneaker,UMAP
-0.4894028,6.4793024,5,Sandal,UMAP
9.735246,5.3943243,6,Shirt,UMAP
5.862384,7.824867,8,Bag,UMAP
1.7230856,9.265148,5,Sandal,UMAP
8.282155,7.6768274,2,Pullover,UMAP
-1.4300382,7.3764644,5,Sandal,UMAP
0.7235407,8.674926,9,Ankle boot,UMAP
9.6015835,7.956334,4,Coat,UMAP
8.419942,7.988523,2,Pullover,UMAP
10.820486,4.004621,6,Shirt,UMAP
9.8095875,6.053163,3,Dress,UMAP
-1.1543028,6.922779,7,Sneaker,UMAP
9.825056,8.327876,6,Shirt,UMAP
-0.7707632,6.1613936,5,Sandal,UMAP
8.107925,8.846047,8,Bag,UMAP
0.008222346,6.988684,5,Sandal,UMAP
-1.4175173,6.214192,7,Sneaker,UMAP
8.020903,7.69556,2,Pullover,UMAP
1.420177,8.770318,7,Sneaker,UMAP
-0.0646046,8.636119,9,Ankle boot,UMAP
12.590845,2.465075,1,Trouser,UMAP
7.7129955,2.5016012,0,T-shirt/top,UMAP
11.51314,6.3445067,8,Bag,UMAP
9.258972,6.891706,8,Bag,UMAP
12.683177,1.5471187,1,Trouser,UMAP
0.8493324,9.532464,9,Ankle boot,UMAP
11.772419,3.9582207,3,Dress,UMAP
12.1918,1.3651528,1,Trouser,UMAP
-0.53031886,9.1439295,7,Sneaker,UMAP
-0.454225,6.278743,5,Sandal,UMAP
9.252738,7.0485935,2,Pullover,UMAP
9.280323,3.2236784,0,T-shirt/top,UMAP
11.921368,3.1559837,3,Dress,UMAP
1.921944,9.290459,9,Ankle boot,UMAP
-1.2140856,7.3493996,5,Sandal,UMAP
2.6934888,6.7111263,8,Bag,UMAP
2.0829763,10.479447,9,Ankle boot,UMAP
7.9180727,7.721018,6,Shirt,UMAP
-0.9576255,7.2616735,7,Sneaker,UMAP
-0.5398193,6.0594583,5,Sandal,UMAP
10.402236,9.018484,2,Pullover,UMAP
8.457676,3.5358286,0,T-shirt/top,UMAP
11.561074,1.7209653,1,Trouser,UMAP
10.010915,2.9942808,0,T-shirt/top,UMAP
11.14803,4.182881,6,Shirt,UMAP
7.9624443,6.032092,3,Dress,UMAP
11.880219,3.0437894,1,Trouser,UMAP
9.128848,3.2053936,3,Dress,UMAP
9.203176,7.5263352,4,Coat,UMAP
9.561117,7.987409,2,Pullover,UMAP
-0.11432155,6.4568114,5,Sandal,UMAP
12.880948,1.3589423,1,Trouser,UMAP
-0.53389066,5.891451,5,Sandal,UMAP
9.831681,5.8968863,2,Pullover,UMAP
7.49607,6.764357,6,Shirt,UMAP
8.206739,7.142914,2,Pullover,UMAP
0.9378829,8.586614,9,Ankle boot,UMAP
0.6288022,8.353988,7,Sneaker,UMAP
-0.1747542,6.7854376,5,Sandal,UMAP
11.417518,3.946963,3,Dress,UMAP
9.078472,3.1887743,0,T-shirt/top,UMAP
8.260566,8.194321,2,Pullover,UMAP
7.950256,6.296221,6,Shirt,UMAP
9.26311,7.059958,2,Pullover,UMAP
8.402671,2.8994057,6,Shirt,UMAP
7.9412713,6.062104,2,Pullover,UMAP
10.927338,3.069838,3,Dress,UMAP
0.97909963,8.800556,9,Ankle boot,UMAP
7.5631332,2.8455174,0,T-shirt/top,UMAP
9.558518,6.077198,4,Coat,UMAP
10.704654,4.2886887,6,Shirt,UMAP
2.984855,9.7083845,5,Sandal,UMAP
7.62196,3.279753,6,Shirt,UMAP
-0.73073584,8.673603,7,Sneaker,UMAP
7.831518,7.3421836,2,Pullover,UMAP
9.537392,7.389243,4,Coat,UMAP
7.6739516,5.900136,3,Dress,UMAP
1.847397,9.982117,9,Ankle boot,UMAP
9.49717,3.7847445,3,Dress,UMAP
-0.5777845,7.2317157,7,Sneaker,UMAP
8.344304,4.013208,0,T-shirt/top,UMAP
2.806421,8.891721,5,Sandal,UMAP
9.42463,6.7938347,8,Bag,UMAP
0.19986492,8.478915,9,Ankle boot,UMAP
12.280365,2.095739,1,Trouser,UMAP
0.17335884,8.905106,9,Ankle boot,UMAP
9.863197,8.360082,4,Coat,UMAP
9.263375,2.4040596,0,T-shirt/top,UMAP
-0.0037558223,8.446596,7,Sneaker,UMAP
11.493979,6.4780493,8,Bag,UMAP
6.2028885,7.1546335,8,Bag,UMAP
-1.0313331,7.5536222,5,Sandal,UMAP
2.1495066,6.493694,8,Bag,UMAP
9.077735,5.4727583,4,Coat,UMAP
8.024192,6.870316,2,Pullover,UMAP
8.013805,2.1560283,0,T-shirt/top,UMAP
9.106098,6.4160833,4,Coat,UMAP
-0.91914046,7.686436,7,Sneaker,UMAP
9.558403,5.6909494,4,Coat,UMAP
1.1816398,9.669051,9,Ankle boot,UMAP
8.736815,3.7990017,6,Shirt,UMAP
9.423316,5.3777394,3,Dress,UMAP
8.422312,2.0516238,0,T-shirt/top,UMAP
8.150494,2.1989253,0,T-shirt/top,UMAP
3.075465,9.797105,5,Sandal,UMAP
12.439253,2.2338932,1,Trouser,UMAP
7.864915,2.3608022,0,T-shirt/top,UMAP
-1.277288,6.8927464,7,Sneaker,UMAP
8.564549,8.291903,2,Pullover,UMAP
9.103046,7.3572445,4,Coat,UMAP
10.819475,3.287569,3,Dress,UMAP
9.256281,7.863449,2,Pullover,UMAP
9.109301,8.098257,2,Pullover,UMAP
-1.1254478,7.843646,7,Sneaker,UMAP
11.518924,3.8041027,3,Dress,UMAP
0.55048126,7.6549377,5,Sandal,UMAP
8.8355255,3.6567576,0,T-shirt/top,UMAP
1.2987542,9.636543,9,Ankle boot,UMAP
12.547742,3.583152,3,Dress,UMAP
11.506835,6.375097,8,Bag,UMAP
0.117446125,7.3591895,5,Sandal,UMAP
2.8250287,8.867612,5,Sandal,UMAP
8.146885,2.2136667,0,T-shirt/top,UMAP
9.428217,2.6796339,6,Shirt,UMAP
-1.4476856,6.052677,7,Sneaker,UMAP
6.1133213,7.451408,8,Bag,UMAP
10.336023,3.4782379,0,T-shirt/top,UMAP
6.263146,7.4641843,8,Bag,UMAP
9.533193,3.2106194,0,T-shirt/top,UMAP
13.017221,1.2552418,1,Trouser,UMAP
10.765966,8.186981,2,Pullover,UMAP
12.923827,1.3991328,1,Trouser,UMAP
-1.0061723,7.020187,7,Sneaker,UMAP
2.286945,10.370285,5,Sandal,UMAP
9.920335,9.05641,2,Pullover,UMAP
6.1966443,7.1774173,8,Bag,UMAP
0.91848093,9.682122,9,Ankle boot,UMAP
6.092669,7.063504,8,Bag,UMAP
10.003417,6.4467564,2,Pullover,UMAP
7.72315,7.2579694,2,Pullover,UMAP
11.367803,4.079351,1,Trouser,UMAP
7.985337,2.1977723,0,T-shirt/top,UMAP
10.637168,8.365101,6,Shirt,UMAP
11.983361,3.1347828,1,Trouser,UMAP
12.637728,2.7674208,3,Dress,UMAP
8.268662,2.1277359,0,T-shirt/top,UMAP
1.8727294,9.704266,9,Ankle boot,UMAP
8.679869,6.1572294,3,Dress,UMAP
9.138262,2.557873,0,T-shirt/top,UMAP
0.041157246,7.965271,9,Ankle boot,UMAP
-0.67535925,9.045531,7,Sneaker,UMAP
8.202542,8.268916,2,Pullover,UMAP
11.23976,4.237713,0,T-shirt/top,UMAP
7.893605,7.819524,4,Coat,UMAP
9.991299,8.186801,4,Coat,UMAP
9.900897,6.6383166,2,Pullover,UMAP
9.460957,9.387257,4,Coat,UMAP
8.598678,8.927216,2,Pullover,UMAP
-1.2145133,6.905114,7,Sneaker,UMAP
6.6180997,7.273899,8,Bag,UMAP
10.603462,7.5526733,4,Coat,UMAP
10.29196,7.4675965,2,Pullover,UMAP
2.469833,9.818717,5,Sandal,UMAP
1.6196836,9.840782,9,Ankle boot,UMAP
12.250747,1.5012602,1,Trouser,UMAP
-0.7720358,6.798847,7,Sneaker,UMAP
9.920922,6.719133,4,Coat,UMAP
8.081768,6.441574,2,Pullover,UMAP
11.52031,4.306782,6,Shirt,UMAP
10.808482,3.3271272,3,Dress,UMAP
8.334587,2.3771305,0,T-shirt/top,UMAP
9.436157,5.9133563,3,Dress,UMAP
11.672294,2.1632533,1,Trouser,UMAP
10.216686,8.763693,4,Coat,UMAP
2.7653615,9.130419,5,Sandal,UMAP
9.60446,2.7641432,0,T-shirt/top,UMAP
8.800668,3.2825973,0,T-shirt/top,UMAP
8.677686,8.562419,4,Coat,UMAP
9.559038,9.763953,4,Coat,UMAP
10.531899,8.695762,2,Pullover,UMAP
9.568464,7.9802465,2,Pullover,UMAP
10.338086,6.3891053,2,Pullover,UMAP
7.406496,2.6612852,0,T-shirt/top,UMAP
10.200873,9.354286,2,Pullover,UMAP
10.109875,7.224056,2,Pullover,UMAP
-1.6327842,5.395143,5,Sandal,UMAP
8.090257,2.070036,0,T-shirt/top,UMAP
8.217232,5.6588125,0,T-shirt/top,UMAP
10.911884,2.76958,0,T-shirt/top,UMAP
0.8373471,9.382889,9,Ankle boot,UMAP
8.708312,6.9504957,0,T-shirt/top,UMAP
10.018215,5.056674,3,Dress,UMAP
12.819306,1.382877,1,Trouser,UMAP
-1.7831734,6.246195,7,Sneaker,UMAP
0.0045768945,8.18403,9,Ankle boot,UMAP
8.943687,6.147766,6,Shirt,UMAP
10.950707,3.9307032,6,Shirt,UMAP
2.3340364,10.324404,9,Ankle boot,UMAP
-1.7551754,6.3981185,7,Sneaker,UMAP
12.316987,3.7032068,3,Dress,UMAP
9.342804,9.907852,4,Coat,UMAP
11.699117,4.641189,8,Bag,UMAP
8.30423,7.667505,2,Pullover,UMAP
10.271087,3.5904636,3,Dress,UMAP
-0.85101694,7.3496575,7,Sneaker,UMAP
9.2037735,2.7238448,3,Dress,UMAP
11.866132,3.7750103,3,Dress,UMAP
3.010023,9.601217,5,Sandal,UMAP
8.33357,2.0565195,0,T-shirt/top,UMAP
8.601381,7.06171,2,Pullover,UMAP
0.5114475,8.870345,9,Ankle boot,UMAP
8.485562,2.968427,0,T-shirt/top,UMAP
10.824763,3.3427637,3,Dress,UMAP
0.03588656,8.098018,9,Ankle boot,UMAP
2.0993018,9.184298,9,Ankle boot,UMAP
7.4315944,2.6666968,0,T-shirt/top,UMAP
-0.4547518,5.729514,5,Sandal,UMAP
-1.5927033,6.2851105,5,Sandal,UMAP
-1.2933502,7.6284003,7,Sneaker,UMAP
9.151827,2.2906313,0,T-shirt/top,UMAP
-0.21336539,6.6850944,5,Sandal,UMAP
9.848242,9.819793,2,Pullover,UMAP
8.951013,8.790765,6,Shirt,UMAP
12.801798,2.2907386,1,Trouser,UMAP
10.20634,5.830293,6,Shirt,UMAP
9.841169,6.944869,4,Coat,UMAP
7.7417274,6.358984,0,T-shirt/top,UMAP
8.6504545,8.219918,2,Pullover,UMAP
0.8666703,6.92958,5,Sandal,UMAP
-1.831533,6.917731,7,Sneaker,UMAP
9.543764,2.789288,0,T-shirt/top,UMAP
9.698068,8.152549,2,Pullover,UMAP
8.731805,7.90707,2,Pullover,UMAP
12.269528,2.7206147,3,Dress,UMAP
-0.49415353,6.379242,5,Sandal,UMAP
0.6492468,8.784352,9,Ankle boot,UMAP
-1.4635198,5.408952,5,Sandal,UMAP
6.546852,7.210428,8,Bag,UMAP
8.879243,9.608064,4,Coat,UMAP
9.773867,8.930676,4,Coat,UMAP
1.1514497,9.51168,9,Ankle boot,UMAP
0.6610017,8.342194,9,Ankle boot,UMAP
9.470959,5.576628,3,Dress,UMAP
10.681871,8.484517,6,Shirt,UMAP
1.7189815,10.057102,9,Ankle boot,UMAP
0.98217493,8.4094925,9,Ankle boot,UMAP
2.2572412,9.773689,9,Ankle boot,UMAP
1.1281105,6.7582097,8,Bag,UMAP
8.837496,7.3161597,6,Shirt,UMAP
0.9075461,8.89951,9,Ankle boot,UMAP
9.176062,7.6741157,6,Shirt,UMAP
11.850371,2.596935,1,Trouser,UMAP
-0.9057292,7.5502734,5,Sandal,UMAP
2.7984054,8.920617,5,Sandal,UMAP
2.8148272,9.551451,5,Sandal,UMAP
8.92068,6.048206,3,Dress,UMAP
12.253322,1.413601,1,Trouser,UMAP
11.675976,1.5735098,1,Trouser,UMAP
0.9049439,8.409017,9,Ankle boot,UMAP
-0.5395615,9.130469,7,Sneaker,UMAP
10.773828,8.165505,2,Pullover,UMAP
12.625489,2.399603,1,Trouser,UMAP
0.30714813,8.831081,9,Ankle boot,UMAP
9.158955,5.5889893,3,Dress,UMAP
0.7208902,9.5176115,9,Ankle boot,UMAP
11.655898,2.6123,7,Sneaker,UMAP
8.833678,9.420388,2,Pullover,UMAP
8.540903,2.159739,0,T-shirt/top,UMAP
9.89411,5.3047605,3,Dress,UMAP
9.591616,9.889918,4,Coat,UMAP
-0.64877355,5.591788,5,Sandal,UMAP
9.893006,4.944806,3,Dress,UMAP
6.1870337,7.2244444,8,Bag,UMAP
3.4418683,6.963691,8,Bag,UMAP
0.48512477,9.07719,7,Sneaker,UMAP
9.660162,7.6075535,4,Coat,UMAP
2.4031198,9.805752,9,Ankle boot,UMAP
8.849349,8.314381,6,Shirt,UMAP
-0.18877591,6.727221,5,Sandal,UMAP
8.71616,3.0902722,0,T-shirt/top,UMAP
2.677475,9.365952,5,Sandal,UMAP
-0.055894222,7.1315227,7,Sneaker,UMAP
8.544515,8.569631,2,Pullover,UMAP
9.747487,9.834781,2,Pullover,UMAP
10.918562,4.449862,6,Shirt,UMAP
-0.6366319,9.073851,7,Sneaker,UMAP
9.787418,9.207582,2,Pullover,UMAP
12.997305,1.3083489,1,Trouser,UMAP
1.287943,10.113459,9,Ankle boot,UMAP
7.6188884,2.4709868,0,T-shirt/top,UMAP
7.4630284,2.9378855,6,Shirt,UMAP
1.6110365,7.146143,0,T-shirt/top,UMAP
-1.1351694,6.7424407,7,Sneaker,UMAP
-1.2380412,6.9745436,7,Sneaker,UMAP
7.8233724,3.23436,0,T-shirt/top,UMAP
9.895163,8.829759,4,Coat,UMAP
10.035779,2.6372068,3,Dress,UMAP
9.384554,4.6251197,3,Dress,UMAP
8.19427,2.491232,0,T-shirt/top,UMAP
10.792956,4.3613887,6,Shirt,UMAP
8.466604,5.721805,6,Shirt,UMAP
8.615845,2.573856,0,T-shirt/top,UMAP
0.08900797,8.603137,7,Sneaker,UMAP
9.408003,4.346232,3,Dress,UMAP
-1.3773416,6.447867,7,Sneaker,UMAP
-1.3563665,5.3702536,5,Sandal,UMAP
7.7656646,2.8370721,0,T-shirt/top,UMAP
7.280886,7.4684033,4,Coat,UMAP
0.21221952,8.884786,9,Ankle boot,UMAP
12.524282,2.8312185,3,Dress,UMAP
1.3105148,8.440504,5,Sandal,UMAP
1.4684068,7.3685513,7,Sneaker,UMAP
8.870763,9.352385,2,Pullover,UMAP
1.5086198,7.1294384,7,Sneaker,UMAP
12.347096,1.2256384,1,Trouser,UMAP
9.0120325,2.279954,0,T-shirt/top,UMAP
11.963252,3.6523185,3,Dress,UMAP
2.9542537,9.526851,5,Sandal,UMAP
0.39245808,8.806269,9,Ankle boot,UMAP
9.107521,8.178583,2,Pullover,UMAP
8.011899,3.6323693,0,T-shirt/top,UMAP
9.399388,9.673034,2,Pullover,UMAP
-0.2797581,9.264981,7,Sneaker,UMAP
10.81398,4.466977,0,T-shirt/top,UMAP
7.708502,6.3563313,6,Shirt,UMAP
8.833895,9.32684,2,Pullover,UMAP
7.8149776,6.222674,0,T-shirt/top,UMAP
-0.69924635,5.671099,5,Sandal,UMAP
12.213621,1.4548993,1,Trouser,UMAP
10.016232,7.1556654,4,Coat,UMAP
-1.7254703,5.6899824,5,Sandal,UMAP
12.280019,1.7531112,1,Trouser,UMAP
-0.2941316,8.2851,9,Ankle boot,UMAP
12.631572,3.5315015,1,Trouser,UMAP
8.709838,7.971523,4,Coat,UMAP
2.7264807,8.730442,5,Sandal,UMAP
-0.70250213,8.951343,7,Sneaker,UMAP
1.7324549,9.1783285,5,Sandal,UMAP
-1.0453811,7.0102916,0,T-shirt/top,UMAP
10.341546,8.3840065,4,Coat,UMAP
-0.77901214,8.767967,7,Sneaker,UMAP
8.174631,7.0506806,2,Pullover,UMAP
-0.12712848,6.947161,5,Sandal,UMAP
1.1525478,9.686535,9,Ankle boot,UMAP
