component_1,component_2,label,class_name,method
4.0213575,9.886874,0,T-shirt/top,UMAP
3.257966,5.9882975,6,Shirt,UMAP
3.7945404,2.5377586,5,Sandal,UMAP
0.5856595,1.9260178,7,Sneaker,UMAP
3.3306751,8.107624,7,Sneaker,UMAP
8.185979,2.7314093,8,Bag,UMAP
0.8846866,3.3931234,9,Ankle boot,UMAP
6.312467,7.7084675,6,Shirt,UMAP
5.6737094,5.3443265,2,Pullover,UMAP
1.3745338,4.6285543,2,Pullover,UMAP
1.5236708,5.5862403,3,Dress,UMAP
3.2612212,4.649911,4,Coat,UMAP
2.2487173,2.9089496,9,Ankle boot,UMAP
6.9596796,0.39409292,1,Trouser,UMAP
0.9509073,6.4102807,7,Sneaker,UMAP
1.7703295,9.158274,2,Pullover,UMAP
4.081254,5.09607,0,T-shirt/top,UMAP
4.013261,8.721557,4,Coat,UMAP
4.430431,9.255712,3,Dress,UMAP
8.775642,4.7217765,9,Ankle boot,UMAP
2.329566,8.615071,0,T-shirt/top,UMAP
0.86919004,4.827508,9,Ankle boot,UMAP
8.594624,4.7970963,6,Shirt,UMAP
9.026627,3.951647,4,Coat,UMAP
1.946234,2.2248092,9,Ankle boot,UMAP
5.8565454,5.8749256,7,Sneaker,UMAP
1.6164292,2.0564332,9,Ankle boot,UMAP
2.4801593,0.19224769,0,T-shirt/top,UMAP
5.1033473,8.176929,6,Shirt,UMAP
4.3122115,4.418744,2,Pullover,UMAP
5.719168,3.9487984,0,T-shirt/top,UMAP
2.7972512,4.568858,7,Sneaker,UMAP
3.6627438,8.172073,7,Sneaker,UMAP
3.381463,2.4371417,0,T-shirt/top,UMAP
0.5516705,2.5004864,5,Sandal,UMAP
3.3068566,7.993358,4,Coat,UMAP
0.7959865,7.179357,6,Shirt,UMAP
1.5754895,0.4175816,7,Sneaker,UMAP
4.3445888,3.7823584,5,Sandal,UMAP
8.683601,4.2490253,7,Sneaker,UMAP
1.9006547,5.537441,7,Sneaker,UMAP
4.8287153,-0.42550334,3,Dress,UMAP
3.3964949,0.7060665,4,Coat,UMAP
8.941052,2.2082396,3,Dress,UMAP
6.8189235,3.6759372,1,Trouser,UMAP
3.7773674,8.181021,2,Pullover,UMAP
5.9829764,1.6805298,5,Sandal,UMAP
9.432804,3.4443986,8,Bag,UMAP
0.95215625,6.0314984,2,Pullover,UMAP
5.4846425,3.699906,6,Shirt,UMAP
-0.11309295,5.7713156,7,Sneaker,UMAP
5.409517,2.933426,9,Ankle boot,UMAP
0.12812392,4.514506,7,Sneaker,UMAP
5.605016,5.587456,8,Bag,UMAP
9.22578,3.296867,8,Bag,UMAP
5.8494244,4.157709,6,Shirt,UMAP
5.534684,3.11861,4,Coat,UMAP
4.249208,8.138567,1,Trouser,UMAP
1.4793607,0.6142366,6,Shirt,UMAP
5.305974,2.5526571,6,Shirt,UMAP
-0.20097026,6.1684027,1,Trouser,UMAP
1.2671132,6.805575,6,Shirt,UMAP
1.9969875,3.5338516,7,Sneaker,UMAP
6.880494,7.7303166,3,Dress,UMAP
6.575565,7.8250465,2,Pullover,UMAP
3.6076422,9.517916,9,Ankle boot,UMAP
7.267065,3.4711623,1,Trouser,UMAP
7.5466156,3.9532642,5,Sandal,UMAP
7.06156,4.355747,8,Bag,UMAP
2.762832,7.638084,1,Trouser,UMAP
8.788825,4.8505597,6,Shirt,UMAP
9.189855,3.792626,4,Coat,UMAP
0.4393216,2.2244792,5,Sandal,UMAP
2.3584304,4.750292,3,Dress,UMAP
1.934469,9.1410475,2,Pullover,UMAP
1.6665797,0.4296625,4,Coat,UMAP
5.3401046,0.19004518,8,Bag,UMAP
2.5254266,2.2779078,0,T-shirt/top,UMAP
6.8196826,4.3922105,1,Trouser,UMAP
7.066277,0.5086793,3,Dress,UMAP
3.5339093,5.915176,8,Bag,UMAP
5.013989,7.2382965,0,T-shirt/top,UMAP
0.5859549,2.142559,3,Dress,UMAP
2.138463,1.5759193,0,T-shirt/top,UMAP
4.6784286,0.27454063,1,Trouser,UMAP
7.3569756,1.627104,0,T-shirt/top,UMAP
4.859741,3.954318,2,Pullover,UMAP
2.0908496,0.38458544,6,Shirt,UMAP
3.0584054,3.0874681,8,Bag,UMAP
3.3762107,6.982107,8,Bag,UMAP
7.3893495,0.79477876,5,Sandal,UMAP
1.376295,2.0456114,4,Coat,UMAP
4.6358094,3.95663,7,Sneaker,UMAP
5.410929,4.008578,9,Ankle boot,UMAP
0.35130385,5.7450895,8,Bag,UMAP
4.1195555,5.5732746,4,Coat,UMAP
4.276653,7.878651,9,Ankle boot,UMAP
1.721727,9.071563,6,Shirt,UMAP
5.3751283,1.112839,3,Dress,UMAP
0.6868814,2.53372,7,Sneaker,UMAP
2.0260148,3.391897,8,Bag,UMAP
0.3671385,4.9060225,8,Bag,UMAP
6.66222,5.333782,8,Bag,UMAP
3.7369175,7.3005037,5,Sandal,UMAP
5.675627,0.17193468,1,Trouser,UMAP
8.346633,3.3622057,1,Trouser,UMAP
7.2734103,1.1202487,0,T-shirt/top,UMAP
3.6230414,0.35803536,3,Dress,UMAP
-0.055462867,5.846461,7,Sneaker,UMAP
5.096233,7.7438803,6,Shirt,UMAP
8.15221,4.7081203,3,Dress,UMAP
5.2258835,0.2910976,9,Ankle boot,UMAP
7.9362726,1.3521347,8,Bag,UMAP
4.523526,6.072281,4,Coat,UMAP
1.9033077,6.5083,6,Shirt,UMAP
6.764076,6.113257,5,Sandal,UMAP
0.87831163,5.203314,2,Pullover,UMAP
5.2274075,1.0711025,8,Bag,UMAP
8.94958,4.3253407,7,Sneaker,UMAP
2.956707,1.8796918,3,Dress,UMAP
3.2544832,3.9956748,2,Pullover,UMAP
2.8010495,5.6606426,7,Sneaker,UMAP
6.245762,7.046966,0,T-shirt/top,UMAP
0.3668718,3.4024546,2,Pullover,UMAP
5.658337,7.0278997,7,Sneaker,UMAP
4.522534,7.26732,4,Coat,UMAP
1.9619794,0.7076028,0,T-shirt/top,UMAP
5.758292,6.285965,5,Sandal,UMAP
2.062318,9.468743,8,Bag,UMAP
6.445562,7.0919657,1,Trouser,UMAP
2.544857,4.2698145,5,Sandal,UMAP
5.738572,4.242096,0,T-shirt/top,UMAP
3.8002748,5.617624,3,Dress,UMAP
2.4880946,3.1824973,9,Ankle boot,UMAP
2.6760576,9.1918955,8,Bag,UMAP
5.8424907,5.5096354,0,T-shirt/top,UMAP
7.726807,1.9821559,7,Sneaker,UMAP
2.5827277,0.5117724,6,Shirt,UMAP
2.360199,1.1509901,3,Dress,UMAP
2.3925521,1.087153,1,Trouser,UMAP
7.850272,2.8489237,2,Pullover,UMAP
9.155469,3.290063,4,Coat,UMAP
3.1166415,9.177607,0,T-shirt/top,UMAP
2.5586524,2.0220854,8,Bag,UMAP
5.0113482,3.6945338,0,T-shirt/top,UMAP
4.8546624,8.927496,0,T-shirt/top,UMAP
2.1911678,4.78765,8,Bag,UMAP
3.0841186,9.671805,8,Bag,UMAP
5.3713207,4.0863957,9,Ankle boot,UMAP
3.8194876,5.812401,9,Ankle boot,UMAP
5.648117,3.013003,4,Coat,UMAP
6.4123406,5.5076623,0,T-shirt/top,UMAP
3.129464,3.2910974,3,Dress,UMAP
9.131653,3.9741724,8,Bag,UMAP
4.744019,7.2519827,3,Dress,UMAP
7.8619804,2.2152686,7,Sneaker,UMAP
6.177568,2.1150398,4,Coat,UMAP
0.30356213,4.442543,6,Shirt,UMAP
5.869603,7.051763,5,Sandal,UMAP
4.4620366,6.995626,4,Coat,UMAP
9.063019,2.014479,6,Shirt,UMAP
0.27668703,3.4867473,6,Shirt,UMAP
2.1349835,5.119482,1,Trouser,UMAP
2.6492665,9.252737,9,Ankle boot,UMAP
2.7368317,6.270924,6,Shirt,UMAP
1.0585274,3.0303729,3,Dress,UMAP
5.642307,6.433484,2,Pullover,UMAP
1.2355394,6.7781997,3,Dress,UMAP
5.257454,1.0472186,4,Coat,UMAP
8.367941,5.6087856,5,Sandal,UMAP
1.9771291,9.379637,1,Trouser,UMAP
5.3788815,1.1652094,2,Pullover,UMAP
5.367253,1.1440026,8,Bag,UMAP
4.2727637,9.527444,1,Trouser,UMAP
7.304064,0.9001256,4,Coat,UMAP
2.2062647,1.0611571,9,Ankle boot,UMAP
2.3794403,8.65774,5,Sandal,UMAP
0.6942824,4.7399135,6,Shirt,UMAP
2.7045846,6.936737,4,Coat,UMAP
5.7817297,4.1944437,0,T-shirt/top,UMAP
8.198209,4.519826,3,Dress,UMAP
9.577632,3.7385197,9,Ankle boot,UMAP
4.858502,3.987244,1,Trouser,UMAP
4.5386076,9.654978,0,T-shirt/top,UMAP
1.7218744,0.87207586,9,Ankle boot,UMAP
5.3856654,2.2847211,2,Pullover,UMAP
7.41233,2.100154,5,Sandal,UMAP
3.5883937,-0.5192493,6,Shirt,UMAP
2.5974267,8.815063,5,Sandal,UMAP
5.816017,1.3025442,8,Bag,UMAP
4.363739,4.3332357,0,T-shirt/top,UMAP
3.212197,4.851523,4,Coat,UMAP
0.32622775,4.8151946,3,Dress,UMAP
1.9845823,9.349002,8,Bag,UMAP
7.207139,0.5367936,4,Coat,UMAP
3.0804288,2.0434167,0,T-shirt/top,UMAP
8.312117,4.3874965,8,Bag,UMAP
8.234671,4.1983743,7,Sneaker,UMAP
5.6210265,2.1992886,0,T-shirt/top,UMAP
3.6004527,8.459487,1,Trouser,UMAP
4.197372,-0.6497179,0,T-shirt/top,UMAP
0.30355072,5.8364434,4,Coat,UMAP
4.8282657,8.876961,2,Pullover,UMAP
2.9358997,5.9733195,0,T-shirt/top,UMAP
1.4241736,0.6820625,5,Sandal,UMAP
7.150283,7.112789,8,Bag,UMAP
3.9255388,9.90158,2,Pullover,UMAP
4.4782214,4.2495317,3,Dress,UMAP
2.228596,1.2541296,3,Dress,UMAP
4.6011167,0.15620431,5,Sandal,UMAP
5.6561174,7.0301876,1,Trouser,UMAP
4.224089,4.0368795,7,Sneaker,UMAP
9.419795,4.114873,9,Ankle boot,UMAP
6.08248,0.24423683,3,Dress,UMAP
4.3082423,3.3447568,0,T-shirt/top,UMAP
8.717471,4.429459,9,Ankle boot,UMAP
6.601399,6.9735184,5,Sandal,UMAP
3.2528486,4.212733,0,T-shirt/top,UMAP
7.357639,5.4119596,3,Dress,UMAP
1.5755917,1.2584743,9,Ankle boot,UMAP
2.8660598,9.503361,4,Coat,UMAP
7.2465143,4.6339483,9,Ankle boot,UMAP
2.1621244,3.7482076,0,T-shirt/top,UMAP
2.9797945,-0.68031967,6,Shirt,UMAP
2.9772253,2.7384646,0,T-shirt/top,UMAP
3.5823994,0.38633257,3,Dress,UMAP
3.2775097,3.9509203,8,Bag,UMAP
0.5942533,4.836446,0,T-shirt/top,UMAP
1.4993544,1.3917837,0,T-shirt/top,UMAP
4.708634,8.676589,5,Sandal,UMAP
5.0130477,7.9029074,3,Dress,UMAP
4.287046,1.700988,1,Trouser,UMAP
6.557492,3.2843595,6,Shirt,UMAP
6.409294,5.238455,0,T-shirt/top,UMAP
3.2001781,3.4744103,2,Pullover,UMAP
2.2761664,7.8763967,3,Dress,UMAP
3.8996336,5.1188526,1,Trouser,UMAP
9.203654,3.8008525,3,Dress,UMAP
4.3417354,1.3805803,9,Ankle boot,UMAP
6.9929614,7.82768,5,Sandal,UMAP
1.4355508,4.2125015,8,Bag,UMAP
3.7742767,5.8833747,1,Trouser,UMAP
2.573941,7.4344974,1,Trouser,UMAP
0.8962211,4.0528316,4,Coat,UMAP
5.434445,7.165258,7,Sneaker,UMAP
3.6035364,7.9054894,6,Shirt,UMAP
3.6867905,6.9377103,3,Dress,UMAP
2.782197,4.8804073,0,T-shirt/top,UMAP
-0.17642406,6.112086,8,Bag,UMAP
4.7118464,9.067097,6,Shirt,UMAP
3.016069,0.23810571,3,Dress,UMAP
8.248317,1.7389293,6,Shirt,UMAP
7.5395107,5.102315,4,Coat,UMAP
3.3564765,5.9637947,4,Coat,UMAP
2.955163,6.406615,4,Coat,UMAP
0.9733692,5.428866,4,Coat,UMAP
1.6515961,0.7416851,2,Pullover,UMAP
5.2261105,1.921557,3,Dress,UMAP
4.234976,0.7089427,4,Coat,UMAP
8.154057,5.801046,9,Ankle boot,UMAP
8.037185,3.543547,8,Bag,UMAP
6.640193,4.0630417,6,Shirt,UMAP
2.6394444,7.5955954,0,T-shirt/top,UMAP
4.97705,7.931575,7,Sneaker,UMAP
0.6336401,2.0693083,9,Ankle boot,UMAP
4.7395024,0.50582534,5,Sandal,UMAP
0.81964016,6.335001,4,Coat,UMAP
4.256435,7.7717347,0,T-shirt/top,UMAP
3.4254766,0.7952121,2,Pullover,UMAP
2.303156,7.5965424,1,Trouser,UMAP
7.136131,1.01941,8,Bag,UMAP
1.7909483,5.810394,8,Bag,UMAP
1.8990941,5.672867,8,Bag,UMAP
7.174751,5.633434,0,T-shirt/top,UMAP
3.8496642,9.873483,5,Sandal,UMAP
1.8519968,5.6317058,2,Pullover,UMAP
2.711495,6.934526,8,Bag,UMAP
0.3372383,3.4348288,6,Shirt,UMAP
4.4030066,7.443148,7,Sneaker,UMAP
4.208881,9.233197,8,Bag,UMAP
2.8591456,2.2196803,3,Dress,UMAP
2.3690617,7.476224,9,Ankle boot,UMAP
9.220243,2.847283,6,Shirt,UMAP
7.9214764,2.0732334,1,Trouser,UMAP
5.320958,5.2058187,1,Trouser,UMAP
4.030606,2.0510387,3,Dress,UMAP
8.216536,4.2644167,1,Trouser,UMAP
0.8964946,6.420865,6,Shirt,UMAP
0.95573634,5.4236226,6,Shirt,UMAP
5.7468944,6.8989635,2,Pullover,UMAP
5.235992,0.17218426,2,Pullover,UMAP
4.8287,0.63871527,8,Bag,UMAP
1.6692047,0.502568,6,Shirt,UMAP
3.260601,-0.5360612,0,T-shirt/top,UMAP
9.098665,3.8995202,3,Dress,UMAP
7.626661,4.0919046,3,Dress,UMAP
2.2950659,8.289112,2,Pullover,UMAP
3.5227718,0.744279,3,Dress,UMAP
2.0030835,8.358774,9,Ankle boot,UMAP
5.198749,-0.096153885,4,Coat,UMAP
6.427932,6.9538083,0,T-shirt/top,UMAP
7.868523,5.8843474,6,Shirt,UMAP
6.693964,1.8317548,5,Sandal,UMAP
7.0599155,6.8342366,0,T-shirt/top,UMAP
7.7752395,4.9383583,4,Coat,UMAP
3.671056,9.135808,4,Coat,UMAP
8.164124,1.8093667,7,Sneaker,UMAP
3.1446035,0.17289573,9,Ankle boot,UMAP
5.3176713,1.1331458,2,Pullover,UMAP
4.641883,0.7347407,7,Sneaker,UMAP
1.675584,0.16819264,8,Bag,UMAP
2.0240088,1.488074,7,Sneaker,UMAP
5.8621483,4.7664423,1,Trouser,UMAP
3.3469934,5.0993176,4,Coat,UMAP
0.85971266,7.005242,6,Shirt,UMAP
4.860566,4.192592,5,Sandal,UMAP
2.2452736,5.7984204,1,Trouser,UMAP
1.8041673,2.3210237,9,Ankle boot,UMAP
3.004464,5.034019,5,Sandal,UMAP
2.4055037,8.172606,6,Shirt,UMAP
4.3168797,6.910929,0,T-shirt/top,UMAP
3.4415636,5.1999564,2,Pullover,UMAP
9.049395,2.219482,0,T-shirt/top,UMAP
5.000938,1.9442492,8,Bag,UMAP
4.4982514,7.8722024,4,Coat,UMAP
0.3162583,5.1440763,7,Sneaker,UMAP
6.509226,5.2575865,0,T-shirt/top,UMAP
6.3425417,4.2867756,0,T-shirt/top,UMAP
3.2930248,2.4273887,6,Shirt,UMAP
7.473384,5.818025,2,Pullover,UMAP
1.0869783,5.463042,4,Coat,UMAP
8.883105,2.9800882,3,Dress,UMAP
0.26679447,4.9156904,7,Sneaker,UMAP
4.647892,-0.11793847,3,Dress,UMAP
2.0429058,9.434147,4,Coat,UMAP
3.2300627,3.018032,2,Pullover,UMAP
4.9865675,-0.33821428,3,Dress,UMAP
6.084889,2.5437534,7,Sneaker,UMAP
1.3481008,4.3610597,4,Coat,UMAP
3.9009912,1.3950518,5,Sandal,UMAP
4.453093,0.34917924,7,Sneaker,UMAP
2.6920614,9.509319,5,Sandal,UMAP
2.6869328,4.61615,0,T-shirt/top,UMAP
3.2482078,7.360464,5,Sandal,UMAP
2.8312526,6.493813,6,Shirt,UMAP
7.707604,1.2930006,7,Sneaker,UMAP
0.6875142,5.1969137,1,Trouser,UMAP
7.592887,4.766673,8,Bag,UMAP
0.29962072,4.643777,9,Ankle boot,UMAP
4.2767787,1.2531389,1,Trouser,UMAP
6.761508,6.0111103,0,T-shirt/top,UMAP
6.94043,0.38556919,1,Trouser,UMAP
2.220866,4.3056045,7,Sneaker,UMAP
7.032085,0.4280115,8,Bag,UMAP
1.7247045,0.4296256,9,Ankle boot,UMAP
3.3377542,8.699989,6,Shirt,UMAP
3.135073,0.2242519,9,Ankle boot,UMAP
5.9724956,5.1590815,3,Dress,UMAP
5.9202905,5.3578615,0,T-shirt/top,UMAP
6.3741856,4.475999,6,Shirt,UMAP
7.0022044,3.1754122,4,Coat,UMAP
1.0797284,6.4048557,2,Pullover,UMAP
5.336677,1.0329307,7,Sneaker,UMAP
6.763984,3.4996285,7,Sneaker,UMAP
1.8102126,3.0549629,4,Coat,UMAP
8.240998,1.1320574,5,Sandal,UMAP
8.700698,1.9968938,2,Pullover,UMAP
2.2224185,2.617533,4,Coat,UMAP
3.415778,5.178782,4,Coat,UMAP
5.410799,0.049564853,6,Shirt,UMAP
4.0359716,2.4933264,7,Sneaker,UMAP
5.4781356,0.42226785,1,Trouser,UMAP
3.2950075,0.9037397,9,Ankle boot,UMAP
3.7258995,1.2637632,6,Shirt,UMAP
2.713349,8.704429,6,Shirt,UMAP
7.7905526,1.7690845,5,Sandal,UMAP
5.6121,5.326987,0,T-shirt/top,UMAP
4.7921076,6.419423,3,Dress,UMAP
6.3425336,7.061738,1,Trouser,UMAP
4.2128806,-0.6932778,0,T-shirt/top,UMAP
1.2320305,2.9491882,9,Ankle boot,UMAP
5.422883,4.1794653,0,T-shirt/top,UMAP
3.8598046,-0.23002064,3,Dress,UMAP
1.6407951,0.40654966,2,Pullover,UMAP
3.824274,8.920631,2,Pullover,UMAP
5.1932783,1.0302573,2,Pullover,UMAP
8.954618,4.9083443,9,Ankle boot,UMAP
3.6879542,9.417583,2,Pullover,UMAP
5.7411704,2.9283664,4,Coat,UMAP
1.3424222,7.036316,4,Coat,UMAP
3.8344202,7.0131946,9,Ankle boot,UMAP
4.511277,6.3241935,8,Bag,UMAP
6.4216027,5.2221303,6,Shirt,UMAP
1.5955073,2.6284094,7,Sneaker,UMAP
7.2807927,3.8355212,3,Dress,UMAP
9.280163,3.7300577,1,Trouser,UMAP
8.866071,2.8529828,1,Trouser,UMAP
5.5668755,0.1385767,6,Shirt,UMAP
8.687971,2.0428402,3,Dress,UMAP
8.110562,1.4473908,7,Sneaker,UMAP
5.707424,2.436647,4,Coat,UMAP
9.008009,4.345406,4,Coat,UMAP
8.680637,2.1505363,2,Pullover,UMAP
5.9187756,1.6291949,7,Sneaker,UMAP
2.5137496,9.305694,3,Dress,UMAP
9.138473,4.572257,9,Ankle boot,UMAP
5.10112,2.0814424,5,Sandal,UMAP
3.1997406,3.7423756,5,Sandal,UMAP
3.9474063,-0.6291473,9,Ankle boot,UMAP
1.6028643,8.774372,6,Shirt,UMAP
1.5652684,1.7536639,9,Ankle boot,UMAP
6.440386,3.227551,2,Pullover,UMAP
6.95297,5.524137,3,Dress,UMAP
4.2149606,8.86449,2,Pullover,UMAP
7.119601,6.878112,2,Pullover,UMAP
1.3655294,2.453091,8,Bag,UMAP
2.181098,1.534226,6,Shirt,UMAP
1.4638742,7.349695,4,Coat,UMAP
7.644523,4.494169,7,Sneaker,UMAP
3.9881418,7.986853,9,Ankle boot,UMAP
4.566508,6.617266,8,Bag,UMAP
1.6137669,0.17586422,6,Shirt,UMAP
3.3680253,3.3874032,7,Sneaker,UMAP
0.35649636,4.90468,5,Sandal,UMAP
0.44381225,2.4487753,9,Ankle boot,UMAP
3.586814,1.2977873,2,Pullover,UMAP
1.4298277,2.1009111,8,Bag,UMAP
8.649345,4.8115425,1,Trouser,UMAP
2.6713412,8.189188,9,Ankle boot,UMAP
5.9016,4.508646,4,Coat,UMAP
9.491849,3.4523497,9,Ankle boot,UMAP
6.335502,5.130936,9,Ankle boot,UMAP
2.3305838,5.644796,6,Shirt,UMAP
3.0241036,2.2253191,0,T-shirt/top,UMAP
4.6561007,0.2954256,5,Sandal,UMAP
5.733306,4.9332275,0,T-shirt/top,UMAP
9.239669,2.2437057,8,Bag,UMAP
3.273554,8.925198,6,Shirt,UMAP
3.7189834,5.331639,8,Bag,UMAP
1.4745203,4.6654744,1,Trouser,UMAP
4.686307,9.316353,4,Coat,UMAP
0.6736273,5.4226513,4,Coat,UMAP
6.5928802,2.0906146,7,Sneaker,UMAP
2.83379,7.926027,3,Dress,UMAP
2.0124972,6.6716676,3,Dress,UMAP
6.876238,7.8799863,2,Pullover,UMAP
4.308521,6.3621216,3,Dress,UMAP
8.577537,3.3005805,1,Trouser,UMAP
3.0950365,2.2118537,0,T-shirt/top,UMAP
8.754393,3.3512456,4,Coat,UMAP
6.0969224,0.20287722,4,Coat,UMAP
9.427779,3.1247053,9,Ankle boot,UMAP
5.8122773,7.626485,6,Shirt,UMAP
2.802635,4.369468,0,T-shirt/top,UMAP
4.029966,6.6101985,9,Ankle boot,UMAP
8.133853,4.576612,8,Bag,UMAP
5.6625037,2.7569456,8,Bag,UMAP
3.2783184,7.7861953,3,Dress,UMAP
0.24356747,3.6164224,9,Ankle boot,UMAP
3.7453592,0.85506,7,Sneaker,UMAP
8.025892,4.1345367,0,T-shirt/top,UMAP
1.476265,1.2431579,1,Trouser,UMAP
7.2636843,5.3359118,2,Pullover,UMAP
4.805219,0.10774749,3,Dress,UMAP
7.371362,5.154653,3,Dress,UMAP
8.04054,4.5791664,3,Dress,UMAP
2.2315862,5.2763805,5,Sandal,UMAP
1.387643,0.6548049,6,Shirt,UMAP
5.412947,3.4366155,6,Shirt,UMAP
6.0999637,7.1548758,1,Trouser,UMAP
9.416929,4.161463,6,Shirt,UMAP
3.404575,3.659455,3,Dress,UMAP
2.1363578,9.518563,3,Dress,UMAP
8.613021,5.231009,5,Sandal,UMAP
5.525038,0.08354219,8,Bag,UMAP
3.978452,8.109355,4,Coat,UMAP
5.7717853,4.241346,8,Bag,UMAP
3.2153268,3.4995415,7,Sneaker,UMAP
9.434305,4.650211,6,Shirt,UMAP
1.1300551,6.641369,7,Sneaker,UMAP
8.2873335,4.3612304,2,Pullover,UMAP
7.0108395,0.3900158,1,Trouser,UMAP
3.261279,-0.6425471,1,Trouser,UMAP
3.9309342,-0.576849,3,Dress,UMAP
5.220787,3.4415352,8,Bag,UMAP
2.831446,6.293001,6,Shirt,UMAP
3.484616,1.1053622,0,T-shirt/top,UMAP
1.8705992,9.094085,9,Ankle boot,UMAP
0.5381078,4.9601126,7,Sneaker,UMAP
8.383064,4.5578976,5,Sandal,UMAP
2.81617,0.3136082,8,Bag,UMAP
3.3905053,9.142422,2,Pullover,UMAP
8.65818,2.245646,3,Dress,UMAP
2.639187,0.53137565,5,Sandal,UMAP
2.6485794,4.1013417,9,Ankle boot,UMAP
7.657831,4.0923324,7,Sneaker,UMAP
2.7952197,1.752233,0,T-shirt/top,UMAP
4.7172837,8.80793,1,Trouser,UMAP
7.5261183,3.1362607,1,Trouser,UMAP
6.829553,4.488129,9,Ankle boot,UMAP
2.394306,6.8995547,8,Bag,UMAP
5.7765393,6.8934426,6,Shirt,UMAP
3.4695485,8.180783,0,T-shirt/top,UMAP
6.178699,5.9577856,0,T-shirt/top,UMAP
8.082662,1.4240716,1,Trouser,UMAP
4.346468,1.2983832,2,Pullover,UMAP
1.7618196,1.739216,2,Pullover,UMAP
7.8883476,2.1998248,4,Coat,UMAP
6.796245,2.6320355,4,Coat,UMAP
4.124221,2.6160192,8,Bag,UMAP
4.157149,1.7704501,1,Trouser,UMAP
4.547271,7.146416,3,Dress,UMAP
4.6763515,7.2691255,7,Sneaker,UMAP
5.869207,5.3202453,3,Dress,UMAP
3.0331376,8.455328,6,Shirt,UMAP
6.894116,7.2589746,1,Trouser,UMAP
3.4408581,7.980735,0,T-shirt/top,UMAP
4.309679,1.2217227,5,Sandal,UMAP
2.9857283,4.2360835,0,T-shirt/top,UMAP
1.8372675,0.4882703,1,Trouser,UMAP
8.813987,4.1338,7,Sneaker,UMAP
2.8270493,6.8910108,3,Dress,UMAP
0.31232056,4.548464,9,Ankle boot,UMAP
6.2880425,0.29968607,8,Bag,UMAP
2.0738487,9.53143,3,Dress,UMAP
4.226732,4.0731115,9,Ankle boot,UMAP
3.9100592,8.8741455,6,Shirt,UMAP
7.6176276,5.4864535,9,Ankle boot,UMAP
8.341225,5.27441,5,Sandal,UMAP
4.474694,6.3024516,4,Coat,UMAP
7.660186,1.9062929,7,Sneaker,UMAP
4.2940044,-0.71288913,0,T-shirt/top,UMAP
3.4083173,0.10472159,3,Dress,UMAP
2.1996186,1.2799419,9,Ankle boot,UMAP
7.960421,2.080542,7,Sneaker,UMAP
0.8213356,2.6179078,9,Ankle boot,UMAP
5.1642356,2.6601443,6,Shirt,UMAP
3.378496,5.152519,4,Coat,UMAP
3.8586884,2.4592772,5,Sandal,UMAP
5.461555,6.67126,6,Shirt,UMAP
6.0348535,0.19175114,2,Pullover,UMAP
7.606103,5.345728,1,Trouser,UMAP
7.9942064,5.839162,5,Sandal,UMAP
3.6168761,0.61718035,3,Dress,UMAP
6.4879746,3.2717066,4,Coat,UMAP
3.6381924,8.845655,1,Trouser,UMAP
5.3210926,1.0212321,5,Sandal,UMAP
8.307596,4.431931,5,Sandal,UMAP
0.43476582,6.337826,8,Bag,UMAP
1.92729,4.2149835,8,Bag,UMAP
1.538691,1.6157733,9,Ankle boot,UMAP
4.3739724,4.7749104,4,Coat,UMAP
7.4262137,4.40988,9,Ankle boot,UMAP
5.999816,2.6148841,5,Sandal,UMAP
5.074797,7.563321,7,Sneaker,UMAP
1.4308167,2.6949017,8,Bag,UMAP
4.196532,3.7386916,7,Sneaker,UMAP
2.7392554,9.396394,1,Trouser,UMAP
4.2093754,1.8593872,3,Dress,UMAP
8.211199,1.3621726,1,Trouser,UMAP
6.0071096,6.985687,6,Shirt,UMAP
3.5388386,3.262127,1,Trouser,UMAP
1.6292559,1.8822669,3,Dress,UMAP
1.3112255,3.1332982,3,Dress,UMAP
8.941072,3.3900986,1,Trouser,UMAP
1.922496,5.0960274,3,Dress,UMAP
5.471098,4.6482444,8,Bag,UMAP
1.1928316,0.94239575,9,Ankle boot,UMAP
4.043657,6.305509,9,Ankle boot,UMAP
0.798761,6.902518,4,Coat,UMAP
2.6180046,0.78156984,1,Trouser,UMAP
4.2940307,9.644726,0,T-shirt/top,UMAP
4.492778,7.618461,8,Bag,UMAP
3.255956,-0.70705026,6,Shirt,UMAP
4.60304,4.5451827,2,Pullover,UMAP
4.675087,1.3383076,0,T-shirt/top,UMAP
4.2888746,4.00355,7,Sneaker,UMAP
1.6528196,1.5574948,9,Ankle boot,UMAP
9.066664,2.1607454,8,Bag,UMAP
4.107042,6.1414676,2,Pullover,UMAP
3.6658762,4.5466166,5,Sandal,UMAP
4.6651587,6.323623,4,Coat,UMAP
5.591203,3.233698,6,Shirt,UMAP
3.9961479,9.806608,3,Dress,UMAP
6.8579016,4.563625,1,Trouser,UMAP
6.769061,1.3366884,7,Sneaker,UMAP
1.9486088,9.374015,2,Pullover,UMAP
7.1957583,5.927077,5,Sandal,UMAP
6.066739,2.0947092,2,Pullover,UMAP
2.0139456,5.5212502,6,Shirt,UMAP
4.48399,9.736166,8,Bag,UMAP
4.3457217,3.9266257,2,Pullover,UMAP
2.7134588,6.956704,5,Sandal,UMAP
6.1658044,2.5226924,2,Pullover,UMAP
5.5613694,7.6678414,0,T-shirt/top,UMAP
3.845676,6.066108,7,Sneaker,UMAP
6.1517897,7.077695,1,Trouser,UMAP
5.704702,0.051776662,2,Pullover,UMAP
2.0567496,6.6681743,9,Ankle boot,UMAP
3.1562035,5.1568866,3,Dress,UMAP
4.7381306,7.124752,0,T-shirt/top,UMAP
4.2181344,9.478927,1,Trouser,UMAP
2.4332528,3.4175177,8,Bag,UMAP
7.351779,4.462432,0,T-shirt/top,UMAP
6.9727373,1.3019143,8,Bag,UMAP
1.89795,6.5911818,5,Sandal,UMAP
2.5407817,5.9656234,6,Shirt,UMAP
8.66803,1.8478453,8,Bag,UMAP
4.390912,6.929663,5,Sandal,UMAP
0.5459597,6.4173717,9,Ankle boot,UMAP
6.7419314,4.50618,0,T-shirt/top,UMAP
8.145705,1.9786866,7,Sneaker,UMAP
6.1572948,4.959245,7,Sneaker,UMAP
5.3556743,5.5795913,0,T-shirt/top,UMAP
7.5601664,4.2593546,0,T-shirt/top,UMAP
8.976194,3.6128178,4,Coat,UMAP
6.5852904,2.6635165,1,Trouser,UMAP
6.831768,6.0932565,1,Trouser,UMAP
1.1564133,5.7172155,6,Shirt,UMAP
5.338307,6.3065248,8,Bag,UMAP
0.4857517,2.425494,4,Coat,UMAP
5.4915733,4.6558704,1,Trouser,UMAP
6.6032796,2.7650616,2,Pullover,UMAP
8.260889,1.372052,7,Sneaker,UMAP
1.3481785,4.350895,5,Sandal,UMAP
1.2499876,6.2312617,5,Sandal,UMAP
2.302504,6.00331,9,Ankle boot,UMAP
8.016674,1.5056211,2,Pullover,UMAP
3.6273725,9.609606,5,Sandal,UMAP
3.7140155,3.0118425,7,Sneaker,UMAP
2.9363387,0.8644447,9,Ankle boot,UMAP
1.913843,5.305907,6,Shirt,UMAP
7.664542,1.3917972,7,Sneaker,UMAP
9.44067,4.5940228,0,T-shirt/top,UMAP
9.417274,3.3326485,6,Shirt,UMAP
2.342077,3.5889332,9,Ankle boot,UMAP
7.0584583,1.7012558,2,Pullover,UMAP
4.428264,8.617309,6,Shirt,UMAP
4.944249,7.869394,9,Ankle boot,UMAP
2.505809,0.97969604,6,Shirt,UMAP
1.540259,1.8758066,6,Shirt,UMAP
5.6692166,5.886088,0,T-shirt/top,UMAP
0.7825779,6.7916746,4,Coat,UMAP
5.3409905,2.6206644,4,Coat,UMAP
4.5979123,4.270425,0,T-shirt/top,UMAP
5.306127,6.1114283,4,Coat,UMAP
4.2001038,7.084715,5,Sandal,UMAP
8.102047,3.3536854,6,Shirt,UMAP
0.63785535,1.7471647,9,Ankle boot,UMAP
4.774825,-0.36482003,3,Dress,UMAP
4.2328606,7.540093,8,Bag,UMAP
1.3892071,5.6775317,6,Shirt,UMAP
6.5639706,3.3828852,7,Sneaker,UMAP
1.1755148,5.481789,5,Sandal,UMAP
4.80148,4.202304,2,Pullover,UMAP
5.086169,4.281682,1,Trouser,UMAP
5.249304,7.223965,3,Dress,UMAP
3.4668653,5.255496,6,Shirt,UMAP
6.769441,1.5478016,2,Pullover,UMAP
0.71501684,4.8269224,8,Bag,UMAP
7.4477296,4.4876523,3,Dress,UMAP
2.7533734,2.319854,0,T-shirt/top,UMAP
4.2997665,-0.6649708,3,Dress,UMAP
6.883286,5.635256,4,Coat,UMAP
8.197938,1.0278666,8,Bag,UMAP
3.9851298,5.3559136,4,Coat,UMAP
6.6175647,2.960107,6,Shirt,UMAP
7.46594,3.2201416,1,Trouser,UMAP
1.1160792,4.6848545,4,Coat,UMAP
2.936846,1.9774357,3,Dress,UMAP
1.8320878,2.3601615,8,Bag,UMAP
7.805757,1.461573,1,Trouser,UMAP
3.0495284,3.3955314,3,Dress,UMAP
0.91746724,2.819803,4,Coat,UMAP
2.962316,0.9194257,9,Ankle boot,UMAP
1.6123798,5.1714435,5,Sandal,UMAP
2.1051753,7.3279395,4,Coat,UMAP
4.196582,6.771702,8,Bag,UMAP
4.316093,3.8461244,3,Dress,UMAP
2.0242481,9.474257,1,Trouser,UMAP
9.555083,3.5771577,9,Ankle boot,UMAP
8.131434,1.1350608,5,Sandal,UMAP
4.818454,7.5646467,2,Pullover,UMAP
6.510699,4.0660996,4,Coat,UMAP
9.059259,2.8205457,3,Dress,UMAP
2.2992086,2.30147,0,T-shirt/top,UMAP
2.5397213,8.664186,0,T-shirt/top,UMAP
8.392713,4.281981,7,Sneaker,UMAP
5.1871033,2.6437519,6,Shirt,UMAP
8.280096,2.5696619,2,Pullover,UMAP
2.085441,8.316552,5,Sandal,UMAP
7.6316833,5.7681837,4,Coat,UMAP
3.9285846,2.0343726,2,Pullover,UMAP
6.4720283,7.84023,9,Ankle boot,UMAP
0.30456415,4.985574,1,Trouser,UMAP
5.7918835,6.9860835,6,Shirt,UMAP
6.5346956,7.7824416,1,Trouser,UMAP
4.010516,9.127791,7,Sneaker,UMAP
9.572201,3.5934308,9,Ankle boot,UMAP
3.9429119,4.520529,2,Pullover,UMAP
7.3989544,4.5801806,3,Dress,UMAP
5.5390368,3.874038,6,Shirt,UMAP
1.358624,0.6656762,6,Shirt,UMAP
5.0800786,2.2558744,1,Trouser,UMAP
5.711983,2.329443,4,Coat,UMAP
8.180809,4.149702,4,Coat,UMAP
3.8135655,5.623707,3,Dress,UMAP
3.5567973,9.4275465,5,Sandal,UMAP
5.3833947,3.6590889,6,Shirt,UMAP
6.6756525,3.29966,7,Sneaker,UMAP
6.068087,4.880209,0,T-shirt/top,UMAP
1.2410456,6.89621,5,Sandal,UMAP
0.5274019,5.3896766,5,Sandal,UMAP
3.8280547,5.57905,9,Ankle boot,UMAP
1.9323515,5.3768196,9,Ankle boot,UMAP
8.878439,1.9205734,8,Bag,UMAP
5.899937,4.390723,6,Shirt,UMAP
2.7313855,8.641282,4,Coat,UMAP
3.1367133,5.1323166,8,Bag,UMAP
1.7091286,5.512966,7,Sneaker,UMAP
4.51993,9.748908,4,Coat,UMAP
7.749732,1.738934,7,Sneaker,UMAP
1.9862702,4.022677,8,Bag,UMAP
7.9722476,5.846736,5,Sandal,UMAP
7.6373377,4.0836897,4,Coat,UMAP
3.1282983,0.14288557,4,Coat,UMAP
9.328704,4.468115,9,Ankle boot,UMAP
6.872546,5.7816043,3,Dress,UMAP
4.0170627,8.767109,2,Pullover,UMAP
1.274483,5.2982564,0,T-shirt/top,UMAP
3.4124308,9.007565,1,Trouser,UMAP
8.682187,4.0925508,2,Pullover,UMAP
1.8763878,8.0776615,8,Bag,UMAP
3.5422182,9.5146265,3,Dress,UMAP
8.568962,3.7296224,8,Bag,UMAP
0.8691366,4.672403,1,Trouser,UMAP
2.2051473,9.467949,4,Coat,UMAP
1.0032401,6.4309087,2,Pullover,UMAP
0.79063267,2.407527,4,Coat,UMAP
2.9147782,4.897163,7,Sneaker,UMAP
7.5231295,1.7728757,7,Sneaker,UMAP
4.15497,5.6220994,2,Pullover,UMAP
6.535634,5.616774,9,Ankle boot,UMAP
6.4448504,7.17474,8,Bag,UMAP
2.1275666,4.2679634,8,Bag,UMAP
2.1707168,5.6625123,5,Sandal,UMAP
8.797799,2.2606041,1,Trouser,UMAP
3.7602093,1.2828467,1,Trouser,UMAP
1.8885431,9.2348795,6,Shirt,UMAP
8.1958,2.7793956,2,Pullover,UMAP
4.7557077,8.615652,5,Sandal,UMAP
6.867937,0.9470153,1,Trouser,UMAP
2.9911983,-0.70978785,4,Coat,UMAP
3.9850078,4.725213,0,T-shirt/top,UMAP
5.46785,3.9933467,6,Shirt,UMAP
1.0263195,4.730808,6,Shirt,UMAP
5.7808123,6.950186,7,Sneaker,UMAP
2.198706,8.529582,8,Bag,UMAP
2.8273408,9.417816,5,Sandal,UMAP
3.372995,0.765062,7,Sneaker,UMAP
5.345758,5.8610587,2,Pullover,UMAP
-0.12917821,5.8424034,7,Sneaker,UMAP
1.3676825,5.365327,5,Sandal,UMAP
1.2827387,3.2056756,4,Coat,UMAP
7.795333,1.336081,1,Trouser,UMAP
6.7460375,1.2623636,4,Coat,UMAP
2.9832473,-0.62904716,4,Coat,UMAP
1.1330546,2.1279936,4,Coat,UMAP
5.1857166,4.537191,1,Trouser,UMAP
5.1382947,7.481627,7,Sneaker,UMAP
3.2170782,0.85129917,5,Sandal,UMAP
2.3587782,3.0148008,9,Ankle boot,UMAP
3.2310002,3.543085,9,Ankle boot,UMAP
6.039467,1.4576066,5,Sandal,UMAP
8.354427,4.0236673,9,Ankle boot,UMAP
4.5634217,9.618307,1,Trouser,UMAP
4.119257,2.1645365,0,T-shirt/top,UMAP
2.491257,3.662919,8,Bag,UMAP
2.3880463,3.3247406,8,Bag,UMAP
4.6825643,-0.36507526,0,T-shirt/top,UMAP
1.304265,4.9097385,8,Bag,UMAP
3.5367517,-0.1739484,6,Shirt,UMAP
5.6912045,4.324243,0,T-shirt/top,UMAP
8.855742,2.9229932,1,Trouser,UMAP
3.6419117,4.5476904,8,Bag,UMAP
7.1053214,6.865816,2,Pullover,UMAP
1.3455026,4.895557,7,Sneaker,UMAP
2.598428,1.01622,5,Sandal,UMAP
2.698675,6.2276487,6,Shirt,UMAP
8.861244,2.0714777,6,Shirt,UMAP
7.430897,5.1969132,9,Ankle boot,UMAP
5.0009847,7.5607057,9,Ankle boot,UMAP
1.5675249,1.1335231,6,Shirt,UMAP
8.290386,3.3575306,4,Coat,UMAP
0.92979574,6.376311,4,Coat,UMAP
2.3403995,8.662381,9,Ankle boot,UMAP
3.290662,4.7938576,0,T-shirt/top,UMAP
2.7432313,8.921004,5,Sandal,UMAP
4.3786364,0.54949504,7,Sneaker,UMAP
2.0386424,2.605202,9,Ankle boot,UMAP
7.0766068,7.2192287,9,Ankle boot,UMAP
7.888131,4.979852,5,Sandal,UMAP
4.6168866,6.418639,1,Trouser,UMAP
0.66027886,3.2228315,4,Coat,UMAP
6.063722,5.0996246,8,Bag,UMAP
7.6585913,2.6829576,1,Trouser,UMAP
0.621561,5.647789,6,Shirt,UMAP
6.3899374,0.90684927,5,Sandal,UMAP
4.2425356,6.443418,9,Ankle boot,UMAP
2.699169,8.366283,4,Coat,UMAP
-0.19905652,6.1159987,8,Bag,UMAP
3.1507888,0.018541712,4,Coat,UMAP
6.823087,1.1259052,1,Trouser,UMAP
1.6055536,2.6183605,0,T-shirt/top,UMAP
2.4919434,2.4482882,4,Coat,UMAP
1.3981992,6.3717237,6,Shirt,UMAP
4.7168407,9.086071,6,Shirt,UMAP
4.1360583,6.9248466,4,Coat,UMAP
3.8805008,7.4710345,0,T-shirt/top,UMAP
9.204688,3.803291,5,Sandal,UMAP
8.780744,4.218621,7,Sneaker,UMAP
2.1645763,1.2911934,2,Pullover,UMAP
4.2091994,6.441673,5,Sandal,UMAP
7.7870665,1.3545545,2,Pullover,UMAP
5.3116384,0.5279946,7,Sneaker,UMAP
1.6837628,5.8116684,4,Coat,UMAP
8.041774,2.0007222,7,Sneaker,UMAP
6.3115525,1.10823,8,Bag,UMAP
1.7792783,9.091518,6,Shirt,UMAP
2.544971,5.658232,5,Sandal,UMAP
5.4181914,6.6391816,6,Shirt,UMAP
4.255542,0.44758534,5,Sandal,UMAP
5.501781,0.09934486,3,Dress,UMAP
2.1639507,8.429197,7,Sneaker,UMAP
4.664105,8.961445,7,Sneaker,UMAP
2.7105477,6.1398773,6,Shirt,UMAP
2.7277613,7.555448,4,Coat,UMAP
2.7633104,7.6216516,8,Bag,UMAP
8.340537,4.3697577,2,Pullover,UMAP
5.386806,0.023319578,4,Coat,UMAP
3.6889524,2.383076,7,Sneaker,UMAP
0.7330396,2.6008902,5,Sandal,UMAP
2.0154684,9.422916,4,Coat,UMAP
7.2842827,5.6735263,1,Trouser,UMAP
2.9019675,5.0150805,9,Ankle boot,UMAP
7.7363253,2.903682,6,Shirt,UMAP
0.31000298,4.150612,7,Sneaker,UMAP
3.455108,1.4965838,3,Dress,UMAP
2.303427,3.7304425,9,Ankle boot,UMAP
3.590622,3.9471226,3,Dress,UMAP
6.9926558,1.2888737,8,Bag,UMAP
2.9867172,7.7211657,6,Shirt,UMAP
4.481508,9.736262,5,Sandal,UMAP
5.5023828,5.3563876,2,Pullover,UMAP
5.0506134,5.291438,2,Pullover,UMAP
7.31978,6.842323,5,Sandal,UMAP
8.982663,2.4662063,8,Bag,UMAP
5.3775196,0.25823337,6,Shirt,UMAP
0.99938375,4.584237,1,Trouser,UMAP
8.123269,4.177075,4,Coat,UMAP
6.8577504,1.3944743,2,Pullover,UMAP
5.0968246,2.5612893,6,Shirt,UMAP
3.4132915,5.0635,4,Coat,UMAP
2.6242619,0.42252526,6,Shirt,UMAP
2.0391448,8.949922,5,Sandal,UMAP
8.860537,3.7743993,6,Shirt,UMAP
4.109045,-0.6836352,0,T-shirt/top,UMAP
3.82804,7.320693,1,Trouser,UMAP
2.7628157,1.2688475,0,T-shirt/top,UMAP
3.214647,-0.24789163,9,Ankle boot,UMAP
5.2178583,2.7208827,3,Dress,UMAP
4.892596,0.8912901,2,Pullover,UMAP
4.767714,7.049064,7,Sneaker,UMAP
3.7743871,1.3355098,6,Shirt,UMAP
2.777235,7.647639,2,Pullover,UMAP
1.9566659,0.509825,2,Pullover,UMAP
0.6664637,5.212859,8,Bag,UMAP
2.97726,0.50975853,0,T-shirt/top,UMAP
2.3480694,3.0083334,8,Bag,UMAP
9.194066,2.2123437,0,T-shirt/top,UMAP
2.7430947,6.289629,4,Coat,UMAP
7.1002383,7.160496,0,T-shirt/top,UMAP
4.1173277,2.6228666,5,Sandal,UMAP
8.541691,4.8974996,3,Dress,UMAP
6.9290867,4.4673395,1,Trouser,UMAP
2.3074074,4.164881,7,Sneaker,UMAP
8.072591,3.5053914,1,Trouser,UMAP
2.8012319,6.852368,8,Bag,UMAP
5.138071,3.4395683,0,T-shirt/top,UMAP
2.4728131,9.24193,6,Shirt,UMAP
3.9178655,7.4472976,5,Sandal,UMAP
3.6280837,0.31581205,3,Dress,UMAP
3.7972972,7.818714,1,Trouser,UMAP
5.0790453,4.1468596,4,Coat,UMAP
5.407476,3.5899575,6,Shirt,UMAP
7.6318583,4.2219963,6,Shirt,UMAP
3.853961,7.1658688,0,T-shirt/top,UMAP
3.7619033,5.3635263,2,Pullover,UMAP
-0.13029109,5.7992344,1,Trouser,UMAP
0.8143836,4.63129,8,Bag,UMAP
1.0866637,6.4830117,5,Sandal,UMAP
7.8540764,1.4445527,2,Pullover,UMAP
1.5709941,4.209625,1,Trouser,UMAP
6.956737,7.2749357,3,Dress,UMAP
3.234452,-0.17924899,3,Dress,UMAP
4.3100576,1.9512932,3,Dress,UMAP
0.016277283,6.001795,1,Trouser,UMAP
2.770418,6.89051,5,Sandal,UMAP
1.2329435,5.688164,7,Sneaker,UMAP
9.2704315,3.7660842,9,Ankle boot,UMAP
2.4028664,3.1071658,1,Trouser,UMAP
4.0952387,8.007766,9,Ankle boot,UMAP
3.9746447,9.900584,0,T-shirt/top,UMAP
2.40966,8.329498,6,Shirt,UMAP
3.2426515,4.4895377,8,Bag,UMAP
2.0072532,9.338407,8,Bag,UMAP
4.295019,7.9201603,2,Pullover,UMAP
1.6345054,0.11517555,2,Pullover,UMAP
3.6812854,2.9587827,7,Sneaker,UMAP
2.9837315,0.40747088,3,Dress,UMAP
1.6621192,2.6228364,9,Ankle boot,UMAP
1.3007262,4.8497953,5,Sandal,UMAP
5.913287,1.4235393,7,Sneaker,UMAP
4.3451505,0.27819166,7,Sneaker,UMAP
3.0962665,0.9860314,3,Dress,UMAP
1.8873365,4.0547857,9,Ankle boot,UMAP
5.418963,3.4516132,6,Shirt,UMAP
0.70871663,5.1307535,6,Shirt,UMAP
4.7960343,2.0613198,3,Dress,UMAP
1.0948333,6.3413806,5,Sandal,UMAP
6.5160317,4.264599,0,T-shirt/top,UMAP
4.765108,7.751357,2,Pullover,UMAP
7.4450884,5.823591,0,T-shirt/top,UMAP
3.9077377,-0.5721056,0,T-shirt/top,UMAP
2.248362,-0.10990218,0,T-shirt/top,UMAP
2.3231726,7.4226584,5,Sandal,UMAP
2.1004152,2.1164734,4,Coat,UMAP
4.2312818,1.2811353,5,Sandal,UMAP
1.0768363,6.253578,9,Ankle boot,UMAP
8.87078,2.1841164,4,Coat,UMAP
2.4156327,4.198136,7,Sneaker,UMAP
1.4337494,4.8780217,7,Sneaker,UMAP
1.8363619,3.0744467,3,Dress,UMAP
6.977582,7.8379016,2,Pullover,UMAP
3.4502738,8.070762,7,Sneaker,UMAP
9.441021,4.5563273,9,Ankle boot,UMAP
2.8890781,7.4363923,8,Bag,UMAP
3.6718297,5.8679523,4,Coat,UMAP
7.382966,5.587734,9,Ankle boot,UMAP
7.440499,5.7780476,4,Coat,UMAP
3.4164872,1.3908002,8,Bag,UMAP
4.3570266,8.931338,1,Trouser,UMAP
1.9153665,8.207107,0,T-shirt/top,UMAP
3.9967504,7.916667,1,Trouser,UMAP
7.1492553,4.504237,3,Dress,UMAP
2.2891521,6.2724633,6,Shirt,UMAP
2.0294414,4.014255,4,Coat,UMAP
3.2589116,2.2576694,7,Sneaker,UMAP
8.33333,1.1426461,6,Shirt,UMAP
6.7770205,3.484342,7,Sneaker,UMAP
1.592358,0.1676537,2,Pullover,UMAP
2.6355877,1.8294144,2,Pullover,UMAP
2.444107,3.621179,8,Bag,UMAP
7.538862,1.3376405,4,Coat,UMAP
5.9821224,0.1396356,6,Shirt,UMAP
8.487088,2.960246,9,Ankle boot,UMAP
3.5724614,5.91993,2,Pullover,UMAP
5.2431226,6.388621,1,Trouser,UMAP
6.938008,6.1299224,4,Coat,UMAP
5.741685,7.049875,5,Sandal,UMAP
5.484703,7.216012,8,Bag,UMAP
0.5251416,5.4209585,7,Sneaker,UMAP
9.599847,3.6613152,9,Ankle boot,UMAP
3.3213995,9.791648,8,Bag,UMAP
2.739376,7.61454,1,Trouser,UMAP
3.5071962,1.3353784,5,Sandal,UMAP
9.395179,4.2567115,6,Shirt,UMAP
2.2629862,-0.17580642,1,Trouser,UMAP
3.7400541,7.1263494,7,Sneaker,UMAP
8.568052,2.2716625,8,Bag,UMAP
4.1610203,-0.555821,3,Dress,UMAP
0.8582499,6.8186083,4,Coat,UMAP
7.6140757,1.8701171,7,Sneaker,UMAP
1.0712788,2.2914553,6,Shirt,UMAP
1.8059366,0.52461845,1,Trouser,UMAP
3.3987143,5.1741343,4,Coat,UMAP
3.0637186,7.5544395,7,Sneaker,UMAP
0.7587076,4.120393,4,Coat,UMAP
4.7062473,4.019394,5,Sandal,UMAP
2.7231488,7.157524,3,Dress,UMAP
9.126112,2.4514806,1,Trouser,UMAP
2.4251115,8.277692,5,Sandal,UMAP
3.8474398,5.166464,0,T-shirt/top,UMAP
1.7540061,5.7861934,3,Dress,UMAP
7.044918,7.8609467,0,T-shirt/top,UMAP
4.7169704,9.21751,4,Coat,UMAP
0.56773186,4.8485885,1,Trouser,UMAP
3.3995261,7.7362447,7,Sneaker,UMAP
4.4540133,3.9860723,5,Sandal,UMAP
8.18492,2.6829593,3,Dress,UMAP
4.388586,-0.07838713,1,Trouser,UMAP
4.8869176,3.8855503,2,Pullover,UMAP
2.5552828,4.3145375,5,Sandal,UMAP
5.630095,0.525849,4,Coat,UMAP
2.3091397,-0.14193901,4,Coat,UMAP
0.30645245,5.019224,3,Dress,UMAP
3.1734025,3.440167,2,Pullover,UMAP
5.3602276,0.26028273,1,Trouser,UMAP
3.7481804,5.111098,0,T-shirt/top,UMAP
7.253215,0.6243501,3,Dress,UMAP
4.723364,2.0348938,6,Shirt,UMAP
3.9671817,5.4541364,2,Pullover,UMAP
1.8844396,2.1075017,3,Dress,UMAP
5.142209,8.517198,8,Bag,UMAP
5.4857273,3.2814245,2,Pullover,UMAP
8.808757,3.0157483,1,Trouser,UMAP
0.8047224,3.2522504,5,Sandal,UMAP
7.2505283,6.1632504,4,Coat,UMAP
6.8110514,1.2744137,7,Sneaker,UMAP
4.4981685,4.5256715,1,Trouser,UMAP
4.7169647,6.1869555,4,Coat,UMAP
4.4301467,9.556083,0,T-shirt/top,UMAP
1.0753042,5.234313,1,Trouser,UMAP
9.357316,3.050817,6,Shirt,UMAP
6.1877813,2.6531541,7,Sneaker,UMAP
4.0114717,-0.44563064,9,Ankle boot,UMAP
6.8168654,6.575285,6,Shirt,UMAP
6.0355005,2.1136267,7,Sneaker,UMAP
2.0085647,7.040082,8,Bag,UMAP
5.2141743,4.3263116,0,T-shirt/top,UMAP
7.822795,2.2770162,6,Shirt,UMAP
4.0982523,6.262493,4,Coat,UMAP
7.033491,0.9011871,4,Coat,UMAP
-0.08701064,5.8985543,9,Ankle boot,UMAP
0.6199266,2.452725,1,Trouser,UMAP
3.590015,0.2525544,3,Dress,UMAP
0.052254405,6.0336742,9,Ankle boot,UMAP
6.4218698,3.9192324,4,Coat,UMAP
3.7504585,6.0113854,4,Coat,UMAP
9.0398,4.780146,5,Sandal,UMAP
2.1914916,1.326629,0,T-shirt/top,UMAP
7.5468583,5.1191554,1,Trouser,UMAP
-0.08620744,5.839963,5,Sandal,UMAP
4.357129,2.8186269,5,Sandal,UMAP
6.864049,4.605039,7,Sneaker,UMAP
3.2737217,0.4488443,3,Dress,UMAP
3.8807077,4.6651154,2,Pullover,UMAP
3.1590087,3.4782093,1,Trouser,UMAP
1.1959479,5.6757894,1,Trouser,UMAP
5.3300056,5.900208,4,Coat,UMAP
2.2562516,-0.1164256,9,Ankle boot,UMAP
0.30981386,5.032164,5,Sandal,UMAP
8.089273,3.4077568,8,Bag,UMAP
6.1486235,1.2340405,5,Sandal,UMAP
3.5550838,9.470794,5,Sandal,UMAP
7.4294734,3.1674433,8,Bag,UMAP
8.962384,2.2115984,4,Coat,UMAP
9.031003,2.0088491,8,Bag,UMAP
8.201102,3.5678623,3,Dress,UMAP
7.0332475,7.4035954,9,Ankle boot,UMAP
6.7555337,7.6442075,9,Ankle boot,UMAP
4.157523,6.984551,4,Coat,UMAP
3.5327175,-0.5822048,6,Shirt,UMAP
0.4749486,4.9225173,1,Trouser,UMAP
6.8019953,3.2119923,7,Sneaker,UMAP
2.6898725,4.9177294,8,Bag,UMAP
-0.1475171,5.794937,9,Ankle boot,UMAP
6.0426216,1.4855962,5,Sandal,UMAP
3.4248219,5.181341,4,Coat,UMAP
2.0676708,4.0954585,7,Sneaker,UMAP
8.266134,3.7677217,0,T-shirt/top,UMAP
7.482874,3.0748665,5,Sandal,UMAP
3.9933836,7.6474686,3,Dress,UMAP
6.2462497,6.739651,8,Bag,UMAP
4.8801703,-0.3842586,3,Dress,UMAP
2.9864469,-0.47994474,4,Coat,UMAP
3.2381136,0.07125212,1,Trouser,UMAP
1.8506134,2.0450616,4,Coat,UMAP
5.521317,3.9422746,6,Shirt,UMAP
1.7258774,7.007684,7,Sneaker,UMAP
3.0408707,8.946778,6,Shirt,UMAP
1.433831,4.082836,2,Pullover,UMAP
4.342788,9.543227,3,Dress,UMAP
2.0015962,0.2788478,5,Sandal,UMAP
1.2354755,6.0367393,6,Shirt,UMAP
8.7554,4.648635,8,Bag,UMAP
8.000867,5.0373154,5,Sandal,UMAP
5.154148,0.5809286,2,Pullover,UMAP
7.4151225,1.6088415,7,Sneaker,UMAP
9.23848,4.316882,7,Sneaker,UMAP
4.134584,4.607952,0,T-shirt/top,UMAP
4.2683434,1.212903,5,Sandal,UMAP
7.9863944,3.4956539,0,T-shirt/top,UMAP
6.5487022,1.6245688,7,Sneaker,UMAP
2.9029016,1.4082285,1,Trouser,UMAP
8.255135,2.6149712,7,Sneaker,UMAP
3.661405,8.963714,7,Sneaker,UMAP
1.6861427,0.26302075,2,Pullover,UMAP
1.5192102,1.6294277,5,Sandal,UMAP
4.573852,3.9834259,7,Sneaker,UMAP
6.7717347,3.5595233,2,Pullover,UMAP
2.2427428,4.797477,8,Bag,UMAP
3.9903793,2.9905796,1,Trouser,UMAP
1.1672089,2.448813,2,Pullover,UMAP
3.951843,9.240266,7,Sneaker,UMAP
7.5676036,5.3900027,1,Trouser,UMAP
3.9166238,5.7464604,9,Ankle boot,UMAP
4.82681,8.0958,2,Pullover,UMAP
8.113291,4.317748,7,Sneaker,UMAP
6.738764,1.5999329,2,Pullover,UMAP
7.7570877,1.9592077,5,Sandal,UMAP
7.4652076,4.635878,4,Coat,UMAP
8.677269,2.854409,2,Pullover,UMAP
0.6128213,3.36182,9,Ankle boot,UMAP
4.9982166,-0.3252107,6,Shirt,UMAP
0.44430938,3.10774,8,Bag,UMAP
5.2731285,6.1918645,5,Sandal,UMAP
1.5531989,6.145591,7,Sneaker,UMAP
5.192286,7.4135356,4,Coat,UMAP
7.9997406,5.04132,1,Trouser,UMAP
5.2921576,6.520754,7,Sneaker,UMAP
6.7782707,3.3825655,3,Dress,UMAP
2.7552888,5.6831794,7,Sneaker,UMAP
2.7484174,9.624766,2,Pullover,UMAP
1.2163827,2.8861806,9,Ankle boot,UMAP
7.803329,2.9376905,7,Sneaker,UMAP
4.985596,7.665511,5,Sandal,UMAP
2.6296325,-0.42241845,9,Ankle boot,UMAP
5.6268687,2.8707561,3,Dress,UMAP
1.6162494,0.18249398,2,Pullover,UMAP
4.593076,8.136667,7,Sneaker,UMAP
4.2092943,0.58347523,8,Bag,UMAP
3.4836168,1.4411378,0,T-shirt/top,UMAP
7.1506886,0.54867136,3,Dress,UMAP
2.936139,0.30503538,0,T-shirt/top,UMAP
6.379671,2.1808212,5,Sandal,UMAP
4.213763,1.6221106,5,Sandal,UMAP
3.3289979,6.20929,3,Dress,UMAP
5.4877453,5.2083917,3,Dress,UMAP
8.191444,2.6696284,1,Trouser,UMAP
6.203176,2.5316002,2,Pullover,UMAP
3.595398,8.996938,6,Shirt,UMAP
4.9432583,7.956334,8,Bag,UMAP
3.0016773,1.7483461,7,Sneaker,UMAP
9.464111,3.0446508,9,Ankle boot,UMAP
2.1465168,6.8841405,9,Ankle boot,UMAP
7.4206553,3.0418112,2,Pullover,UMAP
4.093126,0.47350222,2,Pullover,UMAP
8.104831,0.9935187,4,Coat,UMAP
4.7628703,0.75674295,8,Bag,UMAP
2.5610483,8.848194,5,Sandal,UMAP
7.421573,3.1370788,7,Sneaker,UMAP
9.354168,3.4228504,8,Bag,UMAP
2.1940713,1.2738067,3,Dress,UMAP
1.9599504,9.162328,8,Bag,UMAP
6.365362,0.84492946,4,Coat,UMAP
6.8933926,2.3777587,1,Trouser,UMAP
2.9216158,8.157746,9,Ankle boot,UMAP
0.700348,3.975448,4,Coat,UMAP
3.724717,5.1336803,8,Bag,UMAP
5.285485,0.9954512,4,Coat,UMAP
2.4938269,4.6150727,1,Trouser,UMAP
2.097024,8.156402,5,Sandal,UMAP
7.8644176,5.687424,9,Ankle boot,UMAP
4.566624,9.06115,1,Trouser,UMAP
3.5630546,8.953831,5,Sandal,UMAP
7.9209833,2.1199327,3,Dress,UMAP
8.559445,4.0944066,7,Sneaker,UMAP
3.060592,0.39802694,3,Dress,UMAP
6.063102,0.17844908,6,Shirt,UMAP
4.618954,7.9481306,0,T-shirt/top,UMAP
2.8838334,7.5407577,3,Dress,UMAP
5.883656,1.3776492,0,T-shirt/top,UMAP
7.3183923,0.71323377,3,Dress,UMAP
1.9430577,4.1309967,2,Pullover,UMAP
9.092535,2.3103797,6,Shirt,UMAP
2.8351867,6.0898724,0,T-shirt/top,UMAP
8.347614,4.3747,0,T-shirt/top,UMAP
3.4668477,8.119861,3,Dress,UMAP
4.2979016,6.712146,8,Bag,UMAP
1.0384455,4.819293,7,Sneaker,UMAP
4.7611337,-0.40440467,0,T-shirt/top,UMAP
0.26622495,4.45489,5,Sandal,UMAP
4.625615,8.728418,5,Sandal,UMAP
2.2212105,1.7017089,0,T-shirt/top,UMAP
8.288124,4.3784566,7,Sneaker,UMAP
1.5106975,5.612353,5,Sandal,UMAP
7.488474,3.8040047,1,Trouser,UMAP
3.4627976,2.6315165,3,Dress,UMAP
9.1895895,3.2538416,3,Dress,UMAP
0.9916629,4.476144,6,Shirt,UMAP
7.2662973,4.3865843,4,Coat,UMAP
3.9430299,6.044789,2,Pullover,UMAP
4.2233334,-0.06799077,7,Sneaker,UMAP
2.4460025,8.494464,6,Shirt,UMAP
4.7378483,-0.39922825,0,T-shirt/top,UMAP
3.713372,5.6815686,3,Dress,UMAP
3.259786,5.3912454,6,Shirt,UMAP
5.03726,6.4634476,9,Ankle boot,UMAP
4.286769,6.867742,3,Dress,UMAP
1.4020336,5.6111965,9,Ankle boot,UMAP
5.558054,3.9035413,8,Bag,UMAP
1.886181,6.6801195,7,Sneaker,UMAP
8.77361,4.834963,1,Trouser,UMAP
3.1596782,0.91576225,6,Shirt,UMAP
9.50392,4.149398,5,Sandal,UMAP
2.4842606,4.571859,5,Sandal,UMAP
8.752134,2.3576066,2,Pullover,UMAP
7.544299,5.3340325,3,Dress,UMAP
3.0802908,0.1289683,0,T-shirt/top,UMAP
7.52796,5.7426915,4,Coat,UMAP
2.6750724,1.6940142,4,Coat,UMAP
8.6773815,5.2292957,6,Shirt,UMAP
0.18646155,3.4958544,4,Coat,UMAP
0.70100474,2.6801202,1,Trouser,UMAP
-0.16640063,5.7475724,1,Trouser,UMAP
6.648346,3.6580737,7,Sneaker,UMAP
2.58115,2.3573966,8,Bag,UMAP
3.5601377,7.0968127,9,Ankle boot,UMAP
0.49505928,3.3594234,8,Bag,UMAP
5.630161,0.856683,2,Pullover,UMAP
0.28071344,4.998619,7,Sneaker,UMAP
4.396733,5.8515525,2,Pullover,UMAP
4.9756465,-0.18488339,9,Ankle boot,UMAP
4.5333953,6.6505466,8,Bag,UMAP
1.8493117,8.157329,8,Bag,UMAP
3.718156,8.965328,0,T-shirt/top,UMAP
5.9259224,7.057895,8,Bag,UMAP
8.0410595,2.179006,7,Sneaker,UMAP
7.702936,5.0738106,1,Trouser,UMAP
8.949313,3.0402496,6,Shirt,UMAP
2.4497933,0.6881103,6,Shirt,UMAP
5.527469,6.46151,0,T-shirt/top,UMAP
3.6403577,7.8244033,1,Trouser,UMAP
4.043972,8.702736,7,Sneaker,UMAP
8.19724,3.302335,1,Trouser,UMAP
2.338956,0.29387397,1,Trouser,UMAP
2.2705579,-0.1261087,9,Ankle boot,UMAP
9.422245,4.248997,9,Ankle boot,UMAP
8.002461,5.0377,5,Sandal,UMAP
5.8928056,4.4185452,6,Shirt,UMAP
4.914017,0.8600745,4,Coat,UMAP
6.2185273,0.26509103,8,Bag,UMAP
8.97468,2.0398824,1,Trouser,UMAP
2.3271954,3.8631926,0,T-shirt/top,UMAP
7.2143254,5.1142635,8,Bag,UMAP
3.7493331,7.8574944,1,Trouser,UMAP
4.121252,5.9160247,2,Pullover,UMAP
3.4791858,3.4461353,5,Sandal,UMAP
8.723721,3.6133935,8,Bag,UMAP
4.544956,6.6956897,8,Bag,UMAP
2.6554701,7.5332046,7,Sneaker,UMAP
7.427867,3.1391277,7,Sneaker,UMAP
3.1767972,-0.4188705,0,T-shirt/top,UMAP
4.4717493,6.9863787,9,Ankle boot,UMAP
4.871132,-0.079536706,2,Pullover,UMAP
6.073493,5.789305,0,T-shirt/top,UMAP
3.1468608,1.6345431,8,Bag,UMAP
6.859627,0.47387835,2,Pullover,UMAP
2.6048117,-0.3116511,0,T-shirt/top,UMAP
0.83458644,7.209927,7,Sneaker,UMAP
5.769334,5.5885115,2,Pullover,UMAP
7.965002,5.8415585,9,Ankle boot,UMAP
7.0422306,7.2679853,4,Coat,UMAP
4.5736628,6.3394656,9,Ankle boot,UMAP
5.073677,1.150644,1,Trouser,UMAP
4.0549693,9.921293,0,T-shirt/top,UMAP
4.3266683,2.377851,5,Sandal,UMAP
7.296727,4.089211,1,Trouser,UMAP
1.657469,5.2221227,4,Coat,UMAP
1.6272228,0.4024749,4,Coat,UMAP
2.22292,0.89152473,2,Pullover,UMAP
2.4457712,8.219111,1,Trouser,UMAP
5.646074,2.6284525,1,Trouser,UMAP
1.579771,6.7066913,2,Pullover,UMAP
5.25434,0.26292032,3,Dress,UMAP
6.624011,7.738929,5,Sandal,UMAP
3.7956946,7.789053,7,Sneaker,UMAP
7.4910173,0.9320273,5,Sandal,UMAP
5.705955,4.151954,4,Coat,UMAP
4.328334,8.25545,5,Sandal,UMAP
2.998793,2.256698,8,Bag,UMAP
3.3177178,4.4532967,9,Ankle boot,UMAP
8.814681,4.0903196,2,Pullover,UMAP
7.615666,4.662936,1,Trouser,UMAP
4.9410386,7.678262,9,Ankle boot,UMAP
0.34049454,5.1411734,5,Sandal,UMAP
4.61063,1.9853033,4,Coat,UMAP
1.3572459,4.218403,2,Pullover,UMAP
3.81869,-0.23436674,5,Sandal,UMAP
3.4489279,5.2057433,8,Bag,UMAP
1.1831907,4.2342234,9,Ankle boot,UMAP
7.098262,5.5013604,2,Pullover,UMAP
8.13406,3.3626995,8,Bag,UMAP
5.163523,8.493437,8,Bag,UMAP
9.233423,2.697266,6,Shirt,UMAP
2.1596732,5.7990074,6,Shirt,UMAP
1.1913693,6.728342,1,Trouser,UMAP
2.3815293,2.1620784,3,Dress,UMAP
3.8222375,7.408575,3,Dress,UMAP
6.726876,4.0224304,7,Sneaker,UMAP
6.6412883,7.8206906,2,Pullover,UMAP
0.54000705,1.9598082,0,T-shirt/top,UMAP
2.744874,4.7723427,5,Sandal,UMAP
2.9561484,3.038264,2,Pullover,UMAP
0.77245724,4.006746,7,Sneaker,UMAP
4.843289,0.99765736,8,Bag,UMAP
2.2641342,8.651109,2,Pullover,UMAP
2.7530727,6.911594,3,Dress,UMAP
7.147139,3.8366086,7,Sneaker,UMAP
7.3399854,2.4641864,7,Sneaker,UMAP
2.4503727,4.7014565,5,Sandal,UMAP
8.822505,3.095004,1,Trouser,UMAP
4.355811,1.5978594,5,Sandal,UMAP
2.0360584,4.1520367,9,Ankle boot,UMAP
7.176986,1.2460113,6,Shirt,UMAP
3.601623,2.9417598,5,Sandal,UMAP
3.0164652,-0.6736238,3,Dress,UMAP
3.3531568,5.0913806,8,Bag,UMAP
6.4931064,2.1415503,7,Sneaker,UMAP
2.1675413,9.500539,1,Trouser,UMAP
4.282679,7.9172688,2,Pullover,UMAP
3.356527,3.0026295,0,T-shirt/top,UMAP
3.0081406,1.676716,0,T-shirt/top,UMAP
5.14184,8.485478,1,Trouser,UMAP
4.3904,3.7887046,3,Dress,UMAP
6.9782414,0.419409,4,Coat,UMAP
4.0870767,6.397695,9,Ankle boot,UMAP
6.437408,7.1294913,1,Trouser,UMAP
8.735586,4.0290713,7,Sneaker,UMAP
6.826526,4.4385996,7,Sneaker,UMAP
7.4804473,3.2440567,4,Coat,UMAP
2.0591054,5.8542466,5,Sandal,UMAP
8.640557,2.8264854,8,Bag,UMAP
3.7399287,6.9804044,2,Pullover,UMAP
3.845027,9.209209,5,Sandal,UMAP
2.5832043,8.22842,2,Pullover,UMAP
4.637817,4.52819,3,Dress,UMAP
5.9999127,7.011742,5,Sandal,UMAP
2.8610177,8.252815,2,Pullover,UMAP
2.6171856,4.5615454,0,T-shirt/top,UMAP
7.541929,4.7728667,2,Pullover,UMAP
3.2543805,3.3236737,1,Trouser,UMAP
0.34432006,5.2178917,7,Sneaker,UMAP
2.8917627,4.30918,0,T-shirt/top,UMAP
9.582142,3.5451274,9,Ankle boot,UMAP
2.829684,6.1756597,7,Sneaker,UMAP
0.44094825,5.483058,6,Shirt,UMAP
0.67616934,2.7549102,6,Shirt,UMAP
9.565762,3.6729438,9,Ankle boot,UMAP
6.346624,2.4460056,2,Pullover,UMAP
3.5177171,2.2930825,2,Pullover,UMAP
7.8034377,1.4413552,4,Coat,UMAP
3.0411577,0.3600282,3,Dress,UMAP
5.8406124,1.5668025,3,Dress,UMAP
7.683315,0.85053396,2,Pullover,UMAP
2.2773142,3.028325,8,Bag,UMAP
3.7889526,0.69479954,0,T-shirt/top,UMAP
6.8677087,5.4970207,4,Coat,UMAP
6.4401503,7.7611966,2,Pullover,UMAP
5.834352,5.3950243,0,T-shirt/top,UMAP
4.6673093,8.226479,7,Sneaker,UMAP
2.682111,0.3482336,6,Shirt,UMAP
1.9680794,6.407798,5,Sandal,UMAP
2.5306685,7.6480875,4,Coat,UMAP
4.7425385,3.70534,0,T-shirt/top,UMAP
4.377529,8.227042,4,Coat,UMAP
2.7951221,2.244245,2,Pullover,UMAP
3.6804776,-0.6294053,4,Coat,UMAP
5.4802184,3.8580348,9,Ankle boot,UMAP
3.5752864,6.1003633,9,Ankle boot,UMAP
2.5917783,0.93521136,1,Trouser,UMAP
2.6946378,7.061512,0,T-shirt/top,UMAP
3.3935363,6.3121943,5,Sandal,UMAP
2.047168,6.1707196,1,Trouser,UMAP
8.193999,4.921922,5,Sandal,UMAP
8.960422,3.5038214,1,Trouser,UMAP
6.757024,2.5942278,2,Pullover,UMAP
8.452218,4.45854,8,Bag,UMAP
8.844279,2.7566402,3,Dress,UMAP
9.3362665,2.9726574,6,Shirt,UMAP
2.6393995,9.520635,1,Trouser,UMAP
3.337956,5.0590653,3,Dress,UMAP
8.982803,2.688198,3,Dress,UMAP
9.064609,2.7809908,1,Trouser,UMAP
6.5315433,7.81749,9,Ankle boot,UMAP
7.8371572,1.2552607,7,Sneaker,UMAP
3.1898825,0.97895634,4,Coat,UMAP
7.29635,4.4774027,4,Coat,UMAP
2.3885105,2.1258657,1,Trouser,UMAP
5.5709977,3.887048,6,Shirt,UMAP
3.2332568,0.0764578,2,Pullover,UMAP
5.770046,4.238686,1,Trouser,UMAP
5.257969,1.064794,2,Pullover,UMAP
0.96331555,1.9755892,1,Trouser,UMAP
3.043965,0.09142118,3,Dress,UMAP
9.448088,3.4053674,8,Bag,UMAP
2.789327,6.016159,9,Ankle boot,UMAP
8.923703,3.0595121,1,Trouser,UMAP
2.7963746,-0.43953952,6,Shirt,UMAP
2.2706504,4.129887,3,Dress,UMAP
2.513834,4.1480904,6,Shirt,UMAP
3.0483925,3.4708316,1,Trouser,UMAP
3.4805896,0.7927116,4,Coat,UMAP
6.4396043,4.368645,0,T-shirt/top,UMAP
5.3562627,5.0914216,0,T-shirt/top,UMAP
3.2255375,7.5493493,7,Sneaker,UMAP
1.8524932,0.54546654,6,Shirt,UMAP
3.3388066,5.8844094,0,T-shirt/top,UMAP
1.7907875,8.061354,6,Shirt,UMAP
4.0702386,1.6758122,1,Trouser,UMAP
5.9311943,5.181884,9,Ankle boot,UMAP
2.0298653,0.31720555,3,Dress,UMAP
3.190444,2.2608445,0,T-shirt/top,UMAP
0.93272144,5.2940054,2,Pullover,UMAP
1.6386429,0.16991393,8,Bag,UMAP
2.3236966,5.0030055,6,Shirt,UMAP
9.308482,3.2983155,5,Sandal,UMAP
1.6709073,7.2602644,4,Coat,UMAP
3.2199895,2.2095048,2,Pullover,UMAP
3.9234827,5.596167,4,Coat,UMAP
2.536153,8.930693,1,Trouser,UMAP
3.576311,2.986999,7,Sneaker,UMAP
7.789483,4.05597,2,Pullover,UMAP
-0.22538288,6.165553,8,Bag,UMAP
7.4195485,4.122219,0,T-shirt/top,UMAP
1.9148719,9.171514,9,Ankle boot,UMAP
2.2345543,3.7937677,5,Sandal,UMAP
7.620996,3.4742277,4,Coat,UMAP
0.9631591,6.378854,1,Trouser,UMAP
4.746198,0.15752795,5,Sandal,UMAP
0.4131361,3.3511248,4,Coat,UMAP
6.584161,2.7937272,3,Dress,UMAP
3.2442935,5.2540073,2,Pullover,UMAP
6.687209,2.9323123,4,Coat,UMAP
4.2602825,0.6551919,2,Pullover,UMAP
4.6715784,-0.40415752,8,Bag,UMAP
5.755434,4.086105,6,Shirt,UMAP
3.6144207,8.4076605,1,Trouser,UMAP
4.659525,9.072114,8,Bag,UMAP
7.7442365,1.7822026,5,Sandal,UMAP
3.5956898,8.296815,6,Shirt,UMAP
2.6616213,-0.33946052,5,Sandal,UMAP
2.139686,2.6350975,4,Coat,UMAP
8.307495,3.2604926,3,Dress,UMAP
1.9410057,5.4112754,6,Shirt,UMAP
0.55096406,1.9353626,9,Ankle boot,UMAP
2.1063955,8.447008,4,Coat,UMAP
9.212291,2.777396,1,Trouser,UMAP
1.3379812,2.687712,5,Sandal,UMAP
1.2810436,4.9097953,7,Sneaker,UMAP
2.7689888,7.635779,7,Sneaker,UMAP
4.433331,8.385281,2,Pullover,UMAP
3.9220877,1.9645677,3,Dress,UMAP
8.412494,4.801754,4,Coat,UMAP
1.632016,1.7942308,5,Sandal,UMAP
1.9672016,5.935107,3,Dress,UMAP
3.5397694,6.9911566,7,Sneaker,UMAP
6.7060814,7.5850215,7,Sneaker,UMAP
9.496074,4.4478197,9,Ankle boot,UMAP
5.9783773,6.1296043,7,Sneaker,UMAP
6.1676803,5.7184796,5,Sandal,UMAP
5.325232,0.9048626,7,Sneaker,UMAP
6.504857,5.2178106,8,Bag,UMAP
9.170761,3.8782713,2,Pullover,UMAP
7.7018795,4.7472596,2,Pullover,UMAP
9.054214,2.2039018,8,Bag,UMAP
1.0219057,6.3442574,3,Dress,UMAP
5.5390954,4.684804,2,Pullover,UMAP
2.174735,1.3940693,3,Dress,UMAP
1.2004229,5.309872,1,Trouser,UMAP
8.379419,4.546013,6,Shirt,UMAP
4.1590815,8.026458,3,Dress,UMAP
4.6622624,7.9127045,4,Coat,UMAP
7.002554,7.8638926,9,Ankle boot,UMAP
8.909765,1.8288901,0,T-shirt/top,UMAP
6.9007363,0.9661043,1,Trouser,UMAP
0.7945976,5.574583,9,Ankle boot,UMAP
6.6556787,3.4815207,3,Dress,UMAP
2.275974,9.479664,8,Bag,UMAP
6.7902613,4.4564395,0,T-shirt/top,UMAP
5.862654,5.615031,3,Dress,UMAP
5.380571,4.142634,4,Coat,UMAP
8.154992,1.3127872,4,Coat,UMAP
4.5767236,9.376213,8,Bag,UMAP
5.3893976,6.46536,5,Sandal,UMAP
4.1718225,0.46222556,8,Bag,UMAP
6.11259,6.945554,3,Dress,UMAP
8.259417,1.164671,5,Sandal,UMAP
0.7642081,4.270949,4,Coat,UMAP
2.3688874,7.1478333,4,Coat,UMAP
4.3175507,1.2792304,1,Trouser,UMAP
3.4499388,8.046936,7,Sneaker,UMAP
8.986095,4.246323,7,Sneaker,UMAP
4.922176,7.1632175,2,Pullover,UMAP
4.8491077,4.2021117,6,Shirt,UMAP
7.164283,6.7205276,0,T-shirt/top,UMAP
9.188564,4.921297,6,Shirt,UMAP
9.370441,2.822332,6,Shirt,UMAP
2.6745362,3.0471618,1,Trouser,UMAP
0.5933462,2.9418008,9,Ankle boot,UMAP
1.7224467,0.37294084,6,Shirt,UMAP
5.6636324,7.007998,6,Shirt,UMAP
2.3761196,0.4721384,7,Sneaker,UMAP
6.5644407,7.799262,2,Pullover,UMAP
7.2013097,5.11347,2,Pullover,UMAP
7.269227,0.584621,4,Coat,UMAP
1.7800515,1.4832885,6,Shirt,UMAP
4.472122,0.1576304,6,Shirt,UMAP
4.2396417,-0.7100883,0,T-shirt/top,UMAP
2.2691514,9.537399,1,Trouser,UMAP
7.7239046,1.8809775,5,Sandal,UMAP
4.3055964,8.377668,8,Bag,UMAP
1.8105121,2.2220817,5,Sandal,UMAP
1.5265828,2.547679,3,Dress,UMAP
7.504587,1.8677224,5,Sandal,UMAP
1.9311806,0.39437112,7,Sneaker,UMAP
1.265751,2.585298,1,Trouser,UMAP
7.1480384,3.196554,9,Ankle boot,UMAP
4.298377,6.8910336,8,Bag,UMAP
2.7610977,9.211087,1,Trouser,UMAP
4.616624,6.2045345,6,Shirt,UMAP
2.4917386,3.1102877,1,Trouser,UMAP
3.808338,9.299134,6,Shirt,UMAP
6.0701256,7.0527415,6,Shirt,UMAP
3.6857455,2.9408739,9,Ankle boot,UMAP
3.322988,3.5401633,2,Pullover,UMAP
4.87378,-0.36600813,3,Dress,UMAP
8.58905,5.4006915,9,Ankle boot,UMAP
7.824465,2.01033,7,Sneaker,UMAP
6.483323,7.107673,1,Trouser,UMAP
3.214152,5.823364,1,Trouser,UMAP
6.9487076,6.248435,4,Coat,UMAP
9.34974,3.466212,8,Bag,UMAP
4.2106333,2.870943,5,Sandal,UMAP
7.079,7.288124,9,Ankle boot,UMAP
6.5891743,4.395906,0,T-shirt/top,UMAP
1.300357,1.5195456,8,Bag,UMAP
4.583274,9.180804,0,T-shirt/top,UMAP
3.1760094,5.794643,9,Ankle boot,UMAP
1.8841739,5.311715,5,Sandal,UMAP
0.59200305,1.8376647,4,Coat,UMAP
0.42373174,2.9088445,9,Ankle boot,UMAP
7.0079126,3.4947546,7,Sneaker,UMAP
2.5526707,3.1500595,9,Ankle boot,UMAP
3.6159296,7.702116,1,Trouser,UMAP
3.6265254,3.2151845,7,Sneaker,UMAP
4.1393113,5.099128,2,Pullover,UMAP
1.4202511,1.144321,3,Dress,UMAP
8.150281,5.7856827,5,Sandal,UMAP
7.9196544,4.196193,8,Bag,UMAP
1.9560933,2.6595495,5,Sandal,UMAP
1.0707749,6.5006504,3,Dress,UMAP
5.050714,2.2924745,6,Shirt,UMAP
4.2624817,1.9322141,6,Shirt,UMAP
4.6304355,9.149338,7,Sneaker,UMAP
2.6651754,8.829828,5,Sandal,UMAP
3.842932,7.6868825,3,Dress,UMAP
3.2923882,5.072382,4,Coat,UMAP
4.0311227,5.5351977,3,Dress,UMAP
6.5771127,3.3499146,7,Sneaker,UMAP
2.937893,-0.69987696,4,Coat,UMAP
7.4525046,3.8259916,4,Coat,UMAP
3.3510377,3.433255,1,Trouser,UMAP
6.063276,5.9374976,8,Bag,UMAP
4.9186687,2.0127556,4,Coat,UMAP
0.591483,5.0939,0,T-shirt/top,UMAP
3.958932,7.2974577,9,Ankle boot,UMAP
6.2044086,2.1027818,7,Sneaker,UMAP
2.3720713,8.694714,7,Sneaker,UMAP
3.573926,0.36414012,2,Pullover,UMAP
2.2535107,3.6391695,1,Trouser,UMAP
3.2262514,0.22335696,3,Dress,UMAP
6.258698,6.030654,0,T-shirt/top,UMAP
1.4029595,2.106726,4,Coat,UMAP
5.2335234,2.62158,6,Shirt,UMAP
7.5963764,1.1660535,8,Bag,UMAP
3.7888927,2.910409,7,Sneaker,UMAP
2.8681903,1.9065802,0,T-shirt/top,UMAP
2.5283563,3.1865501,9,Ankle boot,UMAP
5.420339,1.1422563,6,Shirt,UMAP
2.4599924,1.551676,5,Sandal,UMAP
4.09125,6.7925406,9,Ankle boot,UMAP
0.10326002,6.0893197,4,Coat,UMAP
2.3079994,7.5366173,3,Dress,UMAP
2.748094,6.887422,4,Coat,UMAP
2.4904795,2.2891068,8,Bag,UMAP
2.6521647,9.026997,1,Trouser,UMAP
3.5395417,2.9979744,7,Sneaker,UMAP
0.108674906,4.1452675,8,Bag,UMAP
1.474555,6.5584364,6,Shirt,UMAP
2.8018534,6.420935,4,Coat,UMAP
2.4549692,0.50887644,3,Dress,UMAP
2.585418,8.853549,4,Coat,UMAP
4.6567397,7.719038,3,Dress,UMAP
8.37325,4.4445395,7,Sneaker,UMAP
5.756852,2.9362938,8,Bag,UMAP
4.2266636,9.863927,3,Dress,UMAP
6.077341,1.4024528,2,Pullover,UMAP
4.84463,1.3176173,9,Ankle boot,UMAP
8.835663,3.0621836,3,Dress,UMAP
6.59819,2.7472422,3,Dress,UMAP
5.6130056,6.286079,7,Sneaker,UMAP
5.253061,0.29434755,3,Dress,UMAP
3.948251,7.371283,9,Ankle boot,UMAP
4.0695705,5.605784,2,Pullover,UMAP
3.8659942,-0.6982267,1,Trouser,UMAP
4.1524925,4.3371034,2,Pullover,UMAP
3.334187,1.2772286,9,Ankle boot,UMAP
3.2412755,8.574271,6,Shirt,UMAP
0.33926493,4.62265,1,Trouser,UMAP
2.2853787,-0.106974274,4,Coat,UMAP
5.505308,5.6562266,0,T-shirt/top,UMAP
6.540471,3.3056757,4,Coat,UMAP
3.2619245,0.23062626,3,Dress,UMAP
3.675421,5.881889,2,Pullover,UMAP
2.6046197,7.6425853,3,Dress,UMAP
2.634634,9.524661,1,Trouser,UMAP
0.46860793,2.418532,4,Coat,UMAP
5.1489544,0.389677,3,Dress,UMAP
7.9731455,1.8842852,5,Sandal,UMAP
1.698733,1.8927433,9,Ankle boot,UMAP
3.775946,1.6907784,2,Pullover,UMAP
7.460047,5.6790667,7,Sneaker,UMAP
1.1864226,4.2492566,7,Sneaker,UMAP
4.7594843,-0.36535856,0,T-shirt/top,UMAP
1.6871587,0.1989199,2,Pullover,UMAP
1.5858632,0.24221069,9,Ankle boot,UMAP
2.3803508,1.7966791,2,Pullover,UMAP
7.1518073,1.0856075,4,Coat,UMAP
2.7947774,1.8412585,4,Coat,UMAP
1.3858299,1.3061239,9,Ankle boot,UMAP
0.68177634,4.2151685,1,Trouser,UMAP
4.920887,-0.28471842,0,T-shirt/top,UMAP
7.167721,6.800049,7,Sneaker,UMAP
2.6983473,8.90703,5,Sandal,UMAP
2.5751517,0.5409976,1,Trouser,UMAP
5.7040315,6.133818,5,Sandal,UMAP
1.6076812,0.17225257,7,Sneaker,UMAP
5.6257944,7.3414817,4,Coat,UMAP
3.2984278,0.5655213,6,Shirt,UMAP
3.4897566,9.094747,8,Bag,UMAP
8.041086,4.0331388,3,Dress,UMAP
3.5459743,9.035747,5,Sandal,UMAP
2.3734214,-0.27098426,1,Trouser,UMAP
6.902773,4.655768,0,T-shirt/top,UMAP
4.48811,-0.21045934,9,Ankle boot,UMAP
1.901241,5.1181016,5,Sandal,UMAP
3.92682,9.269079,2,Pullover,UMAP
3.4824412,3.544682,1,Trouser,UMAP
4.9656553,7.958272,5,Sandal,UMAP
3.4265065,8.397893,4,Coat,UMAP
3.755018,2.5061953,9,Ankle boot,UMAP
1.9220275,6.5567045,5,Sandal,UMAP
0.15052892,3.6009746,8,Bag,UMAP
6.8893642,7.5301847,4,Coat,UMAP
2.6384256,8.492137,5,Sandal,UMAP
8.950373,3.1329434,8,Bag,UMAP
8.082751,4.6173964,7,Sneaker,UMAP
1.1097713,5.158735,2,Pullover,UMAP
2.688091,8.828714,1,Trouser,UMAP
3.0780084,7.803132,7,Sneaker,UMAP
8.956289,2.3017204,0,T-shirt/top,UMAP
2.0338235,8.338972,3,Dress,UMAP
3.6203084,-0.21703598,6,Shirt,UMAP
4.4899697,9.678893,9,Ankle boot,UMAP
4.2318983,3.725716,0,T-shirt/top,UMAP
4.3986335,1.3475397,2,Pullover,UMAP
8.925031,2.1406717,6,Shirt,UMAP
4.9840627,7.5820937,5,Sandal,UMAP
0.7647057,4.8328204,1,Trouser,UMAP
8.181764,2.7684948,1,Trouser,UMAP
1.1778219,5.420572,2,Pullover,UMAP
3.5359092,-0.5217779,6,Shirt,UMAP
3.7927063,7.3765492,8,Bag,UMAP
3.8138714,5.992448,0,T-shirt/top,UMAP
8.509267,4.119579,7,Sneaker,UMAP
4.8156347,-0.35397488,1,Trouser,UMAP
2.4937923,8.894538,7,Sneaker,UMAP
2.1303494,6.664825,3,Dress,UMAP
1.2390442,2.7509372,1,Trouser,UMAP
4.0627494,5.4185786,1,Trouser,UMAP
4.6447377,0.18331634,4,Coat,UMAP
0.6149629,5.707294,8,Bag,UMAP
4.166237,8.966435,9,Ankle boot,UMAP
7.589072,4.7913566,4,Coat,UMAP
5.7680244,4.160888,9,Ankle boot,UMAP
3.9706862,7.9831047,3,Dress,UMAP
3.4992747,0.34385228,4,Coat,UMAP
1.1129216,5.2052274,1,Trouser,UMAP
4.663332,7.404377,0,T-shirt/top,UMAP
1.7299123,7.570671,1,Trouser,UMAP
1.401614,4.9837003,5,Sandal,UMAP
1.9241436,2.1979043,6,Shirt,UMAP
4.878492,7.622652,7,Sneaker,UMAP
3.8606794,7.3070736,3,Dress,UMAP
4.4937963,6.7586412,9,Ankle boot,UMAP
0.83769023,4.2150264,7,Sneaker,UMAP
5.773206,3.1887908,8,Bag,UMAP
0.8059481,4.8293037,1,Trouser,UMAP
9.181782,4.4908414,9,Ankle boot,UMAP
5.3698177,0.18014714,9,Ankle boot,UMAP
8.069016,1.0655184,4,Coat,UMAP
2.4316955,2.0841866,0,T-shirt/top,UMAP
4.2162333,4.818826,4,Coat,UMAP
1.255516,2.8853974,0,T-shirt/top,UMAP
4.6065755,1.1538364,2,Pullover,UMAP
8.008284,1.3574587,3,Dress,UMAP
1.6808796,0.4231694,6,Shirt,UMAP
9.539664,3.9100723,5,Sandal,UMAP
6.232767,7.050527,8,Bag,UMAP
2.9729707,7.473352,5,Sandal,UMAP
2.939817,4.9318805,9,Ankle boot,UMAP
6.763494,7.4836316,5,Sandal,UMAP
4.281494,1.1858197,2,Pullover,UMAP
5.9575105,1.464472,5,Sandal,UMAP
3.0441825,0.24509871,8,Bag,UMAP
7.7516975,5.3537707,8,Bag,UMAP
2.694964,1.8122458,2,Pullover,UMAP
3.7437725,1.2721431,2,Pullover,UMAP
8.209651,4.465686,8,Bag,UMAP
7.164995,3.3114355,7,Sneaker,UMAP
1.2052265,3.2292664,8,Bag,UMAP
2.6838565,1.8274746,9,Ankle boot,UMAP
6.8836994,3.1318066,2,Pullover,UMAP
6.4610114,5.866207,0,T-shirt/top,UMAP
0.09859895,5.538482,8,Bag,UMAP
6.0520105,2.0952759,7,Sneaker,UMAP
6.3276663,4.4569616,6,Shirt,UMAP
4.799619,1.1971704,1,Trouser,UMAP
4.7269597,6.279854,0,T-shirt/top,UMAP
5.458296,0.20120102,8,Bag,UMAP
3.9624667,0.52267736,3,Dress,UMAP
6.270917,1.263293,5,Sandal,UMAP
6.6336317,7.6090174,4,Coat,UMAP
8.692144,4.0413456,1,Trouser,UMAP
3.120517,7.794358,0,T-shirt/top,UMAP
8.673582,4.79967,3,Dress,UMAP
5.954326,7.249304,9,Ankle boot,UMAP
1.6972734,4.2102675,6,Shirt,UMAP
0.22521989,3.4851527,9,Ankle boot,UMAP
2.3712554,4.8781586,8,Bag,UMAP
0.16798957,3.5418987,4,Coat,UMAP
4.435827,6.883023,3,Dress,UMAP
1.1524835,6.2839646,1,Trouser,UMAP
7.9633064,5.812764,9,Ankle boot,UMAP
3.6194284,7.048117,8,Bag,UMAP
1.0782256,2.1039636,0,T-shirt/top,UMAP
5.157108,0.006229028,8,Bag,UMAP
2.3986175,4.394101,7,Sneaker,UMAP
1.6067431,4.057951,0,T-shirt/top,UMAP
4.572948,9.480974,3,Dress,UMAP
8.203981,3.3044682,3,Dress,UMAP
1.9433813,2.597717,4,Coat,UMAP
6.4648747,7.1341686,8,Bag,UMAP
1.70108,1.6189896,6,Shirt,UMAP
7.232948,1.8253314,1,Trouser,UMAP
6.532921,0.27911186,3,Dress,UMAP
4.9502964,8.763527,1,Trouser,UMAP
2.2621617,4.0866613,7,Sneaker,UMAP
8.446779,2.224931,1,Trouser,UMAP
2.2547932,4.418754,5,Sandal,UMAP
2.139415,8.0456,6,Shirt,UMAP
5.1330085,0.18834727,0,T-shirt/top,UMAP
3.9261897,0.41336387,3,Dress,UMAP
8.442893,5.329126,8,Bag,UMAP
8.318857,1.2017294,8,Bag,UMAP
3.5671234,5.4541435,2,Pullover,UMAP
0.82665014,7.1708593,1,Trouser,UMAP
0.3436648,5.905799,9,Ankle boot,UMAP
6.27889,5.9547763,8,Bag,UMAP
1.4344039,1.2987033,4,Coat,UMAP
6.4267793,2.772951,2,Pullover,UMAP
5.067568,8.182096,3,Dress,UMAP
3.5752103,-0.5173653,5,Sandal,UMAP
7.280394,5.393825,8,Bag,UMAP
9.139398,2.504042,0,T-shirt/top,UMAP
4.964622,1.6602906,6,Shirt,UMAP
4.373894,1.2541742,2,Pullover,UMAP
5.4801393,5.0521536,1,Trouser,UMAP
1.1501812,6.60845,5,Sandal,UMAP
8.222162,2.8437655,9,Ankle boot,UMAP
5.8708663,4.871042,0,T-shirt/top,UMAP
4.264204,7.6855264,7,Sneaker,UMAP
4.1928368,0.7693479,2,Pullover,UMAP
5.7543235,4.271904,6,Shirt,UMAP
5.70847,6.1272054,0,T-shirt/top,UMAP
4.9372473,4.3954043,0,T-shirt/top,UMAP
7.9416585,1.6076885,8,Bag,UMAP
4.226038,4.7016788,9,Ankle boot,UMAP
3.3800066,-0.50976276,9,Ankle boot,UMAP
6.237836,4.7955217,4,Coat,UMAP
3.7883751,-0.20545447,6,Shirt,UMAP
3.7759516,3.469994,7,Sneaker,UMAP
2.7447934,7.0659924,3,Dress,UMAP
1.662994,0.9983776,1,Trouser,UMAP
1.0348909,4.583909,6,Shirt,UMAP
2.2217205,1.2534887,5,Sandal,UMAP
2.461218,1.9569296,0,T-shirt/top,UMAP
3.4286027,5.208104,4,Coat,UMAP
1.6357731,4.1906614,6,Shirt,UMAP
2.0815015,8.28585,6,Shirt,UMAP
3.8138237,3.0218587,5,Sandal,UMAP
3.7472897,8.541171,5,Sandal,UMAP
6.759449,0.90108114,8,Bag,UMAP
4.4835377,-0.042269226,2,Pullover,UMAP
5.549193,0.7134908,4,Coat,UMAP
4.0864253,1.8986114,2,Pullover,UMAP
8.844994,3.1579187,8,Bag,UMAP
7.9460125,5.971374,6,Shirt,UMAP
2.6078808,4.332294,0,T-shirt/top,UMAP
5.1132345,8.165389,8,Bag,UMAP
6.084807,5.3517323,0,T-shirt/top,UMAP
2.9012234,-0.6709246,4,Coat,UMAP
3.3099153,2.4757972,8,Bag,UMAP
3.813494,4.0308237,5,Sandal,UMAP
9.581054,3.6083498,9,Ankle boot,UMAP
3.3091266,8.271201,6,Shirt,UMAP
6.4079885,2.9055755,1,Trouser,UMAP
5.4119163,3.9572287,6,Shirt,UMAP
0.48046637,3.0576785,5,Sandal,UMAP
6.831446,3.54317,1,Trouser,UMAP
2.538666,8.77208,1,Trouser,UMAP
7.460838,0.8577317,8,Bag,UMAP
1.9303877,2.1939576,8,Bag,UMAP
2.76202,4.7039475,8,Bag,UMAP
7.237403,4.0298986,7,Sneaker,UMAP
5.3220787,4.039344,3,Dress,UMAP
1.9872319,8.108682,1,Trouser,UMAP
1.3399774,0.7028537,7,Sneaker,UMAP
5.739371,4.1186004,9,Ankle boot,UMAP
6.88598,5.2499247,5,Sandal,UMAP
2.2959287,9.449341,9,Ankle boot,UMAP
1.3993112,2.6416614,9,Ankle boot,UMAP
3.91034,1.8822855,0,T-shirt/top,UMAP
6.6135364,1.8232232,9,Ankle boot,UMAP
0.21403773,3.9745128,9,Ankle boot,UMAP
7.0642266,0.93797135,5,Sandal,UMAP
2.7109675,4.9669137,9,Ankle boot,UMAP
6.0183854,6.2309403,3,Dress,UMAP
0.89409906,4.720111,1,Trouser,UMAP
5.576593,4.884117,3,Dress,UMAP
5.108635,1.0426112,8,Bag,UMAP
1.693414,1.8714668,7,Sneaker,UMAP
4.4417257,3.9008715,3,Dress,UMAP
8.27776,1.0881715,5,Sandal,UMAP
7.531008,1.1282922,5,Sandal,UMAP
8.007639,1.0756943,6,Shirt,UMAP
8.347092,2.4065588,9,Ankle boot,UMAP
4.782414,9.02931,0,T-shirt/top,UMAP
7.1326756,6.917423,2,Pullover,UMAP
5.8063755,6.061691,7,Sneaker,UMAP
7.088477,0.43918988,6,Shirt,UMAP
8.552263,3.642943,3,Dress,UMAP
7.3393755,4.108342,4,Coat,UMAP
6.60033,4.2266097,0,T-shirt/top,UMAP
3.500178,3.8487344,0,T-shirt/top,UMAP
5.536828,4.3168654,8,Bag,UMAP
0.8318965,2.5095747,9,Ankle boot,UMAP
7.383874,5.695092,1,Trouser,UMAP
3.0600486,5.923169,3,Dress,UMAP
3.6437583,8.131706,7,Sneaker,UMAP
8.901845,3.993762,9,Ankle boot,UMAP
3.291559,3.4307752,9,Ankle boot,UMAP
8.026657,1.8510114,8,Bag,UMAP
6.3045206,0.31454906,8,Bag,UMAP
4.098955,0.36408004,4,Coat,UMAP
0.8247473,6.925954,7,Sneaker,UMAP
5.5821314,7.8294964,5,Sandal,UMAP
3.3822668,0.40678546,1,Trouser,UMAP
1.1416202,4.2161055,9,Ankle boot,UMAP
1.5396508,1.923016,7,Sneaker,UMAP
4.0513673,3.6885903,7,Sneaker,UMAP
3.5625954,-0.552051,5,Sandal,UMAP
5.5829144,5.925445,4,Coat,UMAP
2.6898725,4.711961,9,Ankle boot,UMAP
8.791412,4.6274157,3,Dress,UMAP
9.154871,3.8056064,0,T-shirt/top,UMAP
7.9239,2.8697112,2,Pullover,UMAP
1.7451637,0.91803426,7,Sneaker,UMAP
4.8355103,7.2481074,0,T-shirt/top,UMAP
6.399211,7.801436,4,Coat,UMAP
6.3991084,0.39374867,4,Coat,UMAP
2.975045,8.329358,8,Bag,UMAP
5.156645,-0.2139745,3,Dress,UMAP
8.706147,2.2741807,3,Dress,UMAP
2.222433,7.631236,9,Ankle boot,UMAP
4.210585,6.4694176,2,Pullover,UMAP
5.3475084,3.3004737,6,Shirt,UMAP
2.8544033,9.539993,1,Trouser,UMAP
6.8311486,1.5819091,7,Sneaker,UMAP
4.128662,3.8759725,5,Sandal,UMAP
3.6345057,7.1703606,9,Ankle boot,UMAP
6.6664352,3.469905,7,Sneaker,UMAP
6.637257,5.7708535,4,Coat,UMAP
3.7557735,8.445144,4,Coat,UMAP
6.7560716,1.8138791,5,Sandal,UMAP
2.419073,3.9802735,4,Coat,UMAP
3.5813048,7.9708962,7,Sneaker,UMAP
1.8550776,4.0500298,9,Ankle boot,UMAP
3.9630873,4.620518,9,Ankle boot,UMAP
2.1343837,0.5207666,5,Sandal,UMAP
4.639826,0.67551756,9,Ankle boot,UMAP
0.53659934,5.0193534,9,Ankle boot,UMAP
6.8296847,6.1592135,0,T-shirt/top,UMAP
3.0722387,2.2937915,1,Trouser,UMAP
4.595878,9.10813,1,Trouser,UMAP
2.4932973,2.0241883,1,Trouser,UMAP
1.4649795,5.187555,5,Sandal,UMAP
5.1013823,2.466221,6,Shirt,UMAP
7.369282,3.718603,1,Trouser,UMAP
3.051791,2.9065297,1,Trouser,UMAP
1.5814306,4.182601,8,Bag,UMAP
3.7376237,1.4867167,6,Shirt,UMAP
6.972106,0.37792376,1,Trouser,UMAP
2.9529994,4.41714,7,Sneaker,UMAP
3.8645153,5.5115137,2,Pullover,UMAP
4.334642,1.503453,1,Trouser,UMAP
6.251509,0.25646168,8,Bag,UMAP
2.1406631,1.341289,6,Shirt,UMAP
1.8679371,8.122591,4,Coat,UMAP
3.0485048,2.2506382,1,Trouser,UMAP
2.199842,4.0933666,9,Ankle boot,UMAP
1.2286986,6.09761,2,Pullover,UMAP
7.4961753,1.8468366,7,Sneaker,UMAP
1.248583,7.070793,1,Trouser,UMAP
8.136256,5.791309,5,Sandal,UMAP
3.5030916,3.4337938,6,Shirt,UMAP
0.5461818,2.6502452,7,Sneaker,UMAP
3.096394,0.8932284,4,Coat,UMAP
1.9141098,2.1467192,3,Dress,UMAP
7.8193827,1.9422661,2,Pullover,UMAP
1.3964219,2.040742,5,Sandal,UMAP
4.132286,4.2175794,0,T-shirt/top,UMAP
2.109114,3.351778,8,Bag,UMAP
9.505238,4.5344815,0,T-shirt/top,UMAP
3.0066304,4.4414907,0,T-shirt/top,UMAP
1.3241538,4.686363,1,Trouser,UMAP
4.9000196,0.7158254,1,Trouser,UMAP
3.0750248,0.898028,0,T-shirt/top,UMAP
8.990286,2.30166,8,Bag,UMAP
0.8298997,7.249251,9,Ankle boot,UMAP
3.0544171,5.012868,9,Ankle boot,UMAP
3.857386,5.143303,8,Bag,UMAP
0.5890679,1.8383023,1,Trouser,UMAP
6.9122024,3.8428721,6,Shirt,UMAP
0.49602968,2.226611,9,Ankle boot,UMAP
1.9179281,6.703537,7,Sneaker,UMAP
2.8239121,8.70897,6,Shirt,UMAP
0.9891201,5.116155,6,Shirt,UMAP
3.410062,0.7794501,9,Ankle boot,UMAP
5.55249,7.0126305,7,Sneaker,UMAP
8.246725,1.0756775,5,Sandal,UMAP
6.3824606,5.68005,3,Dress,UMAP
1.8506362,9.247708,9,Ankle boot,UMAP
1.8110832,8.012605,6,Shirt,UMAP
1.30131,2.1259477,1,Trouser,UMAP
9.492487,3.8042228,3,Dress,UMAP
6.6079783,7.788587,2,Pullover,UMAP
4.589669,0.46357748,2,Pullover,UMAP
5.210122,2.8986528,6,Shirt,UMAP
2.2107728,5.770621,7,Sneaker,UMAP
6.229623,7.2043514,9,Ankle boot,UMAP
1.3556703,2.3623412,9,Ankle boot,UMAP
4.996826,0.4470978,3,Dress,UMAP
2.2232428,5.532898,6,Shirt,UMAP
7.7686734,4.7615247,2,Pullover,UMAP
5.4607825,6.635005,4,Coat,UMAP
4.7143884,6.5556483,2,Pullover,UMAP
2.7738304,6.317018,8,Bag,UMAP
9.187867,2.2160926,0,T-shirt/top,UMAP
2.1938827,3.7762337,9,Ankle boot,UMAP
4.830327,-0.2136509,9,Ankle boot,UMAP
5.29057,3.290647,6,Shirt,UMAP
5.131128,8.551921,4,Coat,UMAP
6.7583156,4.3309007,1,Trouser,UMAP
4.6706104,6.2101016,4,Coat,UMAP
4.5457287,-0.21097378,0,T-shirt/top,UMAP
2.9711065,8.853463,8,Bag,UMAP
2.1439378,2.022943,4,Coat,UMAP
8.056541,3.3698235,6,Shirt,UMAP
5.9400744,4.5806227,7,Sneaker,UMAP
6.791392,1.1523641,9,Ankle boot,UMAP
4.2316127,1.5924277,8,Bag,UMAP
2.3879132,9.443102,5,Sandal,UMAP
1.1952951,2.0771608,3,Dress,UMAP
3.0729337,1.5050572,0,T-shirt/top,UMAP
0.80376637,7.05963,6,Shirt,UMAP
0.35789582,3.4024363,4,Coat,UMAP
9.082028,2.3891346,2,Pullover,UMAP
6.2306542,5.9763293,8,Bag,UMAP
4.4196606,6.8580575,3,Dress,UMAP
2.5696611,8.20778,2,Pullover,UMAP
2.849674,8.699805,1,Trouser,UMAP
3.1518962,7.1537623,9,Ankle boot,UMAP
7.0025725,0.37712896,1,Trouser,UMAP
1.7644281,2.076291,9,Ankle boot,UMAP
7.5207844,5.807049,0,T-shirt/top,UMAP
6.4485445,7.8172708,4,Coat,UMAP
2.7059731,0.45356464,3,Dress,UMAP
1.7272677,2.558742,5,Sandal,UMAP
1.7976143,9.19501,4,Coat,UMAP
6.4628634,7.173957,8,Bag,UMAP
7.142551,1.268838,6,Shirt,UMAP
7.3640027,1.8429623,7,Sneaker,UMAP
0.352042,5.17941,7,Sneaker,UMAP
8.302892,3.565066,1,Trouser,UMAP
5.9287825,6.2463784,0,T-shirt/top,UMAP
8.117027,2.6394374,7,Sneaker,UMAP
2.642697,0.42021236,3,Dress,UMAP
8.302578,1.1608357,2,Pullover,UMAP
1.2397811,2.7615993,0,T-shirt/top,UMAP
1.970465,5.4292836,8,Bag,UMAP
1.6095496,0.43492785,6,Shirt,UMAP
4.206263,1.996737,2,Pullover,UMAP
5.1660094,0.91408074,0,T-shirt/top,UMAP
4.441859,1.3631473,1,Trouser,UMAP
1.4803609,4.014528,8,Bag,UMAP
3.273978,5.847313,3,Dress,UMAP
4.5596943,4.2451663,0,T-shirt/top,UMAP
6.0788865,7.6148973,6,Shirt,UMAP
2.4528337,3.1094913,8,Bag,UMAP
4.0334964,8.018895,8,Bag,UMAP
8.293319,1.1022152,4,Coat,UMAP
6.8976045,7.7757196,5,Sandal,UMAP
2.477695,1.1383791,9,Ankle boot,UMAP
2.2699604,5.763014,3,Dress,UMAP
8.966009,2.399305,8,Bag,UMAP
5.978109,5.751465,0,T-shirt/top,UMAP
7.1160045,2.8454041,7,Sneaker,UMAP
2.895498,7.55902,2,Pullover,UMAP
4.3501654,7.538096,3,Dress,UMAP
6.013643,1.4640979,5,Sandal,UMAP
1.874556,9.154686,0,T-shirt/top,UMAP
6.8021107,4.577053,4,Coat,UMAP
2.5458004,2.1758494,0,T-shirt/top,UMAP
1.6084663,2.4622028,5,Sandal,UMAP
3.6153126,9.422995,2,Pullover,UMAP
0.42227584,6.0477333,9,Ankle boot,UMAP
3.1084352,5.083693,8,Bag,UMAP
3.4415739,4.6923256,5,Sandal,UMAP
2.0162249,8.823339,5,Sandal,UMAP
7.088455,7.2293553,9,Ankle boot,UMAP
1.2220424,5.8535643,3,Dress,UMAP
1.3212204,2.1713498,1,Trouser,UMAP
8.645209,1.8911625,1,Trouser,UMAP
5.644057,2.7337406,4,Coat,UMAP
3.5557754,1.8383995,4,Coat,UMAP
5.5490265,7.0714736,1,Trouser,UMAP
4.3794956,9.81386,3,Dress,UMAP
2.630167,-0.4699086,5,Sandal,UMAP
2.4548159,0.9386023,0,T-shirt/top,UMAP
5.9448066,6.5109143,0,T-shirt/top,UMAP
4.5336633,4.5793962,3,Dress,UMAP
3.0186994,4.284061,0,T-shirt/top,UMAP
5.671991,2.032884,5,Sandal,UMAP
5.8913574,4.369844,6,Shirt,UMAP
3.3637621,8.223609,7,Sneaker,UMAP
0.89546794,4.522789,3,Dress,UMAP
6.6355424,2.8439562,7,Sneaker,UMAP
2.3183253,-0.17065887,0,T-shirt/top,UMAP
4.6023717,7.081483,5,Sandal,UMAP
2.2887752,3.655086,0,T-shirt/top,UMAP
0.27717984,3.4707594,2,Pullover,UMAP
-0.18462503,6.1003294,8,Bag,UMAP
8.19742,5.7601,5,Sandal,UMAP
2.5074184,8.795504,6,Shirt,UMAP
8.865346,2.0326083,2,Pullover,UMAP
6.283816,4.7293897,0,T-shirt/top,UMAP
3.5325804,1.335281,9,Ankle boot,UMAP
5.844188,5.501768,5,Sandal,UMAP
4.186198,1.4096303,3,Dress,UMAP
4.6084847,-0.45455125,0,T-shirt/top,UMAP
0.9044876,4.9322495,6,Shirt,UMAP
0.2817763,4.6396503,5,Sandal,UMAP
2.2053397,9.480871,8,Bag,UMAP
1.6747279,2.558153,8,Bag,UMAP
7.4139676,4.5176973,3,Dress,UMAP
0.2287955,3.327655,0,T-shirt/top,UMAP
0.21301395,3.4870675,8,Bag,UMAP
4.8963833,7.99297,4,Coat,UMAP
1.3920703,5.9685526,2,Pullover,UMAP
2.4140694,-0.30012703,4,Coat,UMAP
3.8190346,9.27142,6,Shirt,UMAP
3.1628792,8.944167,3,Dress,UMAP
4.243039,2.324536,7,Sneaker,UMAP
1.1146451,5.2242436,5,Sandal,UMAP
6.6701126,3.3089278,3,Dress,UMAP
-0.061092157,5.9381227,8,Bag,UMAP
6.0260906,7.639023,3,Dress,UMAP
3.6267538,1.4664338,4,Coat,UMAP
8.918231,3.0200477,8,Bag,UMAP
5.1742325,3.0534635,8,Bag,UMAP
1.5414138,1.7053746,7,Sneaker,UMAP
7.309211,6.550626,7,Sneaker,UMAP
3.9700577,8.90251,7,Sneaker,UMAP
8.308872,1.1324341,8,Bag,UMAP
5.9738307,1.5867426,5,Sandal,UMAP
3.5972314,9.442,6,Shirt,UMAP
1.848025,9.047185,1,Trouser,UMAP
3.3325233,0.8083119,0,T-shirt/top,UMAP
1.5774255,1.8234556,8,Bag,UMAP
4.876462,7.6205673,4,Coat,UMAP
3.3274715,8.679113,1,Trouser,UMAP
3.4567068,6.989611,8,Bag,UMAP
4.5404186,0.5106713,7,Sneaker,UMAP
7.243153,5.732146,6,Shirt,UMAP
9.167631,2.2530386,0,T-shirt/top,UMAP
4.6521945,0.25208002,5,Sandal,UMAP
3.8511035,-0.6463365,9,Ankle boot,UMAP
5.6471305,3.9221518,6,Shirt,UMAP
6.620859,3.7429163,7,Sneaker,UMAP
5.6346927,2.5571058,8,Bag,UMAP
5.6728725,3.0986211,6,Shirt,UMAP
1.3972509,4.623959,7,Sneaker,UMAP
7.4791646,3.6468232,4,Coat,UMAP
5.313842,0.6768352,7,Sneaker,UMAP
2.2337313,5.8463573,5,Sandal,UMAP
0.32950747,4.9209585,2,Pullover,UMAP
2.6704035,9.046145,8,Bag,UMAP
2.3960576,3.762853,1,Trouser,UMAP
3.2213418,3.4299042,9,Ankle boot,UMAP
5.4230685,5.4308653,0,T-shirt/top,UMAP
2.7636998,7.056575,3,Dress,UMAP
8.150931,4.7212296,7,Sneaker,UMAP
1.7270483,5.682313,2,Pullover,UMAP
4.8872395,7.6990843,0,T-shirt/top,UMAP
1.5892704,8.790829,2,Pullover,UMAP
6.469617,7.170363,2,Pullover,UMAP
2.5614238,4.7500343,8,Bag,UMAP
3.62298,-0.5696331,1,Trouser,UMAP
8.244466,1.5928533,2,Pullover,UMAP
2.8793588,-0.4483795,2,Pullover,UMAP
1.8811982,8.057854,9,Ankle boot,UMAP
5.061854,0.6014776,4,Coat,UMAP
5.170051,3.1273887,6,Shirt,UMAP
0.6168785,1.8009299,1,Trouser,UMAP
1.4400651,4.569468,2,Pullover,UMAP
4.398243,7.540898,1,Trouser,UMAP
7.2849894,6.734345,0,T-shirt/top,UMAP
5.2275767,7.4051,6,Shirt,UMAP
2.52744,8.786926,4,Coat,UMAP
7.7505856,1.9114362,5,Sandal,UMAP
3.3656704,5.9910736,2,Pullover,UMAP
-0.08822468,5.9611745,8,Bag,UMAP
2.6728716,4.7823577,7,Sneaker,UMAP
8.738488,5.1418114,9,Ankle boot,UMAP
2.0599375,6.698111,4,Coat,UMAP
4.3651757,1.2514794,2,Pullover,UMAP
4.607182,6.9530888,6,Shirt,UMAP
7.2155514,1.7672613,5,Sandal,UMAP
7.0449166,6.060716,4,Coat,UMAP
5.2019324,3.1043656,6,Shirt,UMAP
6.393521,1.0277252,8,Bag,UMAP
1.8219805,2.6420007,9,Ankle boot,UMAP
2.2402024,4.17742,2,Pullover,UMAP
1.043394,4.3186383,9,Ankle boot,UMAP
3.2314172,2.9220045,0,T-shirt/top,UMAP
5.3325377,6.313802,2,Pullover,UMAP
9.191156,2.3157928,8,Bag,UMAP
5.030548,0.5046514,6,Shirt,UMAP
3.1546936,-0.7617353,2,Pullover,UMAP
3.7244515,5.939641,4,Coat,UMAP
7.1612544,2.7068236,1,Trouser,UMAP
5.4948053,6.3740573,5,Sandal,UMAP
5.757239,3.0925126,2,Pullover,UMAP
7.64499,1.2646345,5,Sandal,UMAP
9.463222,4.0207987,1,Trouser,UMAP
5.953959,7.0988684,5,Sandal,UMAP
5.071288,1.8551184,6,Shirt,UMAP
1.3556852,5.9821534,1,Trouser,UMAP
5.145095,7.4813457,3,Dress,UMAP
8.231642,4.3678827,8,Bag,UMAP
3.8667696,0.46477407,2,Pullover,UMAP
8.473423,1.3651104,0,T-shirt/top,UMAP
5.0376835,6.536797,2,Pullover,UMAP
7.181206,5.742967,4,Coat,UMAP
-0.24255405,6.1537766,0,T-shirt/top,UMAP
4.3082833,-0.12157704,2,Pullover,UMAP
3.57893,1.3737353,3,Dress,UMAP
2.4800913,0.3654626,6,Shirt,UMAP
1.835387,0.95085347,9,Ankle boot,UMAP
4.4031205,6.7969065,5,Sandal,UMAP
3.5195267,1.2717451,0,T-shirt/top,UMAP
4.586547,4.5735083,0,T-shirt/top,UMAP
8.767755,2.7910583,8,Bag,UMAP
0.8673997,6.370008,6,Shirt,UMAP
7.2939343,4.3364396,0,T-shirt/top,UMAP
7.318897,1.7044208,7,Sneaker,UMAP
3.0783203,3.5293891,1,Trouser,UMAP
2.5745127,8.884518,7,Sneaker,UMAP
0.34703174,5.06471,8,Bag,UMAP
7.1474915,7.1171365,8,Bag,UMAP
5.0488324,0.30865803,4,Coat,UMAP
0.42500076,6.414112,1,Trouser,UMAP
4.237971,6.9807715,8,Bag,UMAP
4.386867,9.006135,4,Coat,UMAP
1.4583012,0.69258136,6,Shirt,UMAP
2.3261673,7.847225,5,Sandal,UMAP
9.180217,4.552188,9,Ankle boot,UMAP
7.94741,2.4263244,2,Pullover,UMAP
6.655287,3.4341736,1,Trouser,UMAP
5.314771,-0.022130458,1,Trouser,UMAP
8.174435,1.1852721,5,Sandal,UMAP
1.9800727,7.044996,5,Sandal,UMAP
9.110357,3.885885,3,Dress,UMAP
0.5303829,2.902516,2,Pullover,UMAP
0.4907786,6.079814,6,Shirt,UMAP
4.1572967,3.6653674,7,Sneaker,UMAP
5.28029,0.26044968,3,Dress,UMAP
5.175302,0.488188,7,Sneaker,UMAP
4.679333,6.955479,8,Bag,UMAP
2.6465492,4.865753,0,T-shirt/top,UMAP
4.101374,8.077895,6,Shirt,UMAP
9.258436,2.5404575,1,Trouser,UMAP
5.412187,5.9146214,1,Trouser,UMAP
1.9731172,4.311698,2,Pullover,UMAP
5.0082355,8.595369,4,Coat,UMAP
5.7814803,7.674388,3,Dress,UMAP
1.8905227,9.289976,6,Shirt,UMAP
9.369042,2.6408303,6,Shirt,UMAP
3.789238,4.481326,9,Ankle boot,UMAP
4.8064675,0.0235002,0,T-shirt/top,UMAP
6.0192566,5.272394,3,Dress,UMAP
3.4977994,2.1816092,2,Pullover,UMAP
2.7607877,7.4440136,4,Coat,UMAP
5.6513,7.112689,8,Bag,UMAP
4.8153653,0.7057136,4,Coat,UMAP
1.7076675,5.2638927,7,Sneaker,UMAP
1.540758,1.7353946,1,Trouser,UMAP
9.587163,3.6477597,9,Ankle boot,UMAP
1.7891849,4.265618,8,Bag,UMAP
2.31375,4.2130294,9,Ankle boot,UMAP
2.498385,8.710566,1,Trouser,UMAP
3.1205397,3.494191,2,Pullover,UMAP
8.286412,4.881551,1,Trouser,UMAP
4.4866104,4.4727964,9,Ankle boot,UMAP
2.9693508,5.7590833,9,Ankle boot,UMAP
5.2111425,0.36246592,1,Trouser,UMAP
1.5569361,6.7097926,6,Shirt,UMAP
4.266548,7.692963,6,Shirt,UMAP
3.71626,9.241125,8,Bag,UMAP
4.698361,7.0774965,5,Sandal,UMAP
4.486367,6.335352,2,Pullover,UMAP
2.3356698,2.0825498,9,Ankle boot,UMAP
3.5926192,5.7451143,0,T-shirt/top,UMAP
4.74885,-0.3633552,5,Sandal,UMAP
9.023219,2.6474602,4,Coat,UMAP
2.550387,8.225376,4,Coat,UMAP
8.941559,3.5002651,4,Coat,UMAP
1.6989427,7.6194205,6,Shirt,UMAP
0.7029369,5.273054,3,Dress,UMAP
1.7528647,0.29304555,2,Pullover,UMAP
4.092387,5.427677,2,Pullover,UMAP
4.8545556,-0.15731737,5,Sandal,UMAP
5.16659,6.3228807,9,Ankle boot,UMAP
2.837415,6.1843863,7,Sneaker,UMAP
1.3984278,2.1272702,6,Shirt,UMAP
2.2538173,3.5549853,1,Trouser,UMAP
4.226358,1.73151,3,Dress,UMAP
7.3452787,1.6557074,5,Sandal,UMAP
3.6060305,8.976482,9,Ankle boot,UMAP
1.9601951,5.2536025,6,Shirt,UMAP
7.2416534,1.2339697,4,Coat,UMAP
1.2205546,5.3323584,6,Shirt,UMAP
1.8650784,8.032609,6,Shirt,UMAP
4.1321416,1.5640278,5,Sandal,UMAP
2.4301465,3.3066432,9,Ankle boot,UMAP
3.2559512,4.4965453,3,Dress,UMAP
8.961956,2.3714325,3,Dress,UMAP
4.984064,4.16259,4,Coat,UMAP
5.5048904,4.0094767,6,Shirt,UMAP
6.2515397,0.27621964,2,Pullover,UMAP
4.546866,4.178178,0,T-shirt/top,UMAP
4.2666984,1.3378017,3,Dress,UMAP
6.986598,0.39498186,3,Dress,UMAP
7.3523164,5.4634867,8,Bag,UMAP
9.160154,2.3221214,0,T-shirt/top,UMAP
7.520467,1.7555768,7,Sneaker,UMAP
3.9726644,5.1527205,2,Pullover,UMAP
5.244453,0.49435163,6,Shirt,UMAP
0.43453595,5.833,4,Coat,UMAP
4.4202337,9.707784,4,Coat,UMAP
1.3046433,1.7036896,2,Pullover,UMAP
3.8517857,2.0965505,4,Coat,UMAP
3.8814979,8.378767,6,Shirt,UMAP
6.3985844,0.87217295,5,Sandal,UMAP
5.2885137,7.1792407,8,Bag,UMAP
8.711869,4.578316,5,Sandal,UMAP
5.802091,6.2685947,5,Sandal,UMAP
5.739906,6.1728735,6,Shirt,UMAP
4.910449,-0.27272463,5,Sandal,UMAP
3.3889601,2.4885783,6,Shirt,UMAP
6.444104,7.067227,6,Shirt,UMAP
2.4299257,3.088905,8,Bag,UMAP
2.3543289,3.1663375,1,Trouser,UMAP
7.132099,1.8496978,3,Dress,UMAP
4.7861276,6.2066875,2,Pullover,UMAP
2.9625967,9.533742,5,Sandal,UMAP
6.9676847,1.333062,7,Sneaker,UMAP
3.1830947,2.2271135,0,T-shirt/top,UMAP
2.458711,0.9559663,2,Pullover,UMAP
8.958442,2.818632,4,Coat,UMAP
1.2643596,0.96112084,3,Dress,UMAP
4.8249645,3.9831607,2,Pullover,UMAP
4.28147,8.288124,4,Coat,UMAP
0.69078577,4.16044,3,Dress,UMAP
6.901657,7.619994,2,Pullover,UMAP
3.9015768,5.5943723,3,Dress,UMAP
7.096979,6.889481,2,Pullover,UMAP
6.1011806,7.6450176,2,Pullover,UMAP
6.8718452,5.553379,1,Trouser,UMAP
2.465441,4.821334,8,Bag,UMAP
4.6917987,8.236117,5,Sandal,UMAP
7.3062005,4.0381646,7,Sneaker,UMAP
7.231722,3.3289602,9,Ankle boot,UMAP
0.96298856,4.4818974,7,Sneaker,UMAP
2.3367085,4.336601,9,Ankle boot,UMAP
7.5108433,3.7490232,3,Dress,UMAP
2.5137873,-0.33972415,0,T-shirt/top,UMAP
7.332832,3.11958,2,Pullover,UMAP
5.7255807,4.4801083,0,T-shirt/top,UMAP
4.243056,4.095096,7,Sneaker,UMAP
8.79001,2.7750165,8,Bag,UMAP
7.515365,1.6262728,1,Trouser,UMAP
2.8425775,4.9198556,0,T-shirt/top,UMAP
1.104538,3.3996892,6,Shirt,UMAP
9.046606,4.4939137,7,Sneaker,UMAP
4.0438085,7.7341075,8,Bag,UMAP
7.852569,2.0650043,8,Bag,UMAP
2.7003767,0.44246176,6,Shirt,UMAP
2.5938113,0.67401236,0,T-shirt/top,UMAP
1.7023711,1.2373909,6,Shirt,UMAP
5.870381,1.5691022,1,Trouser,UMAP
0.86469036,2.4927673,4,Coat,UMAP
2.294121,8.643769,5,Sandal,UMAP
9.16839,3.2417989,3,Dress,UMAP
0.1680419,3.5404959,8,Bag,UMAP
6.4608197,7.13143,8,Bag,UMAP
0.521035,3.2700846,6,Shirt,UMAP
4.625308,9.293428,9,Ankle boot,UMAP
8.698678,2.9751937,9,Ankle boot,UMAP
4.932666,7.697422,4,Coat,UMAP
1.1420892,2.9865923,8,Bag,UMAP
4.2838902,8.349838,3,Dress,UMAP
9.173492,2.4123962,6,Shirt,UMAP
3.8897064,7.8262596,1,Trouser,UMAP
0.29344282,3.174747,0,T-shirt/top,UMAP
0.111226514,4.0714083,2,Pullover,UMAP
2.6668184,9.031105,1,Trouser,UMAP
7.7012057,1.2031964,1,Trouser,UMAP
9.035052,4.371161,1,Trouser,UMAP
5.459684,5.1221976,3,Dress,UMAP
2.9000108,-0.61991715,9,Ankle boot,UMAP
7.5454316,4.033884,1,Trouser,UMAP
2.6369545,8.97049,3,Dress,UMAP
6.343392,7.1536736,8,Bag,UMAP
4.0413985,6.330605,3,Dress,UMAP
4.837948,4.3600693,1,Trouser,UMAP
2.3611147,9.2850485,1,Trouser,UMAP
7.333711,5.241038,1,Trouser,UMAP
3.69755,0.7819276,2,Pullover,UMAP
1.112598,2.7853334,1,Trouser,UMAP
8.115604,2.1160142,3,Dress,UMAP
7.734624,4.734973,9,Ankle boot,UMAP
3.380782,8.786697,0,T-shirt/top,UMAP
3.1398787,5.315111,0,T-shirt/top,UMAP
3.7219315,1.1054977,7,Sneaker,UMAP
1.564652,0.4819756,7,Sneaker,UMAP
0.27752024,6.1082706,9,Ankle boot,UMAP
6.750295,3.963738,4,Coat,UMAP
1.7154094,1.1868122,1,Trouser,UMAP
7.5688357,4.552933,0,T-shirt/top,UMAP
3.401236,2.6398325,0,T-shirt/top,UMAP
3.6165512,1.5258409,3,Dress,UMAP
4.85699,1.2190825,7,Sneaker,UMAP
3.2547443,2.221912,5,Sandal,UMAP
3.0682857,7.0234046,9,Ankle boot,UMAP
1.872333,5.678069,3,Dress,UMAP
3.9585185,8.693253,3,Dress,UMAP
5.2746143,0.7356731,7,Sneaker,UMAP
9.47281,4.510034,9,Ankle boot,UMAP
2.6734874,8.940191,5,Sandal,UMAP
2.0879977,1.9914953,1,Trouser,UMAP
4.234246,3.844912,0,T-shirt/top,UMAP
9.332711,3.299488,3,Dress,UMAP
3.1594367,0.89520544,3,Dress,UMAP
0.91909873,4.0673337,0,T-shirt/top,UMAP
3.3238676,2.4108222,3,Dress,UMAP
7.4759426,4.619842,0,T-shirt/top,UMAP
2.4417522,4.681652,1,Trouser,UMAP
4.007314,4.0098,9,Ankle boot,UMAP
8.337327,3.5960763,0,T-shirt/top,UMAP
2.679469,3.3561347,2,Pullover,UMAP
6.9771485,0.9429515,6,Shirt,UMAP
5.2818613,0.589877,7,Sneaker,UMAP
9.290329,3.5329328,3,Dress,UMAP
6.893804,0.3276819,1,Trouser,UMAP
7.872995,1.9593675,5,Sandal,UMAP
3.2464778,0.80260336,0,T-shirt/top,UMAP
5.573672,0.057091754,2,Pullover,UMAP
2.7993834,7.0194116,2,Pullover,UMAP
4.247619,1.6738963,7,Sneaker,UMAP
4.0284343,2.8331861,7,Sneaker,UMAP
4.6044445,6.8735867,2,Pullover,UMAP
8.714759,1.9390982,1,Trouser,UMAP
7.8116717,2.3616033,8,Bag,UMAP
1.4444422,1.9428217,9,Ankle boot,UMAP
2.8816774,-0.56175464,6,Shirt,UMAP
3.2489698,4.5765243,3,Dress,UMAP
3.0422108,9.6761055,4,Coat,UMAP
1.2156559,2.7185862,9,Ankle boot,UMAP
0.5556,1.9300086,9,Ankle boot,UMAP
8.885992,4.2009196,7,Sneaker,UMAP
2.9315574,-0.6845865,4,Coat,UMAP
7.1621327,6.988923,5,Sandal,UMAP
6.500703,5.22825,8,Bag,UMAP
3.9415665,2.337017,9,Ankle boot,UMAP
9.244842,2.4111693,8,Bag,UMAP
0.5450792,5.273518,9,Ankle boot,UMAP
2.3792582,-0.26169762,6,Shirt,UMAP
6.902545,6.2045393,9,Ankle boot,UMAP
4.560415,6.2067056,0,T-shirt/top,UMAP
0.6999591,1.8255116,6,Shirt,UMAP
3.4141147,2.5456944,0,T-shirt/top,UMAP
0.6131013,4.10532,5,Sandal,UMAP
4.139002,2.43928,6,Shirt,UMAP
3.4871137,3.9517107,5,Sandal,UMAP
3.8507743,1.0455317,2,Pullover,UMAP
7.4763227,5.6414084,8,Bag,UMAP
3.2827625,3.6658108,4,Coat,UMAP
6.310213,5.682371,0,T-shirt/top,UMAP
6.798125,5.769695,3,Dress,UMAP
8.676968,2.7846534,3,Dress,UMAP
3.4139884,3.8537142,9,Ankle boot,UMAP
6.843735,1.0942181,8,Bag,UMAP
0.51438534,3.243505,4,Coat,UMAP
3.2782543,0.06804002,6,Shirt,UMAP
2.6194377,7.0103273,0,T-shirt/top,UMAP
4.108774,5.5794463,2,Pullover,UMAP
9.376934,3.6253355,8,Bag,UMAP
4.3247724,1.9541382,1,Trouser,UMAP
3.7061296,8.906504,0,T-shirt/top,UMAP
2.3025737,7.559439,3,Dress,UMAP
7.682245,4.8027077,8,Bag,UMAP
9.090037,2.035991,0,T-shirt/top,UMAP
1.7152313,1.0810933,2,Pullover,UMAP
3.3478081,9.064881,8,Bag,UMAP
0.36586124,6.1743474,6,Shirt,UMAP
7.656356,5.777177,1,Trouser,UMAP
1.7013178,0.14038,3,Dress,UMAP
3.8269227,1.3353721,0,T-shirt/top,UMAP
0.19993475,3.5712757,8,Bag,UMAP
0.68928313,2.6331143,4,Coat,UMAP
4.022944,4.2137947,9,Ankle boot,UMAP
4.4374337,8.781091,5,Sandal,UMAP
8.170371,2.7472122,8,Bag,UMAP
0.48266602,2.516787,4,Coat,UMAP
3.3535848,8.90013,8,Bag,UMAP
3.388496,9.05747,0,T-shirt/top,UMAP
2.5286307,8.521629,3,Dress,UMAP
1.725697,2.3828728,9,Ankle boot,UMAP
8.826464,4.4806185,6,Shirt,UMAP
8.340142,1.1803477,8,Bag,UMAP
4.1211305,5.556919,2,Pullover,UMAP
5.724103,0.47216117,3,Dress,UMAP
6.5493174,1.769556,7,Sneaker,UMAP
4.0338826,9.932385,8,Bag,UMAP
6.7616057,3.7525988,1,Trouser,UMAP
3.9871852,4.9210978,1,Trouser,UMAP
5.5405903,7.1530576,8,Bag,UMAP
3.5354755,-0.56179285,6,Shirt,UMAP
1.4257675,7.2848573,3,Dress,UMAP
-0.09723825,5.0740213,4,Coat,UMAP
0.41194537,5.74528,2,Pullover,UMAP
8.498833,2.9280646,7,Sneaker,UMAP
8.175832,4.494057,2,Pullover,UMAP
2.6890764,4.922906,8,Bag,UMAP
1.893707,9.240035,6,Shirt,UMAP
7.0132937,1.8474404,7,Sneaker,UMAP
1.8796706,8.138314,8,Bag,UMAP
8.737994,1.8955069,3,Dress,UMAP
4.4050517,0.28885487,4,Coat,UMAP
4.622441,9.279937,4,Coat,UMAP
1.681583,0.5137869,9,Ankle boot,UMAP
2.5683231,7.0658174,5,Sandal,UMAP
5.6871076,7.015022,3,Dress,UMAP
5.4057817,6.029833,5,Sandal,UMAP
5.3294735,2.416141,0,T-shirt/top,UMAP
4.749566,4.5718026,2,Pullover,UMAP
6.852076,5.410982,4,Coat,UMAP
2.7254596,2.1674376,8,Bag,UMAP
8.945371,2.882358,6,Shirt,UMAP
2.8838823,4.335424,7,Sneaker,UMAP
3.2373912,1.438115,3,Dress,UMAP
7.6726985,1.2121239,1,Trouser,UMAP
3.6822224,2.5258744,2,Pullover,UMAP
7.013688,7.481003,9,Ankle boot,UMAP
7.4561067,5.376428,0,T-shirt/top,UMAP
3.6087365,9.392259,8,Bag,UMAP
2.5824864,0.4753802,9,Ankle boot,UMAP
1.6865274,1.9198097,6,Shirt,UMAP
6.755428,3.7848926,4,Coat,UMAP
3.7642987,0.5764054,2,Pullover,UMAP
1.0497838,6.4631476,2,Pullover,UMAP
4.3526926,1.3744925,2,Pullover,UMAP
4.952427,8.025959,8,Bag,UMAP
6.9206676,1.1111325,9,Ankle boot,UMAP
5.5692635,3.763064,6,Shirt,UMAP
8.274687,3.5231845,1,Trouser,UMAP
3.7107837,7.7041035,1,Trouser,UMAP
1.8423183,2.2969193,8,Bag,UMAP
0.56161076,1.8686492,5,Sandal,UMAP
0.58094454,2.57661,9,Ankle boot,UMAP
4.1095138,-0.15715852,5,Sandal,UMAP
2.825216,2.2069368,8,Bag,UMAP
9.644853,3.7652621,9,Ankle boot,UMAP
3.104572,0.104835495,1,Trouser,UMAP
3.7014053,7.4718184,7,Sneaker,UMAP
5.2204075,6.4441204,0,T-shirt/top,UMAP
5.749594,3.1272328,6,Shirt,UMAP
4.2113595,5.567141,1,Trouser,UMAP
4.450757,6.393312,6,Shirt,UMAP
1.6145935,2.5409656,9,Ankle boot,UMAP
8.986664,2.3534977,8,Bag,UMAP
3.2995865,-0.73444813,6,Shirt,UMAP
7.234491,6.751661,7,Sneaker,UMAP
8.857038,1.7388915,3,Dress,UMAP
0.32735386,3.44906,8,Bag,UMAP
2.6020286,4.874682,8,Bag,UMAP
2.881439,4.870402,9,Ankle boot,UMAP
1.7617552,3.9305713,9,Ankle boot,UMAP
7.309921,2.9840596,2,Pullover,UMAP
2.3335419,8.390988,5,Sandal,UMAP
5.5049243,7.162159,8,Bag,UMAP
1.7151374,0.41425866,0,T-shirt/top,UMAP
3.961246,1.4056406,2,Pullover,UMAP
5.711692,0.4405303,5,Sandal,UMAP
3.7266119,9.842298,8,Bag,UMAP
8.282607,2.6322281,8,Bag,UMAP
7.4502854,3.1506712,7,Sneaker,UMAP
5.7497993,3.3488488,4,Coat,UMAP
5.539023,6.414061,1,Trouser,UMAP
3.1902955,7.810285,1,Trouser,UMAP
7.759295,2.9545834,2,Pullover,UMAP
4.7832665,7.885477,7,Sneaker,UMAP
4.195652,1.8514361,8,Bag,UMAP
6.596746,3.3519733,7,Sneaker,UMAP
1.0821955,4.454982,7,Sneaker,UMAP
1.503095,4.5634747,5,Sandal,UMAP
7.459955,1.4544314,5,Sandal,UMAP
1.9271966,9.162678,9,Ankle boot,UMAP
6.5005164,1.6827995,5,Sandal,UMAP
0.12894525,3.8526793,8,Bag,UMAP
3.3299413,0.84645367,9,Ankle boot,UMAP
5.4556646,6.729478,0,T-shirt/top,UMAP
0.9716088,6.3593,4,Coat,UMAP
4.6098037,6.762717,4,Coat,UMAP
4.2530136,2.8982577,9,Ankle boot,UMAP
4.242163,2.9363003,9,Ankle boot,UMAP
1.5798678,8.780944,6,Shirt,UMAP
8.045977,5.3380256,9,Ankle boot,UMAP
8.170465,1.158016,5,Sandal,UMAP
4.6982546,8.808593,7,Sneaker,UMAP
8.076108,3.5268273,4,Coat,UMAP
3.030905,0.62925917,0,T-shirt/top,UMAP
4.747068,0.033741225,5,Sandal,UMAP
3.6152315,0.26231894,4,Coat,UMAP
8.636797,1.5666163,6,Shirt,UMAP
0.8574006,5.517098,2,Pullover,UMAP
8.178833,4.493405,2,Pullover,UMAP
2.4118252,1.0890629,1,Trouser,UMAP
2.2665782,5.210661,3,Dress,UMAP
6.8532877,3.4896514,7,Sneaker,UMAP
6.6553907,2.1547227,7,Sneaker,UMAP
8.566019,5.239414,9,Ankle boot,UMAP
0.49794528,2.6701484,8,Bag,UMAP
1.2176423,2.9339123,8,Bag,UMAP
7.528209,4.6284275,3,Dress,UMAP
4.9590254,6.2336683,6,Shirt,UMAP
4.165723,8.890209,5,Sandal,UMAP
3.8149848,2.531019,7,Sneaker,UMAP
0.9793279,6.411985,3,Dress,UMAP
3.8854795,5.8922825,4,Coat,UMAP
5.0207443,-0.011715001,3,Dress,UMAP
2.8106213,4.362712,5,Sandal,UMAP
3.4462526,5.282118,4,Coat,UMAP
2.17216,4.4320397,3,Dress,UMAP
3.3371205,6.0703683,0,T-shirt/top,UMAP
4.207871,6.014815,4,Coat,UMAP
5.478736,6.5967546,6,Shirt,UMAP
6.386606,1.6441277,7,Sneaker,UMAP
1.9634671,5.1651115,7,Sneaker,UMAP
3.5763547,7.0616107,6,Shirt,UMAP
0.76264036,4.123951,4,Coat,UMAP
5.550206,2.7092712,6,Shirt,UMAP
2.299599,9.509154,3,Dress,UMAP
7.600032,5.693711,0,T-shirt/top,UMAP
7.742163,1.2755499,4,Coat,UMAP
2.190179,7.5119753,9,Ankle boot,UMAP
4.5426693,6.9975476,0,T-shirt/top,UMAP
7.126848,5.661005,6,Shirt,UMAP
4.2433043,1.8255286,1,Trouser,UMAP
4.2449093,0.7789616,2,Pullover,UMAP
6.5181136,7.830727,2,Pullover,UMAP
1.171976,6.679541,6,Shirt,UMAP
2.6512764,-0.4425573,3,Dress,UMAP
2.6595614,7.1855826,6,Shirt,UMAP
3.8698986,8.863809,9,Ankle boot,UMAP
6.5592146,4.138678,0,T-shirt/top,UMAP
9.083144,4.5332937,6,Shirt,UMAP
5.078102,0.10522261,2,Pullover,UMAP
0.1496297,4.30042,9,Ankle boot,UMAP
3.5508063,7.0060134,3,Dress,UMAP
2.5922067,4.9604964,5,Sandal,UMAP
4.5630946,3.6727676,1,Trouser,UMAP
5.852697,7.491386,7,Sneaker,UMAP
2.4917383,4.2084804,3,Dress,UMAP
8.11007,1.5517802,3,Dress,UMAP
2.6061854,8.824961,5,Sandal,UMAP
5.193914,3.640974,0,T-shirt/top,UMAP
8.699458,3.8178425,7,Sneaker,UMAP
5.772243,5.7598734,7,Sneaker,UMAP
1.7620927,2.2566063,7,Sneaker,UMAP
2.5985503,8.919867,0,T-shirt/top,UMAP
6.59359,2.520295,7,Sneaker,UMAP
6.5889597,2.0819414,6,Shirt,UMAP
6.0159645,7.644945,7,Sneaker,UMAP
5.355176,4.5669208,3,Dress,UMAP
3.8267264,7.3059793,3,Dress,UMAP
4.2496433,1.6521951,0,T-shirt/top,UMAP
4.0426455,0.66858625,8,Bag,UMAP
1.1934067,0.8865227,5,Sandal,UMAP
5.1619167,8.318504,8,Bag,UMAP
3.368926,2.4997778,8,Bag,UMAP
4.2715487,9.542655,4,Coat,UMAP
1.882129,5.29296,7,Sneaker,UMAP
2.5089962,0.39636618,6,Shirt,UMAP
1.8757457,6.895164,6,Shirt,UMAP
2.8318477,9.611745,3,Dress,UMAP
1.5861531,8.785729,2,Pullover,UMAP
8.948935,2.8770144,1,Trouser,UMAP
3.7507405,-0.41923666,2,Pullover,UMAP
8.1011,3.58335,7,Sneaker,UMAP
4.9373,0.22837219,5,Sandal,UMAP
9.33502,2.960157,9,Ankle boot,UMAP
7.076998,6.6663194,2,Pullover,UMAP
8.376857,4.654811,8,Bag,UMAP
2.9150903,9.681455,5,Sandal,UMAP
-0.0636697,5.881416,6,Shirt,UMAP
4.2399693,9.656739,4,Coat,UMAP
5.6766624,2.866202,4,Coat,UMAP
8.089054,4.8245535,1,Trouser,UMAP
1.7996802,2.2283628,8,Bag,UMAP
5.521891,4.6162033,0,T-shirt/top,UMAP
2.7807775,0.18910927,7,Sneaker,UMAP
0.38954583,5.645489,5,Sandal,UMAP
7.563482,2.7281241,6,Shirt,UMAP
-0.17741992,5.9951224,8,Bag,UMAP
3.9972835,8.134482,5,Sandal,UMAP
3.9515946,9.014997,2,Pullover,UMAP
1.9316051,3.987394,5,Sandal,UMAP
1.8940674,6.6747417,9,Ankle boot,UMAP
2.8095098,9.60071,4,Coat,UMAP
4.2400556,6.446847,2,Pullover,UMAP
9.087853,2.306742,6,Shirt,UMAP
3.194126,8.571814,3,Dress,UMAP
6.8394156,2.8493035,7,Sneaker,UMAP
2.9444413,6.0704436,6,Shirt,UMAP
6.6401424,1.6351584,5,Sandal,UMAP
5.4086432,3.9992368,8,Bag,UMAP
1.2990955,2.706789,5,Sandal,UMAP
6.558145,2.4072793,7,Sneaker,UMAP
5.644368,7.5241103,2,Pullover,UMAP
3.2577398,0.8160496,7,Sneaker,UMAP
1.546925,1.7616084,9,Ankle boot,UMAP
7.8933315,1.9208863,1,Trouser,UMAP
5.398094,4.9814816,0,T-shirt/top,UMAP
8.424382,1.2801553,8,Bag,UMAP
7.662553,5.6126924,8,Bag,UMAP
6.722203,3.7306685,1,Trouser,UMAP
3.7842908,7.4758697,9,Ankle boot,UMAP
9.61001,3.7826717,3,Dress,UMAP
1.1497178,4.279861,1,Trouser,UMAP
4.489886,8.144655,7,Sneaker,UMAP
4.5507126,0.05613243,5,Sandal,UMAP
5.267506,0.24549992,2,Pullover,UMAP
4.938893,0.7016706,0,T-shirt/top,UMAP
5.8887177,1.3994535,3,Dress,UMAP
6.279593,4.150937,9,Ankle boot,UMAP
2.1716406,4.129607,5,Sandal,UMAP
4.878427,7.9411497,8,Bag,UMAP
8.658623,5.1726117,9,Ankle boot,UMAP
4.261146,8.284677,6,Shirt,UMAP
1.6424888,5.2423224,7,Sneaker,UMAP
3.7422547,3.2416875,5,Sandal,UMAP
1.4575809,6.5879383,2,Pullover,UMAP
2.972215,1.8013561,0,T-shirt/top,UMAP
0.64400905,5.115395,1,Trouser,UMAP
8.841265,2.8508222,0,T-shirt/top,UMAP
8.705737,1.8679963,6,Shirt,UMAP
4.3824296,7.922296,3,Dress,UMAP
2.973094,9.599074,1,Trouser,UMAP
6.2191987,7.6837277,3,Dress,UMAP
4.2093706,1.6444666,4,Coat,UMAP
5.3527718,4.0973225,2,Pullover,UMAP
4.574885,3.823183,5,Sandal,UMAP
5.6945653,5.7292185,1,Trouser,UMAP
6.1507874,2.107105,5,Sandal,UMAP
8.858588,3.419117,2,Pullover,UMAP
3.8171663,8.047663,6,Shirt,UMAP
5.047401,-0.25660777,2,Pullover,UMAP
2.7665927,-0.44696906,9,Ankle boot,UMAP
3.9058797,7.390088,7,Sneaker,UMAP
3.375563,3.8678157,5,Sandal,UMAP
4.010952,0.55783623,3,Dress,UMAP
4.3080945,0.66273135,0,T-shirt/top,UMAP
1.9537995,8.116741,2,Pullover,UMAP
3.5916684,0.27288294,6,Shirt,UMAP
5.159997,3.5635977,2,Pullover,UMAP
5.780324,3.1664495,6,Shirt,UMAP
6.1906924,6.9595733,2,Pullover,UMAP
8.728294,4.0458255,3,Dress,UMAP
-0.09098362,5.833955,9,Ankle boot,UMAP
2.9219482,4.775096,0,T-shirt/top,UMAP
5.9409842,1.3656453,4,Coat,UMAP
8.288969,3.5632427,6,Shirt,UMAP
8.607711,5.235158,5,Sandal,UMAP
5.185167,3.1148973,6,Shirt,UMAP
4.194651,5.0964065,7,Sneaker,UMAP
5.627015,7.091241,2,Pullover,UMAP
3.3816123,-0.56536657,4,Coat,UMAP
4.542856,7.1181426,3,Dress,UMAP
4.898062,8.945964,9,Ankle boot,UMAP
1.1425488,4.347424,3,Dress,UMAP
1.0955576,6.6343527,7,Sneaker,UMAP
3.5899508,1.8985337,0,T-shirt/top,UMAP
4.1339145,9.003918,5,Sandal,UMAP
6.078457,1.3162156,8,Bag,UMAP
1.5324842,4.181841,9,Ankle boot,UMAP
3.505403,1.3235018,1,Trouser,UMAP
0.7450035,2.5038462,9,Ankle boot,UMAP
5.904821,5.971664,4,Coat,UMAP
3.0660632,9.585055,0,T-shirt/top,UMAP
2.512749,0.39809552,7,Sneaker,UMAP
8.268372,1.1144693,8,Bag,UMAP
2.3188248,9.1604395,8,Bag,UMAP
1.3658903,5.0983615,5,Sandal,UMAP
0.10991876,4.1723676,8,Bag,UMAP
6.326091,5.301105,4,Coat,UMAP
6.9959064,7.8284855,2,Pullover,UMAP
5.7603784,6.146785,0,T-shirt/top,UMAP
5.2100444,0.9185207,4,Coat,UMAP
1.0022992,6.412441,7,Sneaker,UMAP
5.546478,2.0850518,4,Coat,UMAP
5.406997,6.654213,9,Ankle boot,UMAP
4.037903,0.4075358,6,Shirt,UMAP
1.6808329,5.665267,3,Dress,UMAP
3.3556967,6.045038,0,T-shirt/top,UMAP
7.1899133,5.7080545,0,T-shirt/top,UMAP
8.3049965,5.673052,5,Sandal,UMAP
7.2814083,5.205841,1,Trouser,UMAP
4.742435,4.184126,0,T-shirt/top,UMAP
2.2245188,5.5620503,7,Sneaker,UMAP
4.531114,0.101795614,2,Pullover,UMAP
3.200141,-0.015665557,4,Coat,UMAP
6.9673886,4.533717,3,Dress,UMAP
4.500152,1.6883547,2,Pullover,UMAP
1.8340936,8.035909,2,Pullover,UMAP
0.2332408,3.4463449,7,Sneaker,UMAP
5.2411857,0.82146883,3,Dress,UMAP
2.2067626,1.2519352,5,Sandal,UMAP
3.1967854,-0.035329264,0,T-shirt/top,UMAP
7.4812684,4.723847,9,Ankle boot,UMAP
3.4513228,-0.72718567,3,Dress,UMAP
8.290137,1.218859,8,Bag,UMAP
0.87005526,4.634216,5,Sandal,UMAP
3.4715514,8.816092,5,Sandal,UMAP
5.638465,6.844655,0,T-shirt/top,UMAP
8.58687,5.2435412,6,Shirt,UMAP
8.208925,1.6740456,7,Sneaker,UMAP
3.4584377,0.4644631,8,Bag,UMAP
3.968247,-0.43561423,0,T-shirt/top,UMAP
4.63435,1.3463902,8,Bag,UMAP
4.826495,0.33482283,0,T-shirt/top,UMAP
6.3383636,5.967412,1,Trouser,UMAP
2.7824016,4.4032493,2,Pullover,UMAP
7.380137,4.0942225,1,Trouser,UMAP
6.874272,4.284959,7,Sneaker,UMAP
9.392222,4.006696,5,Sandal,UMAP
6.576816,1.9958898,2,Pullover,UMAP
3.2406192,9.736864,8,Bag,UMAP
4.1904755,1.6353266,9,Ankle boot,UMAP
3.4609597,9.604459,8,Bag,UMAP
6.4786696,1.3564215,2,Pullover,UMAP
3.7215548,9.401503,2,Pullover,UMAP
2.6242342,8.946127,1,Trouser,UMAP
5.130552,8.507333,0,T-shirt/top,UMAP
1.5487344,8.703202,6,Shirt,UMAP
8.477157,3.2611427,1,Trouser,UMAP
5.165018,3.0716946,3,Dress,UMAP
5.1989055,6.99519,0,T-shirt/top,UMAP
4.207941,9.381713,9,Ankle boot,UMAP
4.3936777,8.298724,3,Dress,UMAP
7.8039613,4.97153,0,T-shirt/top,UMAP
1.5036985,4.040748,9,Ankle boot,UMAP
5.293935,7.344996,7,Sneaker,UMAP
2.8487663,-0.45980322,2,Pullover,UMAP
9.162957,2.3234065,0,T-shirt/top,UMAP
4.349011,8.022045,4,Coat,UMAP
5.3908424,5.8737807,4,Coat,UMAP
9.453154,4.217922,2,Pullover,UMAP
2.9454772,2.9911075,4,Coat,UMAP
0.7612213,2.1808918,2,Pullover,UMAP
4.7812424,3.9351175,7,Sneaker,UMAP
6.9838986,7.8520784,8,Bag,UMAP
4.276179,9.54797,4,Coat,UMAP
8.836014,3.3919272,2,Pullover,UMAP
6.667348,5.5865808,5,Sandal,UMAP
4.770206,8.753946,9,Ankle boot,UMAP
3.058025,2.306391,1,Trouser,UMAP
3.9960768,1.7173326,7,Sneaker,UMAP
7.909463,4.849955,4,Coat,UMAP
5.1925817,6.582341,2,Pullover,UMAP
9.047619,2.0278118,6,Shirt,UMAP
7.877029,5.1761756,3,Dress,UMAP
5.897993,7.7006235,0,T-shirt/top,UMAP
3.6389093,7.046858,3,Dress,UMAP
2.7690856,-0.5029206,1,Trouser,UMAP
0.64698356,4.1980996,4,Coat,UMAP
4.1864424,6.4282694,5,Sandal,UMAP
6.683709,3.879127,0,T-shirt/top,UMAP
3.3312318,1.2456741,0,T-shirt/top,UMAP
1.5288408,0.7026638,4,Coat,UMAP
3.3578448,5.148817,4,Coat,UMAP
1.2640414,6.9857883,2,Pullover,UMAP
6.028707,5.3451104,2,Pullover,UMAP
5.7645283,0.07987388,2,Pullover,UMAP
2.973011,4.323796,0,T-shirt/top,UMAP
1.6575933,5.6318197,2,Pullover,UMAP
8.77787,3.2058837,2,Pullover,UMAP
7.691334,1.8244915,5,Sandal,UMAP
4.9239764,8.912336,0,T-shirt/top,UMAP
4.1029015,8.0105915,0,T-shirt/top,UMAP
0.9206133,6.4965973,0,T-shirt/top,UMAP
4.678329,6.9508348,9,Ankle boot,UMAP
0.61426723,1.7941552,0,T-shirt/top,UMAP
2.0056539,0.84984887,3,Dress,UMAP
5.8863735,4.6058784,1,Trouser,UMAP
7.6153965,1.6974531,7,Sneaker,UMAP
1.1503898,3.089281,9,Ankle boot,UMAP
6.40702,4.4390144,6,Shirt,UMAP
9.504943,4.2033987,6,Shirt,UMAP
8.742626,4.072256,9,Ankle boot,UMAP
7.411053,1.9086392,7,Sneaker,UMAP
3.8830209,-0.584277,3,Dress,UMAP
0.94718415,3.0258358,4,Coat,UMAP
8.656549,1.551642,8,Bag,UMAP
4.428201,6.1392922,2,Pullover,UMAP
3.1597085,0.983761,3,Dress,UMAP
2.1607995,5.9264755,7,Sneaker,UMAP
5.60545,6.7178063,3,Dress,UMAP
8.8987665,4.941859,3,Dress,UMAP
5.2621317,0.9638312,5,Sandal,UMAP
5.5235505,4.828028,0,T-shirt/top,UMAP
3.5197184,0.4757376,2,Pullover,UMAP
2.3659227,7.083185,9,Ankle boot,UMAP
3.9078789,2.0982356,0,T-shirt/top,UMAP
7.5237284,5.1969466,3,Dress,UMAP
1.2799735,3.3120017,9,Ankle boot,UMAP
5.088593,2.2986357,9,Ankle boot,UMAP
2.859043,5.7228036,0,T-shirt/top,UMAP
5.9714904,1.7657043,5,Sandal,UMAP
6.7771354,1.9937509,5,Sandal,UMAP
1.4349743,4.1768913,7,Sneaker,UMAP
3.1028779,9.695795,0,T-shirt/top,UMAP
1.9587427,5.115445,5,Sandal,UMAP
2.354015,3.9830666,2,Pullover,UMAP
2.1190012,3.4473681,6,Shirt,UMAP
9.382955,3.9749672,1,Trouser,UMAP
7.69797,1.4477538,6,Shirt,UMAP
7.9045267,4.9102716,4,Coat,UMAP
3.38218,7.736999,0,T-shirt/top,UMAP
3.2991285,-0.7458931,2,Pullover,UMAP
0.79072607,6.68877,5,Sandal,UMAP
3.4683328,3.291297,7,Sneaker,UMAP
8.104455,3.632249,0,T-shirt/top,UMAP
4.4958153,8.764761,2,Pullover,UMAP
4.8891172,1.2358375,2,Pullover,UMAP
5.8209677,4.206033,3,Dress,UMAP
3.756357,-0.25364798,5,Sandal,UMAP
0.81342214,2.5142846,9,Ankle boot,UMAP
8.0694,1.1403588,5,Sandal,UMAP
4.599662,9.495884,8,Bag,UMAP
2.244507,1.8024042,4,Coat,UMAP
0.4289358,2.7038012,4,Coat,UMAP
3.4998128,-0.10514657,9,Ankle boot,UMAP
0.33364657,6.070137,9,Ankle boot,UMAP
2.6606247,7.4057665,3,Dress,UMAP
0.6645719,6.5245256,6,Shirt,UMAP
4.682845,9.090842,9,Ankle boot,UMAP
0.7931409,6.9237194,9,Ankle boot,UMAP
1.9013025,9.322555,9,Ankle boot,UMAP
1.9297597,2.6824536,8,Bag,UMAP
1.8375397,0.4594621,6,Shirt,UMAP
1.6388298,0.75869656,9,Ankle boot,UMAP
4.14143,6.0785336,6,Shirt,UMAP
2.7226813,0.341659,1,Trouser,UMAP
1.2070969,5.0628557,5,Sandal,UMAP
3.8793478,9.789777,5,Sandal,UMAP
7.430221,5.453355,5,Sandal,UMAP
3.831146,7.153327,3,Dress,UMAP
2.9821677,2.1169605,1,Trouser,UMAP
3.2292624,2.9055994,1,Trouser,UMAP
0.40793332,5.262543,9,Ankle boot,UMAP
4.8242345,7.188439,7,Sneaker,UMAP
2.986063,4.389447,2,Pullover,UMAP
8.647035,3.8527317,1,Trouser,UMAP
0.5000192,2.646024,9,Ankle boot,UMAP
1.4861476,2.7526228,3,Dress,UMAP
3.7676423,7.4355035,9,Ankle boot,UMAP
4.6083922,0.31026682,7,Sneaker,UMAP
4.3240533,4.7039824,2,Pullover,UMAP
5.822524,5.4742913,0,T-shirt/top,UMAP
0.5116223,2.4752662,3,Dress,UMAP
2.4345746,3.5852993,4,Coat,UMAP
3.4276738,-0.6847507,5,Sandal,UMAP
2.3624084,7.000124,3,Dress,UMAP
7.6377463,4.8655725,8,Bag,UMAP
6.3763404,7.195913,8,Bag,UMAP
3.4841359,8.1114025,7,Sneaker,UMAP
3.2583046,9.754356,4,Coat,UMAP
8.15494,2.7895536,9,Ankle boot,UMAP
1.5570997,2.9039094,6,Shirt,UMAP
0.9803141,2.477147,5,Sandal,UMAP
4.152652,6.4484415,0,T-shirt/top,UMAP
6.6565957,5.923275,5,Sandal,UMAP
5.599232,6.76944,7,Sneaker,UMAP
2.7791615,1.7788595,2,Pullover,UMAP
2.2804523,3.9261522,2,Pullover,UMAP
9.52157,3.4344215,6,Shirt,UMAP
4.641276,6.777133,7,Sneaker,UMAP
3.6268818,2.9877229,2,Pullover,UMAP
7.3048267,5.8334737,1,Trouser,UMAP
2.8960443,9.597656,9,Ankle boot,UMAP
7.4897294,2.6075108,0,T-shirt/top,UMAP
5.4902997,4.101564,6,Shirt,UMAP
0.30017063,3.2789168,0,T-shirt/top,UMAP
4.3266215,3.7778995,7,Sneaker,UMAP
5.0600677,4.104051,7,Sneaker,UMAP
2.5513082,2.3645737,0,T-shirt/top,UMAP
1.8190728,6.708775,4,Coat,UMAP
5.7697678,4.207483,3,Dress,UMAP
3.931514,5.479582,3,Dress,UMAP
2.8337636,6.1420827,0,T-shirt/top,UMAP
9.051018,2.384345,6,Shirt,UMAP
5.175949,8.45278,6,Shirt,UMAP
4.712137,3.854448,0,T-shirt/top,UMAP
2.7584734,7.620715,7,Sneaker,UMAP
3.4805999,5.6086864,3,Dress,UMAP
7.9789934,2.454593,7,Sneaker,UMAP
7.298563,0.7804816,5,Sandal,UMAP
3.6017916,4.6604934,0,T-shirt/top,UMAP
4.386768,7.5588937,4,Coat,UMAP
1.3369828,2.908969,9,Ankle boot,UMAP
5.197408,2.9293559,3,Dress,UMAP
2.4711802,8.693648,5,Sandal,UMAP
2.3813775,8.626241,7,Sneaker,UMAP
4.2863035,5.764493,2,Pullover,UMAP
2.7161956,7.487482,7,Sneaker,UMAP
2.1389937,5.805063,1,Trouser,UMAP
7.518238,5.508785,0,T-shirt/top,UMAP
4.1081176,-0.45157737,3,Dress,UMAP
6.3732715,7.7604504,5,Sandal,UMAP
0.31662807,4.595082,9,Ankle boot,UMAP
2.5500684,8.680955,2,Pullover,UMAP
2.513811,1.9932593,0,T-shirt/top,UMAP
3.1818228,4.4998164,2,Pullover,UMAP
6.577999,7.6753983,7,Sneaker,UMAP
-0.18631768,6.058398,0,T-shirt/top,UMAP
4.516483,8.514742,6,Shirt,UMAP
3.100511,5.1560235,2,Pullover,UMAP
3.1440265,8.222619,0,T-shirt/top,UMAP
7.559036,1.8400431,5,Sandal,UMAP
3.218279,2.3273892,1,Trouser,UMAP
4.136329,0.4183842,4,Coat,UMAP
2.289662,4.22943,5,Sandal,UMAP
4.1675515,3.489544,1,Trouser,UMAP
2.1513515,4.495086,9,Ankle boot,UMAP
3.8395145,-0.7026927,1,Trouser,UMAP
3.267546,-0.3051677,4,Coat,UMAP
2.3475606,8.61585,5,Sandal,UMAP
5.6097746,7.219917,7,Sneaker,UMAP
3.2516384,6.038169,5,Sandal,UMAP
0.7595412,3.1628268,0,T-shirt/top,UMAP
0.6632439,5.1593213,4,Coat,UMAP
5.592611,6.9501877,7,Sneaker,UMAP
4.2644734,0.65581477,2,Pullover,UMAP
4.3116245,4.25805,5,Sandal,UMAP
4.085233,1.3580157,9,Ankle boot,UMAP
