component_1,component_2,label,class_name,method
0.48731342,-1.4157293,0,T-shirt/top,PCA
-0.4946758,-0.7052992,6,Shirt,PCA
0.28809178,1.2863289,5,Sandal,PCA
-1.174148,0.54386455,7,Sneaker,PCA
-2.144722,-1.4796346,7,Sneaker,PCA
1.5047468,-0.49174622,8,Bag,PCA
-0.8821854,0.5079931,9,Ankle boot,PCA
-0.34042108,-0.6889559,6,Shirt,PCA
0.00046040118,-0.5861378,2,Pullover,PCA
-1.4226649,1.0580107,2,Pullover,PCA
-1.1683725,0.19227132,3,Dress,PCA
-0.8215929,0.52132064,4,Coat,PCA
-0.5239188,2.4650497,9,Ankle boot,PCA
1.0082119,2.2955246,1,Trouser,PCA
-1.3922065,-0.46145472,7,Sneaker,PCA
0.21602546,-0.94510055,2,Pullover,PCA
-0.5347124,-0.08840384,0,T-shirt/top,PCA
-0.5540335,-0.99162954,4,Coat,PCA
-0.049097385,-1.2866554,3,Dress,PCA
2.132546,-0.2789612,9,Ankle boot,PCA
-0.33037642,-0.7816797,0,T-shirt/top,PCA
-0.44703066,0.56915337,9,Ankle boot,PCA
1.3421339,-0.8461417,6,Shirt,PCA
1.0194104,-0.7792055,4,Coat,PCA
-0.9313796,1.9393353,9,Ankle boot,PCA
-0.2740265,-0.9245644,7,Sneaker,PCA
-0.75920314,0.8120088,9,Ankle boot,PCA
-1.2555776,1.0990951,0,T-shirt/top,PCA
-0.82703644,-1.6699185,6,Shirt,PCA
0.22179917,-0.011098504,2,Pullover,PCA
0.7268971,-0.4218349,0,T-shirt/top,PCA
-0.3774285,0.6153518,7,Sneaker,PCA
-1.4118799,-1.3173177,7,Sneaker,PCA
-0.3611945,0.45096403,0,T-shirt/top,PCA
-0.8360616,0.43292695,5,Sandal,PCA
-1.8188114,-1.1091489,4,Coat,PCA
0.029389327,-0.5191854,6,Shirt,PCA
-0.4771284,0.44263774,7,Sneaker,PCA
0.38087663,0.52862185,5,Sandal,PCA
1.5460026,-0.3067309,7,Sneaker,PCA
-0.122688666,-0.017901784,7,Sneaker,PCA
0.65369403,2.2963643,3,Dress,PCA
-0.2508371,-0.07115469,4,Coat,PCA
1.5576545,0.13730113,3,Dress,PCA
0.53109574,-0.36931947,1,Trouser,PCA
-1.4110924,-1.3256751,2,Pullover,PCA
0.7048009,0.73497725,5,Sandal,PCA
1.7894604,-0.76246893,8,Bag,PCA
0.08894929,0.31532085,2,Pullover,PCA
1.3452243,0.5403967,6,Shirt,PCA
-1.1919587,0.4068523,7,Sneaker,PCA
0.8611289,0.5849663,9,Ankle boot,PCA
-1.479693,0.87558866,7,Sneaker,PCA
-0.025562026,-0.82922804,8,Bag,PCA
1.0756385,-1.0071493,8,Bag,PCA
1.5466366,-0.5281423,6,Shirt,PCA
0.50154227,-0.13087095,4,Coat,PCA
-1.268135,-1.6949602,1,Trouser,PCA
-0.2838665,0.6919074,6,Shirt,PCA
1.1394868,0.95769876,6,Shirt,PCA
-0.22768945,0.2575965,1,Trouser,PCA
-1.3852993,-0.5543163,6,Shirt,PCA
-0.5079384,1.4467821,7,Sneaker,PCA
-0.21866089,-1.7999271,3,Dress,PCA
-0.4936876,-1.8363328,2,Pullover,PCA
-0.051264334,-1.8814571,9,Ankle boot,PCA
0.71827257,-0.3148219,1,Trouser,PCA
0.6421437,-0.85672987,5,Sandal,PCA
0.2488568,0.030120509,8,Bag,PCA
-1.2427528,-1.3463126,1,Trouser,PCA
1.8836997,-0.31037343,6,Shirt,PCA
1.374269,-0.9659275,4,Coat,PCA
-1.6788042,0.32722095,5,Sandal,PCA
-0.18686636,0.47632578,3,Dress,PCA
-0.13367704,-1.0796802,2,Pullover,PCA
0.017188437,0.5669537,4,Coat,PCA
0.89860237,0.75419456,8,Bag,PCA
-0.64476687,1.2230885,0,T-shirt/top,PCA
0.33006856,0.07403262,1,Trouser,PCA
1.2775651,1.8897723,3,Dress,PCA
-0.7117963,-0.6777966,8,Bag,PCA
-1.1621869,-0.75897604,0,T-shirt/top,PCA
-1.319384,0.65905404,3,Dress,PCA
-0.879938,0.85621333,0,T-shirt/top,PCA
0.3705752,0.615744,1,Trouser,PCA
1.246317,1.3054128,0,T-shirt/top,PCA
0.26613227,0.15883821,2,Pullover,PCA
-0.31256142,0.75618744,6,Shirt,PCA
0.36639893,2.129302,8,Bag,PCA
-1.4308504,-0.285322,8,Bag,PCA
1.6591072,1.2432706,5,Sandal,PCA
-1.6520848,1.5690144,4,Coat,PCA
0.60984135,0.42358047,7,Sneaker,PCA
0.34568566,0.05291778,9,Ankle boot,PCA
-0.8647143,0.4266133,8,Bag,PCA
-0.92142236,-0.5973694,4,Coat,PCA
-1.5560119,-0.84086555,9,Ankle boot,PCA
0.1901102,-0.78107125,6,Shirt,PCA
0.84411293,-0.0076203905,3,Dress,PCA
-1.2105113,0.9167996,7,Sneaker,PCA
-0.61149627,1.094865,8,Bag,PCA
-0.769514,0.5767932,8,Bag,PCA
1.4098753,-1.0400794,8,Bag,PCA
-1.7583804,-0.4715686,5,Sandal,PCA
1.1285688,0.9738156,1,Trouser,PCA
0.8343816,0.13645591,1,Trouser,PCA
1.9641355,0.8816419,0,T-shirt/top,PCA
-0.2494956,1.2173926,3,Dress,PCA
-1.365728,0.14243042,7,Sneaker,PCA
-0.8589437,-1.2536625,6,Shirt,PCA
1.0204033,-0.56477964,3,Dress,PCA
0.90116346,0.5600602,9,Ankle boot,PCA
1.6740726,0.517996,8,Bag,PCA
-0.36293852,0.111736424,4,Coat,PCA
-0.4919246,-0.16786581,6,Shirt,PCA
0.065571696,-0.6006602,5,Sandal,PCA
0.121393204,0.61296886,2,Pullover,PCA
0.6761331,-0.35563204,8,Bag,PCA
1.9000118,-0.58207,7,Sneaker,PCA
-0.58761823,0.77129,3,Dress,PCA
0.31415102,0.85749435,2,Pullover,PCA
0.22285548,-0.47342107,7,Sneaker,PCA
0.074340284,-1.5472499,0,T-shirt/top,PCA
-2.8826468,0.5021519,2,Pullover,PCA
-0.48674718,-0.8780806,7,Sneaker,PCA
-2.6543112,-0.5583845,4,Coat,PCA
-0.42953062,0.84269387,0,T-shirt/top,PCA
-0.19816355,-0.68692654,5,Sandal,PCA
0.7735484,-1.1816902,8,Bag,PCA
-0.11424051,-1.6937808,1,Trouser,PCA
-0.5940649,0.59957963,5,Sandal,PCA
0.93643874,-0.20993802,0,T-shirt/top,PCA
-0.40083095,-0.7995731,3,Dress,PCA
0.077664055,2.316226,9,Ankle boot,PCA
0.2922364,-1.1566564,8,Bag,PCA
-0.038722172,-0.37528643,0,T-shirt/top,PCA
1.4744515,0.48077315,7,Sneaker,PCA
-1.1041206,0.4463255,6,Shirt,PCA
-1.5026674,0.13252303,3,Dress,PCA
-0.77048486,0.9084802,1,Trouser,PCA
1.0290475,-0.22915468,2,Pullover,PCA
1.395899,-1.161119,4,Coat,PCA
-0.03682147,-1.3257482,0,T-shirt/top,PCA
-0.28388333,1.5006025,8,Bag,PCA
0.05431032,0.012065791,0,T-shirt/top,PCA
-0.26473427,-1.6303294,0,T-shirt/top,PCA
-0.4174778,0.59050316,8,Bag,PCA
0.08121218,-2.1097922,8,Bag,PCA
0.12908885,0.12827694,9,Ankle boot,PCA
-0.190771,-0.62765515,9,Ankle boot,PCA
0.7453246,-0.1089035,4,Coat,PCA
0.5765907,-0.87843657,0,T-shirt/top,PCA
0.70826155,2.066917,3,Dress,PCA
1.8003571,-0.84538424,8,Bag,PCA
-1.6282715,-0.32893413,3,Dress,PCA
1.3107866,0.18087089,7,Sneaker,PCA
0.65563166,0.61369926,4,Coat,PCA
-0.9691549,0.7544451,6,Shirt,PCA
-0.23217112,-0.80773336,5,Sandal,PCA
-1.8392308,0.23805176,4,Coat,PCA
1.6161841,0.14493291,6,Shirt,PCA
-2.500619,-0.03834507,6,Shirt,PCA
-0.8126073,0.40179998,1,Trouser,PCA
-0.37678376,-1.7464986,9,Ankle boot,PCA
-0.112036824,-0.66597867,6,Shirt,PCA
-1.151557,0.51687336,3,Dress,PCA
-0.37610185,-0.73358625,2,Pullover,PCA
-0.9002565,-0.45511428,3,Dress,PCA
0.892916,0.08657842,4,Coat,PCA
1.9329711,-1.8023564,5,Sandal,PCA
0.41147226,-1.1843117,1,Trouser,PCA
0.5500853,-0.25862885,2,Pullover,PCA
0.70352083,-0.00093139336,8,Bag,PCA
0.33764863,-0.9772106,1,Trouser,PCA
1.3760871,1.2510526,4,Coat,PCA
-0.33387238,1.1681074,9,Ankle boot,PCA
-0.42194825,-0.9026484,5,Sandal,PCA
-0.41231516,1.2602752,6,Shirt,PCA
-1.4043663,-0.49422172,4,Coat,PCA
1.1739075,-0.010264104,0,T-shirt/top,PCA
1.0046844,-0.41124055,3,Dress,PCA
1.100366,-1.4816606,9,Ankle boot,PCA
0.25543335,0.1807854,1,Trouser,PCA
0.9097549,-1.5101345,0,T-shirt/top,PCA
-0.6080689,1.2524917,9,Ankle boot,PCA
0.7020723,0.79189306,2,Pullover,PCA
1.0304775,0.59737444,5,Sandal,PCA
0.17126445,1.0793574,6,Shirt,PCA
-1.0254341,-1.0769186,5,Sandal,PCA
1.5594531,0.27609417,8,Bag,PCA
0.19810916,0.3232927,0,T-shirt/top,PCA
-1.0273396,0.49018174,4,Coat,PCA
-0.92055666,0.4373198,3,Dress,PCA
0.32042247,-1.3951031,8,Bag,PCA
2.113593,2.106869,4,Coat,PCA
0.036377043,1.2910613,0,T-shirt/top,PCA
1.1890037,-0.39465925,8,Bag,PCA
1.0910437,-0.42099044,7,Sneaker,PCA
0.73231655,0.48262766,0,T-shirt/top,PCA
-0.8895684,-1.3207676,1,Trouser,PCA
0.8102767,1.1722671,0,T-shirt/top,PCA
-0.46314386,0.30103287,4,Coat,PCA
0.35696265,-1.6140505,2,Pullover,PCA
-0.23985183,-0.2730612,0,T-shirt/top,PCA
-0.45791703,0.5874928,5,Sandal,PCA
0.21399997,-0.80463475,8,Bag,PCA
0.46606836,-1.8543057,2,Pullover,PCA
0.5682312,0.19055806,3,Dress,PCA
-1.4643738,0.4035709,3,Dress,PCA
0.3416096,1.3534065,5,Sandal,PCA
-0.60394335,-0.95923525,1,Trouser,PCA
0.097096905,0.4514495,7,Sneaker,PCA
2.1861963,-1.5511205,9,Ankle boot,PCA
1.5132478,1.3054054,3,Dress,PCA
0.044865653,0.41541663,0,T-shirt/top,PCA
1.7820277,-0.27654362,9,Ankle boot,PCA
0.7742907,-2.278195,5,Sandal,PCA
0.15794379,0.5711252,0,T-shirt/top,PCA
0.74496543,-0.5963403,3,Dress,PCA
-0.9296357,1.4919425,9,Ankle boot,PCA
0.065116465,-2.0161622,4,Coat,PCA
-0.023417253,-0.22893664,9,Ankle boot,PCA
-0.49541953,1.3646116,0,T-shirt/top,PCA
-0.14862655,1.935286,6,Shirt,PCA
-0.6029319,2.1341012,0,T-shirt/top,PCA
-0.31623903,0.8880194,3,Dress,PCA
-0.48854062,0.97459954,8,Bag,PCA
-0.37882647,1.2013527,0,T-shirt/top,PCA
-0.8628579,1.8281523,0,T-shirt/top,PCA
-0.79409575,-1.9957027,5,Sandal,PCA
-1.4205526,-1.4859294,3,Dress,PCA
0.26585764,0.4048827,1,Trouser,PCA
0.3564496,0.07766459,6,Shirt,PCA
0.82068497,-0.8054059,0,T-shirt/top,PCA
0.3655628,1.4980338,2,Pullover,PCA
-0.64809656,-1.0907762,3,Dress,PCA
-0.24832124,-0.30807248,1,Trouser,PCA
1.3319283,-0.81292266,3,Dress,PCA
-0.0005164426,-0.3526368,9,Ankle boot,PCA
0.68295133,-1.8052849,5,Sandal,PCA
-0.5413667,2.3910863,8,Bag,PCA
-0.4083846,-0.7760722,1,Trouser,PCA
-1.3196741,-0.7715589,1,Trouser,PCA
-0.78967375,1.2966243,4,Coat,PCA
-0.94650656,-0.1820516,7,Sneaker,PCA
-2.636524,-1.0590837,6,Shirt,PCA
-1.4884804,0.18752313,3,Dress,PCA
-1.0348662,0.34972107,0,T-shirt/top,PCA
-0.38292834,0.49975303,8,Bag,PCA
-0.044784,-1.6878074,6,Shirt,PCA
-0.08281714,0.5226454,3,Dress,PCA
1.8895055,0.074672446,6,Shirt,PCA
0.61969924,-0.47516626,4,Coat,PCA
-0.59745646,-0.7514019,4,Coat,PCA
-0.15594625,-1.0767568,4,Coat,PCA
0.26008117,0.6291447,4,Coat,PCA
-0.5491829,0.9419711,2,Pullover,PCA
0.60864425,0.46287468,3,Dress,PCA
0.20390972,0.19215558,4,Coat,PCA
1.2462057,-2.0638764,9,Ankle boot,PCA
0.49954373,-0.60729516,8,Bag,PCA
-0.04598808,-0.21543865,6,Shirt,PCA
-1.5036101,-0.5789837,0,T-shirt/top,PCA
-1.3664032,-1.462982,7,Sneaker,PCA
-1.0801444,0.43456635,9,Ankle boot,PCA
0.43211183,1.127343,5,Sandal,PCA
-0.47379434,0.01365651,4,Coat,PCA
-1.005226,-1.0092692,0,T-shirt/top,PCA
-0.03857442,-0.48759398,2,Pullover,PCA
-0.5548221,-0.6409231,1,Trouser,PCA
1.6080018,0.7664405,8,Bag,PCA
-0.9180197,-0.11252014,8,Bag,PCA
-0.782546,-0.07279595,8,Bag,PCA
0.8088447,-0.868241,0,T-shirt/top,PCA
0.47695705,-1.7567056,5,Sandal,PCA
-0.6253926,0.13175145,2,Pullover,PCA
-1.0644964,-0.5774536,8,Bag,PCA
-2.8887196,0.6677146,6,Shirt,PCA
-0.85788304,-0.68606246,7,Sneaker,PCA
-0.11818659,-0.8433409,8,Bag,PCA
-0.4399025,1.0145568,3,Dress,PCA
-1.119762,-0.6409574,9,Ankle boot,PCA
2.0883613,-0.8305921,6,Shirt,PCA
1.445862,0.12299553,1,Trouser,PCA
0.23060751,-0.5759193,1,Trouser,PCA
-0.04063394,0.13276967,3,Dress,PCA
1.0452776,-0.3880381,1,Trouser,PCA
-0.38810733,0.018109737,6,Shirt,PCA
-2.0138764,0.37894025,6,Shirt,PCA
-0.3705861,-0.787404,2,Pullover,PCA
0.8136157,0.66934735,2,Pullover,PCA
0.55138713,0.46639547,8,Bag,PCA
-0.2534491,0.6713754,6,Shirt,PCA
0.029409833,1.8016783,0,T-shirt/top,PCA
1.2518424,-0.86234576,3,Dress,PCA
0.38530937,-0.28080347,3,Dress,PCA
-0.34950987,-0.6340625,2,Pullover,PCA
-0.06263125,-0.3090064,3,Dress,PCA
-0.3650753,-0.2642255,9,Ankle boot,PCA
0.637661,1.1036154,4,Coat,PCA
-0.029220019,-1.2650192,0,T-shirt/top,PCA
1.4325591,-2.1966016,6,Shirt,PCA
0.9938387,0.4743005,5,Sandal,PCA
0.21182743,-1.5257952,0,T-shirt/top,PCA
0.66587305,-0.7754059,4,Coat,PCA
-0.45831996,-1.3141818,4,Coat,PCA
1.821671,-0.051573046,7,Sneaker,PCA
-0.017235499,0.6381939,9,Ankle boot,PCA
0.8456948,0.114075676,2,Pullover,PCA
0.26179668,0.054502703,7,Sneaker,PCA
-0.060361993,-0.0059720855,8,Bag,PCA
-1.0564821,0.40848416,7,Sneaker,PCA
0.28486538,-0.28885248,1,Trouser,PCA
-1.2006506,0.7402495,4,Coat,PCA
0.0023125252,-0.35501608,6,Shirt,PCA
0.54085,0.17014699,5,Sandal,PCA
-0.044626456,-0.09554988,1,Trouser,PCA
-0.9948655,2.1189005,9,Ankle boot,PCA
-0.98267704,0.064233705,5,Sandal,PCA
-0.5063608,-0.61985177,6,Shirt,PCA
-1.2324163,-0.06641889,0,T-shirt/top,PCA
-1.619846,0.42047757,2,Pullover,PCA
1.389519,-0.19853483,0,T-shirt/top,PCA
0.838879,2.317684,8,Bag,PCA
-1.9013164,-0.8896766,4,Coat,PCA
-1.1533641,0.2640087,7,Sneaker,PCA
0.8901314,-0.75356495,0,T-shirt/top,PCA
0.005360716,-0.15762796,0,T-shirt/top,PCA
-0.06894238,0.83585036,6,Shirt,PCA
0.97824013,-1.5362448,2,Pullover,PCA
-0.3180422,0.28941575,4,Coat,PCA
1.3257852,-0.69557,3,Dress,PCA
-1.144766,0.59356,7,Sneaker,PCA
0.5736859,1.4724951,3,Dress,PCA
0.45617464,-1.2417912,4,Coat,PCA
0.3995687,1.6390995,2,Pullover,PCA
0.695632,1.6810997,3,Dress,PCA
0.25896248,0.64935285,7,Sneaker,PCA
-0.8583834,0.99167013,4,Coat,PCA
-0.26719487,0.035980795,5,Sandal,PCA
0.23967487,0.7481359,7,Sneaker,PCA
0.11420819,-2.3243935,5,Sandal,PCA
-0.49840024,0.57579154,0,T-shirt/top,PCA
-1.5494964,-0.15838774,5,Sandal,PCA
-0.2985614,-1.0563352,6,Shirt,PCA
1.5195793,0.6118128,7,Sneaker,PCA
0.03855356,1.1797342,1,Trouser,PCA
0.27162078,-0.75934416,8,Bag,PCA
-1.0305711,0.37089348,9,Ankle boot,PCA
0.015500336,-0.17077869,1,Trouser,PCA
0.20336469,-0.48302516,0,T-shirt/top,PCA
0.84771115,2.3029478,1,Trouser,PCA
-0.38075083,0.8049355,7,Sneaker,PCA
1.4004766,2.4119992,8,Bag,PCA
-0.207545,0.67140937,9,Ankle boot,PCA
-0.8050541,-1.5589415,6,Shirt,PCA
-0.08045335,0.52590847,9,Ankle boot,PCA
-0.013715416,-0.5144467,3,Dress,PCA
0.09350522,-0.6002769,0,T-shirt/top,PCA
-0.0974928,-0.597725,6,Shirt,PCA
0.5268896,-0.010990165,4,Coat,PCA
-0.44330636,-0.023713494,2,Pullover,PCA
0.76466286,0.0025224527,7,Sneaker,PCA
0.6415314,-0.088750914,7,Sneaker,PCA
-1.3427186,1.1453693,4,Coat,PCA
2.4652886,0.6502744,5,Sandal,PCA
1.3298335,0.39007285,2,Pullover,PCA
-0.73097676,0.5218934,4,Coat,PCA
-2.3917634,0.89230347,4,Coat,PCA
1.0368925,1.0856829,6,Shirt,PCA
0.22652242,1.0057192,7,Sneaker,PCA
0.5197551,0.9635793,1,Trouser,PCA
-0.45977214,-0.20792942,9,Ankle boot,PCA
-0.52445847,0.110959396,6,Shirt,PCA
-0.65661454,-1.8110892,6,Shirt,PCA
1.6796141,0.67920893,5,Sandal,PCA
0.06879646,-0.5781644,0,T-shirt/top,PCA
-0.95206183,-0.12953843,3,Dress,PCA
0.06282768,-1.761268,1,Trouser,PCA
0.9384592,1.1054021,0,T-shirt/top,PCA
-0.9339971,0.7982169,9,Ankle boot,PCA
0.30869973,-0.12934437,0,T-shirt/top,PCA
0.19564115,1.0514296,3,Dress,PCA
-0.33002672,0.5518633,2,Pullover,PCA
-1.0806861,-2.474827,2,Pullover,PCA
0.7423663,0.066152416,2,Pullover,PCA
2.0139196,-1.3490293,9,Ankle boot,PCA
-0.35353947,-1.7601479,2,Pullover,PCA
1.0610179,-0.013175014,4,Coat,PCA
-0.088445306,-0.4950554,4,Coat,PCA
-1.6197228,-0.26359624,9,Ankle boot,PCA
-0.5150572,-0.10260268,8,Bag,PCA
0.9748951,-1.1831628,6,Shirt,PCA
-1.1209469,1.642928,7,Sneaker,PCA
0.49217415,-0.6776254,3,Dress,PCA
1.1343058,-0.85200185,1,Trouser,PCA
1.4200315,-0.8127368,1,Trouser,PCA
1.4230005,0.77695465,6,Shirt,PCA
1.7805202,-0.17333515,3,Dress,PCA
1.7519562,0.34579137,7,Sneaker,PCA
0.9353047,0.19891772,4,Coat,PCA
2.5108223,-0.8732827,4,Coat,PCA
1.4552512,0.17708874,2,Pullover,PCA
0.5876819,0.8044813,7,Sneaker,PCA
0.2561367,-1.1138046,3,Dress,PCA
2.0386267,-1.2939717,9,Ankle boot,PCA
0.4725907,0.80954945,5,Sandal,PCA
-0.19868182,1.079085,5,Sandal,PCA
0.48439103,1.1894687,9,Ankle boot,PCA
0.036995314,-0.85801494,6,Shirt,PCA
-0.8741171,1.5960083,9,Ankle boot,PCA
0.28440526,0.2667186,2,Pullover,PCA
0.98510754,-1.0839843,3,Dress,PCA
-0.38253236,-1.3010547,2,Pullover,PCA
0.20655721,-1.3347863,2,Pullover,PCA
-1.0318501,1.0045109,8,Bag,PCA
-1.9686925,0.9813463,6,Shirt,PCA
-0.41102502,-0.8536039,4,Coat,PCA
0.47877038,-0.4865261,7,Sneaker,PCA
-0.91471803,-0.9474056,9,Ankle boot,PCA
-1.2241709,-0.06209205,8,Bag,PCA
-0.27276176,0.2698674,6,Shirt,PCA
0.13101073,1.1866969,7,Sneaker,PCA
-1.0833281,0.7165628,5,Sandal,PCA
-1.1539415,0.2901653,9,Ankle boot,PCA
-0.7765546,-0.09976871,2,Pullover,PCA
-1.1972284,0.72266513,8,Bag,PCA
1.336199,-0.9585851,1,Trouser,PCA
-0.79590917,-0.53046024,9,Ankle boot,PCA
1.0412889,-0.4949564,4,Coat,PCA
1.8474429,-0.5493176,9,Ankle boot,PCA
0.9941675,-0.78825766,9,Ankle boot,PCA
-0.48696783,0.11213498,6,Shirt,PCA
-0.20018148,1.1483732,0,T-shirt/top,PCA
0.3370633,0.9305645,5,Sandal,PCA
0.18651995,-0.29725382,0,T-shirt/top,PCA
1.8517109,-0.17254996,8,Bag,PCA
-0.6537731,-1.5138733,6,Shirt,PCA
-1.3821564,-0.28751403,8,Bag,PCA
-0.463744,0.86235785,1,Trouser,PCA
0.56771076,-2.1382716,4,Coat,PCA
0.23506059,0.76437104,4,Coat,PCA
0.9146357,0.7430698,7,Sneaker,PCA
-0.9275426,-1.2400433,3,Dress,PCA
-0.9112664,-0.10780081,3,Dress,PCA
-0.33517867,-2.3948975,2,Pullover,PCA
-0.16364288,-0.34793308,3,Dress,PCA
1.089901,-0.16590674,1,Trouser,PCA
0.0628395,1.3928809,0,T-shirt/top,PCA
1.6570255,-0.82384586,4,Coat,PCA
1.7304475,1.5595015,4,Coat,PCA
3.1689491,-1.2129438,9,Ankle boot,PCA
-0.8505243,-0.6650424,6,Shirt,PCA
0.54129755,0.59492105,0,T-shirt/top,PCA
-0.6151923,-0.36246827,9,Ankle boot,PCA
0.8224727,-0.8369781,8,Bag,PCA
0.83196104,0.21654557,8,Bag,PCA
-1.2263858,-0.94476384,3,Dress,PCA
-1.6130254,0.6319228,9,Ankle boot,PCA
-0.3214051,-0.18645538,7,Sneaker,PCA
0.9107173,-0.2959857,0,T-shirt/top,PCA
-0.5133349,1.3695948,1,Trouser,PCA
0.5592846,-0.43208215,2,Pullover,PCA
0.46665505,0.9955453,3,Dress,PCA
0.70474046,-0.36104268,3,Dress,PCA
0.6934357,-0.6409851,3,Dress,PCA
-0.59402424,0.09393205,5,Sandal,PCA
-0.2639287,0.5331748,6,Shirt,PCA
0.30011213,0.47110674,6,Shirt,PCA
-0.4014741,-1.4808402,1,Trouser,PCA
1.6235098,-1.3503599,6,Shirt,PCA
0.3670602,1.0332878,3,Dress,PCA
0.5193502,-0.86835617,3,Dress,PCA
1.639081,-1.0057153,5,Sandal,PCA
1.2389216,1.0230311,8,Bag,PCA
-1.5322666,-1.5408981,4,Coat,PCA
1.3868941,-0.25634462,8,Bag,PCA
0.116726875,1.3029498,7,Sneaker,PCA
1.3622152,-2.30618,6,Shirt,PCA
-0.41707903,-0.3110326,7,Sneaker,PCA
1.0661182,-0.61215925,2,Pullover,PCA
1.3990694,2.4426222,1,Trouser,PCA
-0.29339668,2.0788844,1,Trouser,PCA
0.27220243,1.0355798,3,Dress,PCA
0.28384057,0.03752253,8,Bag,PCA
-0.32183346,-0.79862213,6,Shirt,PCA
-0.5145214,0.33041713,0,T-shirt/top,PCA
-0.19550799,-1.0526364,9,Ankle boot,PCA
-0.58143795,0.89186156,7,Sneaker,PCA
1.1841394,-0.94968194,5,Sandal,PCA
-0.37516376,0.59466517,8,Bag,PCA
-0.43995208,-1.6821553,2,Pullover,PCA
1.121377,0.09961655,3,Dress,PCA
-0.90828484,0.6930224,5,Sandal,PCA
-0.4649016,0.781591,9,Ankle boot,PCA
0.61619246,-0.4150783,7,Sneaker,PCA
-0.23261604,1.4025912,0,T-shirt/top,PCA
-0.5891761,-1.6793051,1,Trouser,PCA
0.82194597,-0.59569615,1,Trouser,PCA
0.43249977,-0.035188355,9,Ankle boot,PCA
-1.1493504,-0.32299113,8,Bag,PCA
-0.32063225,-1.030789,6,Shirt,PCA
-1.7775692,-1.1540419,0,T-shirt/top,PCA
0.04554151,-1.2143111,0,T-shirt/top,PCA
1.8952339,0.53830886,1,Trouser,PCA
-0.16767824,-0.30971962,2,Pullover,PCA
-1.2170227,0.43501812,2,Pullover,PCA
1.5993881,0.0809769,4,Coat,PCA
0.7390424,0.3537663,4,Coat,PCA
0.20833303,0.8843896,8,Bag,PCA
0.06946837,0.25053817,1,Trouser,PCA
-2.6431403,-0.07661958,3,Dress,PCA
-1.5372599,-0.5711188,7,Sneaker,PCA
-0.0029200409,-0.5427864,3,Dress,PCA
-2.4793205,-1.34319,6,Shirt,PCA
0.19985117,-0.8134877,1,Trouser,PCA
-1.8570313,-1.1353276,0,T-shirt/top,PCA
0.1777552,-0.26616436,5,Sandal,PCA
0.2151877,0.8147391,0,T-shirt/top,PCA
-0.39917293,0.7303044,1,Trouser,PCA
1.5888748,-0.47222152,7,Sneaker,PCA
-1.0389795,-0.91137874,3,Dress,PCA
-0.9898792,0.8019847,9,Ankle boot,PCA
1.9624345,1.4888664,8,Bag,PCA
0.6890077,-0.91424435,3,Dress,PCA
0.035093784,0.25129357,9,Ankle boot,PCA
-0.40056795,-1.0289148,6,Shirt,PCA
0.76609516,-1.2569287,9,Ankle boot,PCA
1.1543539,-1.0155433,5,Sandal,PCA
-0.37431094,-0.10243619,4,Coat,PCA
1.1694561,0.36557263,7,Sneaker,PCA
0.9600413,1.0272778,0,T-shirt/top,PCA
-0.09843832,0.27500206,3,Dress,PCA
-1.4363415,0.87480396,9,Ankle boot,PCA
1.2585973,0.05684527,7,Sneaker,PCA
-1.5601611,1.107716,9,Ankle boot,PCA
1.0267116,1.3815153,6,Shirt,PCA
-1.6575348,1.0895255,4,Coat,PCA
0.084438846,1.027131,5,Sandal,PCA
-1.9596583,-1.1365339,6,Shirt,PCA
1.6835648,1.1507455,2,Pullover,PCA
0.7172991,-0.8427204,1,Trouser,PCA
1.9011031,-1.9395436,5,Sandal,PCA
-0.040112585,0.09669729,3,Dress,PCA
0.259713,0.32655746,4,Coat,PCA
-0.1856647,-0.60262734,1,Trouser,PCA
1.2035191,-0.44497868,5,Sandal,PCA
1.1436317,-0.5480977,5,Sandal,PCA
-0.50690544,-0.19600037,8,Bag,PCA
-0.7005136,1.2151603,8,Bag,PCA
-0.8316377,1.4839886,9,Ankle boot,PCA
-0.55224425,-0.0019285455,4,Coat,PCA
0.14355224,-0.32125676,9,Ankle boot,PCA
0.025635682,0.5640829,5,Sandal,PCA
-1.3910048,-0.8892483,7,Sneaker,PCA
-1.4160527,1.0948368,8,Bag,PCA
0.25330475,0.680444,7,Sneaker,PCA
-0.37833962,-2.3028078,1,Trouser,PCA
-0.0036115795,0.29700744,3,Dress,PCA
1.873989,1.0634387,1,Trouser,PCA
0.13460585,-1.1091441,6,Shirt,PCA
0.24792922,1.176761,1,Trouser,PCA
-0.8094908,0.4288419,3,Dress,PCA
-0.77281195,1.0040056,3,Dress,PCA
1.4363773,-0.787202,1,Trouser,PCA
-0.27376214,0.5624538,3,Dress,PCA
0.6118858,-0.2829918,8,Bag,PCA
-0.7282273,0.49898005,9,Ankle boot,PCA
-0.6815913,-0.091945104,9,Ankle boot,PCA
-0.04150672,-0.056175247,4,Coat,PCA
-0.33647287,0.85714835,1,Trouser,PCA
0.2899606,-1.5351388,0,T-shirt/top,PCA
-2.313916,-1.063495,8,Bag,PCA
-0.029780533,1.727562,6,Shirt,PCA
0.04033458,0.1658923,2,Pullover,PCA
0.13721028,0.45485324,0,T-shirt/top,PCA
0.07164368,0.19113423,7,Sneaker,PCA
-0.67512256,0.9364538,9,Ankle boot,PCA
1.8867769,0.01210264,8,Bag,PCA
-0.6421831,-1.428267,2,Pullover,PCA
-0.41220495,0.41439456,5,Sandal,PCA
-0.9153166,0.063905366,4,Coat,PCA
0.5316826,-0.1617999,6,Shirt,PCA
0.35354838,-1.3251433,3,Dress,PCA
0.13110842,-0.16076855,1,Trouser,PCA
1.384176,0.20667084,7,Sneaker,PCA
0.48090082,-1.1484964,2,Pullover,PCA
0.9189586,-1.8161911,5,Sandal,PCA
0.81916237,0.70898324,2,Pullover,PCA
-0.29120642,0.1417965,6,Shirt,PCA
0.959843,-1.6651843,8,Bag,PCA
0.22461309,0.3395019,2,Pullover,PCA
-1.0393316,-0.70606184,5,Sandal,PCA
0.32901812,0.7035653,2,Pullover,PCA
-1.2244453,-0.9852504,0,T-shirt/top,PCA
-0.47319913,-0.6588901,7,Sneaker,PCA
-0.28007555,-1.3157367,1,Trouser,PCA
1.2956343,1.4484432,2,Pullover,PCA
-1.0838513,-0.050072484,9,Ankle boot,PCA
-1.2892741,-0.10268123,3,Dress,PCA
-1.0247841,-0.4681928,0,T-shirt/top,PCA
0.23203713,-1.0164152,1,Trouser,PCA
-0.2590875,1.9554483,8,Bag,PCA
0.7460441,-0.31516767,0,T-shirt/top,PCA
1.1861774,0.2569334,8,Bag,PCA
-0.40542793,-0.08433337,5,Sandal,PCA
-0.35950753,-0.12938568,6,Shirt,PCA
1.4039828,0.4033631,8,Bag,PCA
-1.4199764,-0.017613577,5,Sandal,PCA
-0.7014065,-0.22329915,9,Ankle boot,PCA
0.40056562,-0.2848184,0,T-shirt/top,PCA
1.6517487,-0.028682826,7,Sneaker,PCA
0.07014161,-0.42860657,7,Sneaker,PCA
-0.14779809,-0.85830194,0,T-shirt/top,PCA
0.81518185,-0.74577373,0,T-shirt/top,PCA
1.2420491,-0.9467127,4,Coat,PCA
0.63947237,0.32868987,1,Trouser,PCA
0.1670756,-0.6770774,1,Trouser,PCA
-0.019292906,0.23185737,6,Shirt,PCA
-0.20315152,-0.20877841,8,Bag,PCA
-1.2836789,0.31221396,4,Coat,PCA
0.52880114,-0.22205876,1,Trouser,PCA
0.52796674,0.3455621,2,Pullover,PCA
2.033863,0.21548271,7,Sneaker,PCA
-0.70480675,0.88331515,5,Sandal,PCA
-0.15677853,0.056660384,5,Sandal,PCA
-0.5325834,-0.11533579,9,Ankle boot,PCA
1.459162,0.46039093,2,Pullover,PCA
-0.02460761,-1.8457263,5,Sandal,PCA
0.32366237,1.2799958,7,Sneaker,PCA
-0.9600226,-0.03715677,9,Ankle boot,PCA
-0.33803907,0.3523377,6,Shirt,PCA
1.4029838,0.48088962,7,Sneaker,PCA
1.4029752,-1.8398798,0,T-shirt/top,PCA
2.3404765,-0.25699806,6,Shirt,PCA
-0.49866888,1.2758201,9,Ankle boot,PCA
1.0901656,0.44671038,2,Pullover,PCA
-1.3327568,-2.7753847,6,Shirt,PCA
-1.3926622,-1.2232016,9,Ankle boot,PCA
-1.674758,0.06093771,6,Shirt,PCA
-0.55253154,0.5420428,6,Shirt,PCA
-0.1630427,-1.3252331,0,T-shirt/top,PCA
-0.3630795,-0.15757528,4,Coat,PCA
1.1980482,0.73398006,4,Coat,PCA
0.6430085,-0.19330719,0,T-shirt/top,PCA
-0.55981827,-0.39748782,4,Coat,PCA
-1.884359,-0.3232236,5,Sandal,PCA
0.39218563,-0.24245462,6,Shirt,PCA
-1.3229917,0.61925095,9,Ankle boot,PCA
0.7785592,2.0441513,3,Dress,PCA
-2.3636048,-0.70227885,8,Bag,PCA
-0.8045215,-0.067731194,6,Shirt,PCA
0.19558044,0.05936662,7,Sneaker,PCA
-0.9006992,0.3136655,5,Sandal,PCA
0.95869493,-0.052472144,2,Pullover,PCA
0.7485051,0.06694341,1,Trouser,PCA
-1.0881214,-0.5381416,3,Dress,PCA
-1.8107605,0.62518555,6,Shirt,PCA
1.0083736,0.16322705,2,Pullover,PCA
-0.35030702,1.7232262,8,Bag,PCA
0.33271217,-0.34942365,3,Dress,PCA
-0.14641416,1.5759782,0,T-shirt/top,PCA
0.9337495,0.6904491,3,Dress,PCA
0.65976244,-0.8124199,4,Coat,PCA
3.0469058,0.77100885,8,Bag,PCA
-0.6431359,-0.36234915,4,Coat,PCA
0.43885148,0.09116873,6,Shirt,PCA
0.88548225,-0.6202191,1,Trouser,PCA
-0.22518504,1.4320018,4,Coat,PCA
-0.94442433,0.5315502,3,Dress,PCA
-0.6066511,2.0279598,8,Bag,PCA
1.4150044,0.53797305,1,Trouser,PCA
0.7267755,2.1337864,3,Dress,PCA
-1.2839962,0.4479338,4,Coat,PCA
-1.0943056,-0.18700163,9,Ankle boot,PCA
-0.4446718,0.4194755,5,Sandal,PCA
-1.3025215,-0.662414,4,Coat,PCA
-1.2518992,0.29604745,8,Bag,PCA
0.80650604,0.67437804,3,Dress,PCA
0.56807023,-0.8529344,1,Trouser,PCA
3.2105594,-1.0519906,9,Ankle boot,PCA
2.2985547,0.6958502,5,Sandal,PCA
-1.2143973,-0.6877563,2,Pullover,PCA
0.27748257,-0.30657718,4,Coat,PCA
1.0096382,-0.35481307,3,Dress,PCA
-0.5788542,0.88723785,0,T-shirt/top,PCA
0.06761582,-0.84252894,0,T-shirt/top,PCA
1.1051435,-0.57115954,7,Sneaker,PCA
0.84605163,1.0626562,6,Shirt,PCA
1.3491043,-0.13553186,2,Pullover,PCA
-0.8489322,-0.5928399,5,Sandal,PCA
1.3259407,-1.3104508,4,Coat,PCA
-0.084938526,0.5255095,2,Pullover,PCA
-0.6517326,-1.4826077,9,Ankle boot,PCA
-0.7831968,0.32507083,1,Trouser,PCA
-0.7559681,-1.1623963,6,Shirt,PCA
-0.30457774,-1.2712353,1,Trouser,PCA
-0.7507443,-1.7226126,7,Sneaker,PCA
2.7532997,-0.96587014,9,Ankle boot,PCA
-0.24697888,0.1280722,2,Pullover,PCA
0.20895694,-0.26017505,3,Dress,PCA
0.6297597,-0.1913241,6,Shirt,PCA
-0.45933816,0.33116335,6,Shirt,PCA
0.63424444,1.1276033,1,Trouser,PCA
1.040238,0.36681545,4,Coat,PCA
1.069505,-0.29798102,4,Coat,PCA
-0.612098,-0.7545063,3,Dress,PCA
-0.4723875,-1.805043,5,Sandal,PCA
-0.04702403,0.09078149,6,Shirt,PCA
0.5099501,0.11641225,7,Sneaker,PCA
0.2467152,-0.45297185,0,T-shirt/top,PCA
-0.7329264,-0.49566153,5,Sandal,PCA
-1.783965,0.3322302,5,Sandal,PCA
-0.5441652,-0.5338038,9,Ankle boot,PCA
-0.34975863,0.22293791,9,Ankle boot,PCA
1.4591954,0.6315411,8,Bag,PCA
1.2563047,-1.1994579,6,Shirt,PCA
-0.94692,-1.18821,4,Coat,PCA
-1.3264118,0.12217003,8,Bag,PCA
-0.9822894,0.44605124,7,Sneaker,PCA
0.7792685,-1.1705023,4,Coat,PCA
1.3227603,0.2826459,7,Sneaker,PCA
-0.28662953,1.4639621,8,Bag,PCA
1.0524383,-1.57177,5,Sandal,PCA
0.38938507,-0.26080608,4,Coat,PCA
-0.5459413,1.0119494,4,Coat,PCA
1.7563438,-1.5679506,9,Ankle boot,PCA
0.70841014,-1.2445228,3,Dress,PCA
-0.45662186,-1.0840073,2,Pullover,PCA
-0.57712334,0.7191785,0,T-shirt/top,PCA
-0.2043791,-1.1309375,1,Trouser,PCA
1.2762308,-0.40742934,2,Pullover,PCA
-0.7388318,-0.21804583,8,Bag,PCA
-0.12304577,-1.962327,3,Dress,PCA
1.3270434,-0.2598904,8,Bag,PCA
-0.4148014,0.7219644,1,Trouser,PCA
0.45408478,-0.9119905,4,Coat,PCA
-0.49085286,-0.13154793,2,Pullover,PCA
-1.2467299,1.1932554,4,Coat,PCA
-1.28138,0.74115276,7,Sneaker,PCA
1.4649538,0.7536515,7,Sneaker,PCA
-0.2938751,-0.7962216,2,Pullover,PCA
0.5338105,-1.6042756,9,Ankle boot,PCA
-0.49371246,-2.842721,8,Bag,PCA
-0.5964727,0.91341966,8,Bag,PCA
-0.057534922,-0.52404046,5,Sandal,PCA
1.3097606,-0.06719087,1,Trouser,PCA
-0.38423544,0.117942594,1,Trouser,PCA
0.36301875,-1.4730386,6,Shirt,PCA
1.1880479,-0.38369784,2,Pullover,PCA
-0.4803841,-1.7071333,5,Sandal,PCA
2.0389326,0.7272305,1,Trouser,PCA
-0.2374979,2.0262852,4,Coat,PCA
-0.16507016,0.008919033,0,T-shirt/top,PCA
0.615898,-0.13066049,6,Shirt,PCA
-0.28787917,1.6015264,6,Shirt,PCA
-0.46706125,-0.99718255,7,Sneaker,PCA
-0.039705466,-0.6105002,8,Bag,PCA
0.9541636,-1.740298,5,Sandal,PCA
-0.34349826,-0.07360442,7,Sneaker,PCA
-0.3318964,-0.22878821,2,Pullover,PCA
-0.7948871,0.45897806,7,Sneaker,PCA
-0.4836342,0.59849924,5,Sandal,PCA
-1.2835236,2.1955533,4,Coat,PCA
1.9395051,0.48686838,1,Trouser,PCA
1.4951706,0.31684172,4,Coat,PCA
-0.24810252,1.7115188,4,Coat,PCA
-1.3990214,0.6759894,4,Coat,PCA
0.29794085,-0.0389017,1,Trouser,PCA
-1.4094621,-0.8723271,7,Sneaker,PCA
-0.7019258,-0.6514482,5,Sandal,PCA
-0.43848658,2.4795487,9,Ankle boot,PCA
0.25454688,1.4006782,9,Ankle boot,PCA
0.82157505,1.0727227,5,Sandal,PCA
0.9307509,-0.60815215,9,Ankle boot,PCA
0.8770151,-1.4505895,1,Trouser,PCA
0.020634959,0.032426815,0,T-shirt/top,PCA
-0.13668364,1.6265192,8,Bag,PCA
-0.15978396,2.7126124,8,Bag,PCA
0.19436727,1.6188098,0,T-shirt/top,PCA
-0.7207978,0.9495456,8,Bag,PCA
0.044722848,1.1513392,6,Shirt,PCA
0.7183393,-0.27777877,0,T-shirt/top,PCA
0.22268231,-0.47406068,1,Trouser,PCA
-0.46270472,0.2800677,8,Bag,PCA
0.07810314,-1.1182446,2,Pullover,PCA
-0.77116686,0.8944923,7,Sneaker,PCA
-1.3671447,-0.21274902,5,Sandal,PCA
-0.2795913,-0.5064177,6,Shirt,PCA
1.3562754,0.38336092,6,Shirt,PCA
0.8240805,-0.33401388,9,Ankle boot,PCA
-0.940713,-0.8636153,9,Ankle boot,PCA
-0.40888497,1.242306,6,Shirt,PCA
0.7154701,0.1030062,4,Coat,PCA
-0.49366394,0.045460045,4,Coat,PCA
-0.37712505,-1.4684548,9,Ankle boot,PCA
-0.8472193,0.2755327,0,T-shirt/top,PCA
-0.80036646,-1.1370833,5,Sandal,PCA
0.39604086,0.118685596,7,Sneaker,PCA
-1.2650013,1.2028457,9,Ankle boot,PCA
-0.03020534,-0.9698361,9,Ankle boot,PCA
0.6216249,-0.9142962,5,Sandal,PCA
-0.9453974,0.2658131,1,Trouser,PCA
-2.4507759,1.5173154,4,Coat,PCA
0.342717,-0.48587856,8,Bag,PCA
1.2381597,0.082435794,1,Trouser,PCA
-1.7323968,0.038317636,6,Shirt,PCA
1.1611854,1.0539477,5,Sandal,PCA
-0.56629133,-0.09914855,9,Ankle boot,PCA
-0.82556456,-0.90809417,4,Coat,PCA
-0.402806,0.52591676,8,Bag,PCA
-0.3611973,1.0332998,4,Coat,PCA
1.3577143,0.63274,1,Trouser,PCA
-1.2267575,0.50709707,0,T-shirt/top,PCA
-0.51593107,1.0443647,4,Coat,PCA
0.18768041,-0.20779037,6,Shirt,PCA
-0.038687263,-2.1526,6,Shirt,PCA
-1.4690641,-0.20003892,4,Coat,PCA
-1.7354151,-0.6017346,0,T-shirt/top,PCA
1.4161642,-1.0600712,5,Sandal,PCA
1.9512643,-0.119698524,7,Sneaker,PCA
-1.1244465,0.357418,2,Pullover,PCA
-0.6649364,-0.019151842,5,Sandal,PCA
1.4318225,0.6068691,2,Pullover,PCA
1.1936424,0.18995164,7,Sneaker,PCA
-0.49664345,0.2650077,4,Coat,PCA
1.4808656,0.07442065,7,Sneaker,PCA
1.1816399,1.1514513,8,Bag,PCA
0.14979346,-1.2784165,6,Shirt,PCA
0.2122833,-0.043701887,5,Sandal,PCA
-1.545077,-0.44337553,6,Shirt,PCA
0.23890176,0.4658754,5,Sandal,PCA
1.1299645,1.3909298,3,Dress,PCA
0.024290115,-0.61786324,7,Sneaker,PCA
-0.46387255,-1.708932,7,Sneaker,PCA
-0.53229463,-0.37496746,6,Shirt,PCA
-1.5425999,-0.62385386,4,Coat,PCA
-1.6263062,-0.7352136,8,Bag,PCA
1.3454623,-0.40797555,2,Pullover,PCA
0.97705406,1.2304054,4,Coat,PCA
-0.078038394,0.93206716,7,Sneaker,PCA
-1.2365358,1.0060376,5,Sandal,PCA
0.33589152,-1.3214086,4,Coat,PCA
0.88385564,-1.0142032,1,Trouser,PCA
-1.4156703,0.20609368,9,Ankle boot,PCA
0.8631494,-0.30829278,6,Shirt,PCA
-1.3709769,0.74390817,7,Sneaker,PCA
-0.38716066,0.49229825,3,Dress,PCA
-0.52259517,1.9877619,9,Ankle boot,PCA
-0.050224137,0.70351934,3,Dress,PCA
1.5467457,0.07383485,8,Bag,PCA
-1.642995,-0.78979975,6,Shirt,PCA
0.77711076,-1.2501733,5,Sandal,PCA
0.050423723,-0.7384415,2,Pullover,PCA
0.312209,-0.700745,2,Pullover,PCA
0.6791285,-0.6225127,5,Sandal,PCA
0.898208,-0.013681363,8,Bag,PCA
1.1611084,0.69971067,6,Shirt,PCA
-0.12944208,1.973232,1,Trouser,PCA
1.0026104,-0.33504134,4,Coat,PCA
1.1974512,0.25075996,2,Pullover,PCA
0.5586879,1.3687087,6,Shirt,PCA
-0.99069685,0.5306759,4,Coat,PCA
-0.7627112,0.59056324,6,Shirt,PCA
-0.2739244,-1.619836,5,Sandal,PCA
2.4174244,-0.6488112,6,Shirt,PCA
0.90348405,1.1963232,0,T-shirt/top,PCA
-1.3464181,-0.3953887,1,Trouser,PCA
-0.23104529,1.1553627,0,T-shirt/top,PCA
-0.07983959,1.2959718,9,Ankle boot,PCA
1.438364,1.2902142,3,Dress,PCA
0.47783795,0.39782515,2,Pullover,PCA
-1.2258332,-0.34030092,7,Sneaker,PCA
-0.4030348,0.004649926,6,Shirt,PCA
-1.9390405,-0.94976276,2,Pullover,PCA
-0.08741878,0.78250575,2,Pullover,PCA
0.02736777,0.68864304,8,Bag,PCA
-0.14278914,0.4143728,0,T-shirt/top,PCA
-0.20304821,1.874524,8,Bag,PCA
1.9473102,-0.102325395,0,T-shirt/top,PCA
-0.1305714,-0.60927427,4,Coat,PCA
-0.04778811,-1.4622688,0,T-shirt/top,PCA
0.1561936,0.7061701,5,Sandal,PCA
1.4490328,-0.83460563,3,Dress,PCA
0.6597443,-0.0723325,1,Trouser,PCA
-0.15798488,1.1190214,7,Sneaker,PCA
0.66329366,-0.4336951,1,Trouser,PCA
-1.7945678,-0.06740242,8,Bag,PCA
0.22266875,0.10267051,0,T-shirt/top,PCA
-0.2619033,-1.3563954,6,Shirt,PCA
-0.7879984,-0.60319406,5,Sandal,PCA
-0.4348922,1.1551578,3,Dress,PCA
-3.2109911,-0.81649005,1,Trouser,PCA
1.4544785,-0.11484952,4,Coat,PCA
0.8275611,0.51434386,6,Shirt,PCA
1.1322275,-0.60559964,6,Shirt,PCA
-0.8780318,-0.30963746,0,T-shirt/top,PCA
-1.0572962,-0.19477154,2,Pullover,PCA
-1.1876115,0.40079483,1,Trouser,PCA
-0.39204836,1.7396752,8,Bag,PCA
-0.46418938,-0.14339288,5,Sandal,PCA
1.6711178,0.38281012,2,Pullover,PCA
-0.81201315,1.0914555,1,Trouser,PCA
0.1751943,-0.73291683,3,Dress,PCA
0.043158654,1.1305414,3,Dress,PCA
0.12476905,-0.05696599,3,Dress,PCA
-1.0201637,-0.16567853,1,Trouser,PCA
-1.6193724,-0.17865492,5,Sandal,PCA
-0.13689065,0.19188641,7,Sneaker,PCA
2.0535333,-0.8682517,9,Ankle boot,PCA
-0.10394853,2.1431427,1,Trouser,PCA
-1.3702356,-1.0902591,9,Ankle boot,PCA
0.64006865,-1.7973486,0,T-shirt/top,PCA
-0.7571308,-0.8272013,6,Shirt,PCA
-0.40470868,0.8597581,8,Bag,PCA
0.2915626,-1.7135731,8,Bag,PCA
-1.7196829,-1.1181109,2,Pullover,PCA
-0.055158418,0.11469312,2,Pullover,PCA
0.8180394,1.2680081,7,Sneaker,PCA
-0.41647112,0.9675919,3,Dress,PCA
-1.5235784,1.3095256,9,Ankle boot,PCA
-0.7930729,0.9110938,5,Sandal,PCA
0.87214077,1.3941432,7,Sneaker,PCA
0.18746828,0.7705886,7,Sneaker,PCA
-0.8208772,0.06814149,3,Dress,PCA
-0.6557206,1.614105,9,Ankle boot,PCA
0.43289694,0.23923749,6,Shirt,PCA
-0.012985917,0.70504075,6,Shirt,PCA
0.41671863,0.7707586,3,Dress,PCA
-0.20540598,-0.032247677,5,Sandal,PCA
0.013762307,-0.41546392,0,T-shirt/top,PCA
-1.2239586,-0.9514895,2,Pullover,PCA
1.0127717,-1.419877,0,T-shirt/top,PCA
0.53363997,0.7599016,0,T-shirt/top,PCA
-1.1457378,1.117768,0,T-shirt/top,PCA
-0.6255427,-0.6346066,5,Sandal,PCA
-0.50883824,1.4729773,4,Coat,PCA
-0.02485111,-0.050202303,5,Sandal,PCA
-0.4874957,0.181524,9,Ankle boot,PCA
1.8358365,-0.2857943,4,Coat,PCA
-0.6788723,0.84942883,7,Sneaker,PCA
-0.67310613,0.5286611,7,Sneaker,PCA
-0.48776975,1.0873462,3,Dress,PCA
0.09063278,-2.1151242,2,Pullover,PCA
-2.2811375,-0.8494386,7,Sneaker,PCA
1.7605753,-1.9180527,9,Ankle boot,PCA
-1.6840595,-0.32151213,8,Bag,PCA
-0.56519943,-0.6154266,4,Coat,PCA
1.0295606,-0.8298013,9,Ankle boot,PCA
1.0591012,-1.1862788,4,Coat,PCA
-0.7570414,0.6710596,8,Bag,PCA
-0.3324051,-1.4915282,1,Trouser,PCA
-0.19673708,-0.16298966,0,T-shirt/top,PCA
-1.1108371,-0.98140705,1,Trouser,PCA
0.50855464,-0.47431248,3,Dress,PCA
-0.63904786,-0.01981861,6,Shirt,PCA
-0.50630474,1.4310942,4,Coat,PCA
-0.12956674,0.88587624,7,Sneaker,PCA
2.7380269,0.20100752,6,Shirt,PCA
0.61085355,-0.13344952,7,Sneaker,PCA
-0.472702,0.26165858,2,Pullover,PCA
-0.8177491,0.81476915,2,Pullover,PCA
-0.120460555,1.8974802,8,Bag,PCA
1.9395739,1.6236573,4,Coat,PCA
1.6791712,1.4749036,6,Shirt,PCA
2.4732099,-1.208746,9,Ankle boot,PCA
-0.54117155,-0.6804509,2,Pullover,PCA
-0.4173603,-0.033509843,1,Trouser,PCA
0.25218454,-0.849353,4,Coat,PCA
-0.39770305,-0.78735936,5,Sandal,PCA
-0.81432074,-0.83496773,8,Bag,PCA
-1.3796422,0.16513017,7,Sneaker,PCA
1.8250303,-1.454935,9,Ankle boot,PCA
0.2774157,-1.4761086,8,Bag,PCA
-1.4188597,-0.92708886,1,Trouser,PCA
-1.0205727,0.30136582,5,Sandal,PCA
1.85873,-1.3984458,6,Shirt,PCA
-1.1851368,1.3268012,1,Trouser,PCA
-1.6525685,-0.24532759,7,Sneaker,PCA
1.252053,-0.006491132,8,Bag,PCA
0.552012,0.59685576,3,Dress,PCA
0.123499796,-0.0739683,4,Coat,PCA
1.4004072,0.72010666,7,Sneaker,PCA
-1.186268,0.78179663,6,Shirt,PCA
-0.92206895,0.7219845,1,Trouser,PCA
-1.9799676,0.8108247,4,Coat,PCA
-1.6328315,-0.43108127,7,Sneaker,PCA
-1.382099,1.2346535,4,Coat,PCA
0.5416509,0.29226938,5,Sandal,PCA
-1.0039535,-1.037016,3,Dress,PCA
1.2080526,-0.33244163,1,Trouser,PCA
-0.523339,-0.91008604,5,Sandal,PCA
-0.48332557,-0.12787029,0,T-shirt/top,PCA
-0.6320138,0.131815,3,Dress,PCA
0.3227677,-1.9032907,0,T-shirt/top,PCA
0.37310535,-1.9977896,4,Coat,PCA
-0.70802987,1.6968665,1,Trouser,PCA
-1.9763235,-0.508549,7,Sneaker,PCA
0.18867975,0.11467169,5,Sandal,PCA
1.2799661,-0.3206864,3,Dress,PCA
0.39953297,0.71599245,1,Trouser,PCA
0.017276073,0.0734033,2,Pullover,PCA
0.19447808,0.68809587,5,Sandal,PCA
0.89955926,1.0608133,4,Coat,PCA
-0.766056,1.142737,4,Coat,PCA
-1.1886076,0.12608509,3,Dress,PCA
0.8762255,1.9344054,2,Pullover,PCA
1.043389,0.5478304,1,Trouser,PCA
-0.95046717,-0.07223446,0,T-shirt/top,PCA
1.5921462,1.9017212,3,Dress,PCA
0.401934,1.1768348,6,Shirt,PCA
-0.48943886,-0.4897869,2,Pullover,PCA
-1.0679593,1.3929877,3,Dress,PCA
-0.2504141,-2.1113627,8,Bag,PCA
0.878938,0.34856823,2,Pullover,PCA
0.55916107,-0.39892873,1,Trouser,PCA
-1.1020643,0.4811728,5,Sandal,PCA
0.48146582,-1.5055383,4,Coat,PCA
1.5618562,0.23813085,7,Sneaker,PCA
-0.022213794,0.14138173,1,Trouser,PCA
-0.40785527,-0.06920879,4,Coat,PCA
0.6351987,-1.3632658,0,T-shirt/top,PCA
-0.5546396,0.8267145,1,Trouser,PCA
2.155304,-1.257814,6,Shirt,PCA
0.15219735,0.363016,7,Sneaker,PCA
0.229843,0.536119,9,Ankle boot,PCA
0.6121989,-2.5980914,6,Shirt,PCA
0.56534,0.73526824,7,Sneaker,PCA
-1.0494281,-0.28361058,8,Bag,PCA
0.6181532,-0.08300174,0,T-shirt/top,PCA
1.5422779,0.18446864,6,Shirt,PCA
-0.6816598,-1.214887,4,Coat,PCA
1.7167825,1.237371,4,Coat,PCA
-0.95116675,0.54143983,9,Ankle boot,PCA
-1.0918726,0.8402107,1,Trouser,PCA
-0.17535901,0.77993506,3,Dress,PCA
-0.41238475,0.32181492,9,Ankle boot,PCA
0.060744107,-0.121296555,4,Coat,PCA
-0.4860393,-0.96044993,4,Coat,PCA
2.0630622,-1.2306159,5,Sandal,PCA
-1.4806118,1.2394584,0,T-shirt/top,PCA
0.7438505,-0.47489485,1,Trouser,PCA
-0.9932739,0.08494797,5,Sandal,PCA
0.46166316,0.7750675,5,Sandal,PCA
0.3956195,-0.03535319,7,Sneaker,PCA
-0.02970587,0.2122577,3,Dress,PCA
-0.55062544,0.24340934,2,Pullover,PCA
0.6018209,1.4461776,1,Trouser,PCA
0.057548,0.3057948,1,Trouser,PCA
-0.4272944,-0.4721538,4,Coat,PCA
-0.9413434,1.4038787,9,Ankle boot,PCA
-1.046641,0.35972348,5,Sandal,PCA
0.6209127,0.06727883,8,Bag,PCA
0.8608807,1.0893456,5,Sandal,PCA
-0.26563525,-1.8974743,5,Sandal,PCA
0.8765287,-0.72692853,8,Bag,PCA
1.6568546,-0.0036498588,4,Coat,PCA
1.3459468,0.40059838,8,Bag,PCA
0.7333567,-0.085940786,3,Dress,PCA
-0.09915486,-1.3789927,9,Ankle boot,PCA
-0.27212575,-1.4900391,9,Ankle boot,PCA
-0.7806314,-0.34179384,4,Coat,PCA
-0.0018634368,1.2441156,6,Shirt,PCA
-0.81751907,1.2494217,1,Trouser,PCA
0.7816534,0.19865556,7,Sneaker,PCA
-0.9774466,0.25478622,8,Bag,PCA
-1.0488228,0.43909508,9,Ankle boot,PCA
0.76237553,0.91655797,5,Sandal,PCA
-1.4653513,0.3381892,4,Coat,PCA
-0.48374602,1.2066114,7,Sneaker,PCA
0.81423086,-0.3173689,0,T-shirt/top,PCA
0.59102124,-0.4077784,5,Sandal,PCA
-0.98434526,-0.6698499,3,Dress,PCA
0.04103612,-1.7558988,8,Bag,PCA
0.72595876,2.2467904,3,Dress,PCA
-0.22178999,1.3981601,4,Coat,PCA
-0.171869,1.187852,1,Trouser,PCA
-1.2695075,1.656819,4,Coat,PCA
1.1093374,-0.13464405,6,Shirt,PCA
-0.19660994,-0.058177844,7,Sneaker,PCA
-0.32698062,-1.1280284,6,Shirt,PCA
-1.4992898,1.8675857,2,Pullover,PCA
0.45181412,-1.1524011,3,Dress,PCA
-1.0350527,0.9011189,5,Sandal,PCA
-0.19932544,0.34450328,6,Shirt,PCA
2.1849532,-0.4320947,8,Bag,PCA
0.90068036,-0.85718405,5,Sandal,PCA
0.7436985,0.5047401,2,Pullover,PCA
1.2598553,0.85829806,7,Sneaker,PCA
1.6404296,-1.084101,7,Sneaker,PCA
-0.02268568,-0.0013721492,0,T-shirt/top,PCA
0.06810758,-0.08863914,5,Sandal,PCA
0.53925186,-0.6874468,0,T-shirt/top,PCA
1.0347683,0.34897554,7,Sneaker,PCA
-0.43224803,1.0139325,1,Trouser,PCA
1.3197114,-0.23201768,7,Sneaker,PCA
-0.36953795,-0.85189354,7,Sneaker,PCA
-0.21506996,0.46802503,2,Pullover,PCA
-0.7652156,0.66124386,5,Sandal,PCA
0.3494171,0.31879652,7,Sneaker,PCA
0.4911405,-0.28311732,2,Pullover,PCA
-0.9819216,0.55817693,8,Bag,PCA
0.37501746,0.9777157,1,Trouser,PCA
-1.3392942,1.4777632,2,Pullover,PCA
-0.054406483,-0.93943316,7,Sneaker,PCA
0.66284966,-0.92493194,1,Trouser,PCA
-0.018461969,-0.66495776,9,Ankle boot,PCA
-1.2044321,-1.4737232,2,Pullover,PCA
0.8318441,-0.4225282,7,Sneaker,PCA
1.0771674,0.72594213,2,Pullover,PCA
1.4172257,0.6402852,5,Sandal,PCA
0.33321345,-0.29460138,4,Coat,PCA
1.2089297,-0.868288,2,Pullover,PCA
-1.9125217,1.4772804,9,Ankle boot,PCA
0.98437345,2.1263573,6,Shirt,PCA
-1.6310903,0.9016504,8,Bag,PCA
-0.576311,-0.46303028,5,Sandal,PCA
-0.17809889,-0.19115354,7,Sneaker,PCA
-1.006581,-0.97070676,4,Coat,PCA
0.61731297,-0.8585521,1,Trouser,PCA
-0.7821412,-0.5302161,7,Sneaker,PCA
0.8210206,0.12728333,3,Dress,PCA
0.15139653,-0.113988146,7,Sneaker,PCA
0.2596903,-1.5901487,2,Pullover,PCA
-1.4216645,1.6613845,9,Ankle boot,PCA
0.9207126,-0.37952983,7,Sneaker,PCA
-1.3698077,-1.3831807,5,Sandal,PCA
-0.6942645,1.5355519,9,Ankle boot,PCA
0.8157057,0.26014018,3,Dress,PCA
-0.20181443,0.20408697,2,Pullover,PCA
-1.097492,-1.495568,7,Sneaker,PCA
0.2630689,0.6626106,8,Bag,PCA
-0.29840603,0.6542195,0,T-shirt/top,PCA
1.3651662,1.8081207,3,Dress,PCA
-0.3200718,0.3593439,0,T-shirt/top,PCA
0.6169269,0.7761479,5,Sandal,PCA
-0.14730571,-0.11886129,5,Sandal,PCA
-0.24720466,-1.1026903,3,Dress,PCA
0.29820347,-0.75676453,3,Dress,PCA
1.2699637,-0.07024217,1,Trouser,PCA
0.35432854,0.6499196,2,Pullover,PCA
-0.4238912,-0.882877,6,Shirt,PCA
-0.9184663,-1.3937131,8,Bag,PCA
-1.1762911,0.45845315,7,Sneaker,PCA
3.2474613,-0.9282031,9,Ankle boot,PCA
-0.70736766,-0.28222963,9,Ankle boot,PCA
0.5238097,-0.24958906,2,Pullover,PCA
-0.036603007,0.4348475,2,Pullover,PCA
2.6374643,1.2516751,4,Coat,PCA
0.23902954,0.06978666,8,Bag,PCA
-0.5330124,-1.1100395,5,Sandal,PCA
0.7055193,-0.45341727,7,Sneaker,PCA
1.6476792,-0.39399838,8,Bag,PCA
-1.3100156,0.88206583,3,Dress,PCA
0.3130393,-0.7839423,8,Bag,PCA
1.3108588,1.2920258,4,Coat,PCA
0.8446121,0.59976524,1,Trouser,PCA
-1.2972097,-1.2433599,9,Ankle boot,PCA
-0.874982,0.6332398,4,Coat,PCA
-0.8319043,0.0070888186,8,Bag,PCA
0.9132555,0.23698346,4,Coat,PCA
-0.3715618,0.43162268,1,Trouser,PCA
-0.69856936,-0.49678317,5,Sandal,PCA
1.6653876,-1.1742413,9,Ankle boot,PCA
-0.335451,-1.3522713,1,Trouser,PCA
-0.27619076,-0.7951243,5,Sandal,PCA
1.6075586,0.24404372,3,Dress,PCA
1.049216,-0.5761993,7,Sneaker,PCA
-0.20506175,0.35970724,3,Dress,PCA
1.6465048,1.3882266,6,Shirt,PCA
-1.5213758,-1.4359912,0,T-shirt/top,PCA
-1.0611215,-1.3554744,3,Dress,PCA
0.7081671,0.90658355,0,T-shirt/top,PCA
1.8213432,1.5691522,3,Dress,PCA
0.13837466,1.9423823,2,Pullover,PCA
1.830874,-0.17744209,6,Shirt,PCA
-0.07107198,-0.42606893,0,T-shirt/top,PCA
1.220468,-0.5266989,0,T-shirt/top,PCA
-1.7241832,-0.97506994,3,Dress,PCA
-1.4499946,-0.1745138,8,Bag,PCA
-0.35833314,0.5331748,7,Sneaker,PCA
0.3267718,1.9545763,0,T-shirt/top,PCA
-1.1625317,0.8499302,5,Sandal,PCA
-0.50364584,-1.7241298,5,Sandal,PCA
-0.9567222,0.8272498,0,T-shirt/top,PCA
1.0692072,-0.62861073,7,Sneaker,PCA
-0.5614007,0.09911551,5,Sandal,PCA
1.5809444,-0.31951502,1,Trouser,PCA
-0.20474848,0.28391927,3,Dress,PCA
1.2612011,-0.55250484,3,Dress,PCA
-0.18877,1.00287,6,Shirt,PCA
-0.031242568,-0.23804682,4,Coat,PCA
-0.789204,-0.93928057,2,Pullover,PCA
0.24469154,0.9453751,7,Sneaker,PCA
-0.7481648,-0.93600273,6,Shirt,PCA
0.4448327,1.8049823,0,T-shirt/top,PCA
-0.58580804,-0.6984647,3,Dress,PCA
-0.7655542,-0.23858589,6,Shirt,PCA
-0.854809,-0.20555377,9,Ankle boot,PCA
-1.2229081,0.08168029,3,Dress,PCA
-0.89211744,-0.04948686,9,Ankle boot,PCA
1.8279686,0.22352922,8,Bag,PCA
-0.701405,-0.074431926,7,Sneaker,PCA
2.0122032,-0.49987283,1,Trouser,PCA
-0.66841,-0.31127194,6,Shirt,PCA
1.6102816,-1.6247185,5,Sandal,PCA
-0.22812203,0.6681731,5,Sandal,PCA
1.0842206,0.13915639,2,Pullover,PCA
0.6620367,-0.8083703,3,Dress,PCA
0.010192843,0.7950825,0,T-shirt/top,PCA
1.1662664,-1.2642947,4,Coat,PCA
-0.63063365,1.2502799,4,Coat,PCA
1.8661212,-1.1561464,6,Shirt,PCA
-1.8243815,0.48543403,4,Coat,PCA
-1.2125965,0.8427219,1,Trouser,PCA
-0.9692521,0.34811148,1,Trouser,PCA
0.23424579,-0.1800686,7,Sneaker,PCA
-0.514615,1.1260597,8,Bag,PCA
-1.648772,-0.08553707,9,Ankle boot,PCA
-2.3387218,1.4669858,8,Bag,PCA
1.7260615,0.41273627,2,Pullover,PCA
-1.1978627,0.25104958,7,Sneaker,PCA
-0.31753185,-1.1816832,2,Pullover,PCA
0.55342466,1.1194977,9,Ankle boot,PCA
-1.4822115,0.104276866,8,Bag,PCA
-0.9873571,-0.26282552,8,Bag,PCA
-0.412006,-0.91951644,0,T-shirt/top,PCA
-0.6282126,-1.368046,8,Bag,PCA
1.3483274,0.050710477,7,Sneaker,PCA
0.82438785,-0.5361412,1,Trouser,PCA
1.0881386,-0.9412258,6,Shirt,PCA
-0.22880763,0.84896374,6,Shirt,PCA
-0.015222613,-0.3666791,0,T-shirt/top,PCA
-1.735691,-0.73874176,1,Trouser,PCA
-0.5857554,-1.0813743,7,Sneaker,PCA
0.34476486,0.1406729,1,Trouser,PCA
-0.28401428,0.68545604,1,Trouser,PCA
-0.8553601,1.2821006,9,Ankle boot,PCA
1.86547,-1.4179202,9,Ankle boot,PCA
0.86364543,-1.0545875,5,Sandal,PCA
1.292586,-0.65189004,6,Shirt,PCA
0.5651244,0.31008652,4,Coat,PCA
2.5668142,1.153893,8,Bag,PCA
1.2761948,0.41447192,1,Trouser,PCA
-0.38107935,1.2047377,0,T-shirt/top,PCA
0.4143071,-0.43197188,8,Bag,PCA
-2.0187497,-0.97407144,1,Trouser,PCA
-0.32750085,-1.1964743,2,Pullover,PCA
0.5757236,1.0855383,5,Sandal,PCA
0.84554565,-0.9378003,8,Bag,PCA
-1.5859835,0.3487995,8,Bag,PCA
-1.5231645,-0.70345056,7,Sneaker,PCA
0.9608509,-0.6768987,7,Sneaker,PCA
-0.21974377,1.4748979,0,T-shirt/top,PCA
-1.5824711,-0.009558599,9,Ankle boot,PCA
0.6468129,1.0962031,2,Pullover,PCA
0.09583826,-0.9583061,0,T-shirt/top,PCA
-0.8014354,0.61328876,8,Bag,PCA
0.78209925,1.7626965,2,Pullover,PCA
-0.78148925,1.5610876,0,T-shirt/top,PCA
0.11095166,-0.52087206,7,Sneaker,PCA
-0.026021883,-0.27089483,2,Pullover,PCA
1.6075422,-2.32147,9,Ankle boot,PCA
0.16499949,-0.91965795,4,Coat,PCA
-0.2591294,-0.49399492,9,Ankle boot,PCA
0.59162265,-0.2888046,1,Trouser,PCA
0.6189142,-1.4272103,0,T-shirt/top,PCA
0.34561613,0.7230929,5,Sandal,PCA
0.73656344,-0.30764595,1,Trouser,PCA
-0.32291588,0.35237744,4,Coat,PCA
-0.17201622,0.50584924,4,Coat,PCA
-0.4950631,1.0535817,2,Pullover,PCA
-0.88054264,-0.5781565,1,Trouser,PCA
0.7631976,0.10494043,1,Trouser,PCA
0.1139365,-0.64620537,2,Pullover,PCA
0.88942796,0.46787634,3,Dress,PCA
0.18185781,-1.3631334,5,Sandal,PCA
-1.4982086,-0.8218517,7,Sneaker,PCA
1.7265327,1.0981385,5,Sandal,PCA
1.3616055,0.13198365,4,Coat,PCA
-1.6021711,-1.4747394,5,Sandal,PCA
-0.28454062,0.9321878,8,Bag,PCA
-0.34830412,0.6608896,9,Ankle boot,PCA
1.5828917,-0.43277925,2,Pullover,PCA
0.3400966,-0.78337115,1,Trouser,PCA
-0.8715567,-0.9895167,9,Ankle boot,PCA
-1.2053891,0.5320451,5,Sandal,PCA
0.33306912,1.1887684,4,Coat,PCA
-0.7854851,1.0977279,2,Pullover,PCA
0.17102654,1.1363341,5,Sandal,PCA
-1.5870802,0.27075613,8,Bag,PCA
-0.39798436,1.1674583,9,Ankle boot,PCA
0.52036154,-0.68245524,2,Pullover,PCA
0.75030977,-0.45384362,8,Bag,PCA
-0.28722048,-2.0979943,8,Bag,PCA
2.513089,-0.25024554,6,Shirt,PCA
-0.4260554,0.031187268,6,Shirt,PCA
-1.1523726,-0.7995317,1,Trouser,PCA
-0.35577837,1.4121797,3,Dress,PCA
-1.4440743,-0.4982284,3,Dress,PCA
0.5196693,-0.44202998,7,Sneaker,PCA
-0.72186214,-2.2583578,2,Pullover,PCA
-1.662882,0.5109654,0,T-shirt/top,PCA
-0.9964308,0.4555876,5,Sandal,PCA
0.042503525,1.91784,2,Pullover,PCA
-0.74167895,0.65192765,7,Sneaker,PCA
0.38078046,0.37883696,8,Bag,PCA
0.016841834,-0.872374,2,Pullover,PCA
-1.3610046,-0.61408865,3,Dress,PCA
0.7919839,-0.15666604,7,Sneaker,PCA
0.96016985,0.3174164,7,Sneaker,PCA
-0.34479833,0.4227397,5,Sandal,PCA
0.9228586,-0.5120925,1,Trouser,PCA
0.059202965,0.58745736,5,Sandal,PCA
-0.5294347,1.2460375,9,Ankle boot,PCA
1.2406971,0.49035397,6,Shirt,PCA
0.6549291,1.3863131,5,Sandal,PCA
-0.046616536,1.8336831,3,Dress,PCA
-1.4855332,0.6400448,8,Bag,PCA
0.78633356,0.5788874,7,Sneaker,PCA
0.8821347,-1.3601031,1,Trouser,PCA
-2.366295,-1.1095285,2,Pullover,PCA
0.3769427,1.4637558,0,T-shirt/top,PCA
-0.08692302,0.95601,0,T-shirt/top,PCA
-0.43783373,-1.777294,1,Trouser,PCA
0.5688103,0.6144702,3,Dress,PCA
0.9258139,2.1613913,4,Coat,PCA
-0.39012852,-0.21883798,9,Ankle boot,PCA
0.08903396,-2.1616652,1,Trouser,PCA
1.4836948,-0.41419467,7,Sneaker,PCA
0.36600503,-0.009322943,7,Sneaker,PCA
0.5898302,-0.92971474,4,Coat,PCA
-0.423849,-0.23723274,5,Sandal,PCA
1.2954901,-0.52968955,8,Bag,PCA
-1.0563608,-0.19746758,2,Pullover,PCA
-0.48778626,-1.4848609,5,Sandal,PCA
-0.46177644,-0.59087664,2,Pullover,PCA
-0.030094258,0.07888149,3,Dress,PCA
-0.119200066,-1.2468959,5,Sandal,PCA
-0.6200399,-0.68523663,2,Pullover,PCA
-0.56484276,0.6565034,0,T-shirt/top,PCA
0.6653949,-0.63088787,2,Pullover,PCA
0.1921267,1.5052795,1,Trouser,PCA
-1.5818446,0.4370268,7,Sneaker,PCA
0.11476751,0.54185313,0,T-shirt/top,PCA
2.5136952,-1.140366,9,Ankle boot,PCA
0.13386229,-0.543411,7,Sneaker,PCA
-1.3229642,0.5971473,6,Shirt,PCA
-1.2785829,0.3756028,6,Shirt,PCA
1.1270066,-1.2284409,9,Ankle boot,PCA
0.5650602,0.39581087,2,Pullover,PCA
-0.29382643,0.54225063,2,Pullover,PCA
1.351034,0.511353,4,Coat,PCA
-0.24517444,0.38912234,3,Dress,PCA
0.9176369,0.56118876,3,Dress,PCA
2.2619936,1.3786303,2,Pullover,PCA
-0.24746236,1.8103453,8,Bag,PCA
0.038478117,-0.0074319188,0,T-shirt/top,PCA
1.3572769,-1.0931131,4,Coat,PCA
-0.5433241,-1.1095114,2,Pullover,PCA
0.042438276,-0.58681077,0,T-shirt/top,PCA
-0.9202153,-1.6692078,7,Sneaker,PCA
-0.32317412,0.47803947,6,Shirt,PCA
-0.7439657,0.14243363,5,Sandal,PCA
-1.5606573,-0.542718,4,Coat,PCA
0.028063104,0.16181058,0,T-shirt/top,PCA
-0.8996668,-1.429502,4,Coat,PCA
-0.5068864,1.1399747,2,Pullover,PCA
0.05646882,1.3650587,4,Coat,PCA
0.71611,0.013669785,9,Ankle boot,PCA
-0.2867229,-0.8872548,9,Ankle boot,PCA
-1.6136278,-0.4038431,1,Trouser,PCA
-1.2969928,-0.7694193,0,T-shirt/top,PCA
-0.062159996,-1.3821626,5,Sandal,PCA
-0.3553165,-0.11078477,1,Trouser,PCA
1.2991588,-0.69046545,5,Sandal,PCA
1.635321,-0.6421126,1,Trouser,PCA
0.84885573,0.36995462,2,Pullover,PCA
1.4054554,-0.6597207,8,Bag,PCA
1.260547,-0.12504601,3,Dress,PCA
2.0265746,-0.9631673,6,Shirt,PCA
0.14560562,-2.3701098,1,Trouser,PCA
-1.3240932,0.31099358,3,Dress,PCA
0.60008156,-0.21589038,3,Dress,PCA
1.5612121,-0.75177115,1,Trouser,PCA
-0.48296073,-1.3723109,9,Ankle boot,PCA
1.7284143,0.82899165,7,Sneaker,PCA
-0.5120161,-0.45521095,4,Coat,PCA
0.66302145,-0.49088523,4,Coat,PCA
-0.43191588,1.5963334,1,Trouser,PCA
1.7052836,0.28091946,6,Shirt,PCA
-0.2241871,1.0650171,2,Pullover,PCA
1.0115736,-0.32512075,1,Trouser,PCA
0.772982,0.09965284,2,Pullover,PCA
-1.5436199,0.70353043,1,Trouser,PCA
-0.04693536,0.70767343,3,Dress,PCA
1.8490564,-0.5169161,8,Bag,PCA
-0.18508622,-0.31437784,9,Ankle boot,PCA
0.9741435,-0.55727416,1,Trouser,PCA
-0.41913897,1.4412045,6,Shirt,PCA
-0.1832796,1.0008557,3,Dress,PCA
-0.634256,0.6133911,6,Shirt,PCA
0.42900443,1.6898454,1,Trouser,PCA
-0.1530669,-0.33830366,4,Coat,PCA
0.0382196,-0.5711052,0,T-shirt/top,PCA
0.35663158,-0.69975287,0,T-shirt/top,PCA
-1.7224652,-0.3135907,7,Sneaker,PCA
-0.27704,0.7122394,6,Shirt,PCA
0.35741422,-0.8767074,0,T-shirt/top,PCA
-1.0342265,-0.16565509,6,Shirt,PCA
0.06993122,0.39993632,1,Trouser,PCA
0.052054018,-0.24789214,9,Ankle boot,PCA
0.06097768,0.6429042,3,Dress,PCA
-0.1427343,1.0680088,0,T-shirt/top,PCA
0.23597597,1.1154864,2,Pullover,PCA
-0.12747027,0.17309605,8,Bag,PCA
-0.40967083,0.30710393,6,Shirt,PCA
1.4465361,-0.5083082,5,Sandal,PCA
-0.106366515,-0.016565433,4,Coat,PCA
-0.28809404,0.8317785,2,Pullover,PCA
-0.6276215,-0.6127037,4,Coat,PCA
-1.4217055,-2.1322327,1,Trouser,PCA
0.69324356,1.415618,7,Sneaker,PCA
0.6971615,-0.3138058,2,Pullover,PCA
-0.24372652,0.43881765,8,Bag,PCA
1.0431826,-0.40002587,0,T-shirt/top,PCA
0.11157325,-1.1129837,9,Ankle boot,PCA
0.18943276,1.747732,5,Sandal,PCA
1.1089116,-0.08485413,4,Coat,PCA
-0.48463652,0.094559275,1,Trouser,PCA
0.50097054,1.209479,5,Sandal,PCA
-2.7117505,0.9484444,4,Coat,PCA
0.45776722,0.2258067,3,Dress,PCA
-0.8974614,-0.08677471,2,Pullover,PCA
0.6229093,0.12226917,4,Coat,PCA
0.35159186,0.015223638,2,Pullover,PCA
0.12385081,1.9178993,8,Bag,PCA
0.8113999,-0.38165382,6,Shirt,PCA
-1.4321007,-1.8092911,1,Trouser,PCA
-0.17897804,-1.6220094,8,Bag,PCA
1.8009793,0.91525805,5,Sandal,PCA
-1.6524196,-1.98802,6,Shirt,PCA
-0.5731035,1.3885567,5,Sandal,PCA
-0.93887955,0.9415963,4,Coat,PCA
0.4804409,0.104346104,3,Dress,PCA
-0.41191036,0.24677035,6,Shirt,PCA
-1.3036822,0.12507749,9,Ankle boot,PCA
-0.2684476,-0.48195553,4,Coat,PCA
1.332988,-0.91680044,1,Trouser,PCA
-1.6004806,0.96306634,5,Sandal,PCA
-1.0973548,0.79190004,7,Sneaker,PCA
-1.1984223,-1.1235,7,Sneaker,PCA
-1.2983215,-2.0150266,2,Pullover,PCA
-0.13103954,0.3891528,3,Dress,PCA
1.2083093,-0.7296777,4,Coat,PCA
-0.7289968,1.5417854,5,Sandal,PCA
-0.42585194,-0.23905945,3,Dress,PCA
-1.229033,-0.041340046,7,Sneaker,PCA
-0.029311437,-0.94732094,7,Sneaker,PCA
1.691917,-2.1927006,9,Ankle boot,PCA
-0.42024297,-1.2744628,7,Sneaker,PCA
0.13304764,-1.0053153,5,Sandal,PCA
0.9916721,-0.2209618,7,Sneaker,PCA
1.3884598,-1.317536,8,Bag,PCA
1.1913855,-0.9515778,2,Pullover,PCA
0.3527114,-0.71988946,2,Pullover,PCA
1.5337601,-0.137246,8,Bag,PCA
-0.32641494,0.24940558,3,Dress,PCA
0.501299,-0.3412406,2,Pullover,PCA
-1.505133,0.025025273,3,Dress,PCA
-0.44710872,0.6905629,1,Trouser,PCA
1.3322841,-0.7602194,6,Shirt,PCA
-1.4551747,-1.3006419,3,Dress,PCA
-1.6433539,-1.1362506,4,Coat,PCA
0.70107657,-1.8794993,9,Ankle boot,PCA
1.9715317,0.49752274,0,T-shirt/top,PCA
1.8665631,0.6852204,1,Trouser,PCA
-0.06847267,0.6952129,9,Ankle boot,PCA
0.35556203,-0.07989895,3,Dress,PCA
0.27460313,-1.2451204,8,Bag,PCA
0.0536713,-0.07160743,0,T-shirt/top,PCA
0.0061813174,-0.7067094,3,Dress,PCA
1.2085115,-0.06656888,4,Coat,PCA
1.8842224,0.47027287,4,Coat,PCA
0.21452303,-1.5359088,8,Bag,PCA
-0.39921218,-0.5932994,5,Sandal,PCA
0.15557808,0.56192964,8,Bag,PCA
-0.2438316,-1.5013398,3,Dress,PCA
2.2051525,0.38994426,5,Sandal,PCA
-0.6743178,0.8170515,4,Coat,PCA
-0.8004086,-0.4691753,4,Coat,PCA
0.29431963,-0.20533492,1,Trouser,PCA
-2.0260055,-1.0285801,7,Sneaker,PCA
1.8079429,-0.6777821,7,Sneaker,PCA
-1.0279895,-0.4550181,2,Pullover,PCA
1.1710567,0.33407724,6,Shirt,PCA
0.13389929,-0.8011219,0,T-shirt/top,PCA
1.4021002,-2.1479123,6,Shirt,PCA
2.0262861,-0.46106976,6,Shirt,PCA
0.22791012,2.2688167,1,Trouser,PCA
-1.881162,1.2203382,9,Ankle boot,PCA
-0.09084286,0.6220498,6,Shirt,PCA
-1.5967834,-1.5855415,6,Shirt,PCA
-0.62567914,0.07494118,7,Sneaker,PCA
-0.48255476,-1.2582277,2,Pullover,PCA
0.53123736,-0.2861875,2,Pullover,PCA
1.9350816,1.9714667,4,Coat,PCA
-0.35936418,0.72234225,6,Shirt,PCA
0.36544383,0.69641346,6,Shirt,PCA
1.3040341,1.4219383,0,T-shirt/top,PCA
0.7909556,-1.4609298,1,Trouser,PCA
1.6945463,0.98560023,5,Sandal,PCA
-1.406366,-1.7400477,8,Bag,PCA
-0.9491061,1.4921563,5,Sandal,PCA
-1.0719554,0.7705624,3,Dress,PCA
1.1980318,0.60244817,5,Sandal,PCA
-0.092290476,0.8042216,7,Sneaker,PCA
-1.1019199,0.74240726,1,Trouser,PCA
0.54503924,-0.16753753,9,Ankle boot,PCA
-1.4577307,0.1201043,8,Bag,PCA
-0.09239325,-1.3521556,1,Trouser,PCA
-0.3238674,-0.15218008,6,Shirt,PCA
0.14903162,2.4387918,1,Trouser,PCA
-0.6969306,-1.687386,6,Shirt,PCA
-0.5596598,-1.4873493,6,Shirt,PCA
0.4508851,1.2534912,9,Ankle boot,PCA
0.5191458,1.5928401,2,Pullover,PCA
0.3623404,1.7112961,3,Dress,PCA
1.8950496,-1.2909236,9,Ankle boot,PCA
1.5325153,0.2799425,7,Sneaker,PCA
0.24586922,-2.239239,1,Trouser,PCA
-0.20519675,-0.44194925,1,Trouser,PCA
0.14997834,-0.9161281,4,Coat,PCA
1.6375239,-0.376742,8,Bag,PCA
0.26000008,0.9313406,5,Sandal,PCA
0.20358896,-1.1387445,9,Ankle boot,PCA
0.331406,-0.5852001,0,T-shirt/top,PCA
-0.73685145,1.1419209,8,Bag,PCA
-0.08605912,-1.4027123,0,T-shirt/top,PCA
-0.26613057,-0.31040913,9,Ankle boot,PCA
-0.14150913,0.31047574,5,Sandal,PCA
-0.85581976,0.28531352,4,Coat,PCA
-1.3457588,0.57255507,9,Ankle boot,PCA
0.52222925,-0.24572155,7,Sneaker,PCA
0.3492996,2.3407154,9,Ankle boot,PCA
-0.8920842,-0.7260438,1,Trouser,PCA
0.19999985,1.1317316,7,Sneaker,PCA
-0.2666388,-0.24550745,2,Pullover,PCA
-0.5459579,1.0191306,3,Dress,PCA
1.5603203,-1.8794824,5,Sandal,PCA
0.79416573,-0.5676653,8,Bag,PCA
-1.3571374,0.69431365,5,Sandal,PCA
-0.7050198,-0.19529743,3,Dress,PCA
0.7004284,1.6561674,6,Shirt,PCA
0.08120544,0.24509306,6,Shirt,PCA
-0.042717744,-1.3280759,7,Sneaker,PCA
-0.9077603,-1.5969318,5,Sandal,PCA
-1.5730319,-0.77011263,3,Dress,PCA
-1.5574764,0.4806376,4,Coat,PCA
-0.37847507,-0.52814597,3,Dress,PCA
0.2582662,-0.031590194,7,Sneaker,PCA
-0.40878478,2.331469,4,Coat,PCA
1.0970653,-0.29711708,4,Coat,PCA
0.2739721,1.1932797,1,Trouser,PCA
0.011453092,-1.3630451,8,Bag,PCA
0.83136606,1.4738957,4,Coat,PCA
-0.76981807,0.97837394,0,T-shirt/top,PCA
-0.96875215,-0.33939138,9,Ankle boot,PCA
0.8002861,1.0122432,7,Sneaker,PCA
-0.10467428,-1.0182211,7,Sneaker,PCA
-0.3495158,0.9426343,2,Pullover,PCA
-0.64749676,1.0538893,1,Trouser,PCA
-0.18908298,0.59622693,3,Dress,PCA
0.13370961,-1.4287077,0,T-shirt/top,PCA
-1.2990413,0.9228003,4,Coat,PCA
1.4375069,1.0493517,6,Shirt,PCA
1.6405494,0.8244498,8,Bag,PCA
0.06339358,1.146286,7,Sneaker,PCA
-0.11428979,1.2229064,0,T-shirt/top,PCA
0.19611816,2.6014686,9,Ankle boot,PCA
1.1498252,-0.1988034,6,Shirt,PCA
-0.4825947,0.7422755,5,Sandal,PCA
-1.6880537,-0.13967425,9,Ankle boot,PCA
-0.39380488,0.26903442,4,Coat,PCA
-0.8352753,-0.76843303,3,Dress,PCA
-1.5289775,-0.16490442,4,Coat,PCA
-0.7641915,1.1762886,8,Bag,PCA
-0.6841569,-1.5771037,1,Trouser,PCA
0.45156682,1.4383109,7,Sneaker,PCA
-1.5213187,0.34163022,8,Bag,PCA
0.013977685,-0.3489153,6,Shirt,PCA
-0.06449826,-1.001254,4,Coat,PCA
-0.1675838,1.0601934,3,Dress,PCA
-0.63969356,-1.41406,4,Coat,PCA
-1.822374,-1.14577,3,Dress,PCA
1.3150117,-0.4418722,7,Sneaker,PCA
0.6960198,-0.11455488,8,Bag,PCA
0.6894004,-1.5383377,3,Dress,PCA
1.3465692,0.5099283,2,Pullover,PCA
0.41976073,0.4723959,9,Ankle boot,PCA
0.91578764,-0.8202463,3,Dress,PCA
0.4754706,0.2543648,3,Dress,PCA
-0.39398122,-0.89967954,7,Sneaker,PCA
0.9921477,0.5820709,3,Dress,PCA
-1.1944594,-0.5297916,9,Ankle boot,PCA
-0.9518689,-0.83467096,2,Pullover,PCA
1.0135552,1.758508,1,Trouser,PCA
-0.088457316,0.24008077,2,Pullover,PCA
-0.4497111,0.6206898,9,Ankle boot,PCA
-1.0279677,-1.4438207,6,Shirt,PCA
-1.0104262,0.35088867,1,Trouser,PCA
-0.7392191,1.1493856,4,Coat,PCA
-0.10790789,-0.9966071,0,T-shirt/top,PCA
0.2749404,0.19545905,4,Coat,PCA
-0.033909243,0.32991818,3,Dress,PCA
-0.40643886,-0.72795945,2,Pullover,PCA
-0.8390406,-1.0202482,3,Dress,PCA
0.26651248,-2.083351,1,Trouser,PCA
-1.2828072,0.18648413,4,Coat,PCA
0.8155613,0.2896446,3,Dress,PCA
2.1101353,0.344108,5,Sandal,PCA
-0.5359385,1.7672677,9,Ankle boot,PCA
0.05603484,1.3255918,2,Pullover,PCA
0.9044976,-1.2689301,7,Sneaker,PCA
-0.992281,0.9872724,7,Sneaker,PCA
0.28246814,1.5563259,0,T-shirt/top,PCA
-0.35437402,0.35098475,2,Pullover,PCA
-0.35796183,0.25422174,9,Ankle boot,PCA
-0.8352414,1.1821184,2,Pullover,PCA
1.8390169,0.3854331,4,Coat,PCA
-0.71911633,0.9770911,4,Coat,PCA
-0.51766163,1.0990427,9,Ankle boot,PCA
-0.9042335,0.3682804,1,Trouser,PCA
0.4129507,1.42615,0,T-shirt/top,PCA
0.15167674,-1.0366147,7,Sneaker,PCA
-1.174315,-1.3649036,5,Sandal,PCA
-1.4750073,0.16976675,1,Trouser,PCA
-0.20847555,-0.7582107,5,Sandal,PCA
-0.15748616,0.26985967,7,Sneaker,PCA
-0.679606,-1.2561442,4,Coat,PCA
-0.5193729,0.5722596,6,Shirt,PCA
-0.27090776,-1.1939245,8,Bag,PCA
0.6670492,-0.21359253,3,Dress,PCA
-0.12982091,-1.0939288,5,Sandal,PCA
-0.91053474,1.4967028,1,Trouser,PCA
0.3173347,-0.29438797,0,T-shirt/top,PCA
0.67730206,0.62635905,9,Ankle boot,PCA
-0.13542329,0.57283527,5,Sandal,PCA
-0.6034533,-1.7710845,2,Pullover,PCA
0.86923546,1.119142,1,Trouser,PCA
-1.3656561,-1.4515499,5,Sandal,PCA
-1.2149891,-1.4770912,4,Coat,PCA
-0.014503166,1.2667371,9,Ankle boot,PCA
-0.65244305,0.04372145,5,Sandal,PCA
-1.855412,0.51216096,8,Bag,PCA
-0.18498209,-1.1108028,4,Coat,PCA
-0.6114398,-1.4975299,5,Sandal,PCA
0.88273793,-0.68597865,8,Bag,PCA
0.8903463,-0.8380535,7,Sneaker,PCA
-1.1270257,0.6858286,2,Pullover,PCA
-1.4964149,-1.1255523,1,Trouser,PCA
-2.0464013,-0.9453373,7,Sneaker,PCA
1.2845116,0.4572557,0,T-shirt/top,PCA
-0.0049723033,-0.3276354,3,Dress,PCA
0.0644726,0.8025156,6,Shirt,PCA
0.5325327,-1.5924045,9,Ankle boot,PCA
0.051370088,0.4617835,0,T-shirt/top,PCA
0.24061695,-0.41320544,2,Pullover,PCA
1.7201308,0.019592337,6,Shirt,PCA
-1.3463533,-0.82221854,5,Sandal,PCA
0.06657787,1.678292,1,Trouser,PCA
1.2383127,-0.37499088,1,Trouser,PCA
-0.89464194,0.3023484,2,Pullover,PCA
0.07750013,0.8752482,6,Shirt,PCA
-1.5556215,-0.34486026,8,Bag,PCA
-0.70876426,-0.9445851,0,T-shirt/top,PCA
1.1069688,-0.594731,7,Sneaker,PCA
0.38571313,1.5139505,1,Trouser,PCA
-1.3938632,-1.6095439,7,Sneaker,PCA
-0.8484397,-0.11095522,3,Dress,PCA
-1.0344933,1.086089,1,Trouser,PCA
-0.93546766,-0.3205932,1,Trouser,PCA
0.42830813,1.0361699,4,Coat,PCA
-0.25550565,0.57609695,8,Bag,PCA
-0.3045061,-1.5602274,9,Ankle boot,PCA
0.18321285,-0.81123143,4,Coat,PCA
1.2770591,-0.078471445,9,Ankle boot,PCA
-1.3377839,-1.0103301,3,Dress,PCA
-0.27559474,0.81344306,4,Coat,PCA
-0.7266931,0.7845019,1,Trouser,PCA
-0.7877964,-0.76446265,0,T-shirt/top,PCA
-0.2582839,-0.11324042,1,Trouser,PCA
-0.31242284,0.9078139,5,Sandal,PCA
-1.1537644,2.1509664,6,Shirt,PCA
-1.3531705,-0.6920093,7,Sneaker,PCA
-1.3740537,-0.27565348,3,Dress,PCA
-0.6802597,-0.39214244,9,Ankle boot,PCA
-0.59395576,0.950653,7,Sneaker,PCA
1.2300626,-0.35171437,8,Bag,PCA
-0.34674963,1.4552785,1,Trouser,PCA
1.7089708,-1.2152936,9,Ankle boot,PCA
1.2405148,0.5954576,9,Ankle boot,PCA
2.7010927,1.1379546,4,Coat,PCA
-0.5518869,1.6272292,0,T-shirt/top,PCA
-0.63792956,-0.009946996,4,Coat,PCA
-1.2466896,1.616087,0,T-shirt/top,PCA
0.3182884,-0.20824331,2,Pullover,PCA
1.8925334,0.56684685,3,Dress,PCA
-0.16548868,0.6316541,6,Shirt,PCA
1.4797482,-1.7140085,5,Sandal,PCA
-0.37261504,-1.7535347,8,Bag,PCA
-1.773724,-0.060917623,5,Sandal,PCA
-1.2906362,0.25371036,9,Ankle boot,PCA
0.1045295,-1.0880659,5,Sandal,PCA
-0.038948677,-0.3243282,2,Pullover,PCA
0.69339406,0.92581815,5,Sandal,PCA
-0.11733621,0.5545645,8,Bag,PCA
1.0860437,-0.7660806,8,Bag,PCA
-0.43302205,1.077582,2,Pullover,PCA
-0.30242097,0.20196837,2,Pullover,PCA
1.061864,-0.56453705,8,Bag,PCA
0.8331682,-0.19648044,7,Sneaker,PCA
-1.5438071,2.4501977,8,Bag,PCA
-0.25370735,1.5161715,9,Ankle boot,PCA
0.49296576,0.25638056,2,Pullover,PCA
0.43925244,-1.4398075,0,T-shirt/top,PCA
-1.2843956,1.1579291,8,Bag,PCA
0.6457411,0.7343041,7,Sneaker,PCA
-0.23855218,-0.37406814,6,Shirt,PCA
0.3558472,0.433328,1,Trouser,PCA
-0.66293734,0.13555162,0,T-shirt/top,PCA
1.1447142,0.9844894,8,Bag,PCA
0.14744058,0.033391073,3,Dress,PCA
1.0552003,0.87116814,5,Sandal,PCA
-0.23320436,-0.7839003,4,Coat,PCA
1.3101177,-0.573258,1,Trouser,PCA
-1.1950519,-1.1580662,0,T-shirt/top,PCA
1.4922696,-0.34712958,3,Dress,PCA
-0.21930407,-1.3566164,9,Ankle boot,PCA
-0.9719984,1.088838,6,Shirt,PCA
-2.0009787,0.47500885,9,Ankle boot,PCA
-1.0274636,0.5423126,8,Bag,PCA
-2.1212301,0.12642694,4,Coat,PCA
-1.3995222,0.3030503,3,Dress,PCA
-0.1022502,0.15493815,1,Trouser,PCA
1.3377749,-1.3359257,9,Ankle boot,PCA
-1.6076883,-0.09144315,8,Bag,PCA
-2.2896874,1.0486919,0,T-shirt/top,PCA
0.79823744,1.0523674,8,Bag,PCA
0.31693798,0.7800787,7,Sneaker,PCA
-0.86265504,1.8584684,0,T-shirt/top,PCA
0.52840066,-1.5860192,3,Dress,PCA
0.30443567,-0.023867903,3,Dress,PCA
-1.0384208,0.8381477,4,Coat,PCA
-0.2480416,-2.5513425,8,Bag,PCA
-0.49514124,0.68140966,6,Shirt,PCA
1.0204483,1.173028,1,Trouser,PCA
1.4536816,2.2330492,3,Dress,PCA
0.26339012,-1.3935556,1,Trouser,PCA
-0.5068943,1.1542611,7,Sneaker,PCA
1.3159995,-0.042469442,1,Trouser,PCA
-0.660983,0.64399564,5,Sandal,PCA
-0.47314104,-0.30171928,6,Shirt,PCA
0.75288653,0.5741034,0,T-shirt/top,PCA
0.067500114,0.84885013,3,Dress,PCA
1.3456317,-0.9937661,8,Bag,PCA
2.3490634,0.13031016,8,Bag,PCA
-1.9917731,-0.2794345,2,Pullover,PCA
-0.020982195,-0.4007005,1,Trouser,PCA
-0.23629206,0.25695974,9,Ankle boot,PCA
0.08712183,-1.2543095,8,Bag,PCA
-0.6572716,1.4024619,4,Coat,PCA
0.27893263,0.24953331,2,Pullover,PCA
-0.8824718,-1.684029,3,Dress,PCA
0.081003755,1.199236,5,Sandal,PCA
1.0043702,-0.81094056,8,Bag,PCA
1.2180171,-0.4809269,0,T-shirt/top,PCA
0.5079591,0.28929025,6,Shirt,PCA
0.2031003,-0.56367254,2,Pullover,PCA
0.4273139,-0.62865204,1,Trouser,PCA
-0.51942974,-0.52992034,5,Sandal,PCA
1.2020712,-0.55730397,9,Ankle boot,PCA
0.41366273,-0.37756637,0,T-shirt/top,PCA
-1.4123195,-0.8456599,7,Sneaker,PCA
0.07565606,0.067231275,2,Pullover,PCA
0.8246058,-0.3854515,6,Shirt,PCA
-0.18887036,-0.73127496,0,T-shirt/top,PCA
0.35383326,0.06046769,0,T-shirt/top,PCA
2.0046077,0.6829841,8,Bag,PCA
-0.48397097,0.18751208,9,Ankle boot,PCA
-0.10931933,1.1185336,9,Ankle boot,PCA
-0.07793102,-0.6857133,4,Coat,PCA
0.087127954,1.068274,6,Shirt,PCA
0.13841182,0.83771735,7,Sneaker,PCA
-1.1594665,-1.1069638,3,Dress,PCA
-0.40322885,1.2537372,1,Trouser,PCA
-0.28976482,0.7005736,6,Shirt,PCA
-1.5731176,0.60172915,5,Sandal,PCA
-0.5867675,1.2458434,0,T-shirt/top,PCA
-2.1366138,0.02640649,4,Coat,PCA
-0.80359066,1.0006843,6,Shirt,PCA
-0.33630687,-0.5171357,6,Shirt,PCA
0.29669887,1.052546,5,Sandal,PCA
-0.8438144,-1.0561486,5,Sandal,PCA
2.2492683,0.51046383,8,Bag,PCA
0.51291126,0.94585514,2,Pullover,PCA
0.82264084,0.82193726,4,Coat,PCA
-0.0780676,0.126228,2,Pullover,PCA
1.2716614,-0.7064618,8,Bag,PCA
0.8620726,-1.8894252,6,Shirt,PCA
-0.7499895,0.63330483,0,T-shirt/top,PCA
-1.0245179,-2.0592897,8,Bag,PCA
0.22743483,-0.6354148,0,T-shirt/top,PCA
-0.44341454,2.0428994,4,Coat,PCA
-0.36765334,0.5744838,8,Bag,PCA
-0.18664894,0.49562055,5,Sandal,PCA
1.7704103,-1.2705435,9,Ankle boot,PCA
-1.5190445,-1.5708588,6,Shirt,PCA
0.60311544,0.4770925,1,Trouser,PCA
0.383587,0.23303118,6,Shirt,PCA
-1.5844136,0.9300811,5,Sandal,PCA
0.6163031,-0.09552463,1,Trouser,PCA
-1.0004267,-0.46383387,1,Trouser,PCA
1.8007317,1.3601836,8,Bag,PCA
-0.67310476,1.4906902,8,Bag,PCA
-0.85854375,0.38509166,8,Bag,PCA
0.6228012,-0.28422624,7,Sneaker,PCA
0.2847543,0.1579932,3,Dress,PCA
-0.60989803,-0.41657603,1,Trouser,PCA
-0.45853826,0.49527264,7,Sneaker,PCA
1.2145522,-0.15190944,9,Ankle boot,PCA
0.26072446,-0.33755377,5,Sandal,PCA
0.11509916,-1.2542602,9,Ankle boot,PCA
-1.2335136,0.7648844,9,Ankle boot,PCA
-0.07298592,0.5701509,0,T-shirt/top,PCA
0.918179,0.3036299,9,Ankle boot,PCA
-1.6104282,0.787774,9,Ankle boot,PCA
1.7182655,1.0405533,5,Sandal,PCA
-1.2241354,0.12849477,9,Ankle boot,PCA
-0.13693018,-0.4533141,3,Dress,PCA
0.119547606,1.8251483,1,Trouser,PCA
0.3302761,-0.4244557,3,Dress,PCA
0.587875,-0.095031805,8,Bag,PCA
-0.74450773,0.65686387,7,Sneaker,PCA
0.5322787,0.3466609,3,Dress,PCA
2.2053676,0.67637885,5,Sandal,PCA
1.7915972,1.3593668,5,Sandal,PCA
3.4994776,1.8173212,6,Shirt,PCA
2.0733922,-0.2100514,9,Ankle boot,PCA
-0.013376296,-1.6494013,0,T-shirt/top,PCA
-0.06008401,-1.1953437,2,Pullover,PCA
-0.1352642,-0.9703625,7,Sneaker,PCA
1.7407119,2.1776905,6,Shirt,PCA
1.0853442,-0.2637614,3,Dress,PCA
0.86122805,-0.32186657,4,Coat,PCA
0.38343525,-0.44034985,0,T-shirt/top,PCA
-0.056141745,0.78578573,0,T-shirt/top,PCA
0.25902873,-1.2111197,8,Bag,PCA
-1.5830388,1.2159623,9,Ankle boot,PCA
0.6754004,-1.1123711,1,Trouser,PCA
-0.20573181,-0.3872177,3,Dress,PCA
-1.5127437,-1.1281776,7,Sneaker,PCA
2.0016663,-0.2939085,9,Ankle boot,PCA
0.5721287,1.628463,9,Ankle boot,PCA
2.1697948,0.31876162,8,Bag,PCA
2.2521884,1.3256187,8,Bag,PCA
0.075535096,0.9206399,4,Coat,PCA
0.046985626,-0.07648765,7,Sneaker,PCA
-0.15308069,-0.9457926,5,Sandal,PCA
-0.035536997,0.99490184,1,Trouser,PCA
-0.805628,0.90939236,9,Ankle boot,PCA
-0.7759893,1.5078421,7,Sneaker,PCA
0.5673733,0.8493106,7,Sneaker,PCA
0.18716784,1.3887138,5,Sandal,PCA
-0.32225576,-0.48222247,4,Coat,PCA
-0.33054027,0.47416967,9,Ankle boot,PCA
1.9878476,-0.09927698,3,Dress,PCA
1.6735287,-0.7066962,0,T-shirt/top,PCA
0.812379,-0.28109533,2,Pullover,PCA
-0.39468318,1.1274835,7,Sneaker,PCA
-1.3752526,-0.52437323,0,T-shirt/top,PCA
-0.50385296,-1.2419635,4,Coat,PCA
2.1439939,1.040825,4,Coat,PCA
-1.367992,-1.3710881,8,Bag,PCA
0.7161576,1.3425361,3,Dress,PCA
0.99701285,0.28043824,3,Dress,PCA
-1.1123389,-0.6584107,9,Ankle boot,PCA
-0.5241517,-0.27834794,2,Pullover,PCA
0.5545192,0.69687605,6,Shirt,PCA
-0.2150584,-1.6468368,1,Trouser,PCA
1.1478432,0.02063521,7,Sneaker,PCA
-0.028481051,0.50033456,5,Sandal,PCA
-1.0952951,-0.21508412,9,Ankle boot,PCA
0.5115039,0.022001553,7,Sneaker,PCA
0.5129966,-1.6570783,4,Coat,PCA
-0.7024651,-0.7701324,4,Coat,PCA
1.0482107,0.4940445,5,Sandal,PCA
-0.77716434,1.5035847,4,Coat,PCA
-2.0997236,-1.0952421,7,Sneaker,PCA
-0.20428284,1.6298596,9,Ankle boot,PCA
-0.044323713,0.08274278,9,Ankle boot,PCA
-0.76239705,0.725962,5,Sandal,PCA
0.2380722,0.16049182,9,Ankle boot,PCA
-0.4862269,1.0166632,9,Ankle boot,PCA
0.11564821,-0.7282575,0,T-shirt/top,PCA
-0.5381594,0.63016933,1,Trouser,PCA
-0.067495406,-1.7038579,1,Trouser,PCA
-0.3594849,1.7308934,1,Trouser,PCA
-0.59400815,0.35876477,5,Sandal,PCA
0.7691816,1.1565315,6,Shirt,PCA
1.1762366,-0.1927438,1,Trouser,PCA
0.17354934,1.8091984,1,Trouser,PCA
-1.0558994,1.2105063,8,Bag,PCA
-0.21090816,0.41885635,6,Shirt,PCA
0.959416,2.442319,1,Trouser,PCA
0.6548921,0.08531261,7,Sneaker,PCA
-0.9886429,-0.4522297,2,Pullover,PCA
0.26317215,-0.07594144,1,Trouser,PCA
2.6608226,2.338056,8,Bag,PCA
-1.7551824,0.42303535,6,Shirt,PCA
-0.63403,-0.07188006,4,Coat,PCA
-0.2190887,1.1054246,1,Trouser,PCA
-0.12917721,1.1722124,9,Ankle boot,PCA
0.01957029,0.10263951,2,Pullover,PCA
1.2603849,0.5614951,7,Sneaker,PCA
0.0027965624,-0.4304921,1,Trouser,PCA
1.3060305,-1.6766334,5,Sandal,PCA
0.6525277,1.265024,6,Shirt,PCA
-1.2763052,0.7116325,7,Sneaker,PCA
-0.8402181,-0.5866028,4,Coat,PCA
-1.1345431,1.3516796,3,Dress,PCA
2.2742026,0.3282096,2,Pullover,PCA
-1.0802743,0.66569304,5,Sandal,PCA
0.28682545,0.47573403,0,T-shirt/top,PCA
-0.6002718,1.251616,8,Bag,PCA
1.4252709,-2.249681,0,T-shirt/top,PCA
-0.6193227,0.84363455,0,T-shirt/top,PCA
-0.6177168,0.80805415,1,Trouser,PCA
0.41585812,0.45396993,1,Trouser,PCA
-0.92732567,-0.39964455,0,T-shirt/top,PCA
1.2934724,0.17110737,8,Bag,PCA
0.24093682,-0.51256216,9,Ankle boot,PCA
-1.2321604,0.20446153,9,Ankle boot,PCA
-0.546235,-0.089320466,8,Bag,PCA
-1.3195683,0.03993223,1,Trouser,PCA
0.3417843,-0.5565842,6,Shirt,PCA
-0.85739005,0.37002286,9,Ankle boot,PCA
-0.7601617,-0.16399843,7,Sneaker,PCA
-1.8912966,-1.1533786,6,Shirt,PCA
-0.2155074,0.4429424,6,Shirt,PCA
-0.1985992,-0.3099773,9,Ankle boot,PCA
-0.7060877,-0.5468463,7,Sneaker,PCA
2.3489366,0.6813987,5,Sandal,PCA
0.386465,-0.97712696,3,Dress,PCA
1.0479585,-1.9730881,9,Ankle boot,PCA
-0.5701233,0.044958256,6,Shirt,PCA
-1.2954487,0.9899962,1,Trouser,PCA
1.1256248,-1.2523068,3,Dress,PCA
-1.1664722,-2.9996443,2,Pullover,PCA
0.564014,0.6350904,2,Pullover,PCA
0.8912246,1.0034037,6,Shirt,PCA
0.057296235,0.09799097,7,Sneaker,PCA
-0.18078336,-1.6684276,9,Ankle boot,PCA
-1.0092032,1.025908,9,Ankle boot,PCA
0.631537,0.27666983,3,Dress,PCA
-0.12704615,0.1110329,6,Shirt,PCA
0.44427824,-0.88341635,2,Pullover,PCA
-0.8481863,-0.8723445,4,Coat,PCA
-0.91665244,0.07734082,2,Pullover,PCA
-0.21412124,-0.7642157,8,Bag,PCA
1.5740219,0.13283029,0,T-shirt/top,PCA
-0.120287806,2.1088362,9,Ankle boot,PCA
0.4870418,1.514284,9,Ankle boot,PCA
1.0324752,0.75716287,6,Shirt,PCA
-0.26659158,-1.9952219,4,Coat,PCA
0.5979647,-0.37310272,1,Trouser,PCA
-0.6293463,0.10821773,4,Coat,PCA
0.19016135,1.6256317,0,T-shirt/top,PCA
-0.4408792,-1.213377,8,Bag,PCA
-0.7935508,1.9843881,4,Coat,PCA
0.19730124,-0.07716454,6,Shirt,PCA
0.1498764,-0.2555156,7,Sneaker,PCA
1.809237,0.12626527,9,Ankle boot,PCA
0.09792863,-0.0726628,8,Bag,PCA
0.08136247,-1.3876655,5,Sandal,PCA
-1.531274,0.8229666,3,Dress,PCA
-0.043796103,0.96960706,0,T-shirt/top,PCA
0.107946545,-0.26307857,6,Shirt,PCA
-2.8350906,0.6827576,4,Coat,PCA
1.5552921,-0.29486147,2,Pullover,PCA
0.07707236,-1.7134428,8,Bag,PCA
-1.265323,0.044097677,3,Dress,PCA
-0.3773141,-0.7383724,2,Pullover,PCA
-1.088244,-1.2463503,1,Trouser,PCA
-0.85918045,-0.52841395,9,Ankle boot,PCA
1.4595304,2.111909,1,Trouser,PCA
-1.1105936,1.2790234,9,Ankle boot,PCA
1.1275985,-1.2468984,0,T-shirt/top,PCA
-0.5892107,-1.2435532,4,Coat,PCA
-0.38356018,0.15808487,3,Dress,PCA
-1.0631844,0.57516843,5,Sandal,PCA
0.18935819,-0.8581209,4,Coat,PCA
-0.26157224,-2.3507392,8,Bag,PCA
1.5497612,0.101894885,6,Shirt,PCA
1.2101724,0.732018,7,Sneaker,PCA
-0.8816101,0.044080127,7,Sneaker,PCA
0.44953716,-0.24395066,1,Trouser,PCA
-0.53207326,-1.2338994,0,T-shirt/top,PCA
1.3708967,-0.26770788,7,Sneaker,PCA
-0.53100806,0.48150453,3,Dress,PCA
2.1034725,0.62580556,2,Pullover,PCA
-1.0532672,1.0749954,0,T-shirt/top,PCA
-0.15918289,0.43061158,8,Bag,PCA
-0.37879255,0.34281558,6,Shirt,PCA
0.20974833,0.47315523,2,Pullover,PCA
0.7366055,0.34191662,0,T-shirt/top,PCA
0.29376763,-0.46737415,1,Trouser,PCA
-1.0946828,1.6108139,8,Bag,PCA
-0.20653671,-0.5632777,3,Dress,PCA
0.5516869,0.011075744,0,T-shirt/top,PCA
-0.92246383,-0.6899237,6,Shirt,PCA
-0.2728164,2.0979192,8,Bag,PCA
-1.420433,-1.2965742,8,Bag,PCA
2.1719286,0.7851406,4,Coat,PCA
0.42470875,-1.7891836,5,Sandal,PCA
-0.72115093,0.91968745,9,Ankle boot,PCA
0.1652604,-0.02380365,3,Dress,PCA
0.8895358,0.28622982,8,Bag,PCA
0.053229704,-0.8588624,0,T-shirt/top,PCA
0.5299965,0.25661337,7,Sneaker,PCA
-1.7014294,-0.43525216,2,Pullover,PCA
-2.373267,-0.64092,3,Dress,PCA
0.9056628,0.91142285,5,Sandal,PCA
0.35423708,-0.96108514,0,T-shirt/top,PCA
0.32803002,-0.30535287,4,Coat,PCA
-0.49384448,1.4008845,0,T-shirt/top,PCA
-1.2436172,0.8296494,5,Sandal,PCA
-0.52132434,-2.1074538,2,Pullover,PCA
-0.6737992,0.10312882,9,Ankle boot,PCA
-1.4850867,-0.07975418,8,Bag,PCA
-0.60534525,0.20769475,5,Sandal,PCA
-0.5193762,-1.5919602,5,Sandal,PCA
0.21682036,-0.8203086,9,Ankle boot,PCA
0.039562456,0.11055794,3,Dress,PCA
-1.3821712,0.80713475,1,Trouser,PCA
1.4739001,0.16803758,1,Trouser,PCA
0.775306,0.13452312,4,Coat,PCA
-0.2923848,0.6327039,4,Coat,PCA
-0.6771006,-0.6223645,1,Trouser,PCA
0.6558285,-1.4375081,3,Dress,PCA
-0.6313226,1.6622622,5,Sandal,PCA
-0.65068173,0.7689618,0,T-shirt/top,PCA
-0.17968547,-1.157127,0,T-shirt/top,PCA
-0.11385566,0.14456418,3,Dress,PCA
0.12578852,0.47925055,0,T-shirt/top,PCA
0.49480367,0.9072384,5,Sandal,PCA
1.1029066,-0.89050627,6,Shirt,PCA
-1.7179182,-1.0596647,7,Sneaker,PCA
-1.0204241,0.7795174,3,Dress,PCA
0.5034827,0.23268431,7,Sneaker,PCA
-1.062504,1.3059845,0,T-shirt/top,PCA
-1.5918529,0.09593309,5,Sandal,PCA
-0.27689436,1.5862682,0,T-shirt/top,PCA
-2.5730598,0.1995105,2,Pullover,PCA
-0.61844915,0.26357663,8,Bag,PCA
1.5107509,-1.683498,5,Sandal,PCA
-0.7441925,-1.6922545,6,Shirt,PCA
1.5114498,0.17319402,2,Pullover,PCA
0.09942143,-0.6385392,0,T-shirt/top,PCA
-0.7841113,0.09841181,9,Ankle boot,PCA
0.022150654,-0.49752083,5,Sandal,PCA
-0.17002086,-0.47731358,3,Dress,PCA
0.109450355,2.0318904,0,T-shirt/top,PCA
-0.18643612,0.672685,6,Shirt,PCA
-1.0860558,0.6208269,5,Sandal,PCA
0.47608957,-1.197126,8,Bag,PCA
-1.0165452,2.017123,8,Bag,PCA
0.16472407,-0.20048653,3,Dress,PCA
-2.5433807,0.6056214,0,T-shirt/top,PCA
-1.93346,0.6950174,8,Bag,PCA
-1.573702,-1.6001214,4,Coat,PCA
-0.26829052,0.3478794,2,Pullover,PCA
-0.9206939,1.6180155,4,Coat,PCA
-0.8671785,-1.9442887,6,Shirt,PCA
-0.49703816,-1.7368824,3,Dress,PCA
0.25272566,0.8251248,7,Sneaker,PCA
0.22810389,0.7578273,5,Sandal,PCA
0.5665646,0.05627507,3,Dress,PCA
-0.7201066,0.77375084,8,Bag,PCA
-0.5468899,-0.60677046,3,Dress,PCA
-0.4079499,0.24950323,4,Coat,PCA
0.9540679,-0.5139771,8,Bag,PCA
2.5254457,3.272007,8,Bag,PCA
-0.9670922,1.6045492,7,Sneaker,PCA
0.2986343,-0.8758008,7,Sneaker,PCA
-0.5825727,-1.391764,7,Sneaker,PCA
2.4156177,0.44374585,8,Bag,PCA
0.84936273,0.88862926,5,Sandal,PCA
-0.5112557,-1.9657133,6,Shirt,PCA
-0.3979902,-1.1359111,1,Trouser,PCA
-0.3749963,-0.6353249,0,T-shirt/top,PCA
-0.8329399,0.7294445,8,Bag,PCA
-1.5074685,-0.74822277,4,Coat,PCA
-1.1988447,-2.268898,1,Trouser,PCA
-1.0687722,-0.1512555,8,Bag,PCA
0.32921612,0.3978138,7,Sneaker,PCA
0.6396707,-0.80304706,6,Shirt,PCA
1.5535072,0.19923909,0,T-shirt/top,PCA
0.26058406,1.1461529,5,Sandal,PCA
0.3781396,1.1302646,9,Ankle boot,PCA
2.756231,0.0638956,6,Shirt,PCA
0.37140238,-0.13474648,7,Sneaker,PCA
1.1430368,0.3467867,8,Bag,PCA
0.8055502,0.06592171,6,Shirt,PCA
-0.94014204,0.7625616,7,Sneaker,PCA
1.1958323,-0.15101773,4,Coat,PCA
1.0850589,-0.02687453,7,Sneaker,PCA
0.14089972,-0.20280136,5,Sandal,PCA
-0.8594372,0.35070136,2,Pullover,PCA
0.2784017,-1.0099926,8,Bag,PCA
-0.19936012,1.2938899,1,Trouser,PCA
0.38651046,1.9455897,9,Ankle boot,PCA
0.13435385,-0.72673905,0,T-shirt/top,PCA
-1.1686598,-1.254186,3,Dress,PCA
0.8771987,-0.7232495,7,Sneaker,PCA
-0.9149754,0.26032808,2,Pullover,PCA
-1.2097751,-1.0778774,0,T-shirt/top,PCA
0.42527646,-0.7865702,2,Pullover,PCA
-0.30401972,-2.5416467,2,Pullover,PCA
-1.0451499,0.6027723,8,Bag,PCA
0.30776963,1.1446549,1,Trouser,PCA
1.4349614,0.5158723,2,Pullover,PCA
-0.3533663,1.4225785,2,Pullover,PCA
-0.21286796,-0.29253435,9,Ankle boot,PCA
0.61345637,0.5964878,4,Coat,PCA
1.6943705,1.1922506,6,Shirt,PCA
-1.0726442,0.5687168,1,Trouser,PCA
-1.5139791,1.2055411,2,Pullover,PCA
-1.8475252,-0.6646463,1,Trouser,PCA
0.33588886,-0.58021826,0,T-shirt/top,PCA
-0.90871215,-0.8571185,6,Shirt,PCA
-0.40452176,-0.9915375,4,Coat,PCA
1.6541445,0.7418135,5,Sandal,PCA
0.120826006,-0.72785056,2,Pullover,PCA
-0.33674383,1.07088,8,Bag,PCA
-0.54239833,0.28024888,7,Sneaker,PCA
1.9771466,-0.7591724,9,Ankle boot,PCA
-0.78362435,-0.13036071,4,Coat,PCA
0.33068094,-0.37002656,2,Pullover,PCA
-1.8213574,0.03741883,6,Shirt,PCA
0.95786023,1.0959109,5,Sandal,PCA
0.43717104,-1.041477,4,Coat,PCA
0.82468677,1.1522436,6,Shirt,PCA
1.2126781,0.9528864,8,Bag,PCA
-0.8860521,0.75503206,9,Ankle boot,PCA
-0.07478723,1.0497892,2,Pullover,PCA
-0.39208543,1.2282636,9,Ankle boot,PCA
0.45700812,1.8423014,0,T-shirt/top,PCA
-0.4263277,-0.5635654,2,Pullover,PCA
1.3853182,-0.16456763,8,Bag,PCA
0.6324936,0.0997342,6,Shirt,PCA
0.12873432,2.3436248,2,Pullover,PCA
-0.47641683,-0.8787479,4,Coat,PCA
0.65672195,0.3039855,1,Trouser,PCA
-0.53007025,-0.7155564,5,Sandal,PCA
1.1412579,-0.045466334,2,Pullover,PCA
1.4524237,0.715308,5,Sandal,PCA
1.3174268,-1.4610007,1,Trouser,PCA
-0.56383747,-1.3591179,5,Sandal,PCA
1.1941103,1.510142,6,Shirt,PCA
-0.2866993,0.32872167,1,Trouser,PCA
-1.2782865,-0.8132626,3,Dress,PCA
0.8992772,-0.73820966,8,Bag,PCA
0.024163846,0.6639543,2,Pullover,PCA
1.9924163,0.96598345,0,T-shirt/top,PCA
-0.829072,-0.384007,2,Pullover,PCA
0.79765195,-1.245199,4,Coat,PCA
0.14817296,0.6294779,0,T-shirt/top,PCA
0.35174707,0.9991152,2,Pullover,PCA
-0.70056623,0.0059923343,3,Dress,PCA
-0.569582,0.62617016,6,Shirt,PCA
-0.6133577,1.032784,9,Ankle boot,PCA
-1.187485,0.1668946,5,Sandal,PCA
-0.63292813,0.38817373,0,T-shirt/top,PCA
-0.10130024,-0.04223323,0,T-shirt/top,PCA
1.139744,-0.44731414,8,Bag,PCA
-0.66320556,-0.05493387,6,Shirt,PCA
0.9044245,-0.5480061,0,T-shirt/top,PCA
1.224956,1.0045549,7,Sneaker,PCA
0.17025344,1.2394029,1,Trouser,PCA
-1.2186847,-1.4573054,7,Sneaker,PCA
-1.3039961,1.5605731,8,Bag,PCA
0.30508214,-0.6626398,8,Bag,PCA
0.69687283,0.5491087,4,Coat,PCA
-0.30206835,-0.3625625,1,Trouser,PCA
-1.6886759,0.010111108,8,Bag,PCA
-0.28729793,-1.5090053,4,Coat,PCA
-0.43733627,0.7182579,6,Shirt,PCA
-1.5528632,-0.78856987,5,Sandal,PCA
1.724221,-1.3160559,9,Ankle boot,PCA
1.229341,-0.064105794,2,Pullover,PCA
0.7188162,0.12770247,1,Trouser,PCA
0.81494564,1.1336553,1,Trouser,PCA
2.3975186,0.6518456,5,Sandal,PCA
-0.91876036,-0.29961777,5,Sandal,PCA
0.92894465,-1.0882325,3,Dress,PCA
-1.4854387,0.473831,2,Pullover,PCA
-0.16275595,0.21923958,6,Shirt,PCA
-0.048185665,0.46228033,7,Sneaker,PCA
0.8621832,0.5216654,3,Dress,PCA
0.72120553,0.44715473,7,Sneaker,PCA
-1.6886908,-0.28152674,8,Bag,PCA
-0.79472274,0.38585222,0,T-shirt/top,PCA
-1.3008366,-1.3956249,6,Shirt,PCA
1.5243891,-0.74015534,1,Trouser,PCA
-0.30774283,-0.32572407,1,Trouser,PCA
-0.8459753,1.0692048,2,Pullover,PCA
-0.4401147,-1.6162852,4,Coat,PCA
-1.0242258,-0.78503627,3,Dress,PCA
0.35982242,-1.5461732,6,Shirt,PCA
2.0817254,-0.54041916,6,Shirt,PCA
-0.24496198,0.24285619,9,Ankle boot,PCA
0.474292,1.1986027,0,T-shirt/top,PCA
0.2564686,-0.6256396,3,Dress,PCA
0.023852952,0.8688218,2,Pullover,PCA
-0.9987089,-0.74216366,4,Coat,PCA
-0.5439271,-0.5719228,8,Bag,PCA
0.33433056,0.27155402,4,Coat,PCA
-0.13724212,0.36795023,7,Sneaker,PCA
-0.57563394,0.61404604,1,Trouser,PCA
1.5612175,-1.3408065,9,Ankle boot,PCA
-0.117817014,1.2954059,8,Bag,PCA
-0.049111623,1.149331,9,Ankle boot,PCA
-0.71872956,-0.783576,1,Trouser,PCA
0.30347058,1.5200976,2,Pullover,PCA
1.6213797,-0.6618329,1,Trouser,PCA
0.0058201617,0.14316522,9,Ankle boot,PCA
0.31455112,-0.5892941,9,Ankle boot,PCA
0.89837515,0.27951312,1,Trouser,PCA
-0.30588126,-0.86921126,6,Shirt,PCA
-2.306324,-1.0996225,6,Shirt,PCA
-0.58339185,-1.4741445,8,Bag,PCA
-1.4598081,-0.1036667,5,Sandal,PCA
-0.40999493,-0.12738861,2,Pullover,PCA
-0.6372095,1.6291435,9,Ankle boot,PCA
-0.16337307,-0.782285,0,T-shirt/top,PCA
0.73014283,1.7982408,5,Sandal,PCA
0.9311676,-0.5269393,4,Coat,PCA
-0.7707974,-0.7793681,4,Coat,PCA
1.3132396,-0.9345688,4,Coat,PCA
-0.15546165,0.16681126,6,Shirt,PCA
0.895371,1.202397,3,Dress,PCA
-0.37925342,0.49317482,2,Pullover,PCA
-0.6722428,-0.4621879,2,Pullover,PCA
0.5225535,1.4149565,5,Sandal,PCA
-0.4204534,-0.07665013,9,Ankle boot,PCA
0.15553181,-0.6371319,7,Sneaker,PCA
-1.7871896,0.89814305,6,Shirt,PCA
-0.15496267,1.4278464,1,Trouser,PCA
-0.059879635,-0.17020817,3,Dress,PCA
1.2478688,1.1216128,5,Sandal,PCA
-0.49887934,-0.9611304,9,Ankle boot,PCA
-0.2925294,0.36442327,6,Shirt,PCA
1.1930594,2.1726902,4,Coat,PCA
-0.8612936,0.56140083,6,Shirt,PCA
-0.5889058,-0.19180803,6,Shirt,PCA
-0.07685378,-0.27623042,5,Sandal,PCA
-0.015583638,2.3911214,9,Ankle boot,PCA
-0.17721023,0.20647126,3,Dress,PCA
1.0372931,-0.031600513,3,Dress,PCA
1.150862,-0.07694178,4,Coat,PCA
0.6815291,0.04851695,6,Shirt,PCA
2.1565096,1.3680888,2,Pullover,PCA
0.75912833,0.36488938,0,T-shirt/top,PCA
0.051472645,-0.11205529,3,Dress,PCA
1.9715292,2.1472075,3,Dress,PCA
0.561096,-0.8354316,8,Bag,PCA
1.1940365,0.069821164,0,T-shirt/top,PCA
1.2055871,0.42958024,7,Sneaker,PCA
-0.6225196,-0.10658146,2,Pullover,PCA
1.1196889,-0.00026058778,6,Shirt,PCA
-0.39936903,0.2720739,4,Coat,PCA
0.48137236,-1.3489274,4,Coat,PCA
-0.808467,0.4784929,2,Pullover,PCA
-0.27142578,0.3551378,4,Coat,PCA
-1.2517394,-1.784113,6,Shirt,PCA
1.2025361,1.323242,5,Sandal,PCA
-1.3386881,-0.47817412,8,Bag,PCA
1.4807667,-1.1201842,5,Sandal,PCA
-0.17981265,-0.5073504,5,Sandal,PCA
-0.30930838,-0.96024776,6,Shirt,PCA
0.6005104,1.4386314,5,Sandal,PCA
0.12885152,0.61870384,6,Shirt,PCA
0.42184556,-2.6520402,6,Shirt,PCA
-0.15979093,2.169641,8,Bag,PCA
-0.084571436,1.7405304,1,Trouser,PCA
0.80046755,1.2204338,3,Dress,PCA
-0.45387068,-0.18107149,2,Pullover,PCA
-0.49057618,-3.0307267,5,Sandal,PCA
1.6762389,0.104936376,7,Sneaker,PCA
0.02007121,1.085646,0,T-shirt/top,PCA
-1.5415131,0.30381644,2,Pullover,PCA
0.86487937,-0.4450552,4,Coat,PCA
-0.77457553,0.08248292,3,Dress,PCA
0.27460766,0.20786245,2,Pullover,PCA
-1.2109958,-1.4622761,4,Coat,PCA
-0.9981553,0.57025415,3,Dress,PCA
-0.2279688,-1.4075841,2,Pullover,PCA
-0.60349685,-0.8827968,3,Dress,PCA
-0.005727064,-1.4080433,2,Pullover,PCA
-0.4978902,-0.40107426,2,Pullover,PCA
0.60257924,-0.71347845,1,Trouser,PCA
-1.2784806,0.7591409,8,Bag,PCA
-0.7411934,-1.5414091,5,Sandal,PCA
0.80132884,-0.38930276,7,Sneaker,PCA
0.96516794,0.025215603,9,Ankle boot,PCA
-0.38155633,0.84939563,7,Sneaker,PCA
-0.6916027,0.89507514,9,Ankle boot,PCA
1.2854831,-0.16755348,3,Dress,PCA
-0.71446115,1.4363539,0,T-shirt/top,PCA
0.50024444,-0.21986188,2,Pullover,PCA
0.8340617,-0.5264333,0,T-shirt/top,PCA
0.0050271433,0.11472771,7,Sneaker,PCA
1.2507175,-0.62569463,8,Bag,PCA
1.5082923,0.9126641,1,Trouser,PCA
-0.87201846,0.2491343,0,T-shirt/top,PCA
-0.6317249,0.73861986,6,Shirt,PCA
1.6619538,-0.9019656,7,Sneaker,PCA
-1.1814544,-0.71021664,8,Bag,PCA
1.5590447,0.33222896,8,Bag,PCA
-0.29246798,1.1453372,6,Shirt,PCA
-0.24137431,0.6381632,0,T-shirt/top,PCA
-0.60271555,0.9533706,6,Shirt,PCA
1.2930138,0.4021776,1,Trouser,PCA
-1.4942316,1.3258137,4,Coat,PCA
-0.042719565,-0.7570369,5,Sandal,PCA
1.4022045,-0.33955473,3,Dress,PCA
-1.6922405,0.4749198,8,Bag,PCA
-0.08484849,-2.685273,8,Bag,PCA
-2.5457983,1.3979331,6,Shirt,PCA
0.18197668,-1.6396004,9,Ankle boot,PCA
0.6421809,-0.09535284,9,Ankle boot,PCA
-1.3136269,-1.0913954,4,Coat,PCA
-1.2291871,0.63365614,8,Bag,PCA
-1.4044638,-1.6881444,3,Dress,PCA
1.8100383,-0.10299892,6,Shirt,PCA
-2.322795,-0.90492487,1,Trouser,PCA
-2.9574697,0.7755621,0,T-shirt/top,PCA
-1.5921893,0.21482262,2,Pullover,PCA
-0.35485703,-1.2458544,1,Trouser,PCA
1.6698613,0.82553995,1,Trouser,PCA
2.201462,-0.7906478,1,Trouser,PCA
0.43903285,-0.47160184,3,Dress,PCA
-0.22286499,1.6904341,9,Ankle boot,PCA
0.7888597,-0.21254767,1,Trouser,PCA
-0.1939356,-1.0624825,3,Dress,PCA
-0.30497396,-1.9254689,8,Bag,PCA
-0.3209771,-0.15831845,3,Dress,PCA
0.1555644,0.090209305,1,Trouser,PCA
-0.35033336,-2.1141841,1,Trouser,PCA
0.64741904,-0.41651294,1,Trouser,PCA
-0.14294413,-0.0131413005,2,Pullover,PCA
-0.8881399,1.1733243,1,Trouser,PCA
1.4488721,-0.018814685,3,Dress,PCA
0.5266376,-1.1044856,9,Ankle boot,PCA
-0.7977667,-1.2367189,0,T-shirt/top,PCA
-0.82344186,-0.19264995,0,T-shirt/top,PCA
-0.19684924,0.09853453,7,Sneaker,PCA
-0.1728428,0.52722675,7,Sneaker,PCA
-0.50786453,0.3370563,9,Ankle boot,PCA
0.16670391,-0.4358506,4,Coat,PCA
-0.6393147,0.9942944,1,Trouser,PCA
0.7435986,-0.42261025,0,T-shirt/top,PCA
-0.48442915,0.449626,0,T-shirt/top,PCA
-0.0426474,1.1581638,3,Dress,PCA
0.5283885,0.571294,7,Sneaker,PCA
-0.032369304,0.9980122,5,Sandal,PCA
-1.3058195,-0.34138763,9,Ankle boot,PCA
-0.38944122,-0.008903913,3,Dress,PCA
-0.4825258,-0.9074758,3,Dress,PCA
0.79011804,0.049103163,7,Sneaker,PCA
1.4823633,-2.1432972,9,Ankle boot,PCA
-0.70820737,-1.3190525,5,Sandal,PCA
-0.34781736,1.5747226,1,Trouser,PCA
-0.023365982,0.34460628,0,T-shirt/top,PCA
1.5601891,-0.81070554,3,Dress,PCA
-0.7187787,-0.56719136,3,Dress,PCA
-1.0405949,0.55077714,0,T-shirt/top,PCA
-0.124033496,0.70886844,3,Dress,PCA
0.78062934,-0.42441967,0,T-shirt/top,PCA
-0.2226566,0.5172308,1,Trouser,PCA
-0.26889604,0.29835045,9,Ankle boot,PCA
0.7989665,-0.15637723,0,T-shirt/top,PCA
0.2647689,1.8932344,2,Pullover,PCA
1.7074414,1.1645746,6,Shirt,PCA
0.9553288,0.2044381,7,Sneaker,PCA
1.4074559,-0.4838169,3,Dress,PCA
0.8868847,2.297481,1,Trouser,PCA
1.9190884,0.28694987,5,Sandal,PCA
-0.52709264,-0.22493874,0,T-shirt/top,PCA
1.1123638,1.0328981,2,Pullover,PCA
-1.6514591,-0.2802742,2,Pullover,PCA
0.2380201,0.8412703,7,Sneaker,PCA
0.18235344,0.972287,7,Sneaker,PCA
-1.77383,0.4528257,2,Pullover,PCA
1.9342104,0.12071901,1,Trouser,PCA
1.3679296,0.025860038,8,Bag,PCA
-1.1293685,0.4199964,9,Ankle boot,PCA
-0.18702692,1.5910635,6,Shirt,PCA
-0.6304681,0.44281644,3,Dress,PCA
0.06739272,-1.7486103,4,Coat,PCA
-1.116319,1.1089928,9,Ankle boot,PCA
-1.1652348,0.41394463,9,Ankle boot,PCA
1.7871937,-0.53004843,7,Sneaker,PCA
-0.49071684,1.9886229,4,Coat,PCA
0.12026146,-1.143832,5,Sandal,PCA
0.8747271,-1.0931176,8,Bag,PCA
0.1587835,0.65375733,9,Ankle boot,PCA
1.3781991,-0.52175355,8,Bag,PCA
-0.3785121,0.6956706,9,Ankle boot,PCA
-1.385409,1.943003,6,Shirt,PCA
0.22619087,-1.0445155,9,Ankle boot,PCA
-0.861961,0.24059512,0,T-shirt/top,PCA
-1.6087713,0.92939067,6,Shirt,PCA
0.20969313,0.8372186,0,T-shirt/top,PCA
-1.2281325,0.91616464,5,Sandal,PCA
0.07148853,0.75203854,6,Shirt,PCA
-0.32086134,0.68339586,5,Sandal,PCA
-0.10697807,-0.28375354,2,Pullover,PCA
0.8729533,-1.1745588,8,Bag,PCA
0.017174857,1.0792743,4,Coat,PCA
0.34097552,-0.90837884,0,T-shirt/top,PCA
0.5791038,-1.3622416,3,Dress,PCA
1.285132,-0.3994915,3,Dress,PCA
-0.21610661,0.8005893,9,Ankle boot,PCA
1.8816348,0.5266389,8,Bag,PCA
-2.4468243,1.439342,4,Coat,PCA
-0.35854614,1.2732267,6,Shirt,PCA
-1.2351329,-0.5451773,0,T-shirt/top,PCA
-0.48528323,-0.66499305,2,Pullover,PCA
1.6387547,-0.7445478,8,Bag,PCA
0.20071824,-0.010163231,1,Trouser,PCA
-0.3742553,-1.0348561,0,T-shirt/top,PCA
-0.6335064,-0.7602411,3,Dress,PCA
0.35081887,-0.62535256,8,Bag,PCA
1.2867703,0.346001,0,T-shirt/top,PCA
-0.6786254,0.9944483,2,Pullover,PCA
-0.59731185,-1.4238086,8,Bag,PCA
-0.19853894,0.1157693,6,Shirt,PCA
1.4060934,-1.3913944,1,Trouser,PCA
0.100364074,0.18704005,3,Dress,PCA
-0.25414455,0.12686582,0,T-shirt/top,PCA
-2.0117261,0.40247437,8,Bag,PCA
-1.2350298,1.0821891,4,Coat,PCA
-0.12794599,0.29655847,9,Ankle boot,PCA
-0.6017263,-2.7009985,5,Sandal,PCA
1.4790125,-0.092489794,8,Bag,PCA
-1.3026166,0.3210528,4,Coat,PCA
-0.5603325,-1.1120037,8,Bag,PCA
-0.35503575,-1.1740724,0,T-shirt/top,PCA
-0.5409319,-1.0281277,3,Dress,PCA
-0.9705116,1.6468941,9,Ankle boot,PCA
2.1980174,-0.3321073,6,Shirt,PCA
2.628251,0.054158755,8,Bag,PCA
-0.5313401,-0.65000916,2,Pullover,PCA
1.0915742,1.1437136,3,Dress,PCA
0.98309726,0.42987972,7,Sneaker,PCA
0.5641302,-1.4422829,8,Bag,PCA
0.4279881,-0.44632372,1,Trouser,PCA
-0.3420041,-0.013269117,1,Trouser,PCA
-0.7475392,-0.8467547,8,Bag,PCA
0.023787128,1.1258305,6,Shirt,PCA
-0.3499986,-0.6564408,3,Dress,PCA
-1.7041429,0.62958574,4,Coat,PCA
-0.29179484,0.3461815,2,Pullover,PCA
1.3654779,-0.46423125,7,Sneaker,PCA
0.7045163,-0.5276639,2,Pullover,PCA
-1.3535756,0.43245965,8,Bag,PCA
0.5145417,-1.5620433,6,Shirt,PCA
1.0734816,0.6029331,7,Sneaker,PCA
-0.10467227,-0.15650594,8,Bag,PCA
1.5841086,0.73863083,3,Dress,PCA
0.22388813,0.33902392,4,Coat,PCA
0.011777165,-1.6551317,4,Coat,PCA
-0.64944583,0.53895813,9,Ankle boot,PCA
-0.935831,-0.3821984,5,Sandal,PCA
-0.6504528,-0.940355,3,Dress,PCA
-0.18866374,-0.28323033,5,Sandal,PCA
1.0218163,0.9360855,0,T-shirt/top,PCA
-0.026760243,-0.04215788,2,Pullover,PCA
0.981844,-0.8888008,4,Coat,PCA
-0.13588893,1.4333692,8,Bag,PCA
0.5858852,-0.5224045,6,Shirt,PCA
-0.084145024,0.5862532,7,Sneaker,PCA
-0.7645553,0.74650156,3,Dress,PCA
1.6316695,0.756494,1,Trouser,PCA
-0.24833637,0.28442264,2,Pullover,PCA
-0.07902916,-1.5219467,9,Ankle boot,PCA
0.7262802,-0.6114592,0,T-shirt/top,PCA
-0.10348669,-1.4616836,8,Bag,PCA
-0.7786773,0.066621795,9,Ankle boot,PCA
-0.6160597,1.8217788,6,Shirt,PCA
0.59887743,-0.49802718,4,Coat,PCA
0.13617982,-0.09145484,2,Pullover,PCA
-0.46919394,-0.27465534,2,Pullover,PCA
0.05781207,-0.3408456,2,Pullover,PCA
-1.0294844,-1.3266773,8,Bag,PCA
1.7359436,0.51319444,9,Ankle boot,PCA
1.4178811,0.40786633,6,Shirt,PCA
0.70303035,0.026045995,1,Trouser,PCA
-0.94466245,-0.8204206,1,Trouser,PCA
-0.65908873,2.2550924,8,Bag,PCA
-1.261698,0.3119019,5,Sandal,PCA
-1.0559947,0.39038762,9,Ankle boot,PCA
0.3017838,1.0300632,5,Sandal,PCA
-0.20611209,1.3437867,8,Bag,PCA
1.3901347,-2.1193585,9,Ankle boot,PCA
-0.28483072,0.59173965,1,Trouser,PCA
-1.2998942,-0.45001966,7,Sneaker,PCA
-0.7585782,-0.5142453,0,T-shirt/top,PCA
1.0876327,-0.3310096,6,Shirt,PCA
-0.512835,-0.72193784,1,Trouser,PCA
-0.53416675,-0.22644296,6,Shirt,PCA
-1.1475145,2.0122454,9,Ankle boot,PCA
2.3030617,-0.14672932,8,Bag,PCA
0.28799617,1.9358776,6,Shirt,PCA
0.21802276,-0.59387827,7,Sneaker,PCA
1.3834355,0.75773805,3,Dress,PCA
-2.6250894,0.018064348,8,Bag,PCA
-1.4327301,0.65426624,8,Bag,PCA
-1.1177099,0.42788413,9,Ankle boot,PCA
-0.8045282,1.674562,9,Ankle boot,PCA
1.1780276,0.27979502,2,Pullover,PCA
-0.66257584,-0.58449507,5,Sandal,PCA
-0.8175333,-0.3606175,8,Bag,PCA
-0.12525317,0.72114795,0,T-shirt/top,PCA
0.047636017,0.4162822,2,Pullover,PCA
0.98985887,1.1358432,5,Sandal,PCA
0.3332768,-1.7943747,8,Bag,PCA
1.877065,-0.3654547,8,Bag,PCA
0.89018416,-1.1474,7,Sneaker,PCA
0.87915313,-0.25841153,4,Coat,PCA
-0.5752409,-0.8606545,1,Trouser,PCA
-1.494189,-0.9837052,1,Trouser,PCA
0.6637483,-0.5131918,2,Pullover,PCA
-1.3290827,-1.3280307,7,Sneaker,PCA
-0.1666449,0.15073714,8,Bag,PCA
0.37003615,-0.015298462,7,Sneaker,PCA
-0.39931244,0.7434608,7,Sneaker,PCA
-0.13217755,0.85418415,5,Sandal,PCA
1.5545417,1.3021468,5,Sandal,PCA
0.21623762,-1.8029546,9,Ankle boot,PCA
1.0226189,0.6250789,5,Sandal,PCA
-1.6997436,0.11995238,8,Bag,PCA
-0.22543857,-0.51653963,9,Ankle boot,PCA
-1.7205294,-0.8592542,0,T-shirt/top,PCA
-0.4850994,0.11380059,4,Coat,PCA
-1.0013853,-0.08966158,4,Coat,PCA
0.41139135,0.8484609,9,Ankle boot,PCA
0.19567798,0.73732096,9,Ankle boot,PCA
0.16737095,-0.7824286,6,Shirt,PCA
1.6930054,-0.82155466,9,Ankle boot,PCA
2.477587,0.7866619,5,Sandal,PCA
-0.5926755,-1.8661284,7,Sneaker,PCA
0.69407755,-0.71719,4,Coat,PCA
-0.46842843,0.35799968,0,T-shirt/top,PCA
0.4366759,1.2009206,5,Sandal,PCA
-0.44423562,1.7034122,4,Coat,PCA
1.7353066,0.65621877,6,Shirt,PCA
-0.06265867,0.75949377,2,Pullover,PCA
0.9683232,-0.3486388,2,Pullover,PCA
-0.70898604,1.0279516,1,Trouser,PCA
-0.011216514,0.40504673,3,Dress,PCA
0.7818193,0.0012473892,7,Sneaker,PCA
0.84039456,0.42472422,7,Sneaker,PCA
1.3917948,-1.314721,9,Ankle boot,PCA
-1.1922377,0.3887204,8,Bag,PCA
-0.91723704,0.73148304,8,Bag,PCA
0.16248393,-0.49717197,3,Dress,PCA
-0.49049768,-0.23522979,6,Shirt,PCA
-0.38384715,-1.3004591,5,Sandal,PCA
0.029193956,1.036975,7,Sneaker,PCA
-0.57931995,0.010982677,3,Dress,PCA
-0.6967623,-0.84401435,4,Coat,PCA
1.0292047,0.69378775,3,Dress,PCA
-0.29595247,0.55893904,5,Sandal,PCA
-2.2449884,0.7829347,4,Coat,PCA
0.11359744,0.83495563,3,Dress,PCA
-0.0831206,-0.94661546,0,T-shirt/top,PCA
-0.5081649,-1.4280341,4,Coat,PCA
-0.9045981,-0.8523003,6,Shirt,PCA
0.851863,0.5771079,7,Sneaker,PCA
-0.038913973,0.4566978,7,Sneaker,PCA
-1.3661999,-0.15252557,6,Shirt,PCA
-1.2122308,1.2509484,4,Coat,PCA
1.189726,0.47748342,6,Shirt,PCA
0.5875195,-1.3189647,3,Dress,PCA
1.0859693,-1.1896656,0,T-shirt/top,PCA
1.4980382,0.5508863,4,Coat,PCA
-0.9405586,-0.6161738,9,Ankle boot,PCA
-2.1463118,-0.11701025,0,T-shirt/top,PCA
0.74073786,-0.87969244,6,Shirt,PCA
0.060996193,0.040221136,1,Trouser,PCA
0.22074045,-0.13993424,2,Pullover,PCA
-0.60935134,-1.2008603,2,Pullover,PCA
-1.4642893,-0.44112447,6,Shirt,PCA
-0.6812707,1.7970376,3,Dress,PCA
-1.8073533,-1.0051999,6,Shirt,PCA
-0.653976,-1.0496553,9,Ankle boot,PCA
0.18979403,-0.14834014,0,T-shirt/top,PCA
1.7748841,-1.073763,6,Shirt,PCA
0.80382276,0.87669766,2,Pullover,PCA
-1.3636581,0.3690146,9,Ankle boot,PCA
-1.3962816,-0.15237412,3,Dress,PCA
-0.5829016,0.18647197,5,Sandal,PCA
0.5617875,0.5238806,1,Trouser,PCA
-0.6023696,-0.87354344,7,Sneaker,PCA
-0.6745369,0.73434913,3,Dress,PCA
1.9228084,0.21946752,3,Dress,PCA
-0.79200244,-1.3379649,5,Sandal,PCA
0.22786637,-0.06279446,0,T-shirt/top,PCA
1.5846403,-0.15979144,7,Sneaker,PCA
-0.23522907,-0.7897929,7,Sneaker,PCA
-0.78478664,1.3257924,7,Sneaker,PCA
-0.7347917,-0.65504557,0,T-shirt/top,PCA
0.61270386,0.3562627,7,Sneaker,PCA
0.80590934,0.77001685,6,Shirt,PCA
-0.7568836,-0.40857172,7,Sneaker,PCA
0.614916,-0.1999946,3,Dress,PCA
-1.2038827,-0.21884765,3,Dress,PCA
0.10188502,0.08505163,0,T-shirt/top,PCA
0.23157018,-0.23947471,8,Bag,PCA
-0.7141324,0.18794656,5,Sandal,PCA
-0.55157256,-1.6425765,8,Bag,PCA
-0.24573445,0.5288383,8,Bag,PCA
0.36286104,-0.99229926,4,Coat,PCA
-0.13187054,0.31874448,7,Sneaker,PCA
-0.6845909,0.41607338,6,Shirt,PCA
-0.32476228,-0.20004515,6,Shirt,PCA
0.23107497,-1.4636381,3,Dress,PCA
0.33152822,-0.8337683,2,Pullover,PCA
0.6520817,-0.4797795,1,Trouser,PCA
0.29951894,1.5341749,2,Pullover,PCA
0.7120137,-0.43997335,7,Sneaker,PCA
0.64925426,1.000281,5,Sandal,PCA
2.1567228,-0.7405133,9,Ankle boot,PCA
0.14900424,-0.9249424,2,Pullover,PCA
1.107686,-1.1014148,8,Bag,PCA
0.6467489,-1.6462156,5,Sandal,PCA
-0.94043946,0.05742225,6,Shirt,PCA
0.6456951,-1.1504568,4,Coat,PCA
0.72552675,0.018870976,4,Coat,PCA
0.7849426,-0.50672394,1,Trouser,PCA
-0.8932832,1.9751647,8,Bag,PCA
0.31889927,-0.17577195,0,T-shirt/top,PCA
-0.21459919,0.8233233,7,Sneaker,PCA
-0.45304912,0.4759115,5,Sandal,PCA
0.8547405,0.25104734,6,Shirt,PCA
-1.0579141,0.72735524,8,Bag,PCA
-1.1131335,-1.2505796,5,Sandal,PCA
-0.10905883,-1.0495014,2,Pullover,PCA
-0.31569055,1.5385369,5,Sandal,PCA
-0.79673016,-0.054357402,9,Ankle boot,PCA
0.33932754,-1.4757484,4,Coat,PCA
-0.47619972,-0.32465452,2,Pullover,PCA
1.530616,-0.022862105,6,Shirt,PCA
-1.1108311,-1.9516437,3,Dress,PCA
0.7515925,0.12272408,7,Sneaker,PCA
-0.59404296,-0.5057339,6,Shirt,PCA
0.9457716,0.36521015,5,Sandal,PCA
-0.42988637,0.26854944,8,Bag,PCA
-0.9561893,1.2142105,5,Sandal,PCA
0.7370656,0.3961092,7,Sneaker,PCA
-0.27588937,-1.1159506,2,Pullover,PCA
-0.5689936,-0.6274495,7,Sneaker,PCA
-0.96429574,1.6423249,9,Ankle boot,PCA
1.3056247,0.19053015,1,Trouser,PCA
0.32000235,-0.36182076,0,T-shirt/top,PCA
2.3954897,0.7388489,8,Bag,PCA
1.3717582,-1.073811,8,Bag,PCA
0.29950377,-0.17490791,1,Trouser,PCA
-0.8014567,-0.6082276,9,Ankle boot,PCA
1.1637322,-1.5966425,3,Dress,PCA
-0.43760622,0.9602085,1,Trouser,PCA
-1.2451718,-1.3725703,7,Sneaker,PCA
0.26151627,1.3337071,5,Sandal,PCA
0.8736207,0.59651154,2,Pullover,PCA
0.43985975,0.35101795,0,T-shirt/top,PCA
1.0387352,0.73490375,3,Dress,PCA
-0.00633868,-0.0467365,9,Ankle boot,PCA
-0.25510755,1.0997064,5,Sandal,PCA
-1.1938913,-1.2427224,8,Bag,PCA
1.7791332,-0.7753464,9,Ankle boot,PCA
-1.8079841,-1.5971196,6,Shirt,PCA
-0.3396688,0.3243571,7,Sneaker,PCA
0.3294332,0.9922128,5,Sandal,PCA
0.02239468,-0.45305502,2,Pullover,PCA
0.038032822,1.1717477,0,T-shirt/top,PCA
0.07133293,1.155961,1,Trouser,PCA
1.1859013,-0.6692006,0,T-shirt/top,PCA
1.8015972,0.20393527,6,Shirt,PCA
-2.7733011,-1.9346234,3,Dress,PCA
0.10775681,-2.4043872,1,Trouser,PCA
-0.68203497,-0.5562568,3,Dress,PCA
-0.019697085,-0.020996692,4,Coat,PCA
0.28960735,-0.13417503,2,Pullover,PCA
0.41068223,0.41728392,5,Sandal,PCA
-0.12512928,-0.40393803,1,Trouser,PCA
0.70196134,0.83142,5,Sandal,PCA
1.3490732,-1.2746806,2,Pullover,PCA
-1.5222188,-1.1063553,6,Shirt,PCA
0.7599913,1.385594,2,Pullover,PCA
-0.31627437,1.4635926,9,Ankle boot,PCA
-0.8016693,-0.6182075,7,Sneaker,PCA
-0.11555758,0.85859567,5,Sandal,PCA
0.21799523,-0.08347256,3,Dress,PCA
0.4433061,-0.06631355,0,T-shirt/top,PCA
-0.51662993,-0.35349023,2,Pullover,PCA
-0.4248621,0.72144914,6,Shirt,PCA
0.33762515,0.043897204,2,Pullover,PCA
1.5006111,-0.23459369,6,Shirt,PCA
0.10118097,-1.7204468,2,Pullover,PCA
1.4692962,-0.41633,3,Dress,PCA
-0.75770587,0.4390208,9,Ankle boot,PCA
-0.7938163,0.29508266,0,T-shirt/top,PCA
1.0188859,0.5353929,4,Coat,PCA
0.717244,-0.27128202,6,Shirt,PCA
1.6843193,-1.1439264,5,Sandal,PCA
0.95010275,1.0840049,6,Shirt,PCA
-0.40151414,-0.31262425,7,Sneaker,PCA
-0.48109132,-0.7077456,2,Pullover,PCA
-0.06647541,1.469694,4,Coat,PCA
-2.0828822,0.06414979,3,Dress,PCA
0.0053109108,-1.4098395,9,Ankle boot,PCA
-0.29605022,0.95913285,3,Dress,PCA
-0.49015418,-0.70604366,7,Sneaker,PCA
-0.10492894,1.4965734,0,T-shirt/top,PCA
-0.09503697,-1.4059185,5,Sandal,PCA
1.178113,0.5744825,8,Bag,PCA
-1.2512348,1.0422065,9,Ankle boot,PCA
-0.5339017,0.28302497,1,Trouser,PCA
-1.3195167,1.0945569,9,Ankle boot,PCA
-0.31750244,-1.1628566,4,Coat,PCA
-0.08137208,-1.9367597,0,T-shirt/top,PCA
-0.84590495,0.50666606,7,Sneaker,PCA
2.2948499,0.69576323,8,Bag,PCA
-0.11439781,-1.9992678,8,Bag,PCA
-0.4260657,0.76523703,5,Sandal,PCA
-1.4230266,0.07787219,8,Bag,PCA
0.7422849,-1.1167153,4,Coat,PCA
0.125878,-1.9726646,2,Pullover,PCA
-0.26945344,-1.1907634,0,T-shirt/top,PCA
0.84914356,0.11444309,4,Coat,PCA
-1.2805556,-0.48739055,7,Sneaker,PCA
0.8432622,0.09325197,4,Coat,PCA
-0.59770507,-0.80794317,9,Ankle boot,PCA
0.025215901,0.9055455,6,Shirt,PCA
-1.1015456,0.19715942,3,Dress,PCA
0.30996916,-0.9984035,0,T-shirt/top,PCA
0.7671363,-0.99606377,0,T-shirt/top,PCA
1.5536028,-1.4807746,5,Sandal,PCA
0.52393293,-0.2780725,1,Trouser,PCA
0.95752364,0.18954708,0,T-shirt/top,PCA
0.10799235,0.2723997,7,Sneaker,PCA
0.44026464,0.65787685,2,Pullover,PCA
0.13532108,0.95694005,4,Coat,PCA
0.21906075,-0.17568807,3,Dress,PCA
0.29970732,0.52421635,2,Pullover,PCA
-0.4471588,-0.06641666,2,Pullover,PCA
-1.7412764,0.73700404,7,Sneaker,PCA
0.7055731,-0.12307435,3,Dress,PCA
-1.1582124,0.7668156,5,Sandal,PCA
-0.21278115,1.0608869,0,T-shirt/top,PCA
0.108014405,-0.54046077,9,Ankle boot,PCA
0.48132813,1.879274,3,Dress,PCA
2.191723,0.59228325,8,Bag,PCA
-0.47790253,0.64406615,5,Sandal,PCA
-0.9488187,-2.4681344,5,Sandal,PCA
-0.22630683,-0.7454344,0,T-shirt/top,PCA
1.6350688,-0.9756773,6,Shirt,PCA
1.8193595,0.16462326,7,Sneaker,PCA
0.011797681,0.0503202,8,Bag,PCA
0.18750128,0.36007327,0,T-shirt/top,PCA
0.4255027,-0.07610156,8,Bag,PCA
0.5047012,0.40841916,0,T-shirt/top,PCA
0.18849841,-1.3999431,1,Trouser,PCA
0.41288203,0.41142878,2,Pullover,PCA
0.8583143,-0.424934,1,Trouser,PCA
0.5750067,-0.41776407,7,Sneaker,PCA
1.1754233,-1.4190563,5,Sandal,PCA
0.9178677,0.9826226,2,Pullover,PCA
0.12432024,-1.9219446,8,Bag,PCA
-0.08534959,0.028038308,9,Ankle boot,PCA
-0.022749893,-2.1587465,8,Bag,PCA
1.3574455,0.46127635,2,Pullover,PCA
-0.4902809,-1.8618656,2,Pullover,PCA
-0.5764016,-0.94773465,1,Trouser,PCA
-0.49811384,-1.8116643,0,T-shirt/top,PCA
0.043043226,-0.6921668,6,Shirt,PCA
0.705331,-0.068293214,1,Trouser,PCA
0.96009403,1.4530003,3,Dress,PCA
-0.8123496,-0.6285317,0,T-shirt/top,PCA
0.08031994,-0.8097543,9,Ankle boot,PCA
-1.5572392,-1.492983,3,Dress,PCA
0.54066443,-0.6372106,0,T-shirt/top,PCA
-0.80629283,1.4200112,9,Ankle boot,PCA
-1.1355402,-0.71985126,7,Sneaker,PCA
-0.22554366,1.372559,2,Pullover,PCA
1.2341006,-0.095306955,0,T-shirt/top,PCA
-1.7512065,-1.5110947,4,Coat,PCA
-0.35009822,-0.4886637,4,Coat,PCA
1.6239138,-1.3580737,2,Pullover,PCA
0.39449453,2.0482955,4,Coat,PCA
-1.2832009,0.49591935,2,Pullover,PCA
0.3302632,0.19943309,7,Sneaker,PCA
0.21253546,-2.0713642,8,Bag,PCA
0.33358634,-1.1166413,4,Coat,PCA
1.4985232,-0.7905496,2,Pullover,PCA
0.92576104,-1.5324898,5,Sandal,PCA
-0.4326969,-1.7209843,9,Ankle boot,PCA
-0.5816344,0.43744594,1,Trouser,PCA
-0.11275065,0.3687534,7,Sneaker,PCA
0.804653,-0.7928926,4,Coat,PCA
-0.7684714,-0.075278364,2,Pullover,PCA
1.7460558,0.27562004,6,Shirt,PCA
0.53521013,-1.0534611,3,Dress,PCA
-0.99176985,-0.94329804,0,T-shirt/top,PCA
-1.3798192,-0.054873966,3,Dress,PCA
-0.43504477,1.5549433,1,Trouser,PCA
-0.8515481,0.6510798,4,Coat,PCA
-0.268503,-0.3211522,5,Sandal,PCA
0.22730689,-0.23456636,0,T-shirt/top,PCA
-0.20429462,0.82484686,0,T-shirt/top,PCA
-0.6279976,0.75543195,4,Coat,PCA
-1.6469901,0.51536846,4,Coat,PCA
-0.43493742,-0.62104416,2,Pullover,PCA
0.25579664,-0.71056587,2,Pullover,PCA
1.3401849,1.2484274,2,Pullover,PCA
-0.09811911,0.5459154,0,T-shirt/top,PCA
-0.78479534,0.09223162,2,Pullover,PCA
0.88715225,-0.6505829,2,Pullover,PCA
1.5737221,1.1876032,5,Sandal,PCA
-0.028328579,-1.6535288,0,T-shirt/top,PCA
-1.4072663,-1.1384114,0,T-shirt/top,PCA
-0.3522328,-0.11330423,0,T-shirt/top,PCA
-1.5224082,-0.1319879,9,Ankle boot,PCA
-1.1974719,0.3562823,0,T-shirt/top,PCA
-0.5755381,1.0046684,3,Dress,PCA
0.18178585,-0.12800069,1,Trouser,PCA
1.3271973,0.5083621,7,Sneaker,PCA
-1.4841697,1.6967465,9,Ankle boot,PCA
-0.023726657,-0.5067022,6,Shirt,PCA
1.941,-1.8869592,6,Shirt,PCA
1.5447459,-0.24978355,9,Ankle boot,PCA
1.0772592,0.6025369,7,Sneaker,PCA
0.27104208,0.9348043,3,Dress,PCA
-1.90772,1.533333,4,Coat,PCA
1.7505153,0.9665125,8,Bag,PCA
-0.44420642,-0.09207767,2,Pullover,PCA
-0.6427726,-0.013755461,3,Dress,PCA
-0.023977794,-0.26604536,7,Sneaker,PCA
-0.12446362,-0.49591264,3,Dress,PCA
1.9964601,-1.2640041,3,Dress,PCA
0.88880455,-0.17597058,5,Sandal,PCA
0.059452396,-0.2322823,0,T-shirt/top,PCA
0.0019298093,0.8949254,2,Pullover,PCA
-1.3316356,-0.45902786,9,Ankle boot,PCA
-0.22541356,0.21629061,0,T-shirt/top,PCA
0.76644444,-0.55071837,3,Dress,PCA
-1.19626,1.6211276,9,Ankle boot,PCA
0.70855844,1.2217395,9,Ankle boot,PCA
-0.24634933,-0.06728715,0,T-shirt/top,PCA
0.75032246,0.85964555,5,Sandal,PCA
1.0803686,0.7568041,5,Sandal,PCA
-0.83008325,1.082848,7,Sneaker,PCA
0.10685882,-2.1190372,0,T-shirt/top,PCA
-0.4811308,0.38889012,5,Sandal,PCA
-0.37152624,1.600696,2,Pullover,PCA
-0.40986264,1.3615118,6,Shirt,PCA
1.7329671,-1.1744972,1,Trouser,PCA
1.3253081,0.32525945,6,Shirt,PCA
0.58938766,-0.93469936,4,Coat,PCA
-1.7391672,-0.5005348,0,T-shirt/top,PCA
0.13977201,1.873881,2,Pullover,PCA
-0.6057101,-0.2989465,5,Sandal,PCA
0.46078083,1.3476747,7,Sneaker,PCA
0.5916701,-0.045471705,0,T-shirt/top,PCA
-0.8305516,-1.7199101,2,Pullover,PCA
0.5193146,0.27567998,2,Pullover,PCA
1.6413848,-0.4029382,3,Dress,PCA
-0.033634152,1.3958913,5,Sandal,PCA
-1.1047035,1.0829705,9,Ankle boot,PCA
1.9295319,0.82242286,5,Sandal,PCA
0.4779762,-1.6552716,8,Bag,PCA
-2.122209,0.94902664,4,Coat,PCA
-1.3305677,-0.014906203,4,Coat,PCA
0.10257101,0.6088529,9,Ankle boot,PCA
-0.37421373,0.279287,9,Ankle boot,PCA
-1.1252062,-0.7602869,3,Dress,PCA
-0.25692886,-0.2700374,6,Shirt,PCA
-0.11992285,-2.210861,9,Ankle boot,PCA
-0.15266392,-0.15810682,9,Ankle boot,PCA
0.5424338,-1.071851,9,Ankle boot,PCA
-0.5878508,2.3032324,8,Bag,PCA
-0.18656743,0.8807845,6,Shirt,PCA
-0.61996263,0.8373155,9,Ankle boot,PCA
-0.47534704,0.08718628,6,Shirt,PCA
-0.469785,0.4335282,1,Trouser,PCA
-1.0878632,0.78449327,5,Sandal,PCA
0.1979029,-1.4893667,5,Sandal,PCA
0.7550848,-0.69623667,5,Sandal,PCA
-1.7147326,0.004335681,3,Dress,PCA
-0.7285378,0.47077778,1,Trouser,PCA
0.31673896,1.6738714,1,Trouser,PCA
-0.6022536,0.53180736,9,Ankle boot,PCA
-1.4078678,-0.5207852,7,Sneaker,PCA
0.6851525,0.31499082,2,Pullover,PCA
1.3504056,-0.1924424,1,Trouser,PCA
-1.1665022,0.49443868,9,Ankle boot,PCA
-1.193166,0.6654315,3,Dress,PCA
-1.2571326,-0.44676465,9,Ankle boot,PCA
0.84147173,0.3384666,7,Sneaker,PCA
-0.32053414,0.15921298,2,Pullover,PCA
-0.0807841,-0.43077508,0,T-shirt/top,PCA
-1.0702976,0.57426304,3,Dress,PCA
-0.51989955,2.2869816,4,Coat,PCA
0.014159795,1.9089859,5,Sandal,PCA
-0.56291705,-0.5170138,3,Dress,PCA
0.3299028,-0.5029105,8,Bag,PCA
-0.53730494,-2.1602287,8,Bag,PCA
-1.7029655,-1.1462094,7,Sneaker,PCA
0.26691625,-1.9301707,4,Coat,PCA
1.4050122,-0.51277053,9,Ankle boot,PCA
-1.0583345,1.5336784,6,Shirt,PCA
-0.87287474,1.0417724,5,Sandal,PCA
-0.34283713,-0.25140184,0,T-shirt/top,PCA
0.16460964,-0.35691208,5,Sandal,PCA
-0.23185782,-0.58383507,7,Sneaker,PCA
-0.20216817,1.2608573,2,Pullover,PCA
-0.5093441,1.5593795,2,Pullover,PCA
1.7217661,-0.7535255,6,Shirt,PCA
-1.3500886,-0.1030948,7,Sneaker,PCA
0.5913616,1.3960042,2,Pullover,PCA
0.8078081,-1.2678988,1,Trouser,PCA
0.15374619,-2.0158038,9,Ankle boot,PCA
0.8573674,0.5376819,0,T-shirt/top,PCA
0.32851163,-0.2968092,6,Shirt,PCA
-2.7910695,0.9084896,0,T-shirt/top,PCA
0.25911513,0.52244985,7,Sneaker,PCA
0.2828563,0.007932152,7,Sneaker,PCA
-0.54482985,0.98432654,0,T-shirt/top,PCA
-0.5892531,-0.09378957,4,Coat,PCA
1.2399468,-0.12058543,3,Dress,PCA
-1.0555682,-0.6637045,3,Dress,PCA
0.1271067,-0.5618014,0,T-shirt/top,PCA
1.2865537,-0.008107329,6,Shirt,PCA
-0.33222595,-1.8898453,6,Shirt,PCA
0.7726042,0.43861297,0,T-shirt/top,PCA
-1.5991571,-0.7081348,7,Sneaker,PCA
-0.6964941,-0.417532,3,Dress,PCA
1.4090143,-0.012921974,7,Sneaker,PCA
1.4838595,1.3774366,5,Sandal,PCA
-0.65034735,0.33212084,0,T-shirt/top,PCA
-2.3976948,-0.83085227,4,Coat,PCA
-0.64497834,0.8098769,9,Ankle boot,PCA
1.5792806,1.2730238,3,Dress,PCA
-0.48681524,-1.0798459,5,Sandal,PCA
-0.20057696,-0.8033261,7,Sneaker,PCA
-1.0273359,-0.5847996,2,Pullover,PCA
-0.78948474,-1.0693688,7,Sneaker,PCA
-0.0659239,0.05351919,1,Trouser,PCA
0.77785486,-0.9266975,0,T-shirt/top,PCA
0.41761124,0.6334729,3,Dress,PCA
-0.3058346,-0.8297589,5,Sandal,PCA
-1.0069798,0.32980558,9,Ankle boot,PCA
-0.7696925,-1.3995389,2,Pullover,PCA
-0.2405833,1.6277182,0,T-shirt/top,PCA
-0.56714857,0.78881824,2,Pullover,PCA
-0.45839092,-1.0958637,7,Sneaker,PCA
-0.5318789,0.83409417,0,T-shirt/top,PCA
-1.0818231,-1.9692705,6,Shirt,PCA
-1.0287474,-0.07523672,2,Pullover,PCA
-1.6709816,-1.5177264,0,T-shirt/top,PCA
1.2079419,0.4404414,5,Sandal,PCA
-0.17854127,1.071936,1,Trouser,PCA
0.3590472,0.1020457,4,Coat,PCA
0.40178275,1.3040688,5,Sandal,PCA
0.024512513,0.5865762,1,Trouser,PCA
0.052708544,0.8090631,9,Ankle boot,PCA
0.62364566,1.6937901,1,Trouser,PCA
0.03207513,1.4159492,4,Coat,PCA
0.41175225,-0.76408124,5,Sandal,PCA
-0.8572369,-0.91414493,7,Sneaker,PCA
-0.60219747,-0.8507328,5,Sandal,PCA
-2.4860437,2.3861532,0,T-shirt/top,PCA
0.19568664,0.76591456,4,Coat,PCA
-0.9087469,-0.8001376,7,Sneaker,PCA
0.2522778,0.23735474,2,Pullover,PCA
0.005241446,0.23337339,5,Sandal,PCA
-0.11363277,0.009883016,9,Ankle boot,PCA
