component_1,component_2,label,class_name,method
-3.2518368,2.556356,0,T-shirt/top,UMAP
0.4241968,-1.2082907,6,Shirt,UMAP
12.589405,4.806856,5,Sandal,UMAP
13.971747,4.961853,7,Sneaker,UMAP
14.401615,3.0104883,7,Sneaker,UMAP
3.429742,4.312989,8,Bag,UMAP
14.572597,2.3809602,9,Ankle boot,UMAP
1.4673538,0.680527,6,Shirt,UMAP
1.1234726,-1.9671521,2,Pullover,UMAP
1.128389,-3.1163683,2,Pullover,UMAP
-0.5700707,1.0793552,3,Dress,UMAP
0.966784,-2.67582,4,Coat,UMAP
14.141165,3.1942585,9,Ankle boot,UMAP
-0.71799004,6.8750486,1,Trouser,UMAP
13.900074,5.0134587,7,Sneaker,UMAP
0.4794126,-2.471272,2,Pullover,UMAP
-3.8587644,1.3458769,0,T-shirt/top,UMAP
0.15743388,-1.4579185,4,Coat,UMAP
-2.63251,4.1815324,3,Dress,UMAP
13.646002,0.47236866,9,Ankle boot,UMAP
-3.1258652,2.6647046,0,T-shirt/top,UMAP
13.867703,2.4368327,9,Ankle boot,UMAP
-3.1708043,2.8220947,6,Shirt,UMAP
-0.4652075,-0.30691728,4,Coat,UMAP
14.512973,2.686689,9,Ankle boot,UMAP
14.263297,3.8223052,7,Sneaker,UMAP
14.34861,2.2869303,9,Ankle boot,UMAP
-2.6072488,2.0470264,0,T-shirt/top,UMAP
1.0420752,0.9893779,6,Shirt,UMAP
0.38489076,-2.0834808,2,Pullover,UMAP
-4.1378803,2.1112072,0,T-shirt/top,UMAP
13.894018,5.879048,7,Sneaker,UMAP
14.661846,3.013762,7,Sneaker,UMAP
-3.4651878,1.598896,0,T-shirt/top,UMAP
12.442511,4.204021,5,Sandal,UMAP
0.95002204,-1.106434,4,Coat,UMAP
-0.09651502,-0.94283026,6,Shirt,UMAP
13.572411,5.192458,7,Sneaker,UMAP
12.1022625,4.9447875,5,Sandal,UMAP
12.750243,5.642061,7,Sneaker,UMAP
13.397051,5.6745906,7,Sneaker,UMAP
-1.6056148,5.0317135,3,Dress,UMAP
1.7504715,-1.0247561,4,Coat,UMAP
-1.9394358,4.6382794,3,Dress,UMAP
-2.045934,6.9121985,1,Trouser,UMAP
2.1440995,-0.35432112,2,Pullover,UMAP
11.988595,5.1761546,5,Sandal,UMAP
3.8058858,3.9403286,8,Bag,UMAP
0.12887444,-1.7962286,2,Pullover,UMAP
-4.2012334,1.2627585,6,Shirt,UMAP
13.875189,4.9608936,7,Sneaker,UMAP
13.279086,1.2758553,9,Ankle boot,UMAP
14.031774,4.976725,7,Sneaker,UMAP
4.13606,1.0899901,8,Bag,UMAP
4.01231,3.915478,8,Bag,UMAP
-4.0451627,1.8698258,6,Shirt,UMAP
0.018311609,-0.069930986,4,Coat,UMAP
-2.7907932,6.9024353,1,Trouser,UMAP
0.83867174,-0.6022611,6,Shirt,UMAP
-3.6108294,0.94004023,6,Shirt,UMAP
-1.5672421,4.1660476,1,Trouser,UMAP
0.6207531,-1.9671569,6,Shirt,UMAP
13.998707,5.4792967,7,Sneaker,UMAP
-2.4659646,3.9832585,3,Dress,UMAP
2.3122823,-0.07177992,2,Pullover,UMAP
14.184797,1.123287,9,Ankle boot,UMAP
-1.8455,7.0444407,1,Trouser,UMAP
12.675785,1.1907188,5,Sandal,UMAP
4.4513893,3.8177106,8,Bag,UMAP
-2.8055716,6.8654585,1,Trouser,UMAP
-2.88446,2.8293893,6,Shirt,UMAP
-0.5340356,0.20065506,4,Coat,UMAP
12.727694,4.53906,5,Sandal,UMAP
-0.864598,1.5327753,3,Dress,UMAP
0.06346156,-1.210035,2,Pullover,UMAP
0.27887508,-1.6904352,4,Coat,UMAP
4.1340766,3.743119,8,Bag,UMAP
-3.0676212,1.0561664,0,T-shirt/top,UMAP
-2.1396246,6.741646,1,Trouser,UMAP
-1.768967,5.0423436,3,Dress,UMAP
4.582088,1.1526614,8,Bag,UMAP
-3.4529538,1.8353636,0,T-shirt/top,UMAP
-0.44016856,1.1617596,3,Dress,UMAP
-2.9955103,1.4272246,0,T-shirt/top,UMAP
-1.7868285,6.3717294,1,Trouser,UMAP
-3.282183,3.305596,0,T-shirt/top,UMAP
0.8294533,-1.1793822,2,Pullover,UMAP
1.2222557,-0.55212796,6,Shirt,UMAP
13.811314,3.6354747,8,Bag,UMAP
4.357948,1.2446706,8,Bag,UMAP
11.571769,5.713101,5,Sandal,UMAP
1.9053117,-1.6510987,4,Coat,UMAP
13.125097,6.153436,7,Sneaker,UMAP
13.288435,1.2704061,9,Ankle boot,UMAP
5.064685,2.465436,8,Bag,UMAP
0.83336127,-2.250675,4,Coat,UMAP
14.37466,1.9820707,9,Ankle boot,UMAP
-0.26369777,-0.34053814,6,Shirt,UMAP
-2.5479455,4.3387933,3,Dress,UMAP
14.068824,5.013354,7,Sneaker,UMAP
4.7861185,1.3707687,8,Bag,UMAP
5.026234,1.3648782,8,Bag,UMAP
-1.9620597,3.0001168,8,Bag,UMAP
13.789578,2.5693877,5,Sandal,UMAP
-1.8898093,6.2313185,1,Trouser,UMAP
-1.9474223,6.3829994,1,Trouser,UMAP
-1.768112,3.8424473,0,T-shirt/top,UMAP
-1.5704563,3.8765004,3,Dress,UMAP
13.955659,4.9381814,7,Sneaker,UMAP
1.3806107,0.80616874,6,Shirt,UMAP
-2.3020205,4.2636876,3,Dress,UMAP
13.388791,1.8406281,9,Ankle boot,UMAP
3.4324477,4.3382816,8,Bag,UMAP
0.98320645,-1.2422163,4,Coat,UMAP
0.6484226,-0.6759543,6,Shirt,UMAP
12.24325,1.5915934,5,Sandal,UMAP
0.8868828,-1.6821886,2,Pullover,UMAP
4.3284845,3.8118834,8,Bag,UMAP
12.684792,5.925856,7,Sneaker,UMAP
-2.7217515,1.8603522,3,Dress,UMAP
0.823742,-2.5909224,2,Pullover,UMAP
13.975914,5.552558,7,Sneaker,UMAP
-3.9070518,2.213684,0,T-shirt/top,UMAP
1.2405353,-3.0926406,2,Pullover,UMAP
14.451384,3.8345547,7,Sneaker,UMAP
1.7751676,-2.1025617,4,Coat,UMAP
-3.006042,1.7924832,0,T-shirt/top,UMAP
12.478866,1.4279352,5,Sandal,UMAP
4.2892947,3.9698539,8,Bag,UMAP
-1.941353,8.212299,1,Trouser,UMAP
12.901799,4.60319,5,Sandal,UMAP
-4.1307807,1.7021626,0,T-shirt/top,UMAP
-0.69805187,1.7672248,3,Dress,UMAP
13.951705,3.4372306,9,Ankle boot,UMAP
4.5958557,3.201717,8,Bag,UMAP
-4.050602,2.0139217,0,T-shirt/top,UMAP
13.227332,6.3985357,7,Sneaker,UMAP
1.8986342,-0.9025465,6,Shirt,UMAP
12.612417,1.289575,3,Dress,UMAP
-1.4239718,7.103328,1,Trouser,UMAP
-0.21242158,-1.9198313,2,Pullover,UMAP
-0.4788271,-1.7878504,4,Coat,UMAP
-3.524526,2.6366794,0,T-shirt/top,UMAP
4.7190647,1.8522078,8,Bag,UMAP
-3.8154168,1.8122145,0,T-shirt/top,UMAP
-4.0217433,2.1835594,0,T-shirt/top,UMAP
5.15388,1.509906,8,Bag,UMAP
4.6090727,3.9049566,8,Bag,UMAP
13.2765465,1.3037436,9,Ankle boot,UMAP
13.455098,1.4681854,9,Ankle boot,UMAP
-0.008724639,0.7771202,4,Coat,UMAP
-4.0364795,2.0581887,0,T-shirt/top,UMAP
-1.6154926,5.8819156,3,Dress,UMAP
3.851544,3.9291575,8,Bag,UMAP
-2.7526376,2.1068692,3,Dress,UMAP
12.927382,6.366902,7,Sneaker,UMAP
-0.52512085,-0.018003587,4,Coat,UMAP
1.6551534,-1.3191301,6,Shirt,UMAP
11.944101,1.4016261,5,Sandal,UMAP
1.5410615,-1.9930593,4,Coat,UMAP
-1.8496689,3.510978,6,Shirt,UMAP
1.6913291,-2.106706,6,Shirt,UMAP
-1.5614945,7.4503794,1,Trouser,UMAP
14.183666,1.938563,9,Ankle boot,UMAP
0.3328833,-0.93137735,6,Shirt,UMAP
-0.32727635,1.2971213,3,Dress,UMAP
1.8277801,-1.150129,2,Pullover,UMAP
-0.5834327,0.82649463,3,Dress,UMAP
0.18847515,0.6698523,4,Coat,UMAP
11.937145,1.2233196,5,Sandal,UMAP
-2.335086,6.927276,1,Trouser,UMAP
1.3978311,-0.39772302,2,Pullover,UMAP
4.2722116,3.9927318,8,Bag,UMAP
-2.3502254,7.014431,1,Trouser,UMAP
-0.62388754,0.82048774,4,Coat,UMAP
14.0023985,2.3466384,9,Ankle boot,UMAP
12.506664,2.189719,5,Sandal,UMAP
1.0308543,-1.1159557,6,Shirt,UMAP
0.71490604,-2.3409197,4,Coat,UMAP
-4.254476,1.7154753,0,T-shirt/top,UMAP
-2.155027,4.4753056,3,Dress,UMAP
14.384396,1.1686281,9,Ankle boot,UMAP
-1.6880231,7.4955244,1,Trouser,UMAP
-3.8027663,2.7248356,0,T-shirt/top,UMAP
14.001985,2.367835,9,Ankle boot,UMAP
0.46959183,-0.47988093,2,Pullover,UMAP
11.67776,5.4320574,5,Sandal,UMAP
1.1441735,-0.45012,6,Shirt,UMAP
13.126569,2.164627,5,Sandal,UMAP
3.6738913,4.372775,8,Bag,UMAP
-4.3521194,1.5932827,0,T-shirt/top,UMAP
0.84483033,-2.577288,4,Coat,UMAP
-0.6912065,0.86854434,3,Dress,UMAP
4.4431973,4.018014,8,Bag,UMAP
-1.1011869,1.6206495,4,Coat,UMAP
-3.0152745,1.3398064,0,T-shirt/top,UMAP
3.957013,3.9304087,8,Bag,UMAP
12.945,5.5779176,7,Sneaker,UMAP
-3.212867,2.168075,0,T-shirt/top,UMAP
-2.8103256,6.8128214,1,Trouser,UMAP
-1.9962605,2.7821229,0,T-shirt/top,UMAP
0.20151804,-1.6585343,4,Coat,UMAP
0.6141511,-2.1034012,2,Pullover,UMAP
-4.468247,1.5437024,0,T-shirt/top,UMAP
12.356543,3.9769645,5,Sandal,UMAP
4.400475,3.842491,8,Bag,UMAP
1.8618332,-0.0055497396,2,Pullover,UMAP
-3.1814883,4.0376706,3,Dress,UMAP
0.6698761,0.309116,3,Dress,UMAP
11.89399,5.0568986,5,Sandal,UMAP
-1.963512,7.98462,1,Trouser,UMAP
13.921217,5.3444448,7,Sneaker,UMAP
13.619717,0.5199317,9,Ankle boot,UMAP
-1.7680789,5.2136497,3,Dress,UMAP
-3.5629525,1.4007274,0,T-shirt/top,UMAP
13.644996,0.6426805,9,Ankle boot,UMAP
11.932566,1.3910418,5,Sandal,UMAP
-4.18265,1.5954152,0,T-shirt/top,UMAP
-2.6096697,4.3111835,3,Dress,UMAP
14.170561,2.4248192,9,Ankle boot,UMAP
0.16351098,-0.78383565,4,Coat,UMAP
14.085323,1.4125007,9,Ankle boot,UMAP
-3.8738515,0.91044307,0,T-shirt/top,UMAP
1.0900084,-0.459665,6,Shirt,UMAP
-3.2605898,1.0336347,0,T-shirt/top,UMAP
-1.5833654,3.726725,3,Dress,UMAP
5.052084,1.6524365,8,Bag,UMAP
-2.1485226,2.236886,0,T-shirt/top,UMAP
-2.2108085,2.1261835,0,T-shirt/top,UMAP
12.549815,1.6940241,5,Sandal,UMAP
-0.8138944,1.4398532,3,Dress,UMAP
-1.9898534,7.1696897,1,Trouser,UMAP
-0.07067743,0.01559804,6,Shirt,UMAP
-4.4210973,1.708012,0,T-shirt/top,UMAP
1.1723776,-2.6712286,2,Pullover,UMAP
-0.5817687,0.731185,3,Dress,UMAP
-1.4537737,7.6914105,1,Trouser,UMAP
-2.0911086,4.36919,3,Dress,UMAP
14.457874,1.5201895,9,Ankle boot,UMAP
11.967278,1.3355688,5,Sandal,UMAP
5.281507,1.8277214,8,Bag,UMAP
-1.9057529,7.824229,1,Trouser,UMAP
-2.6524656,6.4443417,1,Trouser,UMAP
0.72447044,-2.3856218,4,Coat,UMAP
14.798704,3.3773856,7,Sneaker,UMAP
2.2086995,0.672915,6,Shirt,UMAP
-0.07492672,0.8923174,3,Dress,UMAP
-3.284051,1.3854821,0,T-shirt/top,UMAP
4.69178,3.1041927,8,Bag,UMAP
-0.024962962,0.6536979,6,Shirt,UMAP
-1.4863803,3.8548627,3,Dress,UMAP
-2.3340774,3.0267556,6,Shirt,UMAP
0.07294443,0.17074913,4,Coat,UMAP
0.3799839,-2.1281548,4,Coat,UMAP
-0.0377363,-1.9689001,4,Coat,UMAP
-0.21413456,-2.0436244,4,Coat,UMAP
2.033171,-1.6927185,2,Pullover,UMAP
-1.9979014,4.7042584,3,Dress,UMAP
0.9178131,-0.17281057,4,Coat,UMAP
13.7695465,0.5460065,9,Ankle boot,UMAP
4.328501,4.086803,8,Bag,UMAP
0.5271171,-0.23988394,6,Shirt,UMAP
1.0020401,0.8912423,0,T-shirt/top,UMAP
14.784945,3.4762793,7,Sneaker,UMAP
14.494854,2.3737788,9,Ankle boot,UMAP
12.083293,4.8141594,5,Sandal,UMAP
0.2593891,-2.1912825,4,Coat,UMAP
-4.2185073,2.0889645,0,T-shirt/top,UMAP
2.00769,-0.86553997,2,Pullover,UMAP
-2.5696669,6.8283167,1,Trouser,UMAP
3.469833,4.0680084,8,Bag,UMAP
4.975909,1.3005369,8,Bag,UMAP
5.076343,1.3443177,8,Bag,UMAP
-4.080839,2.1576238,0,T-shirt/top,UMAP
12.427047,1.8635736,5,Sandal,UMAP
1.0612859,-3.0132992,2,Pullover,UMAP
4.7714057,1.2440686,8,Bag,UMAP
0.8748358,-3.109784,6,Shirt,UMAP
14.347376,3.8121543,7,Sneaker,UMAP
4.5015254,4.0575914,8,Bag,UMAP
-1.3150367,6.890947,3,Dress,UMAP
13.773493,1.8531455,9,Ankle boot,UMAP
-2.2101035,3.4102266,6,Shirt,UMAP
-1.9572158,6.696152,1,Trouser,UMAP
-1.5188287,7.669784,1,Trouser,UMAP
-1.9245518,3.9197807,3,Dress,UMAP
-1.8768744,7.86987,1,Trouser,UMAP
-0.019183949,-1.6383303,6,Shirt,UMAP
0.6848404,-2.8929105,6,Shirt,UMAP
2.0123162,-0.59454745,2,Pullover,UMAP
1.5538774,-0.72905326,2,Pullover,UMAP
4.3718596,3.6442845,8,Bag,UMAP
0.8548446,-0.52484304,6,Shirt,UMAP
-1.9262009,2.6013703,0,T-shirt/top,UMAP
-2.242333,4.4203973,3,Dress,UMAP
-1.9540024,4.02746,3,Dress,UMAP
2.162629,-1.0812448,2,Pullover,UMAP
-1.8129656,3.768764,3,Dress,UMAP
14.20782,1.8260225,9,Ankle boot,UMAP
0.59838,-0.3096153,4,Coat,UMAP
-3.89202,2.2230322,0,T-shirt/top,UMAP
-3.5306537,2.485804,6,Shirt,UMAP
11.840965,5.3173366,5,Sandal,UMAP
-3.874313,2.2353206,0,T-shirt/top,UMAP
-0.3566613,-0.10797212,4,Coat,UMAP
0.61859995,-0.77338666,4,Coat,UMAP
12.8623295,6.2581525,7,Sneaker,UMAP
13.999625,1.9189526,9,Ankle boot,UMAP
0.27714783,-0.14367568,2,Pullover,UMAP
13.615931,5.883144,7,Sneaker,UMAP
4.5178165,3.70817,8,Bag,UMAP
14.327522,3.3335865,7,Sneaker,UMAP
-2.0191069,7.2905393,1,Trouser,UMAP
1.0693154,-3.0056517,4,Coat,UMAP
-0.05155699,-0.96986467,6,Shirt,UMAP
12.132954,4.689632,5,Sandal,UMAP
-1.6478307,7.346095,1,Trouser,UMAP
14.272369,2.908016,9,Ankle boot,UMAP
12.40684,4.6276364,5,Sandal,UMAP
0.62076795,-0.78726345,6,Shirt,UMAP
-2.9295485,1.5192682,0,T-shirt/top,UMAP
1.0373743,-3.0925689,2,Pullover,UMAP
-2.4397876,3.0911696,0,T-shirt/top,UMAP
12.600046,5.484655,8,Bag,UMAP
0.8990676,-2.195321,4,Coat,UMAP
13.947513,4.980215,7,Sneaker,UMAP
-4.341932,2.0572445,0,T-shirt/top,UMAP
-4.137185,2.4156466,0,T-shirt/top,UMAP
-2.6622436,0.9508889,6,Shirt,UMAP
-0.15065803,0.08197071,2,Pullover,UMAP
0.23893745,-1.8410901,4,Coat,UMAP
-2.1960385,4.782918,3,Dress,UMAP
13.980908,5.0070004,7,Sneaker,UMAP
-1.6482693,5.1165123,3,Dress,UMAP
-0.14530863,-1.1611995,4,Coat,UMAP
1.2869776,-2.5480137,2,Pullover,UMAP
-1.6084001,4.926615,3,Dress,UMAP
12.99199,6.063392,7,Sneaker,UMAP
0.91791624,-2.6988432,4,Coat,UMAP
12.225941,1.4872429,5,Sandal,UMAP
13.574514,5.034967,7,Sneaker,UMAP
12.592032,1.7188622,5,Sandal,UMAP
-4.0517573,1.5704509,0,T-shirt/top,UMAP
14.022171,2.6958642,5,Sandal,UMAP
0.42578086,-0.8466879,6,Shirt,UMAP
13.020737,6.429752,7,Sneaker,UMAP
-0.93634367,7.09001,1,Trouser,UMAP
4.445907,3.905532,8,Bag,UMAP
14.235219,2.3897054,9,Ankle boot,UMAP
-1.8246953,8.035632,1,Trouser,UMAP
-3.6128104,2.2306504,0,T-shirt/top,UMAP
-0.72971725,6.8922215,1,Trouser,UMAP
13.992105,5.268339,7,Sneaker,UMAP
-1.0142102,2.1668596,8,Bag,UMAP
14.190049,2.044903,9,Ankle boot,UMAP
0.7376904,-0.8490246,6,Shirt,UMAP
13.911199,1.9670088,9,Ankle boot,UMAP
-3.1290853,3.9537158,3,Dress,UMAP
-4.2857246,2.192076,0,T-shirt/top,UMAP
0.33440018,-0.38156328,6,Shirt,UMAP
-0.3514018,-1.8370876,4,Coat,UMAP
0.5543967,-2.724025,2,Pullover,UMAP
13.042859,5.5136805,7,Sneaker,UMAP
13.157846,5.672413,7,Sneaker,UMAP
1.0380112,-2.8354504,4,Coat,UMAP
11.446392,5.9620132,5,Sandal,UMAP
-0.5149034,-1.4418254,2,Pullover,UMAP
1.1176805,-2.312497,4,Coat,UMAP
1.1697514,-3.1545348,4,Coat,UMAP
0.9586239,-0.27525944,6,Shirt,UMAP
13.730288,5.6321316,7,Sneaker,UMAP
-1.3636187,6.9378185,1,Trouser,UMAP
14.455684,1.6908911,9,Ankle boot,UMAP
1.3325449,0.5789463,6,Shirt,UMAP
1.7859529,0.026217842,6,Shirt,UMAP
11.581362,5.7323365,5,Sandal,UMAP
-4.187392,1.9215175,0,T-shirt/top,UMAP
-1.2444147,1.6273459,3,Dress,UMAP
-1.9092181,8.155184,1,Trouser,UMAP
-1.9140198,3.595487,0,T-shirt/top,UMAP
14.338546,2.537857,9,Ankle boot,UMAP
-4.1952662,1.6958414,0,T-shirt/top,UMAP
-1.690508,4.664698,3,Dress,UMAP
1.9158262,-1.2863321,2,Pullover,UMAP
2.2210927,-0.21934605,2,Pullover,UMAP
1.0831418,0.013489497,2,Pullover,UMAP
13.781352,0.5407908,9,Ankle boot,UMAP
2.1871514,-0.23879302,2,Pullover,UMAP
-0.36408257,0.6559857,4,Coat,UMAP
0.11933748,-2.0921974,4,Coat,UMAP
14.448331,1.9560273,9,Ankle boot,UMAP
4.265503,1.5750179,8,Bag,UMAP
-1.1787076,1.4375908,6,Shirt,UMAP
14.069479,5.070901,7,Sneaker,UMAP
-2.1649926,4.3354564,3,Dress,UMAP
-1.8666264,7.8062863,1,Trouser,UMAP
-2.0995767,6.6947374,1,Trouser,UMAP
-2.2584178,2.284128,6,Shirt,UMAP
-2.227719,4.737817,3,Dress,UMAP
13.0681925,6.4366097,7,Sneaker,UMAP
-0.3512547,0.49048495,4,Coat,UMAP
-0.73066664,1.6137047,4,Coat,UMAP
-0.5638948,-1.6604167,2,Pullover,UMAP
13.805964,5.5925555,7,Sneaker,UMAP
-2.0571876,4.2285542,3,Dress,UMAP
13.825602,0.55912834,9,Ankle boot,UMAP
11.945698,5.018294,5,Sandal,UMAP
12.727476,4.6409855,5,Sandal,UMAP
13.7879305,2.2707534,9,Ankle boot,UMAP
-0.012350909,-0.93348354,6,Shirt,UMAP
14.352763,2.6143732,9,Ankle boot,UMAP
1.0963529,-1.8410032,2,Pullover,UMAP
-2.714542,4.24019,3,Dress,UMAP
1.9719853,-0.85073966,2,Pullover,UMAP
2.0870745,-0.04891561,2,Pullover,UMAP
4.5253787,1.6546177,8,Bag,UMAP
2.1190627,-1.6468484,6,Shirt,UMAP
0.2419177,-1.9905106,4,Coat,UMAP
13.116915,5.4667263,7,Sneaker,UMAP
14.211452,1.3692803,9,Ankle boot,UMAP
4.3263254,1.3854188,8,Bag,UMAP
0.47680673,0.5649115,6,Shirt,UMAP
13.973601,5.650816,7,Sneaker,UMAP
12.664315,4.8397603,5,Sandal,UMAP
14.127922,2.2888455,9,Ankle boot,UMAP
2.1388383,-0.948607,2,Pullover,UMAP
4.2269816,1.4610115,8,Bag,UMAP
-2.21936,7.144357,1,Trouser,UMAP
14.247733,1.7954166,9,Ankle boot,UMAP
-0.15053003,1.1786631,4,Coat,UMAP
14.313355,1.1132491,9,Ankle boot,UMAP
13.095035,1.239989,9,Ankle boot,UMAP
0.7181721,-0.5942133,6,Shirt,UMAP
-3.5921204,1.0333241,0,T-shirt/top,UMAP
12.558778,4.9529862,5,Sandal,UMAP
-3.9660673,1.8353947,0,T-shirt/top,UMAP
3.513094,3.9810386,8,Bag,UMAP
1.6659988,0.080902204,6,Shirt,UMAP
4.837174,1.3587875,8,Bag,UMAP
-1.0987842,7.521523,1,Trouser,UMAP
-0.3706356,0.16361532,4,Coat,UMAP
-0.360767,-1.9407794,4,Coat,UMAP
13.121553,6.389282,7,Sneaker,UMAP
-0.51627225,0.6277695,3,Dress,UMAP
-0.61844563,0.979029,3,Dress,UMAP
2.174996,0.3560715,2,Pullover,UMAP
-2.0447285,3.6286194,3,Dress,UMAP
-2.0798206,6.615644,1,Trouser,UMAP
-3.3754177,1.0508783,0,T-shirt/top,UMAP
-0.6218182,0.5339409,4,Coat,UMAP
-1.4533072,2.4985673,4,Coat,UMAP
13.820712,0.5246629,9,Ankle boot,UMAP
1.7296212,0.7521962,6,Shirt,UMAP
-4.545962,1.7702516,0,T-shirt/top,UMAP
14.273321,1.858154,9,Ankle boot,UMAP
4.193904,3.947998,8,Bag,UMAP
4.1726584,4.3340087,8,Bag,UMAP
-0.22883949,1.2274224,3,Dress,UMAP
14.135897,2.8544662,9,Ankle boot,UMAP
14.710712,3.2399025,7,Sneaker,UMAP
-3.6883497,2.7855582,0,T-shirt/top,UMAP
-1.2094402,6.885942,1,Trouser,UMAP
0.7708395,-0.4546155,2,Pullover,UMAP
-1.5733602,4.600523,3,Dress,UMAP
-2.6222415,4.2869115,3,Dress,UMAP
-2.2409163,4.2585535,3,Dress,UMAP
13.621362,4.960147,5,Sandal,UMAP
1.0266428,-0.6726967,6,Shirt,UMAP
-3.6918805,1.1657785,6,Shirt,UMAP
-1.9071065,8.117473,1,Trouser,UMAP
-2.4860284,3.216541,6,Shirt,UMAP
-1.8921808,5.816817,3,Dress,UMAP
-2.263979,4.4459367,3,Dress,UMAP
12.169239,1.1217636,5,Sandal,UMAP
3.7774456,3.8177943,8,Bag,UMAP
1.432076,-1.5680584,4,Coat,UMAP
4.046336,4.461758,8,Bag,UMAP
14.019052,5.761818,7,Sneaker,UMAP
-3.274571,2.7006547,6,Shirt,UMAP
13.692804,5.149769,7,Sneaker,UMAP
0.15248312,-0.27325845,2,Pullover,UMAP
-0.6702364,6.832599,1,Trouser,UMAP
-0.86349607,6.9278054,1,Trouser,UMAP
-1.691418,4.8096476,3,Dress,UMAP
4.4378767,2.2933712,8,Bag,UMAP
0.30025393,-0.92693365,6,Shirt,UMAP
-3.0550299,1.8938206,0,T-shirt/top,UMAP
13.963148,2.33623,9,Ankle boot,UMAP
13.851084,5.1548414,7,Sneaker,UMAP
13.044168,0.7380197,5,Sandal,UMAP
4.550133,3.309476,8,Bag,UMAP
2.08964,-0.4290067,2,Pullover,UMAP
-2.0301418,4.512191,3,Dress,UMAP
12.320154,3.7704206,5,Sandal,UMAP
14.423126,2.3956137,9,Ankle boot,UMAP
12.787239,5.6199417,7,Sneaker,UMAP
-2.9949691,1.3617338,0,T-shirt/top,UMAP
-2.725978,6.985629,1,Trouser,UMAP
-1.966496,6.993622,1,Trouser,UMAP
13.498832,1.4625746,9,Ankle boot,UMAP
4.827372,1.2305769,8,Bag,UMAP
-3.3464637,1.223027,6,Shirt,UMAP
2.9980857,0.25698942,0,T-shirt/top,UMAP
-4.0238724,1.729823,0,T-shirt/top,UMAP
-1.9152029,6.648225,1,Trouser,UMAP
2.1473117,-0.80939895,2,Pullover,UMAP
1.5585296,-1.0615213,2,Pullover,UMAP
-0.15969172,1.0798444,4,Coat,UMAP
-0.5308973,-1.6956773,4,Coat,UMAP
4.835599,2.0216575,8,Bag,UMAP
-2.0004516,7.1105847,1,Trouser,UMAP
4.485457,1.912388,3,Dress,UMAP
14.631404,3.2505748,7,Sneaker,UMAP
-3.1566489,4.03525,3,Dress,UMAP
1.6093401,-1.1384586,6,Shirt,UMAP
-1.8502147,8.090125,1,Trouser,UMAP
1.2044169,0.9633364,0,T-shirt/top,UMAP
11.921149,1.3294396,5,Sandal,UMAP
-4.403113,1.2780291,0,T-shirt/top,UMAP
-1.4686644,6.945536,1,Trouser,UMAP
12.777563,6.25973,7,Sneaker,UMAP
-0.52668524,1.2326314,3,Dress,UMAP
14.326438,2.7459884,9,Ankle boot,UMAP
-1.5879657,3.933361,8,Bag,UMAP
-2.2780852,4.525019,3,Dress,UMAP
13.491114,1.6449553,9,Ankle boot,UMAP
1.4997976,0.24369092,6,Shirt,UMAP
13.982035,0.7530751,9,Ankle boot,UMAP
12.087809,1.3961153,5,Sandal,UMAP
0.10711748,-1.5749663,4,Coat,UMAP
13.103003,6.448438,7,Sneaker,UMAP
-1.8079427,3.8538995,0,T-shirt/top,UMAP
-1.6812195,3.8780365,3,Dress,UMAP
14.610093,1.8161775,9,Ankle boot,UMAP
12.93996,6.1546917,7,Sneaker,UMAP
14.198901,2.5424507,9,Ankle boot,UMAP
-3.4151025,0.8865739,6,Shirt,UMAP
1.0779699,-3.1200953,4,Coat,UMAP
12.334162,4.6591053,5,Sandal,UMAP
4.6824245,1.2575532,6,Shirt,UMAP
0.52626735,0.03844422,2,Pullover,UMAP
-1.838741,8.032218,1,Trouser,UMAP
12.067235,1.2711438,5,Sandal,UMAP
-1.666156,3.8171911,3,Dress,UMAP
-0.31822327,-1.878049,4,Coat,UMAP
-2.1241698,7.0654445,1,Trouser,UMAP
11.94298,1.3203034,5,Sandal,UMAP
12.446916,1.1902536,5,Sandal,UMAP
4.7620263,3.0210464,8,Bag,UMAP
5.2019544,1.4355916,8,Bag,UMAP
14.1068125,2.5163565,9,Ankle boot,UMAP
1.1386756,-2.3861065,4,Coat,UMAP
14.083825,1.5690726,9,Ankle boot,UMAP
12.261216,4.6505337,5,Sandal,UMAP
14.791855,3.5103574,7,Sneaker,UMAP
4.5977435,1.5952569,8,Bag,UMAP
12.9775915,5.932273,7,Sneaker,UMAP
-2.742376,6.8729277,1,Trouser,UMAP
-2.1863434,3.825319,3,Dress,UMAP
-1.8204024,6.1739826,1,Trouser,UMAP
-3.2672555,2.0067575,6,Shirt,UMAP
-1.1831721,7.0888357,1,Trouser,UMAP
-1.5305879,1.9904782,3,Dress,UMAP
-0.9455861,1.6023667,3,Dress,UMAP
-2.1432185,6.7921066,1,Trouser,UMAP
-0.9515487,1.7812365,3,Dress,UMAP
3.8930151,4.1843133,8,Bag,UMAP
14.134661,2.12809,9,Ankle boot,UMAP
14.208203,1.8937794,9,Ankle boot,UMAP
0.2009465,-1.9695721,4,Coat,UMAP
-1.4667784,6.884092,1,Trouser,UMAP
-3.731029,2.6485865,0,T-shirt/top,UMAP
4.0205355,1.3069786,8,Bag,UMAP
1.1907469,-0.51723295,6,Shirt,UMAP
1.9034573,-2.522406,2,Pullover,UMAP
-3.1971693,1.6317449,0,T-shirt/top,UMAP
13.380131,5.74124,7,Sneaker,UMAP
14.614819,2.400493,9,Ankle boot,UMAP
3.4857092,4.0751724,8,Bag,UMAP
1.3031723,-2.097533,2,Pullover,UMAP
12.652262,4.81629,5,Sandal,UMAP
1.5101019,-2.2067387,4,Coat,UMAP
-3.3078322,1.5097885,6,Shirt,UMAP
-2.577745,4.242816,3,Dress,UMAP
-2.1574032,7.2465343,1,Trouser,UMAP
12.859046,6.026918,7,Sneaker,UMAP
0.004755692,-1.2258121,2,Pullover,UMAP
12.579667,1.3076391,5,Sandal,UMAP
0.65457237,-1.4333926,2,Pullover,UMAP
0.5999489,-0.5974742,6,Shirt,UMAP
4.320701,4.148138,8,Bag,UMAP
0.6519931,-2.6112332,2,Pullover,UMAP
12.804954,4.553066,5,Sandal,UMAP
1.0598501,-1.517758,2,Pullover,UMAP
-3.2787333,2.1111834,0,T-shirt/top,UMAP
13.689931,3.8905978,7,Sneaker,UMAP
-1.8819422,8.113538,1,Trouser,UMAP
0.72517824,-0.3027823,2,Pullover,UMAP
14.45845,2.3668108,9,Ankle boot,UMAP
-0.3202149,1.3258191,3,Dress,UMAP
-3.323477,2.0121474,0,T-shirt/top,UMAP
-2.309184,7.136692,1,Trouser,UMAP
5.229981,1.5555761,8,Bag,UMAP
-3.6071866,2.7440445,0,T-shirt/top,UMAP
3.7722783,3.9351194,8,Bag,UMAP
12.641693,2.4830737,5,Sandal,UMAP
0.45544803,-0.8405483,6,Shirt,UMAP
3.5004997,4.065266,8,Bag,UMAP
12.451697,2.1961446,5,Sandal,UMAP
13.721432,1.8588231,9,Ankle boot,UMAP
-4.201397,2.2728803,0,T-shirt/top,UMAP
12.821341,6.3123813,7,Sneaker,UMAP
13.108435,5.1982102,7,Sneaker,UMAP
-4.043756,1.746182,0,T-shirt/top,UMAP
-3.9313304,2.6218882,0,T-shirt/top,UMAP
-0.48943505,0.21075483,4,Coat,UMAP
-1.945343,6.8697815,1,Trouser,UMAP
-1.8109792,7.984387,1,Trouser,UMAP
0.20150235,-0.5827733,6,Shirt,UMAP
4.1646576,1.498151,8,Bag,UMAP
1.0987647,-2.1907954,4,Coat,UMAP
-1.756191,7.745379,1,Trouser,UMAP
0.8580216,-1.4208826,2,Pullover,UMAP
12.822175,6.3327775,7,Sneaker,UMAP
12.542462,4.731694,5,Sandal,UMAP
13.861403,5.958626,5,Sandal,UMAP
13.516164,1.6446937,9,Ankle boot,UMAP
-0.5815936,-1.5185422,2,Pullover,UMAP
12.069499,1.6640697,5,Sandal,UMAP
13.958632,5.7585244,7,Sneaker,UMAP
14.592999,1.7746384,9,Ankle boot,UMAP
0.9269833,-0.6792446,6,Shirt,UMAP
13.178755,6.3483815,7,Sneaker,UMAP
-3.754179,2.6756213,0,T-shirt/top,UMAP
-2.0333176,3.1946144,6,Shirt,UMAP
14.397814,3.0388682,9,Ankle boot,UMAP
-0.532965,-1.5746955,2,Pullover,UMAP
1.9259354,0.52113473,6,Shirt,UMAP
13.698949,1.2081151,9,Ankle boot,UMAP
2.0616207,-1.0004979,6,Shirt,UMAP
1.0562705,-0.8281733,6,Shirt,UMAP
-4.0551753,1.998429,0,T-shirt/top,UMAP
0.121845305,-1.9655591,4,Coat,UMAP
-0.2390869,0.9138176,4,Coat,UMAP
-4.4842143,1.5826869,0,T-shirt/top,UMAP
0.7499592,-0.87210214,4,Coat,UMAP
12.163997,1.8775642,5,Sandal,UMAP
0.026714528,-0.66431075,6,Shirt,UMAP
14.423613,2.2069497,9,Ankle boot,UMAP
-1.6352252,5.2105827,3,Dress,UMAP
4.072578,1.3136476,8,Bag,UMAP
0.3939674,-2.4058015,6,Shirt,UMAP
13.682515,5.9264717,7,Sneaker,UMAP
13.7585945,5.0896754,5,Sandal,UMAP
-0.13436128,-1.9710277,2,Pullover,UMAP
-1.7962314,7.1581507,1,Trouser,UMAP
-3.1444173,1.4732211,3,Dress,UMAP
4.78364,1.4928788,6,Shirt,UMAP
0.88918656,-1.3019717,2,Pullover,UMAP
5.055285,2.3937583,8,Bag,UMAP
-2.4603946,4.181173,3,Dress,UMAP
-3.5470223,0.8883228,0,T-shirt/top,UMAP
-1.9880205,4.3397994,3,Dress,UMAP
-0.31681946,0.31486905,4,Coat,UMAP
3.3602254,4.192944,8,Bag,UMAP
0.5090533,-2.1470163,4,Coat,UMAP
0.124214314,-0.23246261,6,Shirt,UMAP
-2.061443,6.8937616,1,Trouser,UMAP
0.6793122,-2.538363,4,Coat,UMAP
-2.806915,1.0919826,3,Dress,UMAP
4.9705048,1.7674817,8,Bag,UMAP
-1.9689173,6.367394,1,Trouser,UMAP
-2.2443988,4.886254,3,Dress,UMAP
0.931027,-2.3727274,4,Coat,UMAP
14.53708,1.7177267,9,Ankle boot,UMAP
12.812213,4.9049816,5,Sandal,UMAP
0.4933721,-2.037223,4,Coat,UMAP
4.289993,1.369641,8,Bag,UMAP
-3.108596,4.1283073,3,Dress,UMAP
-2.3462512,6.7540183,1,Trouser,UMAP
14.4108,0.96729016,9,Ankle boot,UMAP
11.412259,6.0082173,5,Sandal,UMAP
1.9263078,-2.4749534,2,Pullover,UMAP
-0.4046954,-1.878768,4,Coat,UMAP
-2.075972,4.764316,3,Dress,UMAP
-3.7259321,1.1382391,0,T-shirt/top,UMAP
-3.1266432,2.7838423,0,T-shirt/top,UMAP
12.774621,5.7049317,7,Sneaker,UMAP
-3.640181,0.8634182,6,Shirt,UMAP
-0.4944056,-1.7937174,2,Pullover,UMAP
12.490882,2.1136127,5,Sandal,UMAP
-0.51660776,0.34475148,4,Coat,UMAP
1.864177,-0.859387,2,Pullover,UMAP
14.5009775,1.173304,9,Ankle boot,UMAP
-1.4094019,6.54567,1,Trouser,UMAP
3.4024997,1.1132212,6,Shirt,UMAP
-1.8544958,8.163375,1,Trouser,UMAP
14.804382,3.2834184,7,Sneaker,UMAP
14.447905,1.0086952,9,Ankle boot,UMAP
1.7352271,-2.4160042,2,Pullover,UMAP
-1.9941889,4.0689173,3,Dress,UMAP
-3.7631207,1.1657237,6,Shirt,UMAP
1.100845,-0.5962159,6,Shirt,UMAP
-0.97888815,7.053785,1,Trouser,UMAP
-0.37551266,0.34532526,4,Coat,UMAP
-0.44395995,0.40673247,4,Coat,UMAP
-0.64631075,1.7553594,3,Dress,UMAP
12.315499,1.9535831,5,Sandal,UMAP
-3.3171303,1.406712,6,Shirt,UMAP
13.436862,5.778025,7,Sneaker,UMAP
-4.1930375,2.0192537,0,T-shirt/top,UMAP
13.443188,5.536702,5,Sandal,UMAP
13.843629,4.920625,5,Sandal,UMAP
13.397882,1.4546176,9,Ankle boot,UMAP
14.118236,1.8007351,9,Ankle boot,UMAP
4.1108274,3.421362,8,Bag,UMAP
-4.245807,2.067094,6,Shirt,UMAP
0.1871521,-1.3424102,4,Coat,UMAP
4.7592754,1.330429,8,Bag,UMAP
13.9564,5.137051,7,Sneaker,UMAP
-0.3714018,-0.12778294,4,Coat,UMAP
12.930413,6.280475,7,Sneaker,UMAP
5.1415796,1.3831096,8,Bag,UMAP
12.198841,1.0904483,5,Sandal,UMAP
0.055519696,-1.7265964,4,Coat,UMAP
1.4240694,-0.77198446,4,Coat,UMAP
13.641771,0.47501686,9,Ankle boot,UMAP
-2.8924172,3.8251445,3,Dress,UMAP
1.9386818,-1.2599379,2,Pullover,UMAP
-0.10374329,1.0663087,0,T-shirt/top,UMAP
-2.6302667,6.8329253,1,Trouser,UMAP
0.24250102,-1.4396566,2,Pullover,UMAP
4.6139145,3.288377,8,Bag,UMAP
-2.4457614,4.081823,3,Dress,UMAP
3.77775,4.031629,8,Bag,UMAP
-1.241278,6.9009676,1,Trouser,UMAP
0.019443026,-1.490553,4,Coat,UMAP
0.59205353,-2.6654584,2,Pullover,UMAP
1.2609488,-1.9291116,4,Coat,UMAP
13.964162,5.1091385,7,Sneaker,UMAP
13.139938,6.42992,7,Sneaker,UMAP
1.8422561,-2.5939534,2,Pullover,UMAP
13.48672,1.1408598,9,Ankle boot,UMAP
3.6395962,0.87524045,8,Bag,UMAP
5.0949097,1.2634693,8,Bag,UMAP
13.596532,3.9514248,5,Sandal,UMAP
-2.059719,6.5098224,1,Trouser,UMAP
-2.0624466,7.1576457,1,Trouser,UMAP
-0.3337211,-0.14578319,6,Shirt,UMAP
-0.5592307,-1.716275,2,Pullover,UMAP
12.206999,1.8794526,5,Sandal,UMAP
-1.8439087,6.268586,1,Trouser,UMAP
1.426074,-1.5254841,4,Coat,UMAP
-4.4142737,1.6526386,0,T-shirt/top,UMAP
-4.0484314,1.1144472,6,Shirt,UMAP
0.7928865,-2.5651424,6,Shirt,UMAP
14.749225,3.548353,7,Sneaker,UMAP
4.513404,3.661635,8,Bag,UMAP
14.212595,1.2759281,5,Sandal,UMAP
13.735935,5.82709,7,Sneaker,UMAP
1.9908522,-2.5603502,2,Pullover,UMAP
13.858661,4.955716,7,Sneaker,UMAP
13.82864,5.8711677,5,Sandal,UMAP
0.7373472,-2.8719826,4,Coat,UMAP
-1.9409969,6.2004128,1,Trouser,UMAP
-0.545364,0.81543744,4,Coat,UMAP
1.3828987,-1.4563107,4,Coat,UMAP
0.94651616,-2.0319855,4,Coat,UMAP
-2.042431,7.344057,1,Trouser,UMAP
14.826579,3.4014003,7,Sneaker,UMAP
12.615238,1.910026,5,Sandal,UMAP
14.101548,3.1493547,9,Ankle boot,UMAP
14.5599785,3.7784727,9,Ankle boot,UMAP
11.808587,5.157096,5,Sandal,UMAP
13.953682,1.4003881,9,Ankle boot,UMAP
-1.8219581,7.978926,1,Trouser,UMAP
-3.561263,1.8743036,0,T-shirt/top,UMAP
5.23071,1.571624,8,Bag,UMAP
5.33923,1.8069557,8,Bag,UMAP
-2.9532957,1.3357978,0,T-shirt/top,UMAP
5.154172,1.4720491,8,Bag,UMAP
1.2334007,-0.43344566,6,Shirt,UMAP
-3.5451298,1.4475371,0,T-shirt/top,UMAP
-1.8828274,6.626816,1,Trouser,UMAP
4.746628,1.3117312,8,Bag,UMAP
1.7592616,0.43108004,2,Pullover,UMAP
14.01431,5.1023293,7,Sneaker,UMAP
12.807066,2.1406472,5,Sandal,UMAP
0.41904402,-1.1540487,6,Shirt,UMAP
-2.005841,3.208594,6,Shirt,UMAP
14.012506,1.090587,9,Ankle boot,UMAP
13.855275,1.3487759,9,Ankle boot,UMAP
1.0878283,-0.71453327,6,Shirt,UMAP
-0.5557604,-1.5657115,4,Coat,UMAP
0.29503655,-2.219368,4,Coat,UMAP
13.672625,1.4650207,9,Ankle boot,UMAP
-3.9067976,1.0989038,0,T-shirt/top,UMAP
12.658639,2.101971,5,Sandal,UMAP
12.912358,5.239729,7,Sneaker,UMAP
14.581328,2.4569795,9,Ankle boot,UMAP
14.433512,1.1211942,9,Ankle boot,UMAP
12.281039,1.3798431,5,Sandal,UMAP
-2.7562823,2.1792367,1,Trouser,UMAP
1.0858562,-3.1845074,4,Coat,UMAP
1.6015555,-0.09839415,8,Bag,UMAP
-1.9740635,6.9720445,1,Trouser,UMAP
0.8517492,-2.5894802,6,Shirt,UMAP
11.882803,5.1968307,5,Sandal,UMAP
14.173269,1.6770021,9,Ankle boot,UMAP
0.12355745,-1.2190152,4,Coat,UMAP
4.6627088,3.1149638,8,Bag,UMAP
1.1581728,-0.91755456,4,Coat,UMAP
-1.9168167,6.259911,1,Trouser,UMAP
-3.4538326,1.2323301,0,T-shirt/top,UMAP
1.1056337,-2.2980473,4,Coat,UMAP
-0.2601056,-1.9578067,6,Shirt,UMAP
-3.5870433,2.3749409,6,Shirt,UMAP
1.1881154,-2.3030226,4,Coat,UMAP
1.3379515,0.8684821,0,T-shirt/top,UMAP
13.11104,0.7509181,5,Sandal,UMAP
12.681385,6.0606194,7,Sneaker,UMAP
2.11563,-1.7263733,2,Pullover,UMAP
12.6455555,2.2201178,5,Sandal,UMAP
-0.56189895,-1.3848144,2,Pullover,UMAP
12.760039,5.4226007,7,Sneaker,UMAP
0.21401255,-2.3076007,4,Coat,UMAP
12.775954,6.116991,7,Sneaker,UMAP
3.3983448,4.185975,8,Bag,UMAP
-0.051445305,-0.9697926,6,Shirt,UMAP
12.6276045,4.550224,5,Sandal,UMAP
4.4831285,1.2207695,6,Shirt,UMAP
12.118421,1.4667575,5,Sandal,UMAP
-1.7337109,5.0508194,3,Dress,UMAP
13.656295,5.924645,7,Sneaker,UMAP
14.418098,3.7445335,7,Sneaker,UMAP
0.4710103,-1.0962884,6,Shirt,UMAP
0.69100714,-2.149965,4,Coat,UMAP
4.472653,1.3617554,8,Bag,UMAP
1.0345671,-0.38571647,2,Pullover,UMAP
0.544692,0.30242655,4,Coat,UMAP
13.992396,5.961138,7,Sneaker,UMAP
4.9449606,1.8300017,5,Sandal,UMAP
-0.06561344,-1.5727853,4,Coat,UMAP
-2.1765676,7.2754984,1,Trouser,UMAP
14.499208,2.3047762,9,Ankle boot,UMAP
-0.47938728,0.29202443,6,Shirt,UMAP
13.994409,5.0147533,7,Sneaker,UMAP
-2.584082,2.0659804,3,Dress,UMAP
13.892771,3.4501457,9,Ankle boot,UMAP
-3.2086575,3.9584475,3,Dress,UMAP
3.5340893,4.1566463,8,Bag,UMAP
2.0681987,-1.0306977,6,Shirt,UMAP
12.502997,1.3206558,5,Sandal,UMAP
1.493104,-2.262858,2,Pullover,UMAP
0.7991518,-1.7803227,2,Pullover,UMAP
11.9434805,1.3145274,5,Sandal,UMAP
3.743195,4.090241,8,Bag,UMAP
-1.7978197,2.7061799,6,Shirt,UMAP
-0.79951596,7.115346,1,Trouser,UMAP
-0.39114773,-0.038559966,4,Coat,UMAP
-0.4692669,-1.5271597,2,Pullover,UMAP
-3.474328,0.8616851,6,Shirt,UMAP
1.0690386,-2.6034424,4,Coat,UMAP
1.9685918,-0.8716535,6,Shirt,UMAP
12.616231,2.1442952,5,Sandal,UMAP
-2.912318,3.1623282,6,Shirt,UMAP
-1.5463412,3.6803079,0,T-shirt/top,UMAP
-2.8043833,6.818539,1,Trouser,UMAP
-2.9410086,1.6613052,0,T-shirt/top,UMAP
13.83745,2.0248601,9,Ankle boot,UMAP
-1.9804554,5.346519,3,Dress,UMAP
1.3035642,-0.6705725,2,Pullover,UMAP
14.733732,3.4537482,7,Sneaker,UMAP
0.95985913,0.80325776,6,Shirt,UMAP
1.4929966,-2.6848001,2,Pullover,UMAP
1.9222554,-1.303586,2,Pullover,UMAP
4.7714987,2.953831,8,Bag,UMAP
-2.9503398,1.9191718,0,T-shirt/top,UMAP
5.219488,1.7853426,8,Bag,UMAP
-2.1321206,3.9965837,0,T-shirt/top,UMAP
0.14706773,-1.9150151,4,Coat,UMAP
-3.6078575,2.37612,0,T-shirt/top,UMAP
12.136,4.6926303,5,Sandal,UMAP
-2.5895834,4.3631554,3,Dress,UMAP
-2.0480456,7.21883,1,Trouser,UMAP
14.0359125,5.6243606,7,Sneaker,UMAP
-2.0853848,6.7529745,1,Trouser,UMAP
4.68858,1.4176753,8,Bag,UMAP
-3.659005,1.8295461,0,T-shirt/top,UMAP
0.15931672,-0.8669654,6,Shirt,UMAP
13.473425,2.0295734,5,Sandal,UMAP
-1.6657193,3.4214778,3,Dress,UMAP
0.99478626,-1.7272043,1,Trouser,UMAP
-0.1855382,1.0238619,4,Coat,UMAP
-3.7791536,1.0684693,6,Shirt,UMAP
-2.1865675,2.6751063,6,Shirt,UMAP
-3.43016,1.760068,0,T-shirt/top,UMAP
1.5220748,-2.9693308,2,Pullover,UMAP
-1.3154334,6.414544,1,Trouser,UMAP
5.085949,2.1733134,8,Bag,UMAP
12.925014,5.398141,5,Sandal,UMAP
-0.5272357,-1.5371497,2,Pullover,UMAP
-1.0025828,7.2220855,1,Trouser,UMAP
-2.3927777,4.0327845,3,Dress,UMAP
-1.622308,4.84281,3,Dress,UMAP
-2.3191977,3.833368,3,Dress,UMAP
-1.5943501,4.1599894,1,Trouser,UMAP
13.131781,4.2069826,5,Sandal,UMAP
12.996001,5.9597573,7,Sneaker,UMAP
13.709189,0.53484356,9,Ankle boot,UMAP
-0.816223,7.0439434,1,Trouser,UMAP
14.52588,1.5775198,9,Ankle boot,UMAP
-3.3986077,2.581081,0,T-shirt/top,UMAP
0.68413824,-0.808916,6,Shirt,UMAP
5.0907993,1.3730007,8,Bag,UMAP
4.4168024,4.141685,8,Bag,UMAP
1.8718534,-2.570582,2,Pullover,UMAP
1.5749559,-1.3216925,2,Pullover,UMAP
13.989706,5.7821946,7,Sneaker,UMAP
-1.7363269,3.5446491,3,Dress,UMAP
14.6090355,2.5840206,9,Ankle boot,UMAP
13.281769,4.8829594,5,Sandal,UMAP
14.063744,5.7351556,7,Sneaker,UMAP
13.103949,5.2695494,7,Sneaker,UMAP
-1.8525053,3.2566628,3,Dress,UMAP
13.839579,3.3642848,9,Ankle boot,UMAP
-3.603468,1.1487696,6,Shirt,UMAP
1.0805006,-0.7657664,6,Shirt,UMAP
-2.480197,4.4346523,3,Dress,UMAP
12.828408,5.3327856,5,Sandal,UMAP
-3.6915832,2.6848779,0,T-shirt/top,UMAP
1.782646,-2.4395823,2,Pullover,UMAP
-4.000344,2.3829558,0,T-shirt/top,UMAP
-1.8626235,2.9867609,0,T-shirt/top,UMAP
-2.619343,2.1655822,0,T-shirt/top,UMAP
12.683587,2.2800636,5,Sandal,UMAP
1.2447621,-1.8449638,4,Coat,UMAP
12.09515,1.4523002,5,Sandal,UMAP
13.637911,1.8372234,9,Ankle boot,UMAP
-0.71819454,0.26760018,4,Coat,UMAP
13.944418,5.1133566,7,Sneaker,UMAP
13.009008,5.8721724,7,Sneaker,UMAP
-1.3989605,1.8820727,3,Dress,UMAP
1.8635626,0.2272865,2,Pullover,UMAP
14.358485,2.7864516,7,Sneaker,UMAP
13.74764,0.46216255,9,Ankle boot,UMAP
4.4210043,1.4148133,8,Bag,UMAP
0.30078933,-2.0499644,4,Coat,UMAP
13.54628,0.5843275,9,Ankle boot,UMAP
-0.36040923,0.3306332,4,Coat,UMAP
4.0674734,1.3499792,8,Bag,UMAP
-2.6704576,6.9683056,1,Trouser,UMAP
-2.1495762,3.0136595,0,T-shirt/top,UMAP
-2.8175702,6.822866,1,Trouser,UMAP
-2.5462837,4.162854,3,Dress,UMAP
0.49687338,-1.1603984,6,Shirt,UMAP
0.7624352,-2.627749,4,Coat,UMAP
13.767857,5.082964,7,Sneaker,UMAP
-2.2658124,3.9471304,6,Shirt,UMAP
13.478537,5.9823875,7,Sneaker,UMAP
2.0593817,-1.3322395,2,Pullover,UMAP
2.0609763,-1.9313425,2,Pullover,UMAP
5.234231,1.4539155,8,Bag,UMAP
-0.863622,0.96892065,4,Coat,UMAP
-1.7022995,3.0883512,6,Shirt,UMAP
13.455061,0.78624123,9,Ankle boot,UMAP
1.6960154,-2.4290748,2,Pullover,UMAP
-2.0475538,7.444769,1,Trouser,UMAP
-0.20268165,-0.10069963,4,Coat,UMAP
12.03879,1.3943954,5,Sandal,UMAP
3.8396904,1.0960907,8,Bag,UMAP
13.909678,4.9613028,7,Sneaker,UMAP
14.2871065,0.86707443,9,Ankle boot,UMAP
4.4903793,4.0804963,8,Bag,UMAP
-2.7466738,6.6945524,1,Trouser,UMAP
12.306328,3.3648067,5,Sandal,UMAP
-3.2110593,3.006479,6,Shirt,UMAP
-1.3463572,7.018887,1,Trouser,UMAP
14.439386,3.1380303,7,Sneaker,UMAP
3.5052648,4.2200284,8,Bag,UMAP
-1.7007804,4.8225236,3,Dress,UMAP
0.019062612,-2.0799594,4,Coat,UMAP
13.192019,6.4175315,7,Sneaker,UMAP
2.0370967,-1.7145804,6,Shirt,UMAP
-1.3441002,6.7707405,1,Trouser,UMAP
1.2980487,-3.0486076,4,Coat,UMAP
14.057229,2.9619665,7,Sneaker,UMAP
0.7450391,-2.567926,4,Coat,UMAP
12.14617,4.6751857,5,Sandal,UMAP
-0.34577656,1.2855405,3,Dress,UMAP
-2.1291325,6.5973377,1,Trouser,UMAP
12.627282,2.3515034,5,Sandal,UMAP
-4.0335608,1.366837,0,T-shirt/top,UMAP
-0.76856804,1.3028058,3,Dress,UMAP
-3.722885,2.4857635,0,T-shirt/top,UMAP
0.19219695,-0.8498493,4,Coat,UMAP
-1.0094296,6.9756556,1,Trouser,UMAP
14.449135,3.0060103,7,Sneaker,UMAP
12.220126,4.834278,5,Sandal,UMAP
-2.6192095,4.465398,3,Dress,UMAP
-1.8618664,6.2913656,1,Trouser,UMAP
1.0379304,-1.5936323,2,Pullover,UMAP
14.030303,5.4849505,5,Sandal,UMAP
0.59849644,0.12679581,4,Coat,UMAP
1.4056251,-1.3321766,4,Coat,UMAP
-0.51417834,1.0893525,3,Dress,UMAP
0.97822315,-2.5292683,2,Pullover,UMAP
-1.8685504,6.1909204,1,Trouser,UMAP
-3.7475164,1.5151491,0,T-shirt/top,UMAP
-1.9877434,4.9818377,3,Dress,UMAP
-3.166596,1.1977388,6,Shirt,UMAP
1.9816961,-2.6402297,2,Pullover,UMAP
-1.4079062,2.1466198,3,Dress,UMAP
3.7393012,0.9184586,8,Bag,UMAP
-3.0422416,1.4307475,2,Pullover,UMAP
-2.1452892,6.597065,1,Trouser,UMAP
12.869208,4.627522,5,Sandal,UMAP
-0.05316805,0.2016056,4,Coat,UMAP
13.071466,6.1563587,7,Sneaker,UMAP
-1.8074741,7.3941503,1,Trouser,UMAP
0.42863214,-1.6868578,4,Coat,UMAP
-3.4838562,2.7545245,0,T-shirt/top,UMAP
-1.064852,7.3812237,1,Trouser,UMAP
-2.2270107,3.5092144,6,Shirt,UMAP
13.618844,5.9499946,7,Sneaker,UMAP
13.800233,2.1573162,9,Ankle boot,UMAP
-3.744086,2.249061,6,Shirt,UMAP
13.373737,6.252452,7,Sneaker,UMAP
4.5333877,1.4112067,8,Bag,UMAP
-4.261262,1.9587487,0,T-shirt/top,UMAP
-1.2631918,1.7463658,6,Shirt,UMAP
0.73170024,-1.8409979,4,Coat,UMAP
-0.6522208,0.7641024,4,Coat,UMAP
14.100335,2.6956656,9,Ankle boot,UMAP
-1.273028,6.6722956,1,Trouser,UMAP
-1.7201463,3.5369093,3,Dress,UMAP
14.032999,2.5041907,9,Ankle boot,UMAP
-0.12972744,-1.8410263,4,Coat,UMAP
0.055300247,-1.6048399,4,Coat,UMAP
11.93905,1.2958717,5,Sandal,UMAP
-2.855935,1.3476757,0,T-shirt/top,UMAP
-1.7416418,8.025629,1,Trouser,UMAP
13.916449,2.6667044,5,Sandal,UMAP
12.135127,4.8267603,5,Sandal,UMAP
13.179552,5.538608,7,Sneaker,UMAP
-1.6559759,3.8412144,3,Dress,UMAP
1.9334408,-2.5603287,2,Pullover,UMAP
-0.86188227,7.067684,1,Trouser,UMAP
-1.7427531,6.835961,1,Trouser,UMAP
0.32545084,-1.8893397,4,Coat,UMAP
14.066193,2.4440937,9,Ankle boot,UMAP
12.824889,4.8951173,5,Sandal,UMAP
4.3906074,3.7982357,8,Bag,UMAP
11.996295,5.234949,5,Sandal,UMAP
14.041388,1.5135359,5,Sandal,UMAP
3.574597,4.229913,8,Bag,UMAP
-0.7530495,0.85642487,4,Coat,UMAP
3.6142232,3.9187627,8,Bag,UMAP
-2.1596017,4.4181685,3,Dress,UMAP
14.340224,1.0944242,9,Ankle boot,UMAP
14.598327,1.6233505,9,Ankle boot,UMAP
0.8849663,-1.6200168,4,Coat,UMAP
1.1010993,-0.72214913,6,Shirt,UMAP
-0.9058362,7.2938213,1,Trouser,UMAP
13.06393,6.043639,7,Sneaker,UMAP
4.790916,1.3348281,8,Bag,UMAP
14.103184,2.3966637,9,Ankle boot,UMAP
11.875277,5.0956473,5,Sandal,UMAP
1.1454952,-3.0894983,4,Coat,UMAP
13.990129,5.230306,7,Sneaker,UMAP
-2.8149943,2.8858511,0,T-shirt/top,UMAP
12.791178,5.9037933,5,Sandal,UMAP
-1.2520385,1.6960237,3,Dress,UMAP
2.3374374,0.283725,8,Bag,UMAP
-1.6274382,5.064348,3,Dress,UMAP
1.183378,-1.2474695,4,Coat,UMAP
-1.8677013,7.168435,1,Trouser,UMAP
1.8598381,-1.7516633,4,Coat,UMAP
-3.8864684,1.5469724,6,Shirt,UMAP
13.517561,5.195146,7,Sneaker,UMAP
1.6950889,-0.010701144,6,Shirt,UMAP
0.94333273,-3.0947888,2,Pullover,UMAP
-2.4059532,4.321822,3,Dress,UMAP
12.384706,3.9466517,5,Sandal,UMAP
-0.22407073,-1.8817351,6,Shirt,UMAP
3.8056269,4.4341736,8,Bag,UMAP
11.893437,1.3063947,5,Sandal,UMAP
0.9001202,-0.48481897,2,Pullover,UMAP
13.14091,6.429359,7,Sneaker,UMAP
12.706904,6.0518622,7,Sneaker,UMAP
-4.24169,1.6939862,0,T-shirt/top,UMAP
12.123057,1.4698957,5,Sandal,UMAP
-3.0371206,2.93357,0,T-shirt/top,UMAP
12.966586,6.1991835,7,Sneaker,UMAP
-1.6913449,7.0398207,1,Trouser,UMAP
12.887432,6.3130484,7,Sneaker,UMAP
14.113899,3.4936066,7,Sneaker,UMAP
2.0373342,-1.3777895,2,Pullover,UMAP
12.404458,4.083696,5,Sandal,UMAP
13.858456,5.4553237,7,Sneaker,UMAP
0.42727217,-2.4787621,2,Pullover,UMAP
5.009431,1.2557158,8,Bag,UMAP
-1.2937458,7.0793986,1,Trouser,UMAP
1.9029787,-1.683538,2,Pullover,UMAP
14.221841,3.918529,7,Sneaker,UMAP
-1.8310174,8.082564,1,Trouser,UMAP
13.448296,1.3938282,9,Ankle boot,UMAP
2.3226767,-0.48177168,2,Pullover,UMAP
12.9952965,5.453004,7,Sneaker,UMAP
0.77658975,-1.5060501,2,Pullover,UMAP
11.577099,5.781142,5,Sandal,UMAP
-0.045750923,-0.9385618,4,Coat,UMAP
-0.18099524,-1.9823275,2,Pullover,UMAP
14.151905,3.056261,9,Ankle boot,UMAP
1.4751418,-1.6787026,6,Shirt,UMAP
4.7286,1.3823069,8,Bag,UMAP
12.270486,1.622399,5,Sandal,UMAP
13.688329,5.602268,7,Sneaker,UMAP
1.1595198,-1.505296,4,Coat,UMAP
-2.1147108,6.8046203,1,Trouser,UMAP
14.620231,3.6885023,7,Sneaker,UMAP
-2.576977,4.3430414,3,Dress,UMAP
13.592133,5.787301,7,Sneaker,UMAP
0.08985328,-0.90991884,2,Pullover,UMAP
14.137109,3.0776095,9,Ankle boot,UMAP
13.350309,6.2114854,7,Sneaker,UMAP
12.392777,1.7241799,5,Sandal,UMAP
14.2838545,2.520157,9,Ankle boot,UMAP
-2.6581159,4.2889056,3,Dress,UMAP
1.8420082,-1.1608307,2,Pullover,UMAP
14.73713,3.3431497,7,Sneaker,UMAP
2.1327827,-0.7370214,8,Bag,UMAP
-2.9814913,1.5936378,0,T-shirt/top,UMAP
-1.8512682,5.0381327,3,Dress,UMAP
-2.8121743,2.0429626,0,T-shirt/top,UMAP
12.023879,4.99066,5,Sandal,UMAP
12.2833,1.6625327,5,Sandal,UMAP
-1.0100315,1.8108784,3,Dress,UMAP
-3.1550493,4.0650773,3,Dress,UMAP
-1.8607401,6.7900476,1,Trouser,UMAP
0.7987694,-1.5009718,2,Pullover,UMAP
1.6575688,-0.0861375,6,Shirt,UMAP
3.564658,0.975287,8,Bag,UMAP
14.353579,3.3447623,7,Sneaker,UMAP
13.813078,0.5171629,9,Ankle boot,UMAP
14.2436285,2.4149864,9,Ankle boot,UMAP
0.19787936,-2.2986038,2,Pullover,UMAP
2.0898705,-0.7966576,2,Pullover,UMAP
-0.9067845,1.431269,4,Coat,UMAP
4.407818,3.8459296,8,Bag,UMAP
12.91919,2.0863218,5,Sandal,UMAP
12.8167095,5.8603945,7,Sneaker,UMAP
3.7880037,3.9790921,8,Bag,UMAP
0.51544476,0.20573495,3,Dress,UMAP
4.6524067,3.1800742,8,Bag,UMAP
-0.66310304,0.50228006,4,Coat,UMAP
-1.8572677,6.7661633,1,Trouser,UMAP
14.393579,2.2826235,9,Ankle boot,UMAP
0.50092953,-2.2954743,4,Coat,UMAP
4.948293,1.3136127,8,Bag,UMAP
0.14824887,0.6941189,4,Coat,UMAP
-1.1491164,7.6749177,1,Trouser,UMAP
13.343553,2.3854997,5,Sandal,UMAP
13.636155,0.46790642,9,Ankle boot,UMAP
-2.6507504,7.033075,1,Trouser,UMAP
14.585692,1.9316902,5,Sandal,UMAP
-2.1884973,4.855172,3,Dress,UMAP
12.81168,5.628257,7,Sneaker,UMAP
-1.5971147,3.8463209,3,Dress,UMAP
-1.6178898,2.6927228,6,Shirt,UMAP
4.3532405,1.1467502,0,T-shirt/top,UMAP
-0.26119682,1.296832,3,Dress,UMAP
-3.0453415,2.2136273,0,T-shirt/top,UMAP
-1.8703094,5.174599,3,Dress,UMAP
0.8698577,-2.7007227,2,Pullover,UMAP
-2.0391963,3.2497523,6,Shirt,UMAP
-4.3713894,1.9546353,0,T-shirt/top,UMAP
-3.199928,2.7100892,0,T-shirt/top,UMAP
1.9756373,-0.9672559,3,Dress,UMAP
4.2830696,1.4233867,8,Bag,UMAP
13.65099,5.638705,7,Sneaker,UMAP
-3.022306,1.1485252,0,T-shirt/top,UMAP
12.9449,4.878501,5,Sandal,UMAP
12.230534,1.8460951,5,Sandal,UMAP
-3.058465,1.4920805,0,T-shirt/top,UMAP
12.731409,5.722162,7,Sneaker,UMAP
13.31387,4.9597273,5,Sandal,UMAP
-2.0255773,6.998172,1,Trouser,UMAP
-3.1839545,3.9220517,3,Dress,UMAP
-2.0962229,4.565007,3,Dress,UMAP
1.0824085,-1.3797282,6,Shirt,UMAP
0.06337201,-1.2679052,4,Coat,UMAP
1.7656503,-2.4659033,2,Pullover,UMAP
13.682158,5.0004816,7,Sneaker,UMAP
0.47462827,-0.8507023,6,Shirt,UMAP
-2.800805,1.9119521,0,T-shirt/top,UMAP
-0.6396474,1.7872063,3,Dress,UMAP
1.1480807,-2.1190815,6,Shirt,UMAP
14.0547905,1.5299832,9,Ankle boot,UMAP
0.0257671,0.7240828,3,Dress,UMAP
14.109361,2.465964,9,Ankle boot,UMAP
-0.45703703,0.87273175,8,Bag,UMAP
13.718337,4.942572,7,Sneaker,UMAP
-2.1273184,7.0097966,1,Trouser,UMAP
1.1197438,0.08627759,6,Shirt,UMAP
13.340252,0.65934616,5,Sandal,UMAP
12.696301,4.844421,5,Sandal,UMAP
-0.15086634,-1.042734,2,Pullover,UMAP
-2.6488504,4.2393126,3,Dress,UMAP
-2.810691,1.7197332,0,T-shirt/top,UMAP
-0.42424563,0.31736913,4,Coat,UMAP
1.303089,-1.6673839,4,Coat,UMAP
-3.63407,2.8426013,6,Shirt,UMAP
0.9849716,-2.6086,4,Coat,UMAP
-1.3348743,6.886716,1,Trouser,UMAP
-1.300588,6.4364605,1,Trouser,UMAP
13.335687,5.6378016,7,Sneaker,UMAP
4.6887364,1.7873331,8,Bag,UMAP
14.213288,2.2668135,9,Ankle boot,UMAP
4.868232,1.5162035,8,Bag,UMAP
1.4460487,0.3223097,2,Pullover,UMAP
13.952831,4.987702,7,Sneaker,UMAP
2.0126731,-2.7420213,2,Pullover,UMAP
13.462964,2.0731487,9,Ankle boot,UMAP
4.394912,1.3463674,8,Bag,UMAP
4.6711483,3.0774152,8,Bag,UMAP
-3.5563312,2.2291405,0,T-shirt/top,UMAP
3.7587426,0.966352,8,Bag,UMAP
12.722528,5.945365,7,Sneaker,UMAP
-1.8400425,8.036165,1,Trouser,UMAP
-2.008082,3.1088703,6,Shirt,UMAP
1.2844908,-0.45752603,6,Shirt,UMAP
-4.0793185,1.9552964,0,T-shirt/top,UMAP
-2.96979,6.6074786,1,Trouser,UMAP
14.46926,3.815973,7,Sneaker,UMAP
-2.0194912,6.7922845,1,Trouser,UMAP
-1.6249379,6.7445774,1,Trouser,UMAP
14.086688,2.35636,9,Ankle boot,UMAP
14.105701,0.84772897,9,Ankle boot,UMAP
11.899138,1.2997901,5,Sandal,UMAP
-4.496566,1.607216,6,Shirt,UMAP
0.24908118,0.26553237,4,Coat,UMAP
-1.3581326,4.797354,8,Bag,UMAP
-1.92575,6.2307787,1,Trouser,UMAP
-3.9398465,0.9532837,0,T-shirt/top,UMAP
4.3393235,4.098471,8,Bag,UMAP
-2.887869,6.7596025,1,Trouser,UMAP
2.0279377,-2.7432084,2,Pullover,UMAP
12.817961,4.8441954,5,Sandal,UMAP
4.3293242,4.1932626,8,Bag,UMAP
4.2287374,1.3900517,8,Bag,UMAP
13.859754,3.6293633,7,Sneaker,UMAP
13.334306,5.842354,7,Sneaker,UMAP
-2.447633,2.389426,0,T-shirt/top,UMAP
14.61554,2.0753663,9,Ankle boot,UMAP
1.2274259,-0.9908329,2,Pullover,UMAP
-4.045473,1.9215486,0,T-shirt/top,UMAP
4.106639,1.3672026,8,Bag,UMAP
1.2227801,-1.776238,2,Pullover,UMAP
-2.7484343,1.5188885,0,T-shirt/top,UMAP
13.53219,5.077304,7,Sneaker,UMAP
1.5928222,-1.2607069,2,Pullover,UMAP
13.630496,0.4732533,9,Ankle boot,UMAP
1.3920223,-0.14242217,4,Coat,UMAP
14.08723,1.4890082,9,Ankle boot,UMAP
-1.8556677,7.9856076,1,Trouser,UMAP
-3.3936121,2.619438,0,T-shirt/top,UMAP
12.220768,4.6533184,5,Sandal,UMAP
-2.1682103,7.160056,1,Trouser,UMAP
0.5049305,-2.6934946,4,Coat,UMAP
0.05814209,-1.2533362,4,Coat,UMAP
2.0136724,-1.8024461,2,Pullover,UMAP
-2.7500916,6.821366,1,Trouser,UMAP
-2.014598,7.093386,1,Trouser,UMAP
0.44971505,-2.6408706,2,Pullover,UMAP
-1.850823,4.5242963,3,Dress,UMAP
11.950699,1.3618695,5,Sandal,UMAP
14.663222,3.3334978,7,Sneaker,UMAP
11.573193,5.6984305,5,Sandal,UMAP
-0.14242336,1.0384787,4,Coat,UMAP
12.250042,1.827987,5,Sandal,UMAP
4.5541425,1.8347031,8,Bag,UMAP
13.377398,1.4385903,9,Ankle boot,UMAP
-0.28610256,-0.36838278,2,Pullover,UMAP
-1.7689528,8.037486,1,Trouser,UMAP
13.655913,1.2690995,9,Ankle boot,UMAP
12.681906,4.7888474,5,Sandal,UMAP
-0.030603947,0.8954614,4,Coat,UMAP
1.2612209,-2.83621,2,Pullover,UMAP
11.947217,5.0354524,5,Sandal,UMAP
4.964354,1.2113843,8,Bag,UMAP
13.603523,2.344794,9,Ankle boot,UMAP
1.3037084,-0.10445165,2,Pullover,UMAP
4.1630344,4.2207584,8,Bag,UMAP
3.8625548,0.944659,8,Bag,UMAP
-2.094704,3.6566963,6,Shirt,UMAP
0.67799795,-0.68208903,6,Shirt,UMAP
-2.420792,6.263238,1,Trouser,UMAP
-1.5701842,4.629443,3,Dress,UMAP
1.4424714,-0.8818523,3,Dress,UMAP
13.113359,5.806441,7,Sneaker,UMAP
2.380771,0.23589006,2,Pullover,UMAP
0.9532722,0.5684715,0,T-shirt/top,UMAP
12.378287,4.081037,5,Sandal,UMAP
1.3283703,-2.7097936,2,Pullover,UMAP
13.858778,5.321357,7,Sneaker,UMAP
4.396223,3.7420971,8,Bag,UMAP
0.75550425,-0.9045296,2,Pullover,UMAP
-0.44552237,1.5468087,3,Dress,UMAP
13.19647,5.5916758,7,Sneaker,UMAP
12.867765,6.248743,7,Sneaker,UMAP
12.840058,5.154268,5,Sandal,UMAP
-2.1697462,6.699731,1,Trouser,UMAP
12.900284,4.1557927,5,Sandal,UMAP
13.95764,3.249433,9,Ankle boot,UMAP
-2.1033523,3.0713677,6,Shirt,UMAP
11.983542,5.3052926,5,Sandal,UMAP
-1.6213773,4.8078732,3,Dress,UMAP
4.7657576,1.4473597,8,Bag,UMAP
13.300127,6.40127,7,Sneaker,UMAP
-2.1705682,6.834973,1,Trouser,UMAP
1.7586488,-2.5832899,2,Pullover,UMAP
-3.1849387,1.3401314,0,T-shirt/top,UMAP
-3.0303595,1.5623363,0,T-shirt/top,UMAP
-2.1598427,7.893421,1,Trouser,UMAP
-3.0850847,4.1684184,3,Dress,UMAP
-0.86166346,0.5814574,4,Coat,UMAP
14.341671,1.6769377,9,Ankle boot,UMAP
-1.939819,8.178339,1,Trouser,UMAP
12.675099,6.0945435,7,Sneaker,UMAP
12.858152,5.502831,7,Sneaker,UMAP
-0.4360422,-1.9243749,4,Coat,UMAP
13.73818,5.891235,5,Sandal,UMAP
3.5232651,4.2906523,8,Bag,UMAP
1.6330556,-2.2803223,2,Pullover,UMAP
12.626655,1.8015603,5,Sandal,UMAP
2.0010207,-1.3188636,2,Pullover,UMAP
-3.1552286,3.918206,3,Dress,UMAP
11.946092,1.4025714,5,Sandal,UMAP
1.9111618,-1.2987297,2,Pullover,UMAP
-4.2650886,1.1476308,0,T-shirt/top,UMAP
0.9521588,-1.6062808,2,Pullover,UMAP
-0.96226066,7.142014,1,Trouser,UMAP
14.004141,4.972485,7,Sneaker,UMAP
-4.418561,1.2582711,0,T-shirt/top,UMAP
14.413069,0.9627201,9,Ankle boot,UMAP
13.331963,5.5802183,7,Sneaker,UMAP
0.9031317,-2.494147,6,Shirt,UMAP
2.020041,-1.566095,6,Shirt,UMAP
14.371789,0.9686728,9,Ankle boot,UMAP
0.7340538,-1.4213402,2,Pullover,UMAP
1.9936663,-2.0266044,2,Pullover,UMAP
-0.681715,0.32164067,4,Coat,UMAP
-1.6308701,3.7743714,3,Dress,UMAP
-1.9765344,5.2462096,3,Dress,UMAP
-0.64350367,1.2892021,2,Pullover,UMAP
5.1789517,1.5904195,8,Bag,UMAP
-2.846253,2.1997747,0,T-shirt/top,UMAP
-0.42643455,0.5646711,4,Coat,UMAP
2.252062,-0.29393345,2,Pullover,UMAP
-3.9036374,1.8274094,0,T-shirt/top,UMAP
14.810551,3.261763,7,Sneaker,UMAP
1.4090847,0.21526694,6,Shirt,UMAP
12.451959,4.5262794,5,Sandal,UMAP
0.5625931,-2.04864,4,Coat,UMAP
-3.4390697,1.8282356,0,T-shirt/top,UMAP
0.79322463,-0.85740453,4,Coat,UMAP
1.9972672,-2.0928628,2,Pullover,UMAP
1.2165034,-1.5476859,4,Coat,UMAP
13.266264,1.2871803,9,Ankle boot,UMAP
13.568538,1.3082285,9,Ankle boot,UMAP
-0.03118494,0.1352605,1,Trouser,UMAP
-3.702754,1.2552581,0,T-shirt/top,UMAP
12.621008,1.6332818,5,Sandal,UMAP
-1.6770536,7.923456,1,Trouser,UMAP
11.886642,1.3004134,5,Sandal,UMAP
-2.0398643,6.591614,1,Trouser,UMAP
0.8186063,-1.4713072,2,Pullover,UMAP
3.9957995,4.3305416,8,Bag,UMAP
-2.1323218,4.8904824,3,Dress,UMAP
-2.195862,3.4484186,6,Shirt,UMAP
-2.4987338,6.8099217,1,Trouser,UMAP
-0.70207304,1.3202606,3,Dress,UMAP
-2.2552147,4.597502,3,Dress,UMAP
-2.1053267,6.5583453,1,Trouser,UMAP
14.390826,1.1041867,9,Ankle boot,UMAP
13.123769,6.5120735,7,Sneaker,UMAP
0.966143,-0.7450726,4,Coat,UMAP
-0.27075556,-0.081396826,4,Coat,UMAP
-0.9839084,7.0342016,1,Trouser,UMAP
-4.5013885,1.5822814,6,Shirt,UMAP
2.1156263,-1.4101212,2,Pullover,UMAP
-2.088055,7.2545357,1,Trouser,UMAP
1.4061888,-0.31022197,2,Pullover,UMAP
-1.2114427,6.635359,1,Trouser,UMAP
-1.6208072,3.488988,3,Dress,UMAP
3.768485,3.9557457,8,Bag,UMAP
13.461022,1.433269,9,Ankle boot,UMAP
-2.170582,6.6569157,1,Trouser,UMAP
1.0665549,-0.5350239,6,Shirt,UMAP
-0.8995692,1.4647708,3,Dress,UMAP
1.206205,-1.414312,6,Shirt,UMAP
-0.84979874,7.06826,1,Trouser,UMAP
1.0523275,-0.5932044,4,Coat,UMAP
-4.0288997,2.5624452,0,T-shirt/top,UMAP
-4.409575,1.9412781,0,T-shirt/top,UMAP
14.422021,3.1672652,7,Sneaker,UMAP
0.8214081,-0.38358435,6,Shirt,UMAP
-4.4772396,1.8963996,0,T-shirt/top,UMAP
1.4653878,-1.3214415,6,Shirt,UMAP
-2.040301,7.220319,1,Trouser,UMAP
13.920197,1.5658753,9,Ankle boot,UMAP
-1.5925515,4.5081506,3,Dress,UMAP
-3.2972958,1.63982,0,T-shirt/top,UMAP
0.7803901,-2.2526917,2,Pullover,UMAP
4.5079646,3.6233578,8,Bag,UMAP
0.27840856,-0.42554447,6,Shirt,UMAP
12.979495,0.89429843,5,Sandal,UMAP
-0.08684102,-1.2791446,4,Coat,UMAP
2.0133197,-1.902669,2,Pullover,UMAP
0.37404633,-2.1357126,4,Coat,UMAP
-0.5865265,-0.24270833,1,Trouser,UMAP
14.023095,5.7778635,7,Sneaker,UMAP
1.140776,-1.4864957,2,Pullover,UMAP
4.671964,3.108822,8,Bag,UMAP
-4.095216,2.4634118,0,T-shirt/top,UMAP
13.715345,1.7099806,9,Ankle boot,UMAP
14.0061455,5.812855,5,Sandal,UMAP
-0.5708029,-0.03140901,4,Coat,UMAP
-1.1036255,7.500018,1,Trouser,UMAP
11.887896,5.0903974,5,Sandal,UMAP
1.1155332,-3.2102592,4,Coat,UMAP
-2.3215938,4.2540298,3,Dress,UMAP
1.8336763,-2.6452165,2,Pullover,UMAP
-0.35298935,-1.7569597,4,Coat,UMAP
1.6554234,-0.6726344,2,Pullover,UMAP
4.6597266,1.909277,8,Bag,UMAP
-3.9977996,1.2934973,6,Shirt,UMAP
-2.9010632,6.7589436,1,Trouser,UMAP
4.338676,4.1347604,8,Bag,UMAP
11.519976,5.8414307,5,Sandal,UMAP
2.3576035,0.15964423,6,Shirt,UMAP
12.368698,3.9840903,5,Sandal,UMAP
1.208896,-2.7153144,4,Coat,UMAP
-2.2483943,3.8663485,3,Dress,UMAP
0.7557543,-0.6690539,6,Shirt,UMAP
14.271921,2.1929822,9,Ankle boot,UMAP
1.5064228,-0.28297347,4,Coat,UMAP
-2.199599,4.883182,1,Trouser,UMAP
12.376299,4.290418,5,Sandal,UMAP
13.955812,5.056746,7,Sneaker,UMAP
13.823368,3.5655346,7,Sneaker,UMAP
2.1618402,-0.51761156,2,Pullover,UMAP
-1.7892803,3.896902,3,Dress,UMAP
-0.40265092,0.10175864,4,Coat,UMAP
12.198415,4.873934,5,Sandal,UMAP
-0.7525318,1.506947,3,Dress,UMAP
14.507661,3.5857239,7,Sneaker,UMAP
14.810904,3.2252572,7,Sneaker,UMAP
13.689513,0.4608445,9,Ankle boot,UMAP
14.382841,3.8518193,7,Sneaker,UMAP
12.4118395,1.5352477,5,Sandal,UMAP
12.76716,5.528184,7,Sneaker,UMAP
-0.25020084,-0.5601678,8,Bag,UMAP
0.3289767,-1.3562747,2,Pullover,UMAP
0.76460904,-0.77788097,2,Pullover,UMAP
3.4869864,4.151335,8,Bag,UMAP
-0.86251193,1.0268582,3,Dress,UMAP
0.8631085,-1.9173933,2,Pullover,UMAP
0.428421,0.23794642,3,Dress,UMAP
-1.0398144,7.5055375,1,Trouser,UMAP
-2.7234473,2.810071,6,Shirt,UMAP
-2.0854921,2.2099023,3,Dress,UMAP
1.7125835,-2.432461,4,Coat,UMAP
14.309874,0.8967865,9,Ankle boot,UMAP
-2.1110415,3.7779465,0,T-shirt/top,UMAP
-1.9195638,6.2651258,1,Trouser,UMAP
13.969579,2.7460914,9,Ankle boot,UMAP
-2.605037,4.2465796,3,Dress,UMAP
4.41405,3.8915439,8,Bag,UMAP
-3.5919006,2.7206116,0,T-shirt/top,UMAP
-3.2072756,3.9478416,3,Dress,UMAP
-0.13836825,1.1191335,4,Coat,UMAP
-0.62273663,0.4712122,4,Coat,UMAP
4.4133234,4.025536,8,Bag,UMAP
13.036307,1.7459317,5,Sandal,UMAP
4.4158134,3.52938,8,Bag,UMAP
-4.187612,2.4919014,3,Dress,UMAP
11.439984,6.012758,5,Sandal,UMAP
0.30627447,-2.0695014,4,Coat,UMAP
0.43007955,-1.548537,4,Coat,UMAP
-1.7871919,8.043789,1,Trouser,UMAP
14.461352,2.8505945,7,Sneaker,UMAP
12.775088,6.2554502,7,Sneaker,UMAP
2.3305795,-0.6278012,2,Pullover,UMAP
-0.6267007,1.6790842,6,Shirt,UMAP
-3.5433195,2.371146,0,T-shirt/top,UMAP
-3.3970406,2.5690284,6,Shirt,UMAP
-1.9205005,3.1278129,6,Shirt,UMAP
-0.8372494,6.9744267,1,Trouser,UMAP
14.238197,2.794797,9,Ankle boot,UMAP
1.1441464,-0.42183375,6,Shirt,UMAP
3.4910595,1.0889511,6,Shirt,UMAP
13.779925,4.841666,7,Sneaker,UMAP
2.20896,0.25850728,2,Pullover,UMAP
1.193855,-0.437839,2,Pullover,UMAP
-0.95494777,1.5125428,4,Coat,UMAP
0.80951077,-0.5135046,6,Shirt,UMAP
0.38692945,0.43627653,6,Shirt,UMAP
-1.6028132,3.8812227,0,T-shirt/top,UMAP
-2.3543112,6.6981583,1,Trouser,UMAP
11.589406,5.814928,5,Sandal,UMAP
3.108592,0.67405444,8,Bag,UMAP
12.828608,4.6300783,5,Sandal,UMAP
-0.60553646,1.2789974,3,Dress,UMAP
11.76796,5.266089,5,Sandal,UMAP
13.672484,5.2401166,7,Sneaker,UMAP
-1.3376162,7.2603946,1,Trouser,UMAP
14.265136,2.6675732,9,Ankle boot,UMAP
4.1096272,1.3495775,8,Bag,UMAP
-2.6248174,6.8589115,1,Trouser,UMAP
1.08978,0.8028266,6,Shirt,UMAP
-0.7453326,6.987528,1,Trouser,UMAP
1.8124883,0.71767116,6,Shirt,UMAP
1.5751324,0.857541,6,Shirt,UMAP
14.291448,2.7123356,9,Ankle boot,UMAP
-2.9965136,6.5251784,2,Pullover,UMAP
-1.6191012,4.9818516,3,Dress,UMAP
13.723773,0.4213785,9,Ankle boot,UMAP
12.994718,6.540311,7,Sneaker,UMAP
-1.9229622,8.186196,1,Trouser,UMAP
-1.5378054,7.6884274,1,Trouser,UMAP
0.005105381,-0.030294282,4,Coat,UMAP
3.7896628,3.9327538,8,Bag,UMAP
12.710325,4.6383395,5,Sandal,UMAP
14.449267,1.1489717,9,Ankle boot,UMAP
-3.7458913,2.6946514,0,T-shirt/top,UMAP
4.842481,1.8409464,8,Bag,UMAP
-4.095836,2.3772755,0,T-shirt/top,UMAP
13.450334,1.5545382,9,Ankle boot,UMAP
13.004369,4.1036606,5,Sandal,UMAP
1.5316818,-1.383392,4,Coat,UMAP
14.442998,2.461379,9,Ankle boot,UMAP
13.478381,5.437704,7,Sneaker,UMAP
14.214985,3.5571628,9,Ankle boot,UMAP
-2.7839394,6.813677,1,Trouser,UMAP
13.995375,5.472774,7,Sneaker,UMAP
1.9049889,-2.5510821,2,Pullover,UMAP
-1.6730709,2.1985776,3,Dress,UMAP
12.214137,1.0645561,5,Sandal,UMAP
4.277361,4.19385,8,Bag,UMAP
12.543669,4.532156,5,Sandal,UMAP
-0.75912607,0.85210073,3,Dress,UMAP
-2.7454185,1.1772908,6,Shirt,UMAP
-3.2056942,1.4222059,6,Shirt,UMAP
13.646583,3.9355874,7,Sneaker,UMAP
12.979024,2.179418,5,Sandal,UMAP
0.45883477,0.1648289,3,Dress,UMAP
0.9922995,-2.8432848,4,Coat,UMAP
-0.74435455,1.7873547,3,Dress,UMAP
13.48906,5.960907,7,Sneaker,UMAP
1.4807074,-1.4493182,4,Coat,UMAP
-0.42557466,0.32617646,4,Coat,UMAP
-1.0237218,7.1529045,1,Trouser,UMAP
2.1724741,0.30141425,8,Bag,UMAP
-2.4841807,1.1233388,4,Coat,UMAP
-1.6469434,1.9970633,0,T-shirt/top,UMAP
14.398466,1.7512175,9,Ankle boot,UMAP
13.54765,6.174884,7,Sneaker,UMAP
5.091504,2.300867,7,Sneaker,UMAP
2.1177795,-1.4538069,2,Pullover,UMAP
-1.2068423,7.2655005,1,Trouser,UMAP
-1.5783131,3.7533758,3,Dress,UMAP
-4.018155,2.0597758,0,T-shirt/top,UMAP
1.8989996,-1.7712452,4,Coat,UMAP
-3.434551,0.96211326,6,Shirt,UMAP
3.4462955,4.1187572,8,Bag,UMAP
13.874459,5.690787,7,Sneaker,UMAP
-2.9126549,1.8059819,0,T-shirt/top,UMAP
14.020467,3.3905616,9,Ankle boot,UMAP
-2.9811301,2.525105,6,Shirt,UMAP
12.544447,4.534437,5,Sandal,UMAP
14.424017,2.1975327,9,Ankle boot,UMAP
0.11254152,-2.1041203,4,Coat,UMAP
-0.5406397,0.70443904,3,Dress,UMAP
0.78392833,-2.3382416,4,Coat,UMAP
4.6155353,1.5768243,8,Bag,UMAP
-2.0209658,3.1722107,1,Trouser,UMAP
14.065899,5.7311673,7,Sneaker,UMAP
4.748995,1.3598951,8,Bag,UMAP
-0.047796123,-1.5333593,6,Shirt,UMAP
0.056969628,-1.8508705,4,Coat,UMAP
-1.6762537,4.0338254,3,Dress,UMAP
0.27892753,-1.0607135,4,Coat,UMAP
1.3889791,0.69860786,3,Dress,UMAP
12.702034,5.420198,7,Sneaker,UMAP
4.19118,4.2391405,8,Bag,UMAP
-2.2926672,4.259845,3,Dress,UMAP
0.44056523,0.045142397,2,Pullover,UMAP
13.510322,1.9430952,9,Ankle boot,UMAP
-2.2006009,4.5413027,3,Dress,UMAP
-2.4238844,4.514515,3,Dress,UMAP
14.364492,3.817762,7,Sneaker,UMAP
-1.7419721,4.474539,3,Dress,UMAP
14.487698,1.9603715,9,Ankle boot,UMAP
2.0240865,-2.7446406,2,Pullover,UMAP
-1.841248,4.99932,1,Trouser,UMAP
1.6227468,-2.335326,2,Pullover,UMAP
14.109375,1.8275697,9,Ankle boot,UMAP
2.1789155,-0.37252823,6,Shirt,UMAP
-1.3449067,6.5799527,1,Trouser,UMAP
1.8293087,-1.5514171,4,Coat,UMAP
-4.04488,1.8025975,0,T-shirt/top,UMAP
-0.16451067,-1.7999209,4,Coat,UMAP
-1.6380833,3.9161997,3,Dress,UMAP
1.0023674,-2.3596292,2,Pullover,UMAP
-0.57075334,0.7949791,3,Dress,UMAP
-2.4848251,6.842692,1,Trouser,UMAP
1.1663766,-2.0780551,4,Coat,UMAP
-2.088343,4.332082,3,Dress,UMAP
11.444235,5.999965,5,Sandal,UMAP
14.163841,2.7753127,9,Ankle boot,UMAP
1.7409755,-1.1949601,2,Pullover,UMAP
12.81237,6.178404,7,Sneaker,UMAP
13.918341,5.039292,7,Sneaker,UMAP
-2.9703255,1.1471527,0,T-shirt/top,UMAP
1.9405335,-1.266575,2,Pullover,UMAP
14.336084,1.8750228,9,Ankle boot,UMAP
2.0921068,-1.8209807,2,Pullover,UMAP
-0.7352813,0.4834939,4,Coat,UMAP
1.1642659,-2.3345625,4,Coat,UMAP
14.10984,2.632301,9,Ankle boot,UMAP
-1.4419454,6.701355,1,Trouser,UMAP
-2.991252,1.219303,0,T-shirt/top,UMAP
13.682316,3.8719425,7,Sneaker,UMAP
12.810927,2.1603239,5,Sandal,UMAP
1.7738951,-0.6342261,1,Trouser,UMAP
12.342346,1.7327083,5,Sandal,UMAP
13.908765,5.944667,7,Sneaker,UMAP
1.759383,-0.09008494,4,Coat,UMAP
1.9499226,-0.72184634,6,Shirt,UMAP
4.618952,3.9135303,8,Bag,UMAP
-2.0575347,4.255854,3,Dress,UMAP
13.788282,1.6813709,5,Sandal,UMAP
-1.3116617,6.83279,1,Trouser,UMAP
-3.6101587,2.7003927,0,T-shirt/top,UMAP
13.270767,1.9954572,9,Ankle boot,UMAP
12.426256,4.5182753,5,Sandal,UMAP
2.2523954,-0.21675795,2,Pullover,UMAP
-1.1239629,7.1878023,1,Trouser,UMAP
12.154207,1.7696503,5,Sandal,UMAP
0.99407274,-0.9274199,4,Coat,UMAP
13.5057955,2.039982,9,Ankle boot,UMAP
12.643129,4.817168,5,Sandal,UMAP
4.81306,1.3212526,8,Bag,UMAP
1.2400655,0.016198896,4,Coat,UMAP
13.188328,1.7627612,5,Sandal,UMAP
3.749652,3.9212918,8,Bag,UMAP
12.739866,5.6396747,7,Sneaker,UMAP
1.0087471,-2.9685488,2,Pullover,UMAP
-1.9190283,3.1919024,1,Trouser,UMAP
14.207706,2.8789337,7,Sneaker,UMAP
-2.0410511,5.9231095,0,T-shirt/top,UMAP
-1.747688,3.896734,3,Dress,UMAP
1.2047169,-0.42827445,6,Shirt,UMAP
13.85685,0.7074402,9,Ankle boot,UMAP
-3.7748988,1.1249285,0,T-shirt/top,UMAP
1.5042748,0.47131082,2,Pullover,UMAP
-2.1819875,3.2974603,6,Shirt,UMAP
12.865643,1.8663604,5,Sandal,UMAP
-0.81647515,6.959326,1,Trouser,UMAP
-1.9213926,6.846505,1,Trouser,UMAP
0.6709877,-2.8376498,2,Pullover,UMAP
1.1097096,-0.70787007,6,Shirt,UMAP
4.188661,1.3271542,8,Bag,UMAP
-3.9651134,1.546289,0,T-shirt/top,UMAP
12.696005,5.87329,7,Sneaker,UMAP
-1.2210934,6.865938,1,Trouser,UMAP
13.691388,2.8929756,7,Sneaker,UMAP
-0.7827094,1.7054703,3,Dress,UMAP
-1.2461206,7.367359,1,Trouser,UMAP
-1.9128078,7.594939,1,Trouser,UMAP
1.1770358,-0.5161885,4,Coat,UMAP
5.087262,2.353505,8,Bag,UMAP
14.142295,0.9268305,9,Ankle boot,UMAP
0.13652305,-0.7372111,4,Coat,UMAP
13.216629,1.1747546,9,Ankle boot,UMAP
-0.24079144,1.2904173,3,Dress,UMAP
1.362138,-1.4344019,4,Coat,UMAP
-1.0658021,7.5391154,1,Trouser,UMAP
-3.9572577,1.4783717,0,T-shirt/top,UMAP
-1.9654243,7.037231,1,Trouser,UMAP
13.421625,4.8896174,5,Sandal,UMAP
1.5518578,-1.5700842,6,Shirt,UMAP
14.700998,3.5941856,7,Sneaker,UMAP
0.24621089,0.37243915,3,Dress,UMAP
14.434332,1.5244592,9,Ankle boot,UMAP
13.807148,5.084122,7,Sneaker,UMAP
3.9450896,4.4670405,8,Bag,UMAP
-0.872799,7.245375,1,Trouser,UMAP
13.615411,0.52248365,9,Ankle boot,UMAP
13.219241,1.7354556,9,Ankle boot,UMAP
-0.8922025,1.300357,4,Coat,UMAP
-3.2019217,1.0665947,0,T-shirt/top,UMAP
1.0085396,-2.3030193,4,Coat,UMAP
-2.8862116,1.9119151,0,T-shirt/top,UMAP
1.7478415,-0.7630996,2,Pullover,UMAP
-2.0184085,5.232434,3,Dress,UMAP
0.82744926,-0.29969022,6,Shirt,UMAP
13.821001,0.88294244,5,Sandal,UMAP
3.723567,0.9972855,8,Bag,UMAP
12.408615,4.005988,5,Sandal,UMAP
14.384911,2.29455,9,Ankle boot,UMAP
11.990151,1.412329,5,Sandal,UMAP
2.2255487,-0.7509854,2,Pullover,UMAP
11.9015875,5.0708795,5,Sandal,UMAP
4.4678497,3.5864751,8,Bag,UMAP
3.9548354,4.4350305,8,Bag,UMAP
2.1053953,-1.6762555,2,Pullover,UMAP
1.9644314,-0.98549926,2,Pullover,UMAP
4.258917,3.8253713,8,Bag,UMAP
13.412292,5.5132647,7,Sneaker,UMAP
5.0516634,1.6042933,8,Bag,UMAP
14.032122,2.2456355,9,Ankle boot,UMAP
-0.07660467,-1.8369964,2,Pullover,UMAP
-4.0421095,1.9903115,0,T-shirt/top,UMAP
5.0082374,2.5139244,8,Bag,UMAP
13.794616,6.139292,7,Sneaker,UMAP
0.5432037,-0.51963854,6,Shirt,UMAP
-1.7192578,7.5956783,1,Trouser,UMAP
-3.5710082,1.5176793,0,T-shirt/top,UMAP
3.515496,4.0535755,8,Bag,UMAP
-1.6868894,4.1708546,3,Dress,UMAP
11.847922,5.0916357,5,Sandal,UMAP
1.2288399,-0.1644829,4,Coat,UMAP
-1.7229898,8.04216,1,Trouser,UMAP
-3.9241261,2.1274168,0,T-shirt/top,UMAP
-2.6032774,4.4353366,3,Dress,UMAP
13.904572,0.83100617,9,Ankle boot,UMAP
1.1137615,-2.4683685,6,Shirt,UMAP
14.24481,2.6671374,9,Ankle boot,UMAP
4.801246,1.3208284,8,Bag,UMAP
1.1500245,-2.3590088,4,Coat,UMAP
-0.7403888,1.3009244,3,Dress,UMAP
-1.246092,7.494846,1,Trouser,UMAP
13.6589,0.45798686,9,Ankle boot,UMAP
4.329914,1.3200701,8,Bag,UMAP
1.7026354,0.7746715,0,T-shirt/top,UMAP
3.708792,3.9071894,8,Bag,UMAP
13.316586,6.23535,7,Sneaker,UMAP
-1.4148647,1.7678211,0,T-shirt/top,UMAP
-2.5797787,4.36001,3,Dress,UMAP
-1.7873894,4.369933,3,Dress,UMAP
1.1489303,-2.5014207,4,Coat,UMAP
3.5526624,0.8013279,8,Bag,UMAP
0.9756445,-0.574296,6,Shirt,UMAP
-0.88799185,7.0118184,1,Trouser,UMAP
-1.6307385,5.161399,3,Dress,UMAP
-1.7037174,7.970694,1,Trouser,UMAP
14.036251,5.2990193,7,Sneaker,UMAP
-2.0221007,6.613422,1,Trouser,UMAP
12.664153,4.662443,5,Sandal,UMAP
0.6862935,-0.5732556,6,Shirt,UMAP
-3.4724138,2.9119265,0,T-shirt/top,UMAP
-1.594601,3.7669444,3,Dress,UMAP
3.97995,4.4134846,8,Bag,UMAP
3.477264,4.3112993,8,Bag,UMAP
1.8692931,-2.6944077,2,Pullover,UMAP
-1.7429504,6.753492,1,Trouser,UMAP
13.870607,2.2665277,9,Ankle boot,UMAP
2.0757997,0.53255224,8,Bag,UMAP
1.3759681,-1.6163509,4,Coat,UMAP
0.9336572,-1.4964349,2,Pullover,UMAP
-1.317303,1.6359559,3,Dress,UMAP
12.086949,5.004472,5,Sandal,UMAP
4.0545115,4.399737,8,Bag,UMAP
-2.1902113,3.8358603,0,T-shirt/top,UMAP
-3.0988452,1.43947,6,Shirt,UMAP
1.3597164,0.6290145,2,Pullover,UMAP
-1.6668463,7.937439,1,Trouser,UMAP
12.842954,4.9866576,5,Sandal,UMAP
13.469491,1.2751966,9,Ankle boot,UMAP
-4.0242176,1.8859854,0,T-shirt/top,UMAP
14.712533,3.4249182,7,Sneaker,UMAP
1.4664989,0.36162502,2,Pullover,UMAP
-4.150867,1.6624961,6,Shirt,UMAP
-4.0075135,2.0745723,0,T-shirt/top,UMAP
-3.7347383,1.6275121,0,T-shirt/top,UMAP
3.3461602,4.3766084,8,Bag,UMAP
13.567004,1.4797567,9,Ankle boot,UMAP
13.82856,2.2517653,9,Ankle boot,UMAP
0.11113812,-1.5187323,4,Coat,UMAP
0.6630912,0.28233135,6,Shirt,UMAP
13.683228,5.5545297,7,Sneaker,UMAP
-0.017035762,1.1104352,3,Dress,UMAP
-1.2624027,6.8165536,1,Trouser,UMAP
0.88414294,-1.4268126,6,Shirt,UMAP
12.3130665,3.818026,5,Sandal,UMAP
-3.3792932,1.0631905,0,T-shirt/top,UMAP
1.0787934,-3.0315452,4,Coat,UMAP
1.1214648,-1.9543973,6,Shirt,UMAP
1.5701861,-0.14278431,6,Shirt,UMAP
13.013587,4.9035406,5,Sandal,UMAP
13.567507,2.0095146,5,Sandal,UMAP
3.4074311,4.2282996,8,Bag,UMAP
1.0519488,-0.74021626,2,Pullover,UMAP
0.15419349,0.2685482,4,Coat,UMAP
1.121119,-0.92761344,2,Pullover,UMAP
3.7900708,4.066424,8,Bag,UMAP
-3.3800898,2.3380075,6,Shirt,UMAP
-3.7077298,1.1219683,0,T-shirt/top,UMAP
3.794154,1.0094887,8,Bag,UMAP
-3.9861622,1.8695637,0,T-shirt/top,UMAP
1.5616343,-1.5050565,4,Coat,UMAP
4.5578933,1.702381,8,Bag,UMAP
12.514055,4.6819324,5,Sandal,UMAP
14.320932,0.90103024,9,Ankle boot,UMAP
1.747713,-0.42907357,6,Shirt,UMAP
-1.5777425,7.126901,1,Trouser,UMAP
-3.9741442,1.1274211,6,Shirt,UMAP
12.6645775,4.686867,5,Sandal,UMAP
-1.6272951,7.1960106,1,Trouser,UMAP
-1.5784929,4.2131734,1,Trouser,UMAP
3.322361,4.292103,8,Bag,UMAP
4.7554517,1.767801,8,Bag,UMAP
4.779685,1.3756816,8,Bag,UMAP
13.245052,5.644233,7,Sneaker,UMAP
-3.2083118,3.9870658,3,Dress,UMAP
-2.5347824,6.7605357,1,Trouser,UMAP
13.784562,5.1107655,7,Sneaker,UMAP
13.198924,1.2486119,9,Ankle boot,UMAP
12.34867,1.5220271,5,Sandal,UMAP
13.779129,1.5603434,9,Ankle boot,UMAP
14.58568,2.439946,9,Ankle boot,UMAP
-3.0304682,1.5479989,0,T-shirt/top,UMAP
13.629008,2.4030912,9,Ankle boot,UMAP
14.15526,2.5253222,9,Ankle boot,UMAP
11.545629,5.737539,5,Sandal,UMAP
14.365594,2.3263414,9,Ankle boot,UMAP
-2.724705,3.544101,3,Dress,UMAP
-0.7945418,7.0215297,1,Trouser,UMAP
-3.0808659,3.9014487,3,Dress,UMAP
4.393122,3.7048242,8,Bag,UMAP
14.211544,3.594784,7,Sneaker,UMAP
-3.2086878,4.0106378,3,Dress,UMAP
11.502644,5.889759,5,Sandal,UMAP
11.5362425,5.7461658,5,Sandal,UMAP
-1.8322977,5.868231,6,Shirt,UMAP
13.434307,0.62816316,9,Ankle boot,UMAP
-4.0786223,2.344451,0,T-shirt/top,UMAP
2.219013,-0.2761293,2,Pullover,UMAP
13.814391,3.8642845,7,Sneaker,UMAP
-1.3493354,2.976792,6,Shirt,UMAP
-2.0061061,4.343094,3,Dress,UMAP
-0.4825845,-0.04651684,4,Coat,UMAP
-4.2843,2.229643,0,T-shirt/top,UMAP
-3.4866135,1.2549531,0,T-shirt/top,UMAP
1.148013,1.0254334,8,Bag,UMAP
14.332157,2.5712612,9,Ankle boot,UMAP
-1.8547198,7.9236073,1,Trouser,UMAP
-0.75260925,1.7467407,3,Dress,UMAP
14.693808,3.1748424,7,Sneaker,UMAP
13.432605,0.62890285,9,Ankle boot,UMAP
13.918278,3.7329729,9,Ankle boot,UMAP
3.3631961,4.338402,8,Bag,UMAP
3.2977655,4.198411,8,Bag,UMAP
1.2668324,-0.6220383,4,Coat,UMAP
13.318172,5.7717743,7,Sneaker,UMAP
12.191304,1.744942,5,Sandal,UMAP
-1.4887936,7.213962,1,Trouser,UMAP
14.172438,2.493499,9,Ankle boot,UMAP
14.03774,5.0391326,7,Sneaker,UMAP
13.530076,5.7881904,7,Sneaker,UMAP
11.867139,5.1198072,5,Sandal,UMAP
0.036730442,-1.6767294,4,Coat,UMAP
14.304059,2.6536732,9,Ankle boot,UMAP
-2.0010078,5.216033,3,Dress,UMAP
-3.1443865,3.0290039,0,T-shirt/top,UMAP
-0.1954853,-1.9996487,2,Pullover,UMAP
13.719438,4.995828,7,Sneaker,UMAP
-3.2328315,2.1166956,0,T-shirt/top,UMAP
1.8765172,0.41069102,4,Coat,UMAP
-1.3626862,2.3688445,4,Coat,UMAP
4.6470757,3.8794954,8,Bag,UMAP
-1.6130533,4.927737,3,Dress,UMAP
-1.9222598,4.686293,3,Dress,UMAP
14.201981,2.0298715,9,Ankle boot,UMAP
2.1405938,-1.1407874,2,Pullover,UMAP
-3.6256025,0.9972323,6,Shirt,UMAP
-2.343543,3.1504266,1,Trouser,UMAP
12.8058605,5.500113,7,Sneaker,UMAP
12.164081,4.656421,5,Sandal,UMAP
14.198816,2.118125,9,Ankle boot,UMAP
13.2973385,5.6067286,7,Sneaker,UMAP
-0.31989342,0.11512359,4,Coat,UMAP
0.57038224,-1.1979247,4,Coat,UMAP
11.8276205,5.1637716,5,Sandal,UMAP
0.80743915,-3.0617547,4,Coat,UMAP
14.635061,3.2464492,7,Sneaker,UMAP
13.930073,3.375998,9,Ankle boot,UMAP
13.423744,1.5064849,9,Ankle boot,UMAP
12.38341,3.9493105,5,Sandal,UMAP
14.216013,1.5712751,9,Ankle boot,UMAP
13.804408,2.8115177,9,Ankle boot,UMAP
-3.8788218,2.2271566,0,T-shirt/top,UMAP
-1.431806,7.4556055,1,Trouser,UMAP
-2.6165888,6.9261065,1,Trouser,UMAP
-0.9805114,6.976787,1,Trouser,UMAP
12.576952,4.8025885,5,Sandal,UMAP
-3.408132,0.84424716,6,Shirt,UMAP
-2.105635,7.202714,1,Trouser,UMAP
-0.8173898,7.018513,1,Trouser,UMAP
4.9928627,1.197959,8,Bag,UMAP
-2.9149709,1.6516225,6,Shirt,UMAP
-0.7249871,6.9112797,1,Trouser,UMAP
13.376102,5.905036,7,Sneaker,UMAP
1.3441455,-3.0227153,2,Pullover,UMAP
-1.627755,7.799782,1,Trouser,UMAP
-1.447225,4.8611665,8,Bag,UMAP
2.1613727,-1.1091951,6,Shirt,UMAP
0.5527206,-0.99553674,4,Coat,UMAP
-1.2574471,6.9001784,1,Trouser,UMAP
14.511117,3.6647303,9,Ankle boot,UMAP
0.53575826,-2.4741962,2,Pullover,UMAP
13.341999,6.3251863,7,Sneaker,UMAP
-1.4374367,7.3793054,1,Trouser,UMAP
11.855438,1.2534877,5,Sandal,UMAP
-1.699121,1.531468,6,Shirt,UMAP
13.999692,4.786712,7,Sneaker,UMAP
1.1683642,-1.0685663,4,Coat,UMAP
-1.579589,1.7778919,3,Dress,UMAP
-0.08271128,1.098076,2,Pullover,UMAP
12.373932,4.0068746,5,Sandal,UMAP
-4.353314,1.4336882,0,T-shirt/top,UMAP
4.669993,1.5794694,8,Bag,UMAP
-3.454638,2.689774,0,T-shirt/top,UMAP
-3.946335,1.1131327,0,T-shirt/top,UMAP
-1.0500252,7.5254974,1,Trouser,UMAP
-1.5848719,7.3374815,1,Trouser,UMAP
-3.0915778,2.18563,0,T-shirt/top,UMAP
3.5745804,4.009411,8,Bag,UMAP
13.658412,1.7344497,9,Ankle boot,UMAP
14.487469,2.3217504,9,Ankle boot,UMAP
4.456083,1.4222032,8,Bag,UMAP
-2.7168686,6.7624025,1,Trouser,UMAP
0.11694073,-0.43453437,6,Shirt,UMAP
14.178722,1.7956091,9,Ankle boot,UMAP
13.876772,5.943367,7,Sneaker,UMAP
1.7891139,-1.0096059,6,Shirt,UMAP
0.8000578,-0.6101441,6,Shirt,UMAP
14.502618,1.330938,9,Ankle boot,UMAP
14.677355,3.5964773,7,Sneaker,UMAP
11.399157,6.0246096,5,Sandal,UMAP
-3.1713204,3.989174,3,Dress,UMAP
13.468879,1.1096567,9,Ankle boot,UMAP
1.1022899,-0.6163259,6,Shirt,UMAP
-1.3362263,6.7970653,1,Trouser,UMAP
-2.190722,4.3522553,3,Dress,UMAP
2.8014238,0.21594515,2,Pullover,UMAP
1.9461209,-0.75569445,2,Pullover,UMAP
-3.4588416,0.9683477,6,Shirt,UMAP
13.421908,5.8817863,7,Sneaker,UMAP
13.830674,0.69251746,9,Ankle boot,UMAP
14.182184,2.516436,9,Ankle boot,UMAP
-1.6177837,4.1105046,3,Dress,UMAP
0.7386032,-0.35583493,6,Shirt,UMAP
0.9127353,-0.5981106,2,Pullover,UMAP
0.92254007,1.031012,4,Coat,UMAP
1.8706961,-1.2760676,2,Pullover,UMAP
4.6441436,1.1621846,8,Bag,UMAP
-2.0299342,3.613696,0,T-shirt/top,UMAP
13.945226,3.4669976,9,Ankle boot,UMAP
13.654281,2.1184804,9,Ankle boot,UMAP
-3.9033465,0.91020185,6,Shirt,UMAP
0.28887087,-1.4873204,4,Coat,UMAP
-2.1543078,7.2573385,1,Trouser,UMAP
0.8768698,-1.3584998,4,Coat,UMAP
-2.7698832,1.6708741,0,T-shirt/top,UMAP
4.598312,3.962311,8,Bag,UMAP
1.4779257,-1.6406292,4,Coat,UMAP
-0.015034021,-0.44119114,6,Shirt,UMAP
13.646017,5.810107,7,Sneaker,UMAP
13.568754,0.5866123,9,Ankle boot,UMAP
4.492087,3.7212064,8,Bag,UMAP
12.564482,2.1965013,5,Sandal,UMAP
-0.1668818,0.9782665,3,Dress,UMAP
-3.0362952,1.4830619,0,T-shirt/top,UMAP
-0.028531319,-0.9678922,6,Shirt,UMAP
1.3108133,-3.0175462,4,Coat,UMAP
-0.4547783,-1.8066541,2,Pullover,UMAP
2.2554374,0.30326092,8,Bag,UMAP
0.14368331,0.69396544,3,Dress,UMAP
1.1457908,-2.0210931,2,Pullover,UMAP
-2.826943,6.8347015,1,Trouser,UMAP
14.1595745,1.6710944,9,Ankle boot,UMAP
-0.72907895,6.7981596,1,Trouser,UMAP
14.650458,2.4331944,9,Ankle boot,UMAP
-3.8792558,2.428387,0,T-shirt/top,UMAP
2.2196476,-0.17838089,4,Coat,UMAP
-1.6735623,3.7934275,3,Dress,UMAP
12.378346,4.026896,5,Sandal,UMAP
-0.08989522,-1.4692192,4,Coat,UMAP
3.144879,0.5865013,8,Bag,UMAP
-2.2939193,3.0402231,6,Shirt,UMAP
13.069302,6.5275717,7,Sneaker,UMAP
13.890849,4.968329,7,Sneaker,UMAP
-2.0138152,6.608514,1,Trouser,UMAP
-3.9219732,1.8502523,0,T-shirt/top,UMAP
12.858214,6.158413,7,Sneaker,UMAP
-1.676482,3.6461177,3,Dress,UMAP
-0.6707716,0.31945598,2,Pullover,UMAP
-3.108494,1.0151352,0,T-shirt/top,UMAP
5.140467,1.3702263,8,Bag,UMAP
1.1441393,-0.4588302,6,Shirt,UMAP
1.6842523,-1.0891404,2,Pullover,UMAP
-3.2192864,2.6381164,0,T-shirt/top,UMAP
-1.8086611,8.047448,1,Trouser,UMAP
5.22114,1.6387675,8,Bag,UMAP
-0.84452474,1.7712777,3,Dress,UMAP
-4.493921,1.6024352,0,T-shirt/top,UMAP
1.4301227,0.6528507,6,Shirt,UMAP
5.269282,1.6476705,8,Bag,UMAP
4.426458,1.1236314,8,Bag,UMAP
-0.751205,0.9273566,4,Coat,UMAP
11.884485,1.3543442,5,Sandal,UMAP
14.622477,1.8479549,9,Ankle boot,UMAP
-0.9796586,1.4946722,3,Dress,UMAP
3.6724901,3.968996,8,Bag,UMAP
-4.0394306,1.8113836,0,T-shirt/top,UMAP
13.372369,6.0972977,7,Sneaker,UMAP
1.9488319,-1.8680056,2,Pullover,UMAP
4.6230874,1.9129875,3,Dress,UMAP
11.83737,5.150631,5,Sandal,UMAP
-0.5640085,0.0075546824,0,T-shirt/top,UMAP
-0.34357104,-0.12719536,4,Coat,UMAP
-3.2249358,1.1183836,0,T-shirt/top,UMAP
12.35017,3.977342,5,Sandal,UMAP
2.1813161,-0.22767411,2,Pullover,UMAP
14.207766,2.3980155,9,Ankle boot,UMAP
4.7984495,1.3027139,8,Bag,UMAP
12.350353,4.0591273,5,Sandal,UMAP
13.67757,3.9361017,5,Sandal,UMAP
14.479211,1.1783581,9,Ankle boot,UMAP
-2.2717326,3.7741053,3,Dress,UMAP
-1.3354696,6.7513967,1,Trouser,UMAP
-1.9610257,6.281878,1,Trouser,UMAP
-0.10260126,0.11974655,4,Coat,UMAP
0.9649525,-1.6108475,4,Coat,UMAP
-1.8559443,8.02418,1,Trouser,UMAP
-2.4173172,4.1182947,3,Dress,UMAP
12.537713,4.434334,5,Sandal,UMAP
-2.9194355,1.6856569,0,T-shirt/top,UMAP
-3.8883452,2.1527996,0,T-shirt/top,UMAP
-3.1993299,3.899469,3,Dress,UMAP
-4.4521556,1.2343926,0,T-shirt/top,UMAP
11.950973,5.0000052,5,Sandal,UMAP
-3.7465122,1.7209413,6,Shirt,UMAP
14.208958,2.5520763,7,Sneaker,UMAP
-0.62123376,1.1139798,3,Dress,UMAP
13.31796,6.2325225,7,Sneaker,UMAP
1.4155598,0.44632733,0,T-shirt/top,UMAP
12.306397,3.711956,5,Sandal,UMAP
-3.6989946,0.8395179,0,T-shirt/top,UMAP
1.549407,-2.771331,2,Pullover,UMAP
4.6837835,3.0978746,8,Bag,UMAP
12.218699,1.095634,5,Sandal,UMAP
0.3459912,-0.9168553,6,Shirt,UMAP
-0.5700946,-1.5956602,2,Pullover,UMAP
-3.9893074,2.5674727,0,T-shirt/top,UMAP
14.583957,1.65809,9,Ankle boot,UMAP
12.375111,1.5366417,5,Sandal,UMAP
-2.5164082,4.102307,3,Dress,UMAP
-3.0773137,1.0948192,0,T-shirt/top,UMAP
0.73589796,-0.70327324,6,Shirt,UMAP
12.62891,4.8366213,5,Sandal,UMAP
4.3776827,3.9923916,8,Bag,UMAP
4.8503156,1.7533092,8,Bag,UMAP
-1.8968551,4.2677855,3,Dress,UMAP
2.135939,-1.5132556,0,T-shirt/top,UMAP
4.809677,1.3705271,8,Bag,UMAP
0.992954,-2.088743,4,Coat,UMAP
0.57988286,-2.6953955,2,Pullover,UMAP
1.6835859,-1.4154843,4,Coat,UMAP
1.9918305,0.63861036,6,Shirt,UMAP
-2.2824502,3.0384805,3,Dress,UMAP
13.424113,5.404194,7,Sneaker,UMAP
12.05989,4.9448447,5,Sandal,UMAP
-2.408253,4.3647614,3,Dress,UMAP
4.796963,2.9434521,8,Bag,UMAP
-3.0855772,2.7753382,3,Dress,UMAP
0.9665586,-0.4992372,4,Coat,UMAP
4.2699113,3.368944,8,Bag,UMAP
-0.7848546,6.7181616,8,Bag,UMAP
14.111704,4.994373,7,Sneaker,UMAP
14.075618,3.845343,7,Sneaker,UMAP
14.516135,3.6425467,7,Sneaker,UMAP
3.1991324,4.389442,8,Bag,UMAP
11.819497,5.1927056,5,Sandal,UMAP
2.0437264,0.42007247,6,Shirt,UMAP
-2.3171425,6.271122,1,Trouser,UMAP
-2.9771461,2.4518511,0,T-shirt/top,UMAP
4.5197635,1.7125647,8,Bag,UMAP
0.85158205,-1.9822724,4,Coat,UMAP
-2.89466,6.7482204,1,Trouser,UMAP
4.364796,1.5439289,8,Bag,UMAP
13.411335,6.010746,7,Sneaker,UMAP
-3.0079365,2.3144805,6,Shirt,UMAP
-1.7398491,3.3844903,0,T-shirt/top,UMAP
12.6098795,4.4982233,5,Sandal,UMAP
13.442616,2.0906065,9,Ankle boot,UMAP
-3.5863564,3.3396761,6,Shirt,UMAP
13.590366,5.856331,7,Sneaker,UMAP
3.9553685,4.431383,8,Bag,UMAP
-3.1890326,1.5782201,6,Shirt,UMAP
13.964967,5.092536,7,Sneaker,UMAP
-0.41819414,0.6699601,4,Coat,UMAP
12.768519,5.4525175,7,Sneaker,UMAP
13.146158,4.307422,5,Sandal,UMAP
1.0675427,-2.802717,2,Pullover,UMAP
4.5648003,3.2434633,8,Bag,UMAP
-0.99286634,7.222853,1,Trouser,UMAP
13.942078,3.7331507,9,Ankle boot,UMAP
-4.1428676,1.9359621,0,T-shirt/top,UMAP
-0.3543076,1.3958025,3,Dress,UMAP
12.7681675,5.500508,7,Sneaker,UMAP
0.9327845,-2.9003725,2,Pullover,UMAP
-3.335587,2.103495,0,T-shirt/top,UMAP
0.0253843,-1.4864998,2,Pullover,UMAP
1.5611795,0.7338722,2,Pullover,UMAP
4.892498,1.521077,8,Bag,UMAP
-1.1865592,6.969823,1,Trouser,UMAP
-0.52522224,-1.4523853,2,Pullover,UMAP
2.0371912,-1.4329047,2,Pullover,UMAP
14.221421,1.6227187,9,Ankle boot,UMAP
0.15218276,-0.15009125,4,Coat,UMAP
-3.4371603,3.3177667,6,Shirt,UMAP
-1.2354739,6.380568,1,Trouser,UMAP
1.0145279,-3.1153429,2,Pullover,UMAP
0.621521,0.26033974,1,Trouser,UMAP
-3.2888625,2.4388425,0,T-shirt/top,UMAP
1.0651039,0.9898778,6,Shirt,UMAP
0.18934126,-1.3589444,4,Coat,UMAP
11.576932,5.774236,5,Sandal,UMAP
0.6748394,-2.2429125,2,Pullover,UMAP
4.723146,3.0568802,8,Bag,UMAP
13.884935,5.1796594,7,Sneaker,UMAP
13.558572,0.42993987,9,Ankle boot,UMAP
0.62237626,-2.3865454,4,Coat,UMAP
1.4729055,0.34469062,2,Pullover,UMAP
2.2533937,-1.530191,6,Shirt,UMAP
11.706856,5.8431826,5,Sandal,UMAP
0.008051833,0.097907886,4,Coat,UMAP
-3.4994931,0.90805995,6,Shirt,UMAP
3.6370735,3.9062707,8,Bag,UMAP
14.223307,2.3312278,9,Ankle boot,UMAP
-0.0878122,-2.20848,2,Pullover,UMAP
14.078231,2.7430565,9,Ankle boot,UMAP
-3.6982017,0.8283804,0,T-shirt/top,UMAP
1.2417951,-1.091692,2,Pullover,UMAP
3.540547,4.000672,8,Bag,UMAP
-2.5115812,2.435584,6,Shirt,UMAP
1.4738102,-1.5644573,2,Pullover,UMAP
0.3018522,-2.0331998,4,Coat,UMAP
-1.5844663,7.08706,1,Trouser,UMAP
12.347448,1.6843128,5,Sandal,UMAP
0.29587016,0.8394693,2,Pullover,UMAP
11.641813,5.6058035,5,Sandal,UMAP
-2.2615116,6.8215103,1,Trouser,UMAP
12.173673,1.4200528,5,Sandal,UMAP
-2.9949117,1.1978606,6,Shirt,UMAP
-1.244249,7.31486,1,Trouser,UMAP
-3.3083544,1.1136788,3,Dress,UMAP
4.172704,3.9092882,8,Bag,UMAP
1.9927621,-0.8828683,2,Pullover,UMAP
-2.3769255,3.6777253,0,T-shirt/top,UMAP
1.9637725,-0.9632598,2,Pullover,UMAP
-0.17697647,0.6129861,4,Coat,UMAP
3.2424004,4.288783,0,T-shirt/top,UMAP
1.2034692,-1.5164708,2,Pullover,UMAP
-2.011867,3.0095232,3,Dress,UMAP
1.4889107,-0.5516597,6,Shirt,UMAP
14.485106,2.107946,9,Ankle boot,UMAP
12.597811,4.3924065,5,Sandal,UMAP
-2.842888,1.853833,0,T-shirt/top,UMAP
-3.8763967,1.725402,0,T-shirt/top,UMAP
3.4492972,4.2004533,8,Bag,UMAP
0.032724656,-1.6204642,6,Shirt,UMAP
-4.199904,2.54127,0,T-shirt/top,UMAP
13.328109,6.3655405,7,Sneaker,UMAP
-0.98623234,7.17955,1,Trouser,UMAP
13.750032,2.8753874,7,Sneaker,UMAP
5.024812,2.4228587,8,Bag,UMAP
4.363228,3.7057135,8,Bag,UMAP
-0.51366,-1.3846599,4,Coat,UMAP
-1.7529414,6.5859356,1,Trouser,UMAP
4.2233605,1.3869553,8,Bag,UMAP
0.2072972,-1.116574,4,Coat,UMAP
1.1575818,-0.6173217,6,Shirt,UMAP
14.117079,2.6312842,5,Sandal,UMAP
13.602251,0.52941436,9,Ankle boot,UMAP
-0.493128,-1.8729002,2,Pullover,UMAP
-1.8241639,7.0473986,1,Trouser,UMAP
-1.8526992,6.0948367,1,Trouser,UMAP
11.43546,5.99113,5,Sandal,UMAP
12.584209,4.1486607,5,Sandal,UMAP
-2.3255546,4.3981667,3,Dress,UMAP
1.2085241,-2.287938,2,Pullover,UMAP
-0.027645145,-1.4653963,6,Shirt,UMAP
13.856518,5.888849,7,Sneaker,UMAP
-1.9188552,4.6177154,3,Dress,UMAP
12.795925,5.5117335,7,Sneaker,UMAP
4.115238,1.3346801,8,Bag,UMAP
-3.9137437,1.0260409,0,T-shirt/top,UMAP
1.714355,-1.6182092,6,Shirt,UMAP
-2.1398218,4.934683,1,Trouser,UMAP
-1.6883318,7.8618712,1,Trouser,UMAP
0.8018628,-3.0753498,2,Pullover,UMAP
0.20660572,-1.4087104,4,Coat,UMAP
-2.6476743,2.5580506,3,Dress,UMAP
-0.37661797,0.32940817,6,Shirt,UMAP
-1.7114735,3.3525765,6,Shirt,UMAP
13.48951,1.6353129,9,Ankle boot,UMAP
-3.0177548,1.5376571,0,T-shirt/top,UMAP
-3.0659604,3.8975236,3,Dress,UMAP
1.8424671,-1.930376,2,Pullover,UMAP
0.65872234,-2.1172776,4,Coat,UMAP
3.9478145,1.2328883,8,Bag,UMAP
0.5239877,-1.3230846,4,Coat,UMAP
13.332574,5.9333925,7,Sneaker,UMAP
-1.5394189,7.5804768,1,Trouser,UMAP
14.18522,0.93711853,9,Ankle boot,UMAP
5.2516427,1.6464086,8,Bag,UMAP
13.847461,3.5417497,9,Ankle boot,UMAP
-1.6339431,4.11382,1,Trouser,UMAP
1.0576121,-2.6040964,2,Pullover,UMAP
-1.8938057,5.782127,1,Trouser,UMAP
13.511383,1.5164638,9,Ankle boot,UMAP
13.2417555,1.3736446,9,Ankle boot,UMAP
-1.8769152,6.5520325,1,Trouser,UMAP
0.253157,-1.1388959,6,Shirt,UMAP
3.8131318,1.2085418,6,Shirt,UMAP
4.634152,3.845692,8,Bag,UMAP
12.295123,3.5884275,5,Sandal,UMAP
2.0201888,-1.3714886,2,Pullover,UMAP
14.284691,2.5066442,9,Ankle boot,UMAP
-3.9243267,1.4609083,0,T-shirt/top,UMAP
11.821877,5.1794024,5,Sandal,UMAP
-0.49894643,-1.8993386,4,Coat,UMAP
0.76280516,-1.8719985,4,Coat,UMAP
-0.5236361,0.28494123,4,Coat,UMAP
-0.01575476,-0.9668465,6,Shirt,UMAP
-2.0463495,4.9200773,3,Dress,UMAP
1.9912891,-1.3076048,2,Pullover,UMAP
2.0082543,-2.7147758,2,Pullover,UMAP
11.925763,5.0235295,5,Sandal,UMAP
13.89398,1.4333621,9,Ankle boot,UMAP
13.300229,5.5952635,7,Sneaker,UMAP
2.009434,-1.7158036,6,Shirt,UMAP
-1.0975729,7.2032566,1,Trouser,UMAP
-2.1994572,3.8184283,3,Dress,UMAP
11.655457,5.744645,5,Sandal,UMAP
14.292579,1.5896033,9,Ankle boot,UMAP
0.6431374,-0.5628183,6,Shirt,UMAP
-0.9015457,0.98712564,4,Coat,UMAP
0.6877593,-2.5984278,6,Shirt,UMAP
0.9441341,-0.68089855,6,Shirt,UMAP
13.6263685,2.4387798,5,Sandal,UMAP
13.014262,4.625488,9,Ankle boot,UMAP
-0.7704662,1.8820299,3,Dress,UMAP
-2.1085129,4.880247,3,Dress,UMAP
-0.46314943,0.50626725,4,Coat,UMAP
-4.077616,1.1579788,6,Shirt,UMAP
-1.5094519,2.446239,2,Pullover,UMAP
-4.4963927,1.532894,0,T-shirt/top,UMAP
-2.3637056,3.8076184,3,Dress,UMAP
-1.7850593,5.197138,3,Dress,UMAP
4.3380494,4.126403,8,Bag,UMAP
-1.9599912,3.1173906,0,T-shirt/top,UMAP
13.127772,6.4733143,7,Sneaker,UMAP
1.9790208,-2.7485332,2,Pullover,UMAP
-2.0436604,2.9699836,6,Shirt,UMAP
0.21910597,-2.1982763,4,Coat,UMAP
-0.010064964,-0.7582313,4,Coat,UMAP
2.1225536,-1.4843256,2,Pullover,UMAP
0.07595597,-1.739647,4,Coat,UMAP
2.1251771,0.25879335,6,Shirt,UMAP
11.810067,5.327211,5,Sandal,UMAP
3.9606142,1.2640761,8,Bag,UMAP
11.879426,1.3005068,5,Sandal,UMAP
12.413344,1.7452381,5,Sandal,UMAP
0.8671508,0.97798353,6,Shirt,UMAP
11.899405,5.0718203,5,Sandal,UMAP
-2.9433768,0.9106062,6,Shirt,UMAP
-3.5814044,2.1497016,6,Shirt,UMAP
5.2614117,1.6680869,8,Bag,UMAP
-0.98129857,7.3376365,1,Trouser,UMAP
-2.2165186,4.8995743,3,Dress,UMAP
0.96981704,-0.53829074,2,Pullover,UMAP
12.226869,1.925989,5,Sandal,UMAP
12.83376,6.352587,7,Sneaker,UMAP
-3.2993684,1.3777465,0,T-shirt/top,UMAP
2.0612361,-1.2218531,2,Pullover,UMAP
-0.45859239,-1.899806,4,Coat,UMAP
-1.5480616,3.6215706,3,Dress,UMAP
0.9260875,-1.7782158,2,Pullover,UMAP
1.3239653,-1.9590027,4,Coat,UMAP
-0.3869571,0.7910502,3,Dress,UMAP
2.2386668,-0.12543102,2,Pullover,UMAP
-0.6578774,1.77462,3,Dress,UMAP
1.9795579,0.15481764,2,Pullover,UMAP
2.275569,-0.7185116,2,Pullover,UMAP
-2.1293488,7.312088,1,Trouser,UMAP
4.8563833,1.6462134,8,Bag,UMAP
12.424898,1.696917,5,Sandal,UMAP
12.733754,5.5930834,7,Sneaker,UMAP
13.32377,0.9736482,9,Ankle boot,UMAP
13.856098,5.398286,7,Sneaker,UMAP
13.807452,3.3515239,9,Ankle boot,UMAP
-2.355582,4.499778,3,Dress,UMAP
-3.0010903,1.4547838,0,T-shirt/top,UMAP
0.16019599,-1.6109543,2,Pullover,UMAP
-4.156431,2.0741746,0,T-shirt/top,UMAP
13.618309,5.8557553,7,Sneaker,UMAP
3.8258693,4.156742,8,Bag,UMAP
-1.8068831,6.337805,1,Trouser,UMAP
-3.898748,0.9992306,0,T-shirt/top,UMAP
0.8786951,-0.8707704,6,Shirt,UMAP
12.643119,5.856204,7,Sneaker,UMAP
4.261017,1.5141673,8,Bag,UMAP
3.3575532,4.264998,8,Bag,UMAP
1.277089,-0.4572962,6,Shirt,UMAP
-2.9430685,1.8633127,0,T-shirt/top,UMAP
1.0137058,-0.5455423,6,Shirt,UMAP
-1.9247979,6.914081,1,Trouser,UMAP
1.2272128,-2.1890728,4,Coat,UMAP
12.617131,2.1396708,5,Sandal,UMAP
-2.1337738,4.4524937,3,Dress,UMAP
4.795453,1.4111053,8,Bag,UMAP
3.5328052,0.7762213,8,Bag,UMAP
1.079429,-3.2379138,6,Shirt,UMAP
13.728825,0.67823714,9,Ankle boot,UMAP
13.659378,1.7055026,9,Ankle boot,UMAP
1.3472443,-2.1586318,4,Coat,UMAP
4.6088276,1.550704,8,Bag,UMAP
-0.051238783,0.5312853,3,Dress,UMAP
-1.6532722,3.5371182,6,Shirt,UMAP
0.95067877,-1.6297362,1,Trouser,UMAP
4.5924563,1.965119,0,T-shirt/top,UMAP
1.0345964,-2.4559731,2,Pullover,UMAP
-1.7156276,4.1167274,1,Trouser,UMAP
-1.8510278,6.2815685,1,Trouser,UMAP
-2.176353,6.7543516,1,Trouser,UMAP
-3.1527734,4.1077533,3,Dress,UMAP
13.903004,2.2806625,9,Ankle boot,UMAP
-1.9285058,6.960533,1,Trouser,UMAP
-1.8385822,3.9413755,3,Dress,UMAP
3.7038777,0.9633465,8,Bag,UMAP
-1.8971065,3.3309605,3,Dress,UMAP
-1.4023412,7.5395947,1,Trouser,UMAP
-2.3910294,6.281324,1,Trouser,UMAP
-1.7748591,7.950247,1,Trouser,UMAP
1.8526126,-0.8268494,2,Pullover,UMAP
-1.0433553,7.550269,1,Trouser,UMAP
-2.0692246,4.977926,3,Dress,UMAP
14.341386,0.9699233,9,Ankle boot,UMAP
-3.242759,2.2119665,0,T-shirt/top,UMAP
-3.5598145,1.5952116,0,T-shirt/top,UMAP
12.983581,4.981451,7,Sneaker,UMAP
13.841712,5.900621,7,Sneaker,UMAP
13.771083,2.700054,9,Ankle boot,UMAP
0.2243216,-1.855202,4,Coat,UMAP
-1.3916621,6.9033585,1,Trouser,UMAP
-3.384173,2.5007749,0,T-shirt/top,UMAP
-3.737163,1.3348721,0,T-shirt/top,UMAP
-1.68006,3.8408825,3,Dress,UMAP
13.881266,5.940286,7,Sneaker,UMAP
12.45328,4.525122,5,Sandal,UMAP
13.871946,1.9720309,9,Ankle boot,UMAP
-0.89809424,1.334905,3,Dress,UMAP
-2.4564981,3.1627376,3,Dress,UMAP
12.804654,5.2457337,7,Sneaker,UMAP
13.689003,0.49419716,9,Ankle boot,UMAP
13.155236,2.1803408,5,Sandal,UMAP
-1.0345777,6.948867,1,Trouser,UMAP
-4.1721077,1.7726218,0,T-shirt/top,UMAP
-2.1457942,4.645719,3,Dress,UMAP
-2.0115635,3.5796404,3,Dress,UMAP
-3.3258116,1.0663737,0,T-shirt/top,UMAP
-2.497711,2.2483351,3,Dress,UMAP
-3.6421463,2.641208,0,T-shirt/top,UMAP
-1.5808429,7.207163,1,Trouser,UMAP
13.525086,1.7224599,9,Ankle boot,UMAP
-2.973313,2.7060847,0,T-shirt/top,UMAP
1.2030269,-2.7435203,2,Pullover,UMAP
-1.6641436,2.9822743,6,Shirt,UMAP
12.6932125,5.3283057,7,Sneaker,UMAP
-2.1671627,4.7112465,3,Dress,UMAP
-0.726226,6.8672776,1,Trouser,UMAP
11.626518,6.0660343,5,Sandal,UMAP
-2.9237638,2.3755913,0,T-shirt/top,UMAP
0.72309285,-0.2572013,2,Pullover,UMAP
1.6698298,-2.649538,2,Pullover,UMAP
13.989514,5.951004,7,Sneaker,UMAP
14.021511,5.7214646,7,Sneaker,UMAP
1.802204,-2.0502853,2,Pullover,UMAP
-1.9867241,6.34839,1,Trouser,UMAP
3.3439517,4.2848997,8,Bag,UMAP
14.555697,2.1544268,9,Ankle boot,UMAP
1.0475302,-0.49925232,6,Shirt,UMAP
-0.59574115,1.750209,3,Dress,UMAP
0.22021703,-0.8847295,4,Coat,UMAP
14.242216,2.6552265,9,Ankle boot,UMAP
14.438723,2.3958423,9,Ankle boot,UMAP
12.693465,5.9145293,7,Sneaker,UMAP
1.414214,-1.3437979,4,Coat,UMAP
12.260208,1.8424594,5,Sandal,UMAP
-0.0030670557,-0.57533044,8,Bag,UMAP
13.507235,1.7279284,9,Ankle boot,UMAP
3.5721283,4.0130973,8,Bag,UMAP
14.245258,2.677185,9,Ankle boot,UMAP
4.9518094,1.8341229,6,Shirt,UMAP
13.880468,0.797366,9,Ankle boot,UMAP
-3.147278,1.5438102,0,T-shirt/top,UMAP
1.7672535,-1.3655128,6,Shirt,UMAP
-3.5932992,1.5006602,0,T-shirt/top,UMAP
12.926314,4.8219147,5,Sandal,UMAP
0.83102554,-0.40720072,6,Shirt,UMAP
12.523263,4.6413064,5,Sandal,UMAP
1.942284,-1.1242701,2,Pullover,UMAP
0.018856227,-0.72378826,8,Bag,UMAP
0.72903115,-2.558818,4,Coat,UMAP
-3.9942167,1.9678988,0,T-shirt/top,UMAP
-3.1290886,4.1195693,3,Dress,UMAP
-2.133627,4.875204,3,Dress,UMAP
13.484446,1.8159453,9,Ankle boot,UMAP
3.4989395,4.2954173,8,Bag,UMAP
1.1072308,-3.198037,4,Coat,UMAP
1.4801872,-0.56378543,6,Shirt,UMAP
0.92857635,1.0543426,0,T-shirt/top,UMAP
2.0416636,-2.7333488,2,Pullover,UMAP
3.5240982,4.3076334,8,Bag,UMAP
-2.103877,7.3675723,1,Trouser,UMAP
-3.4051466,2.5540283,0,T-shirt/top,UMAP
-0.51890427,0.8170205,3,Dress,UMAP
4.482372,4.0855703,8,Bag,UMAP
-2.0438204,3.632288,0,T-shirt/top,UMAP
2.0722635,-1.520211,2,Pullover,UMAP
4.604283,3.8657353,8,Bag,UMAP
-0.049426343,-1.1473635,6,Shirt,UMAP
-2.159239,7.225625,1,Trouser,UMAP
-1.8558973,3.8836775,3,Dress,UMAP
-3.1964262,1.8318853,0,T-shirt/top,UMAP
4.7997084,1.4593999,8,Bag,UMAP
1.0773957,-2.156685,4,Coat,UMAP
13.548456,1.6032056,9,Ankle boot,UMAP
12.183659,1.900001,5,Sandal,UMAP
3.3925989,4.282696,8,Bag,UMAP
1.0559899,-2.2704213,4,Coat,UMAP
4.6625915,3.9578338,8,Bag,UMAP
-3.2000206,2.5995414,0,T-shirt/top,UMAP
-2.1155736,3.3758898,3,Dress,UMAP
14.808463,3.4017613,9,Ankle boot,UMAP
-2.7382839,2.9666512,6,Shirt,UMAP
3.450494,4.3073335,8,Bag,UMAP
2.0100458,-2.7313879,2,Pullover,UMAP
-1.753221,5.1051817,3,Dress,UMAP
12.9718685,6.3001475,7,Sneaker,UMAP
4.291368,4.0777607,8,Bag,UMAP
-1.5590874,7.7212434,1,Trouser,UMAP
-1.7780704,7.4836354,1,Trouser,UMAP
3.813102,1.0504084,8,Bag,UMAP
1.1223266,-0.6209633,6,Shirt,UMAP
-0.6253444,0.77692354,3,Dress,UMAP
1.0362576,-2.3990674,4,Coat,UMAP
1.0642368,-1.6856036,2,Pullover,UMAP
12.9351,6.263694,7,Sneaker,UMAP
1.414872,-0.18405671,2,Pullover,UMAP
4.7397346,1.2984234,8,Bag,UMAP
-0.44041538,0.26215014,6,Shirt,UMAP
13.504568,6.179742,7,Sneaker,UMAP
4.5046067,3.133111,8,Bag,UMAP
-1.8085713,5.0288043,3,Dress,UMAP
0.230538,-1.2448831,4,Coat,UMAP
0.2000893,-0.9283694,4,Coat,UMAP
14.511572,1.992876,9,Ankle boot,UMAP
12.616167,2.54014,5,Sandal,UMAP
-3.5656407,1.7065767,3,Dress,UMAP
12.342972,1.6052421,5,Sandal,UMAP
-3.5387132,1.8568026,0,T-shirt/top,UMAP
1.3454262,-2.2124977,2,Pullover,UMAP
-0.4220353,0.18458204,4,Coat,UMAP
4.9237275,2.0337882,8,Bag,UMAP
-0.5620227,0.22635423,6,Shirt,UMAP
13.756671,5.549885,7,Sneaker,UMAP
-2.6055179,1.8614285,3,Dress,UMAP
-1.8979943,6.2470217,1,Trouser,UMAP
1.998604,-2.1746778,2,Pullover,UMAP
14.363813,1.0698372,9,Ankle boot,UMAP
-3.8084118,2.1533616,0,T-shirt/top,UMAP
4.5979986,3.9299655,8,Bag,UMAP
14.523377,2.1385777,9,Ankle boot,UMAP
1.385111,-1.3359672,6,Shirt,UMAP
-0.44529963,-1.9378283,4,Coat,UMAP
1.4512614,-0.37775037,2,Pullover,UMAP
0.50888044,-2.7571561,2,Pullover,UMAP
2.0079021,-0.91177756,2,Pullover,UMAP
3.922526,1.0616455,8,Bag,UMAP
13.233236,0.7492307,9,Ankle boot,UMAP
-4.310945,1.4932117,6,Shirt,UMAP
-1.9902565,6.464544,1,Trouser,UMAP
-2.836382,6.8359957,1,Trouser,UMAP
4.9017773,1.8679931,8,Bag,UMAP
12.4475155,3.9425151,5,Sandal,UMAP
14.569805,2.4481447,9,Ankle boot,UMAP
12.521417,4.9718275,5,Sandal,UMAP
4.855409,1.9403123,8,Bag,UMAP
14.178189,0.78410476,9,Ankle boot,UMAP
-1.8480762,3.6251402,1,Trouser,UMAP
14.360069,3.172261,7,Sneaker,UMAP
-3.2883508,1.8454086,0,T-shirt/top,UMAP
-3.1591587,1.565439,6,Shirt,UMAP
-1.7768618,7.853695,1,Trouser,UMAP
1.0455585,0.48338872,6,Shirt,UMAP
14.237452,3.1169298,9,Ankle boot,UMAP
3.4157138,4.153489,8,Bag,UMAP
1.1504751,-0.7411352,6,Shirt,UMAP
13.08751,4.2397695,7,Sneaker,UMAP
-2.04304,4.9545255,3,Dress,UMAP
4.571809,1.3697195,8,Bag,UMAP
5.0923405,1.4782512,8,Bag,UMAP
14.634051,2.4465678,9,Ankle boot,UMAP
13.978832,3.2839508,9,Ankle boot,UMAP
-0.14297819,-0.44008383,2,Pullover,UMAP
12.586687,2.2751768,5,Sandal,UMAP
3.9350302,1.2434642,8,Bag,UMAP
-3.1140351,1.449504,0,T-shirt/top,UMAP
1.6718534,-0.942804,2,Pullover,UMAP
11.827815,5.1233253,5,Sandal,UMAP
4.49338,4.042552,8,Bag,UMAP
3.4042068,4.342329,8,Bag,UMAP
13.145983,5.870542,7,Sneaker,UMAP
-0.25231186,0.7531178,4,Coat,UMAP
-2.1088936,7.375738,1,Trouser,UMAP
-2.867681,6.786159,1,Trouser,UMAP
0.34665808,-2.3879278,2,Pullover,UMAP
14.670683,3.5026422,7,Sneaker,UMAP
4.103166,1.3754151,8,Bag,UMAP
13.40029,5.757971,7,Sneaker,UMAP
13.671078,4.937895,7,Sneaker,UMAP
12.261543,4.699115,5,Sandal,UMAP
11.545549,5.752832,5,Sandal,UMAP
13.59239,1.2139666,9,Ankle boot,UMAP
11.929996,5.169884,5,Sandal,UMAP
4.5367723,1.4259745,8,Bag,UMAP
14.5447855,1.3029373,9,Ankle boot,UMAP
3.7288535,1.1767405,0,T-shirt/top,UMAP
0.4118384,-2.633086,4,Coat,UMAP
0.9729939,-1.6087003,4,Coat,UMAP
13.35113,1.7167174,9,Ankle boot,UMAP
13.345212,1.7340071,9,Ankle boot,UMAP
-0.1603879,-1.1803298,6,Shirt,UMAP
13.443222,0.6667098,9,Ankle boot,UMAP
11.423145,6.01435,5,Sandal,UMAP
14.76231,3.4898925,7,Sneaker,UMAP
-0.1843584,-1.128917,4,Coat,UMAP
-2.8952322,1.8606019,0,T-shirt/top,UMAP
11.84668,5.052262,5,Sandal,UMAP
1.9786267,-1.4752645,4,Coat,UMAP
-2.0639899,3.2639074,6,Shirt,UMAP
0.54400873,-2.585896,2,Pullover,UMAP
0.25768098,-0.053594302,2,Pullover,UMAP
-1.3241246,6.8372436,1,Trouser,UMAP
-0.9373405,1.4719406,3,Dress,UMAP
13.0872965,6.2153296,7,Sneaker,UMAP
13.322118,6.2754254,7,Sneaker,UMAP
13.9291,0.65103084,9,Ankle boot,UMAP
4.5358667,1.4488851,8,Bag,UMAP
4.3949356,1.6159356,8,Bag,UMAP
-2.1012392,3.3053772,3,Dress,UMAP
1.0082669,0.7328025,6,Shirt,UMAP
12.161699,1.9021981,5,Sandal,UMAP
14.048045,5.906552,7,Sneaker,UMAP
-0.747055,0.9151166,3,Dress,UMAP
0.49323043,-2.0742626,4,Coat,UMAP
-1.8897489,4.60958,3,Dress,UMAP
13.261694,4.8903475,5,Sandal,UMAP
1.1909331,-3.1813865,4,Coat,UMAP
-0.94634694,1.6006286,3,Dress,UMAP
-4.464947,1.8143212,0,T-shirt/top,UMAP
0.47686392,-1.9798769,4,Coat,UMAP
3.9739516,1.1951058,6,Shirt,UMAP
13.22246,6.035237,7,Sneaker,UMAP
13.656939,5.8756695,7,Sneaker,UMAP
2.0880272,-2.0692992,6,Shirt,UMAP
0.8465477,-2.6493797,4,Coat,UMAP
-3.7286232,1.1073402,6,Shirt,UMAP
-2.116944,4.480993,3,Dress,UMAP
-4.011685,2.4799163,0,T-shirt/top,UMAP
-0.5542026,0.6786211,4,Coat,UMAP
14.163554,2.132137,9,Ankle boot,UMAP
4.72022,1.2684531,0,T-shirt/top,UMAP
-3.919325,1.7846618,6,Shirt,UMAP
-1.8148606,7.947831,1,Trouser,UMAP
1.4415698,0.37842625,2,Pullover,UMAP
2.4329705,-0.40269896,2,Pullover,UMAP
0.6280237,-2.1049757,6,Shirt,UMAP
-1.389346,2.566956,3,Dress,UMAP
0.87390375,-2.1191738,6,Shirt,UMAP
14.296738,1.534744,9,Ankle boot,UMAP
-3.9810567,2.451035,0,T-shirt/top,UMAP
-3.2028086,2.9088237,6,Shirt,UMAP
1.0498569,-1.2133386,2,Pullover,UMAP
14.31695,2.3626587,9,Ankle boot,UMAP
-0.23093282,1.2843552,3,Dress,UMAP
12.857078,4.49638,5,Sandal,UMAP
-1.6148745,7.1069484,1,Trouser,UMAP
14.740203,3.2533007,7,Sneaker,UMAP
-1.2427429,1.7634845,3,Dress,UMAP
-2.5845714,4.565965,3,Dress,UMAP
12.609839,2.2487454,5,Sandal,UMAP
-3.765452,1.8507664,0,T-shirt/top,UMAP
12.758662,6.1257024,7,Sneaker,UMAP
14.430974,3.8198383,7,Sneaker,UMAP
14.0699215,5.144786,7,Sneaker,UMAP
-1.967754,2.9943933,0,T-shirt/top,UMAP
13.242732,5.6212897,7,Sneaker,UMAP
-0.11559998,0.07865598,6,Shirt,UMAP
14.78396,3.3419876,7,Sneaker,UMAP
-3.1271396,4.1251297,3,Dress,UMAP
-0.06004712,0.09158954,3,Dress,UMAP
-3.3577032,1.8296863,0,T-shirt/top,UMAP
4.4435396,3.6873167,8,Bag,UMAP
12.5814295,3.8970182,5,Sandal,UMAP
3.782437,0.9378131,8,Bag,UMAP
4.555109,1.7709532,8,Bag,UMAP
-0.23897487,-1.1111265,4,Coat,UMAP
13.806609,5.8011656,7,Sneaker,UMAP
1.7028158,-0.5986854,6,Shirt,UMAP
1.3707582,-0.05146751,6,Shirt,UMAP
-2.0354588,4.181291,3,Dress,UMAP
0.15471913,-2.2743175,2,Pullover,UMAP
-2.1105392,6.583402,1,Trouser,UMAP
1.2051506,-1.4424248,2,Pullover,UMAP
13.1447115,6.4333816,7,Sneaker,UMAP
12.139259,5.0311384,5,Sandal,UMAP
13.737859,0.6528481,9,Ankle boot,UMAP
1.5921576,0.5141719,2,Pullover,UMAP
4.2365527,4.1447163,8,Bag,UMAP
12.999908,1.3055876,5,Sandal,UMAP
1.4620773,-0.6683936,6,Shirt,UMAP
-0.11840666,-0.9545671,4,Coat,UMAP
-0.18650928,0.26474017,4,Coat,UMAP
-1.7724282,8.0837555,1,Trouser,UMAP
4.8507586,1.7569212,8,Bag,UMAP
-3.7071116,1.8378403,0,T-shirt/top,UMAP
12.863244,5.385638,7,Sneaker,UMAP
12.603026,4.866681,5,Sandal,UMAP
-0.46481016,0.54152375,6,Shirt,UMAP
4.7003922,3.0686567,8,Bag,UMAP
13.059152,1.7451736,5,Sandal,UMAP
2.1056035,-0.3363736,2,Pullover,UMAP
13.477497,4.9277,5,Sandal,UMAP
14.227375,2.113022,9,Ankle boot,UMAP
0.086573884,-0.782292,4,Coat,UMAP
1.981244,-1.3632034,2,Pullover,UMAP
-1.9320787,3.2833896,6,Shirt,UMAP
-0.11096795,1.2082645,3,Dress,UMAP
13.225577,5.507608,7,Sneaker,UMAP
0.51555747,-1.3657268,6,Shirt,UMAP
12.471798,5.5422626,5,Sandal,UMAP
4.2322874,1.4092932,8,Bag,UMAP
12.343994,4.3519387,5,Sandal,UMAP
13.016761,6.310071,7,Sneaker,UMAP
2.1987913,-0.34892413,2,Pullover,UMAP
13.461666,2.219643,7,Sneaker,UMAP
14.52495,2.928054,9,Ankle boot,UMAP
-1.890832,6.445312,1,Trouser,UMAP
-4.480202,1.6028781,0,T-shirt/top,UMAP
3.413739,4.156835,8,Bag,UMAP
4.0175934,4.3399773,8,Bag,UMAP
-1.5843195,7.4779725,1,Trouser,UMAP
14.323181,1.6896619,9,Ankle boot,UMAP
-2.2053344,4.3198676,3,Dress,UMAP
-1.0832685,7.532198,1,Trouser,UMAP
14.847247,3.3607435,7,Sneaker,UMAP
12.415095,4.900972,5,Sandal,UMAP
1.2537801,-0.94999903,2,Pullover,UMAP
-2.8759732,2.169869,0,T-shirt/top,UMAP
-1.7919894,4.755967,3,Dress,UMAP
13.551837,1.467468,9,Ankle boot,UMAP
13.441314,4.928361,5,Sandal,UMAP
4.170009,1.109744,8,Bag,UMAP
13.640168,0.54341596,9,Ankle boot,UMAP
2.1550996,-0.57439065,6,Shirt,UMAP
13.650996,5.1048636,7,Sneaker,UMAP
11.89828,5.0423813,5,Sandal,UMAP
0.524878,-2.6363027,2,Pullover,UMAP
-3.0274231,1.4767431,0,T-shirt/top,UMAP
-1.1651671,6.949588,1,Trouser,UMAP
-3.230313,3.1197877,0,T-shirt/top,UMAP
-2.1266599,2.991557,6,Shirt,UMAP
1.8921784,0.6715659,3,Dress,UMAP
-2.4022768,6.9498773,1,Trouser,UMAP
-2.7699063,2.5437007,3,Dress,UMAP
0.4735548,-0.44400775,4,Coat,UMAP
1.1854595,-2.0165792,2,Pullover,UMAP
12.524968,4.6676,5,Sandal,UMAP
-1.7393,7.965185,1,Trouser,UMAP
11.963207,4.9842024,5,Sandal,UMAP
-0.3692953,0.25683475,2,Pullover,UMAP
1.9455837,0.5848887,6,Shirt,UMAP
1.5987225,-0.95618933,2,Pullover,UMAP
13.933451,2.3140435,9,Ankle boot,UMAP
14.117209,2.6815012,7,Sneaker,UMAP
12.259814,4.68141,5,Sandal,UMAP
-1.7161304,4.171497,3,Dress,UMAP
-2.9607432,2.1846316,0,T-shirt/top,UMAP
2.1359444,-0.99078465,2,Pullover,UMAP
1.3871733,0.5469005,6,Shirt,UMAP
1.327915,-0.9802798,2,Pullover,UMAP
-3.521847,1.834248,6,Shirt,UMAP
1.1892772,0.9445165,2,Pullover,UMAP
-2.5044591,4.5594296,3,Dress,UMAP
13.936211,2.325332,9,Ankle boot,UMAP
-4.0046816,1.1876878,0,T-shirt/top,UMAP
-0.2407614,0.16849297,4,Coat,UMAP
-2.1096284,3.0317037,6,Shirt,UMAP
12.182583,1.0936408,5,Sandal,UMAP
-3.603125,0.9193804,6,Shirt,UMAP
14.395015,3.828937,7,Sneaker,UMAP
2.2703695,-0.6570381,2,Pullover,UMAP
0.9983228,-1.1484776,4,Coat,UMAP
1.314642,0.6260512,3,Dress,UMAP
13.681659,0.8370094,9,Ankle boot,UMAP
-1.3548237,1.9897703,3,Dress,UMAP
13.507284,5.451718,7,Sneaker,UMAP
-2.9937263,1.2351714,0,T-shirt/top,UMAP
12.210195,1.9416741,5,Sandal,UMAP
4.0445037,4.3802648,8,Bag,UMAP
14.115595,2.878601,9,Ankle boot,UMAP
-1.9206724,7.2949057,1,Trouser,UMAP
14.622828,2.5334513,9,Ankle boot,UMAP
0.24517049,-1.7180204,4,Coat,UMAP
-3.3509684,2.6565607,0,T-shirt/top,UMAP
13.942178,4.8693757,7,Sneaker,UMAP
3.357031,4.3089437,8,Bag,UMAP
4.5225987,4.1194663,8,Bag,UMAP
13.5702915,4.937872,5,Sandal,UMAP
4.791101,1.446575,8,Bag,UMAP
0.01581921,1.0628421,4,Coat,UMAP
1.9456751,0.15924609,2,Pullover,UMAP
-3.9814062,1.9531418,0,T-shirt/top,UMAP
0.23456763,0.14170082,4,Coat,UMAP
13.895701,4.9893346,7,Sneaker,UMAP
-0.24112597,0.2047239,4,Coat,UMAP
14.14936,1.1881398,9,Ankle boot,UMAP
-2.801893,1.5853454,6,Shirt,UMAP
-0.3764393,1.5102507,3,Dress,UMAP
-4.312863,2.288339,0,T-shirt/top,UMAP
-4.032467,2.0812657,0,T-shirt/top,UMAP
11.866669,1.250912,5,Sandal,UMAP
-2.117407,7.3097353,1,Trouser,UMAP
-4.5596275,1.7868967,0,T-shirt/top,UMAP
13.463743,6.0654416,7,Sneaker,UMAP
1.4614437,-1.3221884,2,Pullover,UMAP
1.1095291,-1.0069845,4,Coat,UMAP
-2.4254053,4.18149,3,Dress,UMAP
1.3398379,-1.4654754,2,Pullover,UMAP
0.75194275,-0.9421339,2,Pullover,UMAP
14.057079,5.007983,7,Sneaker,UMAP
-1.7823992,4.2958717,3,Dress,UMAP
12.30619,3.816927,5,Sandal,UMAP
-2.8107626,1.6954288,0,T-shirt/top,UMAP
14.190276,1.2028239,9,Ankle boot,UMAP
-1.6927885,4.9473424,3,Dress,UMAP
3.3950424,4.2199016,8,Bag,UMAP
12.315669,4.3650594,5,Sandal,UMAP
12.239212,1.8999549,5,Sandal,UMAP
-3.944017,1.9296768,0,T-shirt/top,UMAP
-3.083181,2.691833,6,Shirt,UMAP
12.909793,6.3093467,7,Sneaker,UMAP
4.5259175,3.678811,8,Bag,UMAP
-2.3077722,2.4814844,0,T-shirt/top,UMAP
4.386236,3.7352614,8,Bag,UMAP
-2.8842144,2.2000701,0,T-shirt/top,UMAP
-1.8111796,8.031554,1,Trouser,UMAP
-0.122881845,-2.1328151,2,Pullover,UMAP
-1.7718782,8.038959,1,Trouser,UMAP
13.52436,5.685506,7,Sneaker,UMAP
13.15142,0.7336307,5,Sandal,UMAP
1.1382734,-2.5575168,2,Pullover,UMAP
4.5243635,4.0474877,8,Bag,UMAP
14.5101595,1.5556339,9,Ankle boot,UMAP
4.626301,3.900659,8,Bag,UMAP
0.1655316,-0.35958606,2,Pullover,UMAP
2.1859376,-0.19947729,2,Pullover,UMAP
-1.6246659,3.5956004,1,Trouser,UMAP
-3.9593074,2.136411,0,T-shirt/top,UMAP
-0.10227133,-1.0335889,6,Shirt,UMAP
-2.0909832,6.633096,1,Trouser,UMAP
-1.7655962,5.834373,3,Dress,UMAP
-3.397789,1.7546972,0,T-shirt/top,UMAP
13.87388,1.1383666,9,Ankle boot,UMAP
0.7520707,0.8026965,3,Dress,UMAP
-3.4365575,2.4598129,0,T-shirt/top,UMAP
13.993966,3.2233057,9,Ankle boot,UMAP
14.761874,3.5208812,7,Sneaker,UMAP
2.0721118,-1.4264425,2,Pullover,UMAP
-2.2253702,3.1502733,0,T-shirt/top,UMAP
2.0078864,-0.40424436,4,Coat,UMAP
0.17993556,-1.8224434,4,Coat,UMAP
-0.36681503,0.17658286,2,Pullover,UMAP
0.8548034,-2.562424,4,Coat,UMAP
2.0902803,-1.7063539,2,Pullover,UMAP
13.381469,5.780893,7,Sneaker,UMAP
4.3038383,4.104032,8,Bag,UMAP
-0.20365031,-1.5672505,4,Coat,UMAP
-0.16525595,-1.3465208,2,Pullover,UMAP
12.780886,1.1558433,5,Sandal,UMAP
13.889777,1.2989904,9,Ankle boot,UMAP
-1.5804871,7.7109165,1,Trouser,UMAP
13.284817,5.5122895,7,Sneaker,UMAP
-0.2699559,-0.19997369,4,Coat,UMAP
1.823753,-0.43838397,2,Pullover,UMAP
-1.562504,3.6262228,6,Shirt,UMAP
-2.528949,4.1750636,3,Dress,UMAP
-3.404162,1.914241,0,T-shirt/top,UMAP
-0.14389785,0.60343534,3,Dress,UMAP
-1.2446707,6.7692194,1,Trouser,UMAP
0.372562,-2.2120376,4,Coat,UMAP
12.198741,1.8227736,5,Sandal,UMAP
-3.5614905,2.8282654,0,T-shirt/top,UMAP
-3.0239656,1.5282044,0,T-shirt/top,UMAP
1.1993563,-1.6682452,4,Coat,UMAP
1.1612074,-3.033385,4,Coat,UMAP
0.62065405,-2.726483,2,Pullover,UMAP
0.78289187,-0.9682947,2,Pullover,UMAP
0.851076,-0.41558728,2,Pullover,UMAP
-4.3915477,1.2611978,0,T-shirt/top,UMAP
0.6909223,-2.8572416,2,Pullover,UMAP
-0.23885886,-0.5669187,2,Pullover,UMAP
11.549109,5.815836,5,Sandal,UMAP
-3.9487352,2.1896675,0,T-shirt/top,UMAP
1.34843,0.92871827,0,T-shirt/top,UMAP
-2.114264,2.304239,0,T-shirt/top,UMAP
14.638983,1.7066389,9,Ankle boot,UMAP
1.1589749,0.12860958,0,T-shirt/top,UMAP
-1.3833559,2.4171844,3,Dress,UMAP
-1.7186544,7.986194,1,Trouser,UMAP
13.177702,6.435196,7,Sneaker,UMAP
14.084373,3.124863,9,Ankle boot,UMAP
-0.06613334,0.19342983,6,Shirt,UMAP
-2.326378,3.4524238,6,Shirt,UMAP
13.464413,0.6729012,9,Ankle boot,UMAP
13.302483,6.2788725,7,Sneaker,UMAP
-1.6565905,4.879351,3,Dress,UMAP
1.0291469,-3.1658711,4,Coat,UMAP
3.5170307,3.971841,8,Bag,UMAP
1.7641017,-1.5146297,2,Pullover,UMAP
-1.9097728,3.3943193,3,Dress,UMAP
13.914108,5.2970576,7,Sneaker,UMAP
-3.3091738,2.5375903,3,Dress,UMAP
-2.40104,4.450506,3,Dress,UMAP
11.893848,1.293525,5,Sandal,UMAP
-4.239366,2.0476718,0,T-shirt/top,UMAP
1.2738672,-0.74536955,2,Pullover,UMAP
14.205984,2.2812927,9,Ankle boot,UMAP
-3.1827064,1.6453339,0,T-shirt/top,UMAP
-2.5382288,4.273669,3,Dress,UMAP
14.0391,3.1913035,9,Ankle boot,UMAP
13.3945465,1.6407369,9,Ankle boot,UMAP
-4.408692,1.2890413,0,T-shirt/top,UMAP
11.96341,5.0814238,5,Sandal,UMAP
13.034874,5.9228888,5,Sandal,UMAP
14.003153,5.0069337,7,Sneaker,UMAP
-3.4038286,2.6263096,0,T-shirt/top,UMAP
12.906373,4.792309,5,Sandal,UMAP
0.8525946,-3.0823023,2,Pullover,UMAP
1.5140591,-2.303375,6,Shirt,UMAP
-2.1398954,6.771494,1,Trouser,UMAP
-1.9343715,2.781448,6,Shirt,UMAP
-0.30494502,-0.31219056,4,Coat,UMAP
1.5229281,0.7424816,0,T-shirt/top,UMAP
1.9530687,-1.4510176,2,Pullover,UMAP
12.568344,2.544176,5,Sandal,UMAP
14.043661,5.686301,7,Sneaker,UMAP
-3.232748,2.7472625,0,T-shirt/top,UMAP
1.2714865,-1.9112645,2,Pullover,UMAP
1.2350343,-1.4551697,2,Pullover,UMAP
-2.67266,4.4813504,3,Dress,UMAP
12.090703,5.0122695,5,Sandal,UMAP
14.161762,2.4983146,9,Ankle boot,UMAP
11.54503,5.7686105,5,Sandal,UMAP
4.4343133,4.134957,8,Bag,UMAP
1.8142352,-1.9278505,4,Coat,UMAP
0.5804156,-2.1426778,4,Coat,UMAP
14.447856,1.9829777,9,Ankle boot,UMAP
13.848568,2.7193646,9,Ankle boot,UMAP
-0.2639475,1.2737166,3,Dress,UMAP
-0.066786155,-1.4400582,6,Shirt,UMAP
13.809203,0.95078766,9,Ankle boot,UMAP
13.725014,2.366666,9,Ankle boot,UMAP
13.712406,1.167963,9,Ankle boot,UMAP
5.1249046,1.7450932,8,Bag,UMAP
1.2228774,-0.37957716,6,Shirt,UMAP
13.958982,2.3216474,9,Ankle boot,UMAP
0.65266496,-0.65111583,6,Shirt,UMAP
-1.6769993,6.8925686,1,Trouser,UMAP
13.782854,4.9274483,5,Sandal,UMAP
12.228731,1.9010118,5,Sandal,UMAP
12.319156,1.3216726,5,Sandal,UMAP
0.20698431,0.7865205,3,Dress,UMAP
-1.5348339,7.6373034,1,Trouser,UMAP
-0.93990785,7.0362926,1,Trouser,UMAP
13.8507395,2.5681727,9,Ankle boot,UMAP
14.812712,3.3998592,7,Sneaker,UMAP
-0.018322576,-2.1826596,2,Pullover,UMAP
-1.937124,6.7170987,1,Trouser,UMAP
14.406591,2.5545812,9,Ankle boot,UMAP
-0.6074482,1.3000904,3,Dress,UMAP
14.46267,1.8291305,9,Ankle boot,UMAP
12.431018,4.445204,7,Sneaker,UMAP
2.0704765,-2.6886888,2,Pullover,UMAP
-4.2376537,2.3772464,0,T-shirt/top,UMAP
-0.5518879,0.8565909,3,Dress,UMAP
0.7391442,-2.9647152,4,Coat,UMAP
11.947787,5.056675,5,Sandal,UMAP
-0.423243,1.4303534,3,Dress,UMAP
4.4515147,3.831159,8,Bag,UMAP
3.6395323,0.8954669,8,Bag,UMAP
14.499703,2.4310482,7,Sneaker,UMAP
-0.034615558,-0.86058533,4,Coat,UMAP
-2.127241,2.401018,9,Ankle boot,UMAP
1.1769022,-1.2303617,6,Shirt,UMAP
12.245036,4.737423,5,Sandal,UMAP
-3.1224048,1.8427628,0,T-shirt/top,UMAP
12.313483,1.5687419,5,Sandal,UMAP
14.20467,3.8719702,7,Sneaker,UMAP
1.9177742,-1.675809,2,Pullover,UMAP
0.7978227,-3.0863562,2,Pullover,UMAP
-2.000015,3.0502758,6,Shirt,UMAP
14.774467,3.4608374,7,Sneaker,UMAP
1.2592201,-2.5163789,2,Pullover,UMAP
-1.7292702,7.930928,1,Trouser,UMAP
14.327642,1.1434162,9,Ankle boot,UMAP
-4.520419,1.6831403,0,T-shirt/top,UMAP
-4.009263,1.0810417,6,Shirt,UMAP
4.819507,1.9655329,0,T-shirt/top,UMAP
13.355303,5.5756936,7,Sneaker,UMAP
13.584589,5.8205347,7,Sneaker,UMAP
-3.6032782,1.073889,0,T-shirt/top,UMAP
0.4468127,-2.0490224,4,Coat,UMAP
-3.0362368,4.235931,3,Dress,UMAP
-0.6566922,1.7938219,3,Dress,UMAP
-4.3794785,1.9894689,0,T-shirt/top,UMAP
-2.0605605,3.0333278,6,Shirt,UMAP
0.9841818,1.0131071,6,Shirt,UMAP
-3.8534026,2.53605,0,T-shirt/top,UMAP
14.301189,3.3313289,7,Sneaker,UMAP
-0.8309635,1.5748367,3,Dress,UMAP
13.277662,6.327777,7,Sneaker,UMAP
11.632724,5.622981,5,Sandal,UMAP
-3.9384792,1.2627541,0,T-shirt/top,UMAP
1.6451772,-1.4430165,4,Coat,UMAP
14.496838,2.6282353,9,Ankle boot,UMAP
-2.065553,5.2470345,3,Dress,UMAP
12.734267,2.310095,5,Sandal,UMAP
4.9841213,2.1602988,7,Sneaker,UMAP
1.9779922,-2.7158723,2,Pullover,UMAP
13.640808,3.9267359,7,Sneaker,UMAP
-1.2332128,7.658433,1,Trouser,UMAP
-3.8417187,2.6444662,0,T-shirt/top,UMAP
-1.6958754,4.6340957,3,Dress,UMAP
11.987484,1.3468707,5,Sandal,UMAP
14.222055,2.1457675,9,Ankle boot,UMAP
0.79600096,-0.8624703,2,Pullover,UMAP
-3.422213,0.9572439,0,T-shirt/top,UMAP
1.3118227,-3.0183742,2,Pullover,UMAP
14.797011,3.1616766,7,Sneaker,UMAP
-1.9994929,2.982316,0,T-shirt/top,UMAP
1.503215,0.78531694,6,Shirt,UMAP
1.9610914,-2.652931,2,Pullover,UMAP
1.241015,0.93321973,0,T-shirt/top,UMAP
11.806092,5.192872,5,Sandal,UMAP
-1.1125344,7.498267,1,Trouser,UMAP
-0.24303381,-1.1912392,4,Coat,UMAP
11.6245985,5.8066673,5,Sandal,UMAP
-1.57184,7.1745653,1,Trouser,UMAP
14.281486,3.6685975,9,Ankle boot,UMAP
-1.7102578,4.9692345,1,Trouser,UMAP
1.282614,-0.90247935,4,Coat,UMAP
12.570683,1.9006526,5,Sandal,UMAP
14.761968,3.4216373,7,Sneaker,UMAP
13.265152,1.7896876,5,Sandal,UMAP
5.259133,1.6183612,0,T-shirt/top,UMAP
0.122914806,-2.1591647,4,Coat,UMAP
14.576636,3.701697,7,Sneaker,UMAP
2.0292017,-0.9023024,2,Pullover,UMAP
13.061518,4.323051,5,Sandal,UMAP
14.40813,1.6727711,9,Ankle boot,UMAP
