component_1,component_2,label,class_name,method
4.1162763,5.332869,0,T-shirt/top,UMAP
-0.59319013,0.7167442,6,Shirt,UMAP
9.773855,5.2789097,5,Sandal,UMAP
11.387722,4.969141,7,Sneaker,UMAP
10.762921,0.7496936,7,Sneaker,UMAP
4.231583,-1.877865,8,Bag,UMAP
10.132877,1.2187003,9,Ankle boot,UMAP
1.5838063,3.2114978,6,Shirt,UMAP
0.1410847,0.66024685,2,Pullover,UMAP
0.47615933,1.3520457,2,Pullover,UMAP
-2.0581386,4.495958,3,Dress,UMAP
-0.24807446,0.7306854,4,Coat,UMAP
10.875451,1.9039323,9,Ankle boot,UMAP
-1.5633928,7.420085,1,Trouser,UMAP
11.938369,5.4708557,7,Sneaker,UMAP
-0.5556114,1.7836078,2,Pullover,UMAP
3.7271638,6.5065155,0,T-shirt/top,UMAP
-0.8098749,1.2706702,4,Coat,UMAP
1.0379595,6.506336,3,Dress,UMAP
8.210606,1.5417165,9,Ankle boot,UMAP
3.7260554,5.102409,0,T-shirt/top,UMAP
10.22223,1.2601422,9,Ankle boot,UMAP
3.7636902,4.9959316,6,Shirt,UMAP
-1.6599963,3.419947,4,Coat,UMAP
10.46362,0.7923199,9,Ankle boot,UMAP
10.957198,2.7399974,7,Sneaker,UMAP
10.155172,1.1574379,9,Ankle boot,UMAP
1.3824316,4.408314,0,T-shirt/top,UMAP
4.0896287,4.2947965,6,Shirt,UMAP
-0.46008813,0.6005504,2,Pullover,UMAP
3.763758,6.396122,0,T-shirt/top,UMAP
12.139274,3.436821,7,Sneaker,UMAP
10.277255,0.7548252,7,Sneaker,UMAP
3.2667916,6.101368,0,T-shirt/top,UMAP
10.464224,4.3896184,5,Sandal,UMAP
-1.1967884,1.8573133,4,Coat,UMAP
-1.6614904,2.4538188,6,Shirt,UMAP
11.425968,4.2367487,7,Sneaker,UMAP
10.23437,4.8194633,5,Sandal,UMAP
12.815263,4.2992234,7,Sneaker,UMAP
12.023135,3.4365482,7,Sneaker,UMAP
1.2248214,7.846042,3,Dress,UMAP
0.66836745,3.130669,4,Coat,UMAP
1.2133008,7.5021267,3,Dress,UMAP
-2.7368133,8.093583,1,Trouser,UMAP
2.4569788,2.202024,2,Pullover,UMAP
9.894501,5.311279,5,Sandal,UMAP
4.955204,-1.8177704,8,Bag,UMAP
-1.1458352,2.349786,2,Pullover,UMAP
3.284696,6.633794,6,Shirt,UMAP
11.722568,5.3071346,7,Sneaker,UMAP
8.402752,1.9973897,9,Ankle boot,UMAP
11.7216215,5.279852,7,Sneaker,UMAP
3.8925815,2.5410762,8,Bag,UMAP
4.661889,-1.7451084,8,Bag,UMAP
3.7929728,6.4117484,6,Shirt,UMAP
-1.3039939,4.1606627,4,Coat,UMAP
-3.3704655,9.089787,1,Trouser,UMAP
0.41410834,3.3223076,6,Shirt,UMAP
2.9148448,5.691124,6,Shirt,UMAP
-1.3224839,7.597285,1,Trouser,UMAP
-1.164783,1.8627745,6,Shirt,UMAP
11.725554,4.6300893,7,Sneaker,UMAP
0.98617053,6.2760925,3,Dress,UMAP
2.5125225,1.8700613,2,Pullover,UMAP
8.965352,0.36442372,9,Ankle boot,UMAP
-2.8370156,7.812756,1,Trouser,UMAP
8.162616,2.2865827,5,Sandal,UMAP
4.974447,-1.0139029,8,Bag,UMAP
-3.3340049,9.102518,1,Trouser,UMAP
3.358074,5.4163046,6,Shirt,UMAP
-1.7840359,3.4539812,4,Coat,UMAP
10.733858,4.7270284,5,Sandal,UMAP
-2.0149412,4.993637,3,Dress,UMAP
-1.6666178,2.0742822,2,Pullover,UMAP
-0.9093012,2.9752932,4,Coat,UMAP
4.77208,-1.2898239,8,Bag,UMAP
2.7785594,6.152943,0,T-shirt/top,UMAP
-2.7903812,7.738676,1,Trouser,UMAP
0.99043745,7.7763267,3,Dress,UMAP
4.380909,0.89369303,8,Bag,UMAP
3.9540784,4.520909,0,T-shirt/top,UMAP
0.114130855,4.4420366,3,Dress,UMAP
2.728124,5.3542285,0,T-shirt/top,UMAP
-2.6235642,7.1891274,1,Trouser,UMAP
4.7711906,6.1637115,0,T-shirt/top,UMAP
0.22801867,1.582112,2,Pullover,UMAP
0.57745546,3.8401518,6,Shirt,UMAP
10.9943,2.813066,8,Bag,UMAP
4.479184,1.4849399,8,Bag,UMAP
9.962651,5.875983,5,Sandal,UMAP
1.2930542,2.2623007,4,Coat,UMAP
13.102023,3.9526749,7,Sneaker,UMAP
8.53797,2.271986,9,Ankle boot,UMAP
5.128591,0.073593155,8,Bag,UMAP
-0.2127839,0.5333622,4,Coat,UMAP
9.53613,1.0989368,9,Ankle boot,UMAP
-2.048735,2.77465,6,Shirt,UMAP
1.4659446,7.4280014,3,Dress,UMAP
11.470515,4.951275,7,Sneaker,UMAP
5.0794106,1.2421741,8,Bag,UMAP
5.177693,0.72847176,8,Bag,UMAP
4.721168,-1.3728191,8,Bag,UMAP
6.4829063,2.810226,5,Sandal,UMAP
-2.8133633,7.0637984,1,Trouser,UMAP
-2.8326569,7.3306193,1,Trouser,UMAP
0.8653525,7.224034,0,T-shirt/top,UMAP
1.5670505,5.8735456,3,Dress,UMAP
11.76365,5.332572,7,Sneaker,UMAP
2.2415287,2.1643448,6,Shirt,UMAP
1.503415,7.3922915,3,Dress,UMAP
9.091451,1.4158853,9,Ankle boot,UMAP
4.3136168,-1.9231843,8,Bag,UMAP
0.2647343,1.6225277,4,Coat,UMAP
0.29996625,2.2561307,6,Shirt,UMAP
7.6298385,2.5093322,5,Sandal,UMAP
-0.5510347,2.626349,2,Pullover,UMAP
5.1084623,-1.1665914,8,Bag,UMAP
13.408304,4.6756606,7,Sneaker,UMAP
2.3598354,5.887758,3,Dress,UMAP
-0.09094133,1.203888,2,Pullover,UMAP
13.297511,4.830662,7,Sneaker,UMAP
4.0470304,6.1667123,0,T-shirt/top,UMAP
0.8277787,1.094315,2,Pullover,UMAP
10.9312315,2.644787,7,Sneaker,UMAP
1.0399867,0.34285423,4,Coat,UMAP
2.797078,5.465507,0,T-shirt/top,UMAP
8.061726,2.1423712,5,Sandal,UMAP
4.3287125,-1.1864063,8,Bag,UMAP
-3.7489681,8.545632,1,Trouser,UMAP
10.709413,4.4999123,5,Sandal,UMAP
3.904347,6.5612555,0,T-shirt/top,UMAP
-2.3642879,4.919921,3,Dress,UMAP
11.0091095,2.1294658,9,Ankle boot,UMAP
4.9472747,-1.1897917,8,Bag,UMAP
4.52707,5.467366,0,T-shirt/top,UMAP
13.47298,4.5460405,7,Sneaker,UMAP
1.0001048,3.434754,6,Shirt,UMAP
0.51355743,2.8785582,3,Dress,UMAP
-1.6935406,8.555054,1,Trouser,UMAP
-1.3472241,0.72067,2,Pullover,UMAP
-1.6568898,3.186057,4,Coat,UMAP
3.9630911,4.9360633,0,T-shirt/top,UMAP
5.022765,1.6185883,8,Bag,UMAP
3.4776204,5.980541,0,T-shirt/top,UMAP
4.159879,5.7338033,0,T-shirt/top,UMAP
4.819201,0.723428,8,Bag,UMAP
4.4301214,-0.81684345,8,Bag,UMAP
8.607976,2.2950885,9,Ankle boot,UMAP
8.809478,2.3089933,9,Ankle boot,UMAP
-1.5468409,4.0592284,4,Coat,UMAP
4.024074,6.430066,0,T-shirt/top,UMAP
-2.3712122,6.6299367,3,Dress,UMAP
4.975846,-1.7749655,8,Bag,UMAP
1.6664804,4.360362,3,Dress,UMAP
13.452419,4.6752586,7,Sneaker,UMAP
-1.1982712,3.1319592,4,Coat,UMAP
0.70871925,2.9645827,6,Shirt,UMAP
7.28802,2.5831485,5,Sandal,UMAP
0.99914414,1.3157257,4,Coat,UMAP
0.48345765,6.010559,6,Shirt,UMAP
0.94525325,0.3387784,6,Shirt,UMAP
-2.0431259,8.625516,1,Trouser,UMAP
9.058907,0.79733264,9,Ankle boot,UMAP
-0.773474,0.8386719,6,Shirt,UMAP
-1.3626473,5.157811,3,Dress,UMAP
1.4674242,1.2100023,2,Pullover,UMAP
-2.0792947,4.180074,3,Dress,UMAP
0.19010785,4.766166,4,Coat,UMAP
7.435124,2.4898126,5,Sandal,UMAP
-3.180494,8.660508,1,Trouser,UMAP
1.0064521,3.1068788,2,Pullover,UMAP
4.7021165,-1.2915745,8,Bag,UMAP
-3.2394626,8.688077,1,Trouser,UMAP
-1.4765837,4.696484,4,Coat,UMAP
10.216324,0.9372971,9,Ankle boot,UMAP
5.5091534,2.5747488,5,Sandal,UMAP
-0.36790907,3.3067815,6,Shirt,UMAP
0.014995613,0.838779,4,Coat,UMAP
3.912215,6.5754356,0,T-shirt/top,UMAP
1.3701917,7.390214,3,Dress,UMAP
8.247547,0.94846207,9,Ankle boot,UMAP
-2.5481942,8.059732,1,Trouser,UMAP
4.5359,5.125768,0,T-shirt/top,UMAP
10.308474,0.57389885,9,Ankle boot,UMAP
-0.4827735,3.1292636,2,Pullover,UMAP
10.033613,5.644446,5,Sandal,UMAP
0.3250488,3.9346042,6,Shirt,UMAP
5.235329,-0.9843672,5,Sandal,UMAP
4.812081,-1.7290597,8,Bag,UMAP
4.6479244,6.2517376,0,T-shirt/top,UMAP
-0.015058022,0.9822234,4,Coat,UMAP
-1.7988431,4.33361,3,Dress,UMAP
4.2126865,-0.97241414,8,Bag,UMAP
-1.7130908,5.587632,4,Coat,UMAP
2.7843852,5.9369807,0,T-shirt/top,UMAP
5.0500226,-1.3893961,8,Bag,UMAP
12.359371,4.210611,7,Sneaker,UMAP
3.3055432,6.095528,0,T-shirt/top,UMAP
-3.2538905,9.097163,1,Trouser,UMAP
-0.632323,5.5687566,0,T-shirt/top,UMAP
-1.2158214,2.367071,4,Coat,UMAP
-0.7013546,0.95719486,2,Pullover,UMAP
4.8432603,6.1218743,0,T-shirt/top,UMAP
10.522716,4.3265357,5,Sandal,UMAP
4.9023848,-1.1236732,8,Bag,UMAP
2.6292567,1.8782798,2,Pullover,UMAP
2.6436691,7.012645,3,Dress,UMAP
0.8375516,4.718391,3,Dress,UMAP
9.701333,5.0485916,5,Sandal,UMAP
-3.3526542,8.91745,1,Trouser,UMAP
12.296933,4.457118,7,Sneaker,UMAP
8.23558,1.4809172,9,Ankle boot,UMAP
1.454713,7.6788445,3,Dress,UMAP
3.5958407,5.746728,0,T-shirt/top,UMAP
8.427936,1.129445,9,Ankle boot,UMAP
7.2201595,2.6056898,5,Sandal,UMAP
4.720428,6.4018903,0,T-shirt/top,UMAP
1.8849679,7.0615015,3,Dress,UMAP
10.379732,0.49525064,9,Ankle boot,UMAP
-1.9572898,2.3290277,4,Coat,UMAP
9.403683,0.766157,9,Ankle boot,UMAP
3.2727897,6.246808,0,T-shirt/top,UMAP
0.7636133,4.1337247,6,Shirt,UMAP
2.9493299,6.2345123,0,T-shirt/top,UMAP
1.7329661,5.7631745,3,Dress,UMAP
4.757405,1.4083929,8,Bag,UMAP
0.26310876,4.8492126,0,T-shirt/top,UMAP
0.81264544,4.086875,0,T-shirt/top,UMAP
8.686399,2.0270667,5,Sandal,UMAP
4.75645,6.254505,3,Dress,UMAP
-3.0741856,7.873236,1,Trouser,UMAP
-1.2463979,4.001851,6,Shirt,UMAP
4.8670053,5.8371058,0,T-shirt/top,UMAP
-0.009641943,1.1729012,2,Pullover,UMAP
-2.1405363,3.8376935,3,Dress,UMAP
-2.5868216,8.585039,1,Trouser,UMAP
1.3747064,7.319521,3,Dress,UMAP
9.0711775,0.41381103,9,Ankle boot,UMAP
6.711926,2.8284101,5,Sandal,UMAP
5.25279,0.71792233,8,Bag,UMAP
-2.8296983,8.778061,1,Trouser,UMAP
-3.1852767,9.128631,1,Trouser,UMAP
-0.7250852,2.263641,4,Coat,UMAP
10.446312,2.323012,7,Sneaker,UMAP
4.17041,0.7859959,6,Shirt,UMAP
0.108219855,4.5577755,3,Dress,UMAP
3.456838,5.599086,0,T-shirt/top,UMAP
5.1337543,-0.6536009,8,Bag,UMAP
-1.895012,2.4227452,6,Shirt,UMAP
0.552492,7.487952,3,Dress,UMAP
0.011352779,5.620044,6,Shirt,UMAP
-0.82617563,3.126637,4,Coat,UMAP
-0.60274696,0.5360755,4,Coat,UMAP
-1.0878443,1.2640504,4,Coat,UMAP
-1.3584772,0.8233623,4,Coat,UMAP
1.3379041,2.55999,2,Pullover,UMAP
1.7166014,6.5934024,3,Dress,UMAP
0.42276198,2.8671439,4,Coat,UMAP
8.251186,0.9996821,9,Ankle boot,UMAP
4.158389,-1.0530517,8,Bag,UMAP
0.19366163,2.3575377,6,Shirt,UMAP
1.5635452,1.3573498,0,T-shirt/top,UMAP
10.712231,2.4963975,7,Sneaker,UMAP
10.129304,0.7049207,9,Ankle boot,UMAP
9.728602,5.231392,5,Sandal,UMAP
-1.2213405,2.301931,4,Coat,UMAP
4.688261,5.0373964,0,T-shirt/top,UMAP
0.76535165,2.4957695,2,Pullover,UMAP
-2.5574322,7.9834123,1,Trouser,UMAP
4.817997,-1.8479732,8,Bag,UMAP
4.664094,0.8629747,8,Bag,UMAP
4.740515,0.8068613,8,Bag,UMAP
4.0093727,6.359076,0,T-shirt/top,UMAP
6.6754546,2.8115783,5,Sandal,UMAP
0.06786079,1.4644941,2,Pullover,UMAP
4.3906364,0.8696612,8,Bag,UMAP
0.6948278,1.3281032,6,Shirt,UMAP
10.507791,2.5801344,7,Sneaker,UMAP
4.195105,-0.94607633,8,Bag,UMAP
1.1137682,5.141008,3,Dress,UMAP
9.430574,1.3351713,9,Ankle boot,UMAP
0.16064548,6.4499116,6,Shirt,UMAP
-2.9902415,7.2299266,1,Trouser,UMAP
-2.7375853,8.606884,1,Trouser,UMAP
1.7199996,6.4646783,3,Dress,UMAP
-3.4663675,7.87304,1,Trouser,UMAP
-1.5392082,2.4234836,6,Shirt,UMAP
0.041294597,1.4803246,6,Shirt,UMAP
1.4568304,1.1508933,2,Pullover,UMAP
0.7137802,4.189685,2,Pullover,UMAP
5.1097736,-1.1285028,8,Bag,UMAP
0.5001226,2.7374012,6,Shirt,UMAP
0.8935469,4.792386,0,T-shirt/top,UMAP
1.2414103,7.0428066,3,Dress,UMAP
0.90348446,7.0318823,3,Dress,UMAP
1.8657503,2.206514,2,Pullover,UMAP
0.55805063,7.4779506,3,Dress,UMAP
9.372217,0.43824458,9,Ankle boot,UMAP
0.17282523,4.0426245,4,Coat,UMAP
3.9874527,5.658966,0,T-shirt/top,UMAP
4.09934,5.389755,6,Shirt,UMAP
10.097946,5.4435287,5,Sandal,UMAP
4.0834804,5.658123,0,T-shirt/top,UMAP
-1.5212284,3.0205145,4,Coat,UMAP
-1.5210466,2.12999,4,Coat,UMAP
13.476993,4.358515,7,Sneaker,UMAP
9.437075,0.8126184,9,Ankle boot,UMAP
0.47818494,3.5455852,2,Pullover,UMAP
11.685516,3.6726882,7,Sneaker,UMAP
5.117254,-0.8106077,8,Bag,UMAP
10.877644,1.9518056,7,Sneaker,UMAP
-3.152956,8.5244465,1,Trouser,UMAP
0.3109469,0.635522,4,Coat,UMAP
-1.538082,2.703135,6,Shirt,UMAP
11.008437,3.6691728,5,Sandal,UMAP
-2.1623495,8.362974,1,Trouser,UMAP
10.866272,1.1270992,9,Ankle boot,UMAP
10.657409,3.9424553,5,Sandal,UMAP
0.085550465,2.4888368,6,Shirt,UMAP
3.481337,5.403274,0,T-shirt/top,UMAP
0.47245187,0.5605034,2,Pullover,UMAP
0.13918841,6.520569,0,T-shirt/top,UMAP
12.154318,4.128345,8,Bag,UMAP
0.7206188,0.5258537,4,Coat,UMAP
11.901786,5.3867784,7,Sneaker,UMAP
4.907317,5.8788366,0,T-shirt/top,UMAP
4.727595,5.4780927,0,T-shirt/top,UMAP
1.3348398,3.6527812,6,Shirt,UMAP
-0.6980873,1.1023891,2,Pullover,UMAP
-1.0971844,2.4638278,4,Coat,UMAP
1.1667444,6.8808403,3,Dress,UMAP
11.843362,5.3436112,7,Sneaker,UMAP
1.6453633,6.000443,3,Dress,UMAP
-1.9156169,2.473407,4,Coat,UMAP
0.21419434,1.4996738,2,Pullover,UMAP
1.1506735,7.805329,3,Dress,UMAP
12.467513,4.4148912,7,Sneaker,UMAP
-0.34555438,1.6196576,4,Coat,UMAP
7.887193,2.2841191,5,Sandal,UMAP
11.102288,4.5917583,7,Sneaker,UMAP
9.302045,1.27298,5,Sandal,UMAP
4.6890445,6.3195195,0,T-shirt/top,UMAP
10.165698,0.7761424,5,Sandal,UMAP
-0.7205239,0.884616,6,Shirt,UMAP
13.429752,4.418865,7,Sneaker,UMAP
-1.3776367,7.762036,1,Trouser,UMAP
4.6595473,-1.0315048,8,Bag,UMAP
10.501964,1.2925127,9,Ankle boot,UMAP
-3.516728,8.228225,1,Trouser,UMAP
4.1272974,5.375173,0,T-shirt/top,UMAP
-1.5583738,7.4293237,1,Trouser,UMAP
11.901993,5.3030033,7,Sneaker,UMAP
-1.2865394,4.6533775,8,Bag,UMAP
9.987791,0.8007098,9,Ankle boot,UMAP
1.678204,1.2481383,6,Shirt,UMAP
9.411597,0.5475445,9,Ankle boot,UMAP
2.3212595,7.051714,3,Dress,UMAP
4.867175,5.723091,0,T-shirt/top,UMAP
-0.1882577,2.2614074,6,Shirt,UMAP
-1.5278491,2.9349988,4,Coat,UMAP
-0.41575354,1.7097925,2,Pullover,UMAP
11.501384,3.8340075,7,Sneaker,UMAP
12.609823,4.564655,7,Sneaker,UMAP
0.3112237,0.75024414,4,Coat,UMAP
10.055564,6.209387,5,Sandal,UMAP
-1.0978694,3.2171845,2,Pullover,UMAP
-0.078556575,1.1335474,4,Coat,UMAP
0.58034486,0.62529147,4,Coat,UMAP
0.75712085,4.8186154,6,Shirt,UMAP
12.602544,4.0891356,7,Sneaker,UMAP
-2.5416741,7.3495636,1,Trouser,UMAP
9.297098,0.3353375,9,Ankle boot,UMAP
1.5155735,3.4633057,6,Shirt,UMAP
2.5547023,1.8275301,6,Shirt,UMAP
10.0492,6.120523,5,Sandal,UMAP
3.9944782,6.4398284,0,T-shirt/top,UMAP
-0.71144086,5.090254,3,Dress,UMAP
-3.761365,8.569532,1,Trouser,UMAP
0.54121995,5.4926534,0,T-shirt/top,UMAP
10.568439,1.0799257,9,Ankle boot,UMAP
3.79359,6.60442,0,T-shirt/top,UMAP
0.6030312,7.52945,3,Dress,UMAP
1.1977702,2.7421865,2,Pullover,UMAP
2.547661,2.083136,2,Pullover,UMAP
0.76158714,3.4484246,2,Pullover,UMAP
8.254802,0.98897094,9,Ankle boot,UMAP
1.6464754,1.1345589,2,Pullover,UMAP
-1.8902841,4.165644,4,Coat,UMAP
-1.3209479,2.3970516,4,Coat,UMAP
9.744911,1.1725119,9,Ankle boot,UMAP
5.1083374,-0.833831,8,Bag,UMAP
4.791566,6.1832576,6,Shirt,UMAP
11.491034,4.614372,7,Sneaker,UMAP
1.0790571,6.657571,3,Dress,UMAP
-3.1539261,7.6170797,1,Trouser,UMAP
-2.9890697,7.683544,1,Trouser,UMAP
1.7051724,5.2592874,6,Shirt,UMAP
1.2759494,7.1021156,3,Dress,UMAP
13.485885,4.3632236,7,Sneaker,UMAP
-1.5030186,4.1662426,4,Coat,UMAP
-2.0329819,4.798513,4,Coat,UMAP
-1.3875301,3.085234,2,Pullover,UMAP
12.58518,4.127063,7,Sneaker,UMAP
0.6709321,6.530459,3,Dress,UMAP
8.279472,0.980371,9,Ankle boot,UMAP
9.884065,5.288873,5,Sandal,UMAP
10.016682,4.848631,5,Sandal,UMAP
9.220446,1.5136571,9,Ankle boot,UMAP
-1.8732979,2.3792868,6,Shirt,UMAP
10.754925,0.792743,9,Ankle boot,UMAP
-0.64300936,1.8979108,2,Pullover,UMAP
2.5272508,7.113907,3,Dress,UMAP
1.5922432,1.1036918,2,Pullover,UMAP
1.6300914,1.2014325,2,Pullover,UMAP
4.732931,1.6497514,8,Bag,UMAP
1.3670893,1.9333385,6,Shirt,UMAP
-1.3003947,2.1374557,4,Coat,UMAP
11.877143,3.721887,7,Sneaker,UMAP
9.375212,0.4240704,9,Ankle boot,UMAP
4.3409667,1.6870539,8,Bag,UMAP
0.509167,3.4989862,6,Shirt,UMAP
12.816396,3.857157,7,Sneaker,UMAP
11.28649,5.0050654,5,Sandal,UMAP
10.364144,0.5965636,9,Ankle boot,UMAP
1.119443,2.554928,2,Pullover,UMAP
4.5664,1.73296,8,Bag,UMAP
-3.375177,8.337739,1,Trouser,UMAP
9.573958,0.57874244,9,Ankle boot,UMAP
-2.2448618,4.8171487,4,Coat,UMAP
8.259432,1.1189533,9,Ankle boot,UMAP
8.529487,2.359888,9,Ankle boot,UMAP
0.34897485,1.9402938,6,Shirt,UMAP
2.7871413,6.0258775,0,T-shirt/top,UMAP
10.021841,4.8325543,5,Sandal,UMAP
3.8128238,6.3411827,0,T-shirt/top,UMAP
4.5262785,-2.0225906,8,Bag,UMAP
2.589986,1.8095868,6,Shirt,UMAP
0.75076807,1.340086,8,Bag,UMAP
-2.0540671,8.235666,1,Trouser,UMAP
-2.1759257,2.9055376,4,Coat,UMAP
-1.4643089,0.97019356,4,Coat,UMAP
13.143459,4.52835,7,Sneaker,UMAP
-2.1047268,3.8643043,3,Dress,UMAP
-1.9746553,4.3884315,3,Dress,UMAP
2.6621516,1.8025732,2,Pullover,UMAP
0.46604642,5.6439223,3,Dress,UMAP
-3.0346289,7.370821,1,Trouser,UMAP
2.7624342,6.0617857,0,T-shirt/top,UMAP
-2.122603,3.7473042,4,Coat,UMAP
-0.8869046,5.686865,4,Coat,UMAP
8.159123,1.4574419,9,Ankle boot,UMAP
4.379799,2.4322364,6,Shirt,UMAP
4.8074317,6.3964067,0,T-shirt/top,UMAP
9.302545,0.484348,9,Ankle boot,UMAP
4.882942,-1.2558547,8,Bag,UMAP
4.51425,-1.3040745,8,Bag,UMAP
-1.9168867,4.030346,3,Dress,UMAP
10.773034,1.4442703,9,Ankle boot,UMAP
9.332372,2.0163293,7,Sneaker,UMAP
4.546629,5.200363,0,T-shirt/top,UMAP
-1.3062857,6.0541477,1,Trouser,UMAP
0.6662842,2.2890203,2,Pullover,UMAP
1.0984871,7.6106515,3,Dress,UMAP
1.5624816,7.272498,3,Dress,UMAP
1.1464766,7.1908255,3,Dress,UMAP
11.955453,3.352671,5,Sandal,UMAP
0.3082269,3.6329288,6,Shirt,UMAP
2.8334715,5.8564467,6,Shirt,UMAP
-3.504803,8.845801,1,Trouser,UMAP
0.67325497,6.1478357,6,Shirt,UMAP
-1.9869986,6.3507996,3,Dress,UMAP
0.6593898,6.4907446,3,Dress,UMAP
7.4051766,2.4937127,5,Sandal,UMAP
4.836543,-1.2959851,8,Bag,UMAP
3.637167,0.7376429,4,Coat,UMAP
4.0512137,-1.3782132,8,Bag,UMAP
12.85803,3.8348114,7,Sneaker,UMAP
4.037345,5.2175126,6,Shirt,UMAP
12.070979,5.118157,7,Sneaker,UMAP
-0.18752892,2.4708998,2,Pullover,UMAP
-1.6390754,7.285826,1,Trouser,UMAP
-1.5090294,7.4026394,1,Trouser,UMAP
0.6705248,7.5853553,3,Dress,UMAP
0.6143043,2.567154,8,Bag,UMAP
-0.6564256,0.8094215,6,Shirt,UMAP
3.0189235,4.817052,0,T-shirt/top,UMAP
9.554307,1.2069277,9,Ankle boot,UMAP
11.89136,5.2085495,7,Sneaker,UMAP
7.638484,2.272059,5,Sandal,UMAP
5.098071,-0.83703476,8,Bag,UMAP
2.472784,2.2768114,2,Pullover,UMAP
1.0875776,7.116201,3,Dress,UMAP
9.726579,4.2131987,5,Sandal,UMAP
10.124213,1.279086,9,Ankle boot,UMAP
12.5320635,4.4668856,7,Sneaker,UMAP
2.635132,5.7187314,0,T-shirt/top,UMAP
-3.3514245,9.026261,1,Trouser,UMAP
-2.8839092,7.9498305,1,Trouser,UMAP
8.900589,1.651329,9,Ankle boot,UMAP
4.506633,0.855548,8,Bag,UMAP
4.089523,4.3076277,6,Shirt,UMAP
2.983941,2.0374618,0,T-shirt/top,UMAP
4.03423,6.4892774,0,T-shirt/top,UMAP
-2.8408594,6.9449935,1,Trouser,UMAP
1.1430606,2.54849,2,Pullover,UMAP
1.1638404,2.1124415,2,Pullover,UMAP
-1.968538,4.7355056,4,Coat,UMAP
-1.4361477,3.067142,4,Coat,UMAP
5.0920205,-0.5173857,8,Bag,UMAP
-3.1727262,8.37375,1,Trouser,UMAP
1.2528881,1.8443736,3,Dress,UMAP
10.58092,1.8709615,7,Sneaker,UMAP
2.4949646,7.082866,3,Dress,UMAP
3.9688523,0.60951716,6,Shirt,UMAP
-3.692352,8.319739,1,Trouser,UMAP
2.40022,2.2374682,0,T-shirt/top,UMAP
7.5538697,2.391945,5,Sandal,UMAP
4.7193604,6.4762793,0,T-shirt/top,UMAP
-1.7876291,8.37399,1,Trouser,UMAP
13.324078,4.5701213,7,Sneaker,UMAP
-2.2489347,4.62597,3,Dress,UMAP
10.740507,0.9212743,9,Ankle boot,UMAP
0.5648303,7.5378976,8,Bag,UMAP
0.6340528,6.4946322,3,Dress,UMAP
9.48981,2.2833216,9,Ankle boot,UMAP
2.0473447,2.356085,6,Shirt,UMAP
8.893938,0.34158364,9,Ankle boot,UMAP
7.5455046,2.3850577,5,Sandal,UMAP
-0.58096206,0.9854829,4,Coat,UMAP
13.494919,4.4189863,7,Sneaker,UMAP
0.43616652,5.8362446,0,T-shirt/top,UMAP
0.54864645,7.4531355,3,Dress,UMAP
9.888212,0.3117141,9,Ankle boot,UMAP
13.275115,4.091213,7,Sneaker,UMAP
10.790776,0.9243354,9,Ankle boot,UMAP
2.7628345,6.228637,6,Shirt,UMAP
0.39167193,0.5754165,4,Coat,UMAP
9.837868,4.7989087,5,Sandal,UMAP
3.975543,2.7319996,6,Shirt,UMAP
0.5318574,4.3659096,2,Pullover,UMAP
-3.5935895,8.08638,1,Trouser,UMAP
7.554468,2.4622715,5,Sandal,UMAP
0.6637576,7.506344,3,Dress,UMAP
-1.4097244,0.80656534,4,Coat,UMAP
-3.1637237,8.671024,1,Trouser,UMAP
7.5463815,2.3075144,5,Sandal,UMAP
7.9017916,2.2400784,5,Sandal,UMAP
5.10624,-0.088216014,8,Bag,UMAP
4.9083934,0.90897954,8,Bag,UMAP
10.559693,0.6937026,9,Ankle boot,UMAP
-0.007129521,0.7290818,4,Coat,UMAP
9.423406,0.8038778,9,Ankle boot,UMAP
10.7069435,4.276732,5,Sandal,UMAP
10.6942625,2.5280106,7,Sneaker,UMAP
4.7289853,1.5665078,8,Bag,UMAP
12.737014,4.597617,7,Sneaker,UMAP
-3.331134,9.056488,1,Trouser,UMAP
1.8106234,6.321369,3,Dress,UMAP
-2.6708884,6.836857,1,Trouser,UMAP
3.9238198,4.405191,6,Shirt,UMAP
-1.9392756,7.983759,1,Trouser,UMAP
-0.79467976,5.566678,3,Dress,UMAP
-1.627042,5.4931564,3,Dress,UMAP
-3.2191746,7.763697,1,Trouser,UMAP
-1.2723958,5.7318797,3,Dress,UMAP
4.2084017,-1.1820625,8,Bag,UMAP
10.362645,0.46599406,9,Ankle boot,UMAP
9.675921,0.89123863,9,Ankle boot,UMAP
-1.2345697,2.5112867,4,Coat,UMAP
-1.663938,8.494716,1,Trouser,UMAP
4.4805202,5.0322833,0,T-shirt/top,UMAP
4.296166,1.8021203,8,Bag,UMAP
0.57713276,4.0902004,6,Shirt,UMAP
0.26651785,0.65455776,2,Pullover,UMAP
3.3612175,5.442062,0,T-shirt/top,UMAP
12.141579,3.4190207,7,Sneaker,UMAP
10.384082,1.2212715,9,Ankle boot,UMAP
4.4484444,-2.031243,8,Bag,UMAP
0.8694721,0.21873733,2,Pullover,UMAP
10.678121,3.8332944,5,Sandal,UMAP
0.31193253,1.2389029,4,Coat,UMAP
3.2982864,5.600259,6,Shirt,UMAP
0.8156713,6.490616,3,Dress,UMAP
-3.2067618,8.676198,1,Trouser,UMAP
12.847359,4.3156447,7,Sneaker,UMAP
-1.8739192,2.376554,2,Pullover,UMAP
7.8365803,2.463841,5,Sandal,UMAP
-0.3664753,1.0467411,2,Pullover,UMAP
0.41375202,2.1961641,6,Shirt,UMAP
4.582861,-1.0127025,8,Bag,UMAP
-0.7119891,1.7310358,2,Pullover,UMAP
11.269387,3.408778,5,Sandal,UMAP
-0.55148065,2.8426483,2,Pullover,UMAP
4.139788,4.037572,0,T-shirt/top,UMAP
11.571337,2.9931667,7,Sneaker,UMAP
-3.7290323,8.573427,1,Trouser,UMAP
0.5348619,4.215201,2,Pullover,UMAP
10.084878,1.30437,9,Ankle boot,UMAP
-1.3480238,5.0863566,3,Dress,UMAP
4.0169926,4.3228145,0,T-shirt/top,UMAP
-3.2747126,8.645125,1,Trouser,UMAP
5.027197,1.0139537,8,Bag,UMAP
4.5634475,5.228611,0,T-shirt/top,UMAP
4.9937496,-1.5240495,8,Bag,UMAP
10.775856,3.504543,5,Sandal,UMAP
-0.27550435,1.0927294,6,Shirt,UMAP
4.7052827,-1.8191881,8,Bag,UMAP
6.571755,2.8305101,5,Sandal,UMAP
10.08337,1.1294749,9,Ankle boot,UMAP
4.675596,5.407286,0,T-shirt/top,UMAP
13.333641,4.5533566,7,Sneaker,UMAP
11.827241,3.450087,7,Sneaker,UMAP
4.029302,6.5559416,0,T-shirt/top,UMAP
4.5995317,5.1808414,0,T-shirt/top,UMAP
-1.6958963,3.4902205,4,Coat,UMAP
-2.4856446,7.6784406,1,Trouser,UMAP
-3.5620446,8.317971,1,Trouser,UMAP
-0.6463269,3.2342443,6,Shirt,UMAP
4.430377,2.4211876,8,Bag,UMAP
-0.43821144,2.0483272,4,Coat,UMAP
-3.172072,8.228978,1,Trouser,UMAP
-0.61325294,2.8450522,2,Pullover,UMAP
13.479855,4.516612,7,Sneaker,UMAP
10.872924,4.7597847,5,Sandal,UMAP
11.972348,3.380247,5,Sandal,UMAP
9.45163,1.6881074,9,Ankle boot,UMAP
-1.2306174,3.2575266,2,Pullover,UMAP
6.5590243,2.8687215,5,Sandal,UMAP
12.752774,3.9611757,7,Sneaker,UMAP
9.407374,0.25973415,9,Ankle boot,UMAP
0.47161978,2.2782524,6,Shirt,UMAP
12.915428,4.3608522,7,Sneaker,UMAP
4.1141148,5.3856096,0,T-shirt/top,UMAP
0.12691578,6.364815,6,Shirt,UMAP
10.305404,2.221396,9,Ankle boot,UMAP
-1.1362143,4.000341,2,Pullover,UMAP
2.6377828,2.1643062,6,Shirt,UMAP
9.330668,1.1918206,9,Ankle boot,UMAP
1.0746846,2.4137926,6,Shirt,UMAP
0.8408947,2.297321,6,Shirt,UMAP
4.0257087,6.5076365,0,T-shirt/top,UMAP
-1.2110683,2.3540187,4,Coat,UMAP
-1.581407,4.8134136,4,Coat,UMAP
4.909184,6.287102,0,T-shirt/top,UMAP
0.28175393,1.020078,4,Coat,UMAP
6.5929646,2.8322124,5,Sandal,UMAP
-1.3065596,3.0693626,6,Shirt,UMAP
10.222915,0.33088502,9,Ankle boot,UMAP
1.415661,7.6373987,3,Dress,UMAP
4.3210297,1.7076834,8,Bag,UMAP
-0.96743757,1.7129198,6,Shirt,UMAP
12.10879,3.3389525,7,Sneaker,UMAP
11.82773,5.280708,5,Sandal,UMAP
-1.291966,0.69685704,2,Pullover,UMAP
-2.5956697,7.9808235,1,Trouser,UMAP
3.1270742,5.847815,3,Dress,UMAP
4.44459,1.8347933,6,Shirt,UMAP
-0.62294894,3.1820514,2,Pullover,UMAP
5.2557592,0.5011052,8,Bag,UMAP
1.2407744,7.1330557,3,Dress,UMAP
2.7437532,6.034294,0,T-shirt/top,UMAP
0.6900295,7.2965484,3,Dress,UMAP
-1.9066999,4.2824707,4,Coat,UMAP
4.337075,-2.0204775,8,Bag,UMAP
-0.48216105,0.5194616,4,Coat,UMAP
-1.1833316,3.9268985,6,Shirt,UMAP
-2.8989315,8.081344,1,Trouser,UMAP
-0.82088894,2.1370156,4,Coat,UMAP
2.2498503,5.8644805,3,Dress,UMAP
5.1872544,1.3416039,8,Bag,UMAP
-2.7567525,6.9061522,1,Trouser,UMAP
-1.4581076,6.6330314,3,Dress,UMAP
-0.39977604,1.9270558,4,Coat,UMAP
9.439199,0.2413304,9,Ankle boot,UMAP
10.930898,4.3093696,5,Sandal,UMAP
-1.2066094,1.9156052,4,Coat,UMAP
4.334642,1.877041,8,Bag,UMAP
-1.6492796,6.4892583,3,Dress,UMAP
-2.8456347,7.7452493,1,Trouser,UMAP
8.095154,1.4065114,9,Ankle boot,UMAP
10.046723,6.1907525,5,Sandal,UMAP
0.89207923,0.25353312,2,Pullover,UMAP
-1.3374944,0.714352,4,Coat,UMAP
0.930595,6.9155955,3,Dress,UMAP
2.9345148,5.6560626,0,T-shirt/top,UMAP
3.7014859,4.872582,0,T-shirt/top,UMAP
12.42669,3.6097786,7,Sneaker,UMAP
3.0420623,5.8483825,6,Shirt,UMAP
-1.4150174,1.287822,2,Pullover,UMAP
6.284505,2.7794905,5,Sandal,UMAP
-2.219526,3.388402,4,Coat,UMAP
1.0725721,1.8863796,2,Pullover,UMAP
9.000281,0.27030435,9,Ankle boot,UMAP
-1.8942499,8.457958,1,Trouser,UMAP
4.093138,3.8692255,6,Shirt,UMAP
-3.723151,8.447658,1,Trouser,UMAP
10.13583,1.5804936,7,Sneaker,UMAP
8.057027,1.3848181,9,Ankle boot,UMAP
0.36334583,0.81593794,2,Pullover,UMAP
1.0270761,7.1999903,3,Dress,UMAP
3.3645248,5.868434,6,Shirt,UMAP
0.3956422,3.4847262,6,Shirt,UMAP
-1.5677247,7.980709,1,Trouser,UMAP
-1.5675066,4.2452717,4,Coat,UMAP
-1.650141,3.068467,4,Coat,UMAP
-2.4041321,4.9367843,3,Dress,UMAP
6.4964275,2.7890956,5,Sandal,UMAP
3.0774,5.323653,6,Shirt,UMAP
12.423681,3.657559,7,Sneaker,UMAP
4.736103,5.539041,0,T-shirt/top,UMAP
11.271448,3.5267017,5,Sandal,UMAP
11.744172,5.365754,5,Sandal,UMAP
8.90148,2.357935,9,Ankle boot,UMAP
10.090938,1.2735956,9,Ankle boot,UMAP
4.6178637,-1.9098405,8,Bag,UMAP
4.875855,5.831273,6,Shirt,UMAP
-1.4779155,1.9380692,4,Coat,UMAP
4.582717,1.3648167,8,Bag,UMAP
11.930429,5.4364924,7,Sneaker,UMAP
-2.074815,2.8579957,4,Coat,UMAP
13.13788,4.591854,7,Sneaker,UMAP
5.141689,0.9689958,8,Bag,UMAP
7.66465,2.4973228,5,Sandal,UMAP
-1.3363452,3.0555782,4,Coat,UMAP
0.73595786,3.4367063,4,Coat,UMAP
8.2852,1.076119,9,Ankle boot,UMAP
2.5700881,7.104225,3,Dress,UMAP
2.1765258,2.1676853,2,Pullover,UMAP
-2.2415738,4.7646575,0,T-shirt/top,UMAP
-2.7347841,7.966441,1,Trouser,UMAP
-1.9292104,2.949981,2,Pullover,UMAP
5.0185976,-0.7425453,8,Bag,UMAP
0.750202,6.4154563,3,Dress,UMAP
4.6787634,-1.7244917,8,Bag,UMAP
-1.5946691,8.400193,1,Trouser,UMAP
-1.9619924,2.6846197,4,Coat,UMAP
-0.29486695,1.6599736,2,Pullover,UMAP
-0.4143376,2.1864865,4,Coat,UMAP
11.740193,4.6284432,7,Sneaker,UMAP
13.522674,4.392875,7,Sneaker,UMAP
0.38750952,0.35019588,2,Pullover,UMAP
8.637807,2.3206868,9,Ankle boot,UMAP
3.193463,2.1378407,8,Bag,UMAP
4.801727,0.9024532,8,Bag,UMAP
12.060491,3.1250389,5,Sandal,UMAP
-2.9614854,7.222596,1,Trouser,UMAP
-3.2292588,8.599303,1,Trouser,UMAP
-1.9511032,3.2779553,6,Shirt,UMAP
-1.6810306,2.4543912,2,Pullover,UMAP
6.531692,2.9061816,5,Sandal,UMAP
-2.735912,6.873385,1,Trouser,UMAP
0.2864032,3.4707785,4,Coat,UMAP
4.7055216,6.222694,0,T-shirt/top,UMAP
4.608746,6.408075,6,Shirt,UMAP
-0.84056896,2.2709832,6,Shirt,UMAP
10.920974,2.6671202,7,Sneaker,UMAP
5.098256,-0.7153696,8,Bag,UMAP
9.16646,0.8689291,5,Sandal,UMAP
9.513247,2.1896222,7,Sneaker,UMAP
0.67723715,0.48490202,2,Pullover,UMAP
11.515405,5.157345,7,Sneaker,UMAP
11.965457,5.2094755,5,Sandal,UMAP
-0.23227693,1.7625759,4,Coat,UMAP
-2.8860345,7.1220107,1,Trouser,UMAP
-1.3927375,4.465825,4,Coat,UMAP
-0.0898965,3.4712722,4,Coat,UMAP
-0.39675543,2.00732,4,Coat,UMAP
-3.1476972,8.635893,1,Trouser,UMAP
10.4743805,2.3665442,7,Sneaker,UMAP
9.153128,0.92853206,5,Sandal,UMAP
10.895692,1.8987114,9,Ankle boot,UMAP
10.886116,2.6420863,9,Ankle boot,UMAP
9.763145,5.342916,5,Sandal,UMAP
9.137878,0.3854384,9,Ankle boot,UMAP
-3.6773977,8.469795,1,Trouser,UMAP
3.4468913,5.6830873,0,T-shirt/top,UMAP
5.0007195,1.0555974,8,Bag,UMAP
5.2435684,0.78847224,8,Bag,UMAP
2.5545263,5.79772,0,T-shirt/top,UMAP
4.9440312,0.87823623,8,Bag,UMAP
0.6593912,3.972735,6,Shirt,UMAP
3.9903963,6.5511103,0,T-shirt/top,UMAP
-2.5365226,7.596901,1,Trouser,UMAP
4.6175666,1.7817382,8,Bag,UMAP
1.7231907,1.3662671,2,Pullover,UMAP
11.910247,5.3598213,7,Sneaker,UMAP
9.633254,0.96593416,5,Sandal,UMAP
-0.7446724,0.86939746,6,Shirt,UMAP
0.2387489,5.468226,6,Shirt,UMAP
8.471423,1.0171889,9,Ankle boot,UMAP
9.295347,1.1346623,9,Ankle boot,UMAP
0.331754,2.991875,6,Shirt,UMAP
-1.2826501,3.1321008,4,Coat,UMAP
-1.163926,2.313899,4,Coat,UMAP
8.832636,1.4002306,9,Ankle boot,UMAP
4.694268,6.255506,0,T-shirt/top,UMAP
9.164804,1.0002031,5,Sandal,UMAP
10.9746275,4.299123,7,Sneaker,UMAP
10.279847,1.1247675,9,Ankle boot,UMAP
9.100651,0.33978933,9,Ankle boot,UMAP
7.7745123,2.3782187,5,Sandal,UMAP
0.58397764,4.932642,1,Trouser,UMAP
0.7635552,1.1278397,4,Coat,UMAP
0.0034839106,2.9617774,8,Bag,UMAP
-2.7087061,7.8575687,1,Trouser,UMAP
-1.2224808,2.1102624,6,Shirt,UMAP
9.9750805,5.6461816,5,Sandal,UMAP
9.546549,0.623829,9,Ankle boot,UMAP
-1.5132143,1.9870498,4,Coat,UMAP
5.1468587,-0.6640171,8,Bag,UMAP
0.32573268,3.474813,4,Coat,UMAP
-2.8366404,7.0031424,1,Trouser,UMAP
3.0567298,6.144654,0,T-shirt/top,UMAP
-0.0403857,0.9618384,4,Coat,UMAP
-1.3236105,0.7090191,6,Shirt,UMAP
3.7842731,4.0647054,6,Shirt,UMAP
0.59475404,0.7331863,4,Coat,UMAP
4.036538,4.1870546,0,T-shirt/top,UMAP
8.17135,1.9285948,5,Sandal,UMAP
13.260508,4.4625587,7,Sneaker,UMAP
1.3064371,1.8277242,2,Pullover,UMAP
10.403802,3.9938147,5,Sandal,UMAP
-1.14105,3.230743,2,Pullover,UMAP
11.094009,4.2245035,7,Sneaker,UMAP
-1.0090659,1.9540235,4,Coat,UMAP
13.239092,4.514628,7,Sneaker,UMAP
4.470428,-1.509974,8,Bag,UMAP
-1.8427266,2.3548486,6,Shirt,UMAP
11.935954,3.8199534,5,Sandal,UMAP
4.045176,2.5769846,6,Shirt,UMAP
7.749689,2.1963072,5,Sandal,UMAP
1.0998993,7.850281,3,Dress,UMAP
11.311515,3.3308938,7,Sneaker,UMAP
10.493762,2.6567028,7,Sneaker,UMAP
-0.5972255,0.8703196,6,Shirt,UMAP
-1.0140971,1.8402786,4,Coat,UMAP
4.2931213,0.84352064,8,Bag,UMAP
-0.3412487,2.9099889,2,Pullover,UMAP
0.53418416,4.350694,4,Coat,UMAP
12.211963,3.5000834,7,Sneaker,UMAP
5.2954993,1.245958,5,Sandal,UMAP
-1.9746567,2.6226368,4,Coat,UMAP
-3.3425884,8.541374,1,Trouser,UMAP
10.252376,1.3425728,9,Ankle boot,UMAP
-1.8640703,3.6297226,6,Shirt,UMAP
11.641217,5.203589,7,Sneaker,UMAP
1.8317932,5.8446417,3,Dress,UMAP
11.1377325,2.028558,9,Ankle boot,UMAP
2.776198,6.801103,3,Dress,UMAP
4.784565,-1.8813919,8,Bag,UMAP
2.2440972,2.045492,6,Shirt,UMAP
8.070896,2.1888661,5,Sandal,UMAP
0.13553075,0.4854183,2,Pullover,UMAP
-0.22361709,0.45510727,2,Pullover,UMAP
7.3939795,2.4918091,5,Sandal,UMAP
4.4860964,-1.712375,8,Bag,UMAP
0.7122144,4.819244,6,Shirt,UMAP
-1.4243462,7.650292,1,Trouser,UMAP
-1.4984207,3.5577545,4,Coat,UMAP
-1.1808748,4.0286236,2,Pullover,UMAP
2.7573497,6.1225686,6,Shirt,UMAP
-0.036200922,0.7781188,4,Coat,UMAP
0.9937206,3.6010935,6,Shirt,UMAP
9.996506,2.6258793,5,Sandal,UMAP
0.3185643,6.6411757,6,Shirt,UMAP
0.55035776,5.4655876,0,T-shirt/top,UMAP
-3.2293088,8.98682,1,Trouser,UMAP
2.6901593,5.3746295,0,T-shirt/top,UMAP
9.650299,0.6925579,9,Ankle boot,UMAP
-2.784987,6.9959064,3,Dress,UMAP
1.1092417,3.3635993,2,Pullover,UMAP
10.40875,2.3060348,7,Sneaker,UMAP
1.7078657,3.7328348,6,Shirt,UMAP
0.92991996,1.3099262,2,Pullover,UMAP
1.0629805,2.875504,2,Pullover,UMAP
5.114267,-0.048676398,8,Bag,UMAP
3.0005713,4.837149,0,T-shirt/top,UMAP
5.208595,1.1526085,8,Bag,UMAP
0.01759535,6.4932656,0,T-shirt/top,UMAP
-1.2133633,1.544431,4,Coat,UMAP
4.0125036,5.2014165,0,T-shirt/top,UMAP
10.134122,4.8273616,5,Sandal,UMAP
1.860345,7.179433,3,Dress,UMAP
-3.214952,7.8559084,1,Trouser,UMAP
12.645444,4.677377,7,Sneaker,UMAP
-2.8852506,7.702737,1,Trouser,UMAP
4.557533,1.2354205,8,Bag,UMAP
3.6004364,6.140623,0,T-shirt/top,UMAP
-1.6200552,1.9581654,6,Shirt,UMAP
9.184153,1.8730868,5,Sandal,UMAP
1.6944565,5.7906857,3,Dress,UMAP
1.8471678,2.2967205,1,Trouser,UMAP
-2.1951232,4.7593336,4,Coat,UMAP
3.159794,6.5606785,6,Shirt,UMAP
0.04780562,5.3727746,6,Shirt,UMAP
3.7304525,5.2866635,0,T-shirt/top,UMAP
0.674781,0.27182043,2,Pullover,UMAP
-1.67493,8.584894,1,Trouser,UMAP
5.2132273,1.0142791,8,Bag,UMAP
11.609119,4.443793,5,Sandal,UMAP
-1.3581436,3.7531526,2,Pullover,UMAP
-1.7061206,8.5047245,1,Trouser,UMAP
1.3830621,7.097447,3,Dress,UMAP
0.7315132,7.543085,3,Dress,UMAP
1.8434242,6.520062,3,Dress,UMAP
0.35234103,5.994129,1,Trouser,UMAP
10.735155,3.3833728,5,Sandal,UMAP
11.812046,4.400434,7,Sneaker,UMAP
8.238909,1.3872192,9,Ankle boot,UMAP
-1.4666154,7.8078685,1,Trouser,UMAP
9.356231,0.37322778,9,Ankle boot,UMAP
4.0640035,5.2846456,0,T-shirt/top,UMAP
-1.4100581,2.074101,6,Shirt,UMAP
4.6293297,1.4895823,8,Bag,UMAP
4.1265593,-1.0248749,8,Bag,UMAP
0.9158943,0.34982926,2,Pullover,UMAP
0.85606366,2.965707,2,Pullover,UMAP
12.856767,3.8377323,7,Sneaker,UMAP
1.6095546,5.86812,3,Dress,UMAP
10.290247,1.2463722,9,Ankle boot,UMAP
11.371283,5.027501,5,Sandal,UMAP
12.880072,3.8546646,7,Sneaker,UMAP
11.087551,4.423874,7,Sneaker,UMAP
0.60843563,5.371884,3,Dress,UMAP
11.213206,2.0906343,9,Ankle boot,UMAP
2.8859208,6.0911303,6,Shirt,UMAP
-0.48442233,3.3135319,6,Shirt,UMAP
1.5017915,6.616142,3,Dress,UMAP
11.463956,4.6339407,5,Sandal,UMAP
4.58106,5.0515685,0,T-shirt/top,UMAP
0.9097873,0.32969737,2,Pullover,UMAP
4.107488,6.2662406,0,T-shirt/top,UMAP
0.5953858,5.6174555,0,T-shirt/top,UMAP
1.6510756,4.263275,0,T-shirt/top,UMAP
10.304925,2.8326983,5,Sandal,UMAP
-0.32661644,3.1834407,4,Coat,UMAP
7.726343,2.312031,5,Sandal,UMAP
10.375529,1.2849804,9,Ankle boot,UMAP
-1.7627109,3.528628,4,Coat,UMAP
11.730232,4.666589,7,Sneaker,UMAP
11.865332,5.2080226,7,Sneaker,UMAP
-1.2654263,5.859491,3,Dress,UMAP
2.606271,1.8082843,2,Pullover,UMAP
10.516772,0.5205972,7,Sneaker,UMAP
8.232058,1.1023024,9,Ankle boot,UMAP
4.3560257,0.9580565,8,Bag,UMAP
-0.57927775,0.53640485,4,Coat,UMAP
8.514299,0.9476771,9,Ankle boot,UMAP
-1.9761717,3.7699046,4,Coat,UMAP
4.3868475,2.28554,8,Bag,UMAP
-3.3738022,8.990062,1,Trouser,UMAP
0.5844048,5.5245314,0,T-shirt/top,UMAP
-3.253045,8.975254,1,Trouser,UMAP
1.658217,7.022231,3,Dress,UMAP
-0.3009958,1.1343155,6,Shirt,UMAP
-0.15731023,1.3196224,4,Coat,UMAP
11.333907,4.541012,7,Sneaker,UMAP
0.48928517,6.692624,6,Shirt,UMAP
12.391241,3.5453608,7,Sneaker,UMAP
1.4711835,2.4584274,2,Pullover,UMAP
1.266361,1.8211997,2,Pullover,UMAP
5.136363,1.0756296,8,Bag,UMAP
-1.7763481,5.151785,4,Coat,UMAP
1.5162687,5.337741,6,Shirt,UMAP
8.277647,1.5663563,9,Ankle boot,UMAP
0.60378444,0.4634257,2,Pullover,UMAP
-3.1540344,8.800261,1,Trouser,UMAP
-0.23948504,1.0164459,4,Coat,UMAP
7.371534,2.544848,5,Sandal,UMAP
3.9810116,2.3931499,8,Bag,UMAP
11.924521,5.4421773,7,Sneaker,UMAP
8.260531,0.9977206,9,Ankle boot,UMAP
4.1959662,-0.97268236,8,Bag,UMAP
-3.206586,9.132185,1,Trouser,UMAP
7.2828817,2.743584,5,Sandal,UMAP
3.934096,4.969358,6,Shirt,UMAP
-1.6903199,8.364428,1,Trouser,UMAP
11.0337515,1.9016441,7,Sneaker,UMAP
4.653168,-1.9334768,8,Bag,UMAP
0.78664756,7.3746033,3,Dress,UMAP
-1.3492764,2.6113992,4,Coat,UMAP
13.528213,4.563659,7,Sneaker,UMAP
1.0153388,2.3292134,6,Shirt,UMAP
-1.6915563,8.395087,1,Trouser,UMAP
0.6355979,0.624293,4,Coat,UMAP
10.92622,1.3084857,7,Sneaker,UMAP
-0.26514298,1.7413769,4,Coat,UMAP
11.520007,3.6726203,5,Sandal,UMAP
-2.1599374,4.7954826,3,Dress,UMAP
-2.9542947,7.2105412,1,Trouser,UMAP
10.110007,2.87687,5,Sandal,UMAP
3.851947,6.6525297,0,T-shirt/top,UMAP
-2.103966,4.6153555,3,Dress,UMAP
4.0644097,5.3158336,0,T-shirt/top,UMAP
-0.83454746,0.83175516,4,Coat,UMAP
-1.4167737,6.3516817,1,Trouser,UMAP
10.914601,1.0401005,7,Sneaker,UMAP
11.065023,3.8853748,5,Sandal,UMAP
1.4320152,7.070632,3,Dress,UMAP
-2.6406589,7.1756716,1,Trouser,UMAP
0.32664353,1.3764719,2,Pullover,UMAP
12.671786,4.5499077,5,Sandal,UMAP
0.15821768,4.2073865,4,Coat,UMAP
0.053632066,3.483899,4,Coat,UMAP
-1.9543854,4.3074594,3,Dress,UMAP
-0.07930691,1.3762505,2,Pullover,UMAP
-2.8009422,7.0930524,1,Trouser,UMAP
3.7211447,6.427212,0,T-shirt/top,UMAP
0.9972011,7.8034263,3,Dress,UMAP
2.5047424,5.697506,6,Shirt,UMAP
0.7324682,0.21420757,2,Pullover,UMAP
-0.9551354,5.6951847,3,Dress,UMAP
3.5442228,2.4517744,8,Bag,UMAP
2.7910488,4.867845,2,Pullover,UMAP
-2.7598212,7.5033,1,Trouser,UMAP
10.834439,4.704338,5,Sandal,UMAP
-2.0285285,2.9089465,4,Coat,UMAP
13.0276165,4.3497767,7,Sneaker,UMAP
-2.8249552,8.722365,1,Trouser,UMAP
-0.52709335,0.9675978,4,Coat,UMAP
4.43221,5.006846,0,T-shirt/top,UMAP
-2.0339377,8.197649,1,Trouser,UMAP
0.008412724,6.47484,6,Shirt,UMAP
12.034965,3.3458421,7,Sneaker,UMAP
9.151217,1.507166,9,Ankle boot,UMAP
4.583122,4.877197,6,Shirt,UMAP
13.005915,3.8660152,7,Sneaker,UMAP
4.811457,0.7300091,8,Bag,UMAP
4.848043,5.722721,0,T-shirt/top,UMAP
2.8932738,6.7549357,6,Shirt,UMAP
-0.4064024,0.5447982,4,Coat,UMAP
-1.365374,4.5966353,4,Coat,UMAP
10.699652,0.6941066,9,Ankle boot,UMAP
-1.6792595,8.493162,1,Trouser,UMAP
1.5137719,5.9941792,3,Dress,UMAP
10.520928,0.72811234,9,Ankle boot,UMAP
-1.1859783,1.5166258,4,Coat,UMAP
-0.5707421,0.53941804,4,Coat,UMAP
7.653492,2.2500703,5,Sandal,UMAP
2.8261936,4.813012,0,T-shirt/top,UMAP
-3.5909252,7.9340353,1,Trouser,UMAP
10.7784815,4.584328,5,Sandal,UMAP
10.170815,4.965735,5,Sandal,UMAP
11.789377,3.59831,7,Sneaker,UMAP
0.46915594,7.4295616,3,Dress,UMAP
0.5881813,0.5208979,2,Pullover,UMAP
-1.4881771,7.8293605,1,Trouser,UMAP
-2.4439545,7.845178,1,Trouser,UMAP
-0.5850057,0.6994317,4,Coat,UMAP
10.351135,0.46810755,9,Ankle boot,UMAP
11.356866,4.982439,5,Sandal,UMAP
4.657997,-1.439403,8,Bag,UMAP
9.936898,5.4731503,5,Sandal,UMAP
8.987245,1.0216675,5,Sandal,UMAP
4.695775,-1.4111471,8,Bag,UMAP
-1.7992628,3.7947783,4,Coat,UMAP
4.671039,-1.877052,8,Bag,UMAP
1.2254738,7.3204556,3,Dress,UMAP
9.016353,0.27297965,9,Ankle boot,UMAP
9.176127,0.23069358,9,Ankle boot,UMAP
0.06308107,2.7029603,4,Coat,UMAP
-0.008567548,3.7948241,6,Shirt,UMAP
-1.5242314,7.397899,1,Trouser,UMAP
12.584369,3.9073205,7,Sneaker,UMAP
4.595925,1.0323629,8,Bag,UMAP
10.571648,0.601162,9,Ankle boot,UMAP
9.84897,5.331443,5,Sandal,UMAP
0.4374031,0.5305512,4,Coat,UMAP
11.934936,4.941158,7,Sneaker,UMAP
3.701614,5.2518034,0,T-shirt/top,UMAP
12.361194,3.5440996,5,Sandal,UMAP
0.15532842,5.2516603,3,Dress,UMAP
3.44923,2.2861533,8,Bag,UMAP
1.1268561,7.814571,3,Dress,UMAP
-0.23231128,3.4521585,4,Coat,UMAP
-2.4941494,7.282694,1,Trouser,UMAP
1.2187195,2.5528717,4,Coat,UMAP
3.4819756,6.5519013,6,Shirt,UMAP
11.598364,4.268906,7,Sneaker,UMAP
-0.22135969,2.0121362,6,Shirt,UMAP
0.48548418,1.3325332,2,Pullover,UMAP
1.1567978,6.610107,3,Dress,UMAP
9.988333,4.3479896,5,Sandal,UMAP
-1.3500462,0.7478454,6,Shirt,UMAP
4.3131814,-1.9032853,8,Bag,UMAP
7.364829,2.5016854,5,Sandal,UMAP
0.4465802,2.8525472,2,Pullover,UMAP
13.4167185,4.1990676,7,Sneaker,UMAP
13.412456,4.7064342,7,Sneaker,UMAP
4.728239,6.138525,0,T-shirt/top,UMAP
7.696412,2.2974024,5,Sandal,UMAP
3.871802,4.952176,0,T-shirt/top,UMAP
12.712709,4.2821145,7,Sneaker,UMAP
-1.7752469,8.504619,1,Trouser,UMAP
13.38458,4.711868,7,Sneaker,UMAP
10.338689,2.7731018,7,Sneaker,UMAP
1.3560926,2.5960395,2,Pullover,UMAP
10.325227,4.408735,5,Sandal,UMAP
12.630577,3.9599144,7,Sneaker,UMAP
-0.58046675,1.9755331,2,Pullover,UMAP
4.7881837,0.9105702,8,Bag,UMAP
-1.9934002,7.9102135,1,Trouser,UMAP
1.2862402,2.1041226,2,Pullover,UMAP
10.794113,3.094564,7,Sneaker,UMAP
-3.6585553,8.263066,1,Trouser,UMAP
8.830926,2.3127592,9,Ankle boot,UMAP
2.2379067,1.9244626,2,Pullover,UMAP
12.202337,4.122002,7,Sneaker,UMAP
-1.1589193,4.103737,2,Pullover,UMAP
10.171451,6.1384873,5,Sandal,UMAP
-0.7524302,3.1328635,4,Coat,UMAP
-1.9459423,2.6465538,2,Pullover,UMAP
10.96279,1.3352207,9,Ankle boot,UMAP
1.8384291,5.116344,6,Shirt,UMAP
4.9612308,1.0990722,8,Bag,UMAP
7.2236342,2.6942444,5,Sandal,UMAP
12.01485,3.3785768,7,Sneaker,UMAP
1.4351095,1.091511,4,Coat,UMAP
-3.5394533,7.9377527,1,Trouser,UMAP
10.866014,2.6107042,7,Sneaker,UMAP
1.4770141,7.1024914,3,Dress,UMAP
12.283171,3.3742437,7,Sneaker,UMAP
-1.7219553,2.0074067,2,Pullover,UMAP
10.93535,1.1053488,9,Ankle boot,UMAP
13.357104,4.7605157,7,Sneaker,UMAP
6.758543,2.791863,5,Sandal,UMAP
10.254352,0.46962988,9,Ankle boot,UMAP
1.8619688,6.726647,3,Dress,UMAP
1.2025813,2.7351644,2,Pullover,UMAP
10.095487,2.184244,7,Sneaker,UMAP
1.6914915,4.280735,8,Bag,UMAP
2.7510772,5.440143,0,T-shirt/top,UMAP
0.9694376,7.7876945,3,Dress,UMAP
3.0452218,4.7893505,0,T-shirt/top,UMAP
10.044687,5.0822086,5,Sandal,UMAP
7.920933,2.2861373,5,Sandal,UMAP
-2.2027285,4.2158146,3,Dress,UMAP
2.5934122,7.1078587,3,Dress,UMAP
-2.918826,7.2192664,1,Trouser,UMAP
-0.614508,2.9734552,2,Pullover,UMAP
-0.02742829,2.989657,6,Shirt,UMAP
3.596704,2.4398372,8,Bag,UMAP
10.62001,2.243583,7,Sneaker,UMAP
8.11924,1.4749805,9,Ankle boot,UMAP
9.943137,1.3080567,9,Ankle boot,UMAP
-1.1902018,1.4918517,2,Pullover,UMAP
1.3063037,3.3403234,2,Pullover,UMAP
-1.7620077,5.480598,4,Coat,UMAP
4.6822996,-1.1707189,8,Bag,UMAP
9.177178,1.3096288,5,Sandal,UMAP
13.233673,4.7887917,7,Sneaker,UMAP
4.9726896,-1.796731,8,Bag,UMAP
0.8403929,4.443258,3,Dress,UMAP
5.0055056,-0.85474664,8,Bag,UMAP
-1.3039643,4.6265697,4,Coat,UMAP
-2.7250416,6.995951,1,Trouser,UMAP
9.557099,1.0099235,9,Ankle boot,UMAP
-0.7396765,2.2627933,4,Coat,UMAP
4.4621,1.0777999,8,Bag,UMAP
0.19715427,4.65457,4,Coat,UMAP
-2.3239255,8.415358,1,Trouser,UMAP
10.460264,3.8506937,5,Sandal,UMAP
8.395766,0.90932727,9,Ankle boot,UMAP
-3.3163612,8.945699,1,Trouser,UMAP
9.166912,1.6872796,5,Sandal,UMAP
1.4327494,7.1025558,3,Dress,UMAP
12.639742,4.538117,7,Sneaker,UMAP
0.5236119,7.4957457,3,Dress,UMAP
1.6803031,5.443328,6,Shirt,UMAP
4.125675,3.8030312,0,T-shirt/top,UMAP
-1.965585,4.2833834,3,Dress,UMAP
2.8043387,5.4926224,0,T-shirt/top,UMAP
1.1540197,7.7688885,3,Dress,UMAP
-0.25215355,1.679254,2,Pullover,UMAP
0.44898087,6.1360855,6,Shirt,UMAP
4.8819785,5.8638363,0,T-shirt/top,UMAP
4.028321,5.341553,0,T-shirt/top,UMAP
0.56319356,2.5824518,3,Dress,UMAP
4.397604,1.6450665,8,Bag,UMAP
12.018651,3.532354,7,Sneaker,UMAP
1.9484817,5.455728,0,T-shirt/top,UMAP
10.974094,4.827836,5,Sandal,UMAP
6.5831566,2.9001765,5,Sandal,UMAP
2.7257824,5.3225293,0,T-shirt/top,UMAP
12.371059,4.234465,7,Sneaker,UMAP
11.874611,5.140411,5,Sandal,UMAP
-3.2238526,7.767506,1,Trouser,UMAP
2.8025565,6.756915,3,Dress,UMAP
1.1260358,7.053536,3,Dress,UMAP
0.3895863,3.495031,6,Shirt,UMAP
-1.233697,2.6230896,4,Coat,UMAP
0.8433119,0.24469328,2,Pullover,UMAP
11.249401,5.063467,7,Sneaker,UMAP
-1.5459379,2.0082064,6,Shirt,UMAP
2.2444572,5.553643,0,T-shirt/top,UMAP
-2.296268,4.906298,3,Dress,UMAP
0.13853575,0.73854834,6,Shirt,UMAP
9.319783,0.94066775,9,Ankle boot,UMAP
0.22204667,4.6537876,3,Dress,UMAP
4.402539,1.2269901,9,Ankle boot,UMAP
-1.9483892,4.4579782,8,Bag,UMAP
11.904978,5.2861648,7,Sneaker,UMAP
-3.4623199,7.9628677,1,Trouser,UMAP
0.5474652,2.3713756,6,Shirt,UMAP
8.272963,1.7924726,5,Sandal,UMAP
10.733363,4.4183745,5,Sandal,UMAP
-0.8727126,3.1561732,2,Pullover,UMAP
1.803425,7.0911493,3,Dress,UMAP
2.473311,5.1200466,0,T-shirt/top,UMAP
-1.8915886,3.6697772,4,Coat,UMAP
0.86199486,2.345326,4,Coat,UMAP
4.357066,5.1212664,6,Shirt,UMAP
0.36229092,1.5059512,4,Coat,UMAP
-1.7240344,8.598623,1,Trouser,UMAP
-1.6494749,8.551949,1,Trouser,UMAP
12.101176,3.45188,7,Sneaker,UMAP
4.819329,1.6210481,8,Bag,UMAP
10.14414,0.6811454,9,Ankle boot,UMAP
4.9623566,1.1373204,8,Bag,UMAP
0.6499531,4.919464,2,Pullover,UMAP
11.856109,5.3385253,7,Sneaker,UMAP
0.7354424,0.10707073,2,Pullover,UMAP
9.182201,1.7110769,9,Ankle boot,UMAP
4.386082,1.7308525,8,Bag,UMAP
5.070191,-0.76449645,8,Bag,UMAP
3.8804288,5.3288193,0,T-shirt/top,UMAP
3.8053868,2.544338,8,Bag,UMAP
13.1717,4.258783,7,Sneaker,UMAP
-3.558039,7.9494295,1,Trouser,UMAP
-0.041823935,6.4331384,6,Shirt,UMAP
0.8072255,3.7222955,6,Shirt,UMAP
3.7541618,6.371397,0,T-shirt/top,UMAP
-3.26141,9.121414,1,Trouser,UMAP
10.529248,2.7200093,7,Sneaker,UMAP
-2.6336257,7.3787603,1,Trouser,UMAP
-2.4643116,7.263337,1,Trouser,UMAP
10.299127,0.42820033,9,Ankle boot,UMAP
8.686923,0.37867284,9,Ankle boot,UMAP
7.4886217,2.4154031,5,Sandal,UMAP
4.8852754,6.1245875,6,Shirt,UMAP
0.2878746,4.51012,4,Coat,UMAP
4.7618985,-1.9746372,8,Bag,UMAP
-2.8755188,7.1120634,1,Trouser,UMAP
3.5808246,6.3962746,0,T-shirt/top,UMAP
4.7304454,-1.1815248,8,Bag,UMAP
-3.2895875,9.127219,1,Trouser,UMAP
0.82857317,0.16722421,2,Pullover,UMAP
10.014925,5.106716,5,Sandal,UMAP
4.071398,-1.2022219,8,Bag,UMAP
4.402858,1.7245169,8,Bag,UMAP
11.31541,2.2868035,7,Sneaker,UMAP
13.370462,4.808528,7,Sneaker,UMAP
1.3952729,4.87775,0,T-shirt/top,UMAP
9.594006,0.48521343,9,Ankle boot,UMAP
-0.013096583,3.53982,2,Pullover,UMAP
4.070967,6.4498425,0,T-shirt/top,UMAP
4.4158573,2.1207185,8,Bag,UMAP
-0.29815704,3.3671298,2,Pullover,UMAP
2.374668,5.4221044,0,T-shirt/top,UMAP
11.692227,4.2089534,7,Sneaker,UMAP
0.94548947,1.9984449,2,Pullover,UMAP
8.353648,0.94668794,9,Ankle boot,UMAP
-0.042067107,2.3835497,4,Coat,UMAP
9.198954,0.6758737,9,Ankle boot,UMAP
-3.5568743,7.964952,1,Trouser,UMAP
4.019062,5.3094153,0,T-shirt/top,UMAP
10.108287,4.779348,5,Sandal,UMAP
-3.0280466,7.7638187,1,Trouser,UMAP
-1.0707585,2.0520897,4,Coat,UMAP
-0.7516293,2.9249384,4,Coat,UMAP
1.1705679,2.5243967,2,Pullover,UMAP
-2.6692243,7.925961,1,Trouser,UMAP
-3.1301718,7.8401914,1,Trouser,UMAP
-0.56649154,1.7747054,2,Pullover,UMAP
1.341422,7.546906,3,Dress,UMAP
7.2580705,2.6753654,5,Sandal,UMAP
10.626142,1.8180213,7,Sneaker,UMAP
9.993132,5.9416633,5,Sandal,UMAP
-2.118675,4.854338,4,Coat,UMAP
6.542891,2.8873975,5,Sandal,UMAP
4.891317,1.7002103,8,Bag,UMAP
10.485993,2.4670043,9,Ankle boot,UMAP
-1.5203639,3.4980035,2,Pullover,UMAP
-3.4853175,8.07933,1,Trouser,UMAP
8.994837,1.1671631,9,Ankle boot,UMAP
11.503087,5.126972,5,Sandal,UMAP
-0.87464786,5.328715,4,Coat,UMAP
0.7031283,1.6450453,2,Pullover,UMAP
9.919178,4.531126,5,Sandal,UMAP
0.8204087,1.0994248,8,Bag,UMAP
10.609992,1.6067648,9,Ankle boot,UMAP
0.39247137,1.0405015,2,Pullover,UMAP
4.072147,-1.2367872,8,Bag,UMAP
3.6372478,2.5849178,8,Bag,UMAP
0.42322892,6.47928,6,Shirt,UMAP
0.31587273,1.8591447,6,Shirt,UMAP
0.35823268,6.1354704,1,Trouser,UMAP
-1.0690756,5.8414564,3,Dress,UMAP
-0.5882618,3.2008295,3,Dress,UMAP
12.294884,3.350626,7,Sneaker,UMAP
2.6032698,1.6943376,2,Pullover,UMAP
1.175679,2.845075,0,T-shirt/top,UMAP
10.574763,4.108687,5,Sandal,UMAP
0.33924782,1.5684577,2,Pullover,UMAP
11.744449,4.4735594,7,Sneaker,UMAP
5.171566,-1.0426792,8,Bag,UMAP
-1.5090616,2.1098716,2,Pullover,UMAP
-2.3902981,4.922926,3,Dress,UMAP
12.656733,4.5758777,7,Sneaker,UMAP
13.308535,4.50837,7,Sneaker,UMAP
11.433194,4.2984314,5,Sandal,UMAP
-2.913171,7.6807947,1,Trouser,UMAP
10.147574,4.7257743,5,Sandal,UMAP
11.109829,2.1854954,9,Ankle boot,UMAP
0.3098603,4.8905687,6,Shirt,UMAP
9.906533,5.441339,5,Sandal,UMAP
0.8307123,7.481393,3,Dress,UMAP
4.4393845,1.6080146,8,Bag,UMAP
13.24059,3.9711695,7,Sneaker,UMAP
-3.0254579,8.3464365,1,Trouser,UMAP
0.954951,0.27514455,2,Pullover,UMAP
2.8526735,6.39531,0,T-shirt/top,UMAP
2.727709,5.4917927,0,T-shirt/top,UMAP
-3.4630957,8.936972,1,Trouser,UMAP
-1.600945,6.508398,3,Dress,UMAP
-1.7104324,5.151798,4,Coat,UMAP
9.555688,0.64884484,9,Ankle boot,UMAP
-3.7656846,8.635182,1,Trouser,UMAP
13.267506,4.549633,7,Sneaker,UMAP
11.845578,4.2665315,7,Sneaker,UMAP
-1.3443445,0.71125823,4,Coat,UMAP
11.901716,3.2971723,5,Sandal,UMAP
4.5153456,-1.9328709,8,Bag,UMAP
1.1787575,1.2429006,2,Pullover,UMAP
8.631864,1.0681049,5,Sandal,UMAP
1.9566519,2.2069883,2,Pullover,UMAP
2.8225448,6.8192124,3,Dress,UMAP
7.3363314,2.5706315,5,Sandal,UMAP
2.076181,2.2025838,2,Pullover,UMAP
4.271869,6.444523,0,T-shirt/top,UMAP
-0.105268106,2.3658123,2,Pullover,UMAP
-1.50946,7.9421625,1,Trouser,UMAP
11.869486,5.388121,7,Sneaker,UMAP
4.7834706,6.458875,0,T-shirt/top,UMAP
8.069294,1.2914736,9,Ankle boot,UMAP
12.169429,3.208905,7,Sneaker,UMAP
-0.33167177,1.7705258,6,Shirt,UMAP
0.95377594,1.9701176,6,Shirt,UMAP
8.793906,0.29685107,9,Ankle boot,UMAP
-0.5854751,3.012103,2,Pullover,UMAP
1.0974482,1.9346653,2,Pullover,UMAP
-1.5021844,4.4557586,4,Coat,UMAP
0.55188334,7.54208,3,Dress,UMAP
1.7362597,6.783275,3,Dress,UMAP
-1.3280283,5.0997233,2,Pullover,UMAP
5.263681,1.1401843,8,Bag,UMAP
3.3464417,5.008465,0,T-shirt/top,UMAP
-2.089748,3.7983549,4,Coat,UMAP
2.1325803,1.9550366,2,Pullover,UMAP
3.8972147,6.3810983,0,T-shirt/top,UMAP
10.000237,2.0555182,7,Sneaker,UMAP
1.003818,3.5518448,6,Shirt,UMAP
10.757116,4.1297297,5,Sandal,UMAP
-1.1996331,1.8752389,4,Coat,UMAP
3.589538,5.5674176,0,T-shirt/top,UMAP
1.7268537,1.32211,4,Coat,UMAP
1.2288086,1.89112,2,Pullover,UMAP
-0.26264474,3.5344164,4,Coat,UMAP
8.442139,2.0916429,9,Ankle boot,UMAP
8.850437,2.236339,9,Ankle boot,UMAP
0.33341405,4.6860332,1,Trouser,UMAP
4.824202,6.1010323,0,T-shirt/top,UMAP
8.198399,2.422845,5,Sandal,UMAP
-2.8210201,8.285452,1,Trouser,UMAP
7.6994042,2.2585247,5,Sandal,UMAP
-3.3246908,7.7081423,1,Trouser,UMAP
-0.90691346,2.7832015,2,Pullover,UMAP
4.4110365,-1.5626733,8,Bag,UMAP
1.1945175,7.213501,3,Dress,UMAP
-0.01144162,6.4566417,6,Shirt,UMAP
-3.329308,9.024181,1,Trouser,UMAP
-1.1055014,5.110652,3,Dress,UMAP
0.66081655,6.5300846,3,Dress,UMAP
-3.0367026,7.4965434,1,Trouser,UMAP
9.003534,0.2879942,9,Ankle boot,UMAP
13.483209,4.3429494,7,Sneaker,UMAP
-0.07893502,2.8979952,4,Coat,UMAP
-1.4335512,3.6099403,4,Coat,UMAP
-1.6229304,8.090607,1,Trouser,UMAP
4.8058896,6.488562,6,Shirt,UMAP
1.1736857,3.1181202,2,Pullover,UMAP
-3.2736502,8.5274515,1,Trouser,UMAP
0.20872152,3.2827663,2,Pullover,UMAP
0.44243127,4.410551,1,Trouser,UMAP
0.49343103,7.416266,3,Dress,UMAP
4.9920154,-1.8433106,8,Bag,UMAP
9.564386,2.270269,9,Ankle boot,UMAP
-2.9388876,7.5911007,1,Trouser,UMAP
0.6624787,3.925088,6,Shirt,UMAP
-1.7348524,5.4753294,3,Dress,UMAP
0.35365376,2.1527622,6,Shirt,UMAP
-1.4908441,7.833547,1,Trouser,UMAP
-0.17919321,2.9710398,4,Coat,UMAP
4.6512575,4.9340005,0,T-shirt/top,UMAP
4.8803988,5.7432375,0,T-shirt/top,UMAP
11.010171,1.6229223,7,Sneaker,UMAP
0.44613463,2.6902199,6,Shirt,UMAP
4.942464,5.869228,0,T-shirt/top,UMAP
0.24382868,2.3831053,6,Shirt,UMAP
-3.1967478,8.223043,1,Trouser,UMAP
9.065807,1.6665112,9,Ankle boot,UMAP
0.59005016,7.4959626,3,Dress,UMAP
2.8792284,6.041602,0,T-shirt/top,UMAP
-0.8211987,2.2682416,2,Pullover,UMAP
5.1228366,-0.8519854,8,Bag,UMAP
-0.35304853,0.9912456,6,Shirt,UMAP
8.081289,2.025978,5,Sandal,UMAP
-1.2027987,2.7647343,4,Coat,UMAP
1.0231394,2.0991912,2,Pullover,UMAP
-0.5093997,0.4691886,4,Coat,UMAP
-1.7074316,3.3097346,1,Trouser,UMAP
12.845552,3.8337667,7,Sneaker,UMAP
-0.29098597,2.8026206,2,Pullover,UMAP
5.134201,-0.7004539,8,Bag,UMAP
4.8473125,5.6320047,0,T-shirt/top,UMAP
9.2248335,1.1487273,9,Ankle boot,UMAP
11.294731,4.611422,5,Sandal,UMAP
-1.4659538,3.4771142,4,Coat,UMAP
-2.1427023,8.2098255,1,Trouser,UMAP
9.705499,5.131197,5,Sandal,UMAP
0.7489025,1.1647812,4,Coat,UMAP
0.9857599,7.080644,3,Dress,UMAP
0.5793052,0.49674225,2,Pullover,UMAP
-1.3767976,0.7201173,4,Coat,UMAP
0.9327808,3.317168,2,Pullover,UMAP
1.2218434,4.332706,8,Bag,UMAP
3.5643525,5.7667513,6,Shirt,UMAP
-2.0587661,3.2819002,1,Trouser,UMAP
3.638905,2.8150208,8,Bag,UMAP
10.023837,6.1777997,5,Sandal,UMAP
2.5015473,1.5110568,6,Shirt,UMAP
9.74178,4.3553014,5,Sandal,UMAP
-0.034093052,0.908914,4,Coat,UMAP
0.06227934,6.6337395,3,Dress,UMAP
0.45463005,2.2726822,6,Shirt,UMAP
10.268721,0.5346258,9,Ankle boot,UMAP
-0.59198356,2.9230392,4,Coat,UMAP
1.6353925,7.1251783,1,Trouser,UMAP
10.165595,4.4309883,5,Sandal,UMAP
11.898599,5.3825483,7,Sneaker,UMAP
11.342435,2.393445,7,Sneaker,UMAP
1.0489339,0.4367261,2,Pullover,UMAP
1.7269207,6.186927,3,Dress,UMAP
-1.7304788,3.6682317,4,Coat,UMAP
9.937832,4.4152846,5,Sandal,UMAP
-2.0733328,4.8814178,3,Dress,UMAP
11.133537,2.085469,7,Sneaker,UMAP
9.406203,2.045177,7,Sneaker,UMAP
8.271945,1.3484561,9,Ankle boot,UMAP
10.920589,2.6605937,7,Sneaker,UMAP
8.0634985,2.3931847,5,Sandal,UMAP
11.0317,4.2499366,7,Sneaker,UMAP
-2.0037107,2.6338704,8,Bag,UMAP
-2.099551,2.8571866,2,Pullover,UMAP
-0.2275133,2.9411728,2,Pullover,UMAP
4.5459332,-1.9569459,8,Bag,UMAP
-1.817711,4.8329544,3,Dress,UMAP
-0.17870775,0.7018137,2,Pullover,UMAP
0.31696004,4.1785545,3,Dress,UMAP
-2.1121805,8.27441,1,Trouser,UMAP
3.6424932,4.9294996,6,Shirt,UMAP
-2.0460954,2.9763231,3,Dress,UMAP
0.9362314,0.41553405,4,Coat,UMAP
8.78228,0.30129996,9,Ankle boot,UMAP
0.2847203,6.616388,0,T-shirt/top,UMAP
-2.859278,7.0046425,1,Trouser,UMAP
11.250739,2.467637,9,Ankle boot,UMAP
1.1933856,6.834803,3,Dress,UMAP
4.2256203,-0.9768086,8,Bag,UMAP
4.577894,5.0067496,0,T-shirt/top,UMAP
2.6091535,7.0869665,3,Dress,UMAP
-2.2444367,4.76179,4,Coat,UMAP
-1.6952186,4.7332067,4,Coat,UMAP
4.580954,-0.882268,8,Bag,UMAP
8.361328,2.0811887,5,Sandal,UMAP
5.1254754,-1.1595786,8,Bag,UMAP
4.864782,5.70773,3,Dress,UMAP
10.078464,6.2310643,5,Sandal,UMAP
-0.8852668,2.253334,4,Coat,UMAP
-1.109565,1.7946316,4,Coat,UMAP
-3.5537374,8.153871,1,Trouser,UMAP
10.825978,0.9532502,7,Sneaker,UMAP
13.454482,4.709693,7,Sneaker,UMAP
1.269981,1.5888624,2,Pullover,UMAP
-2.4039388,4.908585,6,Shirt,UMAP
4.0672183,5.3680043,0,T-shirt/top,UMAP
4.0267143,4.948889,6,Shirt,UMAP
4.134363,-1.7351542,6,Shirt,UMAP
-1.530582,7.4701333,1,Trouser,UMAP
10.833287,0.93046445,9,Ankle boot,UMAP
0.40889847,3.7155216,6,Shirt,UMAP
4.083279,3.3885002,6,Shirt,UMAP
10.841852,4.605205,7,Sneaker,UMAP
2.2571461,1.7861694,2,Pullover,UMAP
0.73015755,2.2188993,2,Pullover,UMAP
-1.7424369,5.4774814,4,Coat,UMAP
0.4424636,2.6607528,6,Shirt,UMAP
0.304339,4.0411777,6,Shirt,UMAP
0.5972665,7.4379935,0,T-shirt/top,UMAP
-3.0006642,8.326385,1,Trouser,UMAP
10.046503,6.235722,5,Sandal,UMAP
3.667103,2.4341505,8,Bag,UMAP
9.872755,4.4083385,5,Sandal,UMAP
-0.9230088,5.3136697,3,Dress,UMAP
10.048882,5.6075563,5,Sandal,UMAP
11.480084,4.3299437,7,Sneaker,UMAP
-1.7451675,8.587741,1,Trouser,UMAP
9.011398,2.320048,9,Ankle boot,UMAP
4.3593965,1.7907043,8,Bag,UMAP
-2.87838,8.140736,1,Trouser,UMAP
1.011693,2.5422592,6,Shirt,UMAP
-1.5409707,7.387116,1,Trouser,UMAP
3.6529567,3.2139974,6,Shirt,UMAP
4.1339436,4.0054984,6,Shirt,UMAP
10.3091345,2.7654343,9,Ankle boot,UMAP
-3.284074,9.078263,2,Pullover,UMAP
1.09739,7.8085785,3,Dress,UMAP
8.278477,0.943923,9,Ankle boot,UMAP
13.497424,4.3357778,7,Sneaker,UMAP
-3.7911985,8.595116,1,Trouser,UMAP
-2.5519044,8.551187,1,Trouser,UMAP
-0.14351495,2.387653,4,Coat,UMAP
4.9857616,-1.749735,8,Bag,UMAP
9.809336,5.24055,5,Sandal,UMAP
9.102813,0.20674725,9,Ankle boot,UMAP
4.567656,5.1275406,0,T-shirt/top,UMAP
5.271896,1.1862439,8,Bag,UMAP
4.5222006,5.0963235,0,T-shirt/top,UMAP
8.996911,2.3528595,9,Ankle boot,UMAP
10.696398,4.192576,5,Sandal,UMAP
-0.8949597,2.6680803,4,Coat,UMAP
10.695869,0.8511807,9,Ankle boot,UMAP
12.603538,4.5916567,7,Sneaker,UMAP
11.43118,3.9822264,9,Ankle boot,UMAP
-3.2331996,8.962127,1,Trouser,UMAP
12.757453,3.9045253,7,Sneaker,UMAP
0.5448787,0.43443516,2,Pullover,UMAP
-1.2497374,5.897123,3,Dress,UMAP
7.464295,2.482486,5,Sandal,UMAP
4.0849648,-1.1861603,8,Bag,UMAP
9.95048,4.336577,5,Sandal,UMAP
-2.0838985,4.1492467,3,Dress,UMAP
2.3203573,5.9202437,6,Shirt,UMAP
1.6738212,3.8245454,6,Shirt,UMAP
11.211442,3.0178182,7,Sneaker,UMAP
9.264508,1.1423175,5,Sandal,UMAP
-0.23520885,3.0775614,3,Dress,UMAP
0.34414136,0.6169669,4,Coat,UMAP
-2.3909984,4.8763857,3,Dress,UMAP
12.163046,3.2263622,7,Sneaker,UMAP
0.81719863,3.2605762,4,Coat,UMAP
-1.8365803,4.326174,4,Coat,UMAP
-1.5354085,7.9760137,1,Trouser,UMAP
2.1561801,1.4935365,8,Bag,UMAP
-0.85692006,5.4450116,4,Coat,UMAP
-1.4356046,4.2668443,0,T-shirt/top,UMAP
9.521605,0.5358208,9,Ankle boot,UMAP
13.110587,3.9194448,7,Sneaker,UMAP
11.271497,3.6936162,7,Sneaker,UMAP
1.1305176,3.0857487,2,Pullover,UMAP
-1.7015094,8.576244,1,Trouser,UMAP
0.60449094,7.4783134,3,Dress,UMAP
4.1455398,6.4068313,0,T-shirt/top,UMAP
1.3102237,2.3990235,4,Coat,UMAP
2.7768946,6.0235243,6,Shirt,UMAP
4.609418,-1.907398,8,Bag,UMAP
12.700204,3.9352348,7,Sneaker,UMAP
2.7932105,5.460814,0,T-shirt/top,UMAP
10.936074,2.1748405,9,Ankle boot,UMAP
3.2208116,4.81934,6,Shirt,UMAP
9.919991,4.5470147,5,Sandal,UMAP
10.054806,1.2027806,9,Ankle boot,UMAP
-1.2063271,2.3443146,4,Coat,UMAP
-2.0025916,4.0857096,3,Dress,UMAP
0.18789063,1.3013793,4,Coat,UMAP
4.7346997,1.7190944,8,Bag,UMAP
0.5125652,6.1721997,1,Trouser,UMAP
12.834667,3.8552086,7,Sneaker,UMAP
4.6351566,1.0222785,8,Bag,UMAP
-1.1867199,0.81314844,6,Shirt,UMAP
-1.3073498,1.6548641,4,Coat,UMAP
0.5949973,7.45126,3,Dress,UMAP
-1.6448092,1.9853524,4,Coat,UMAP
1.4206588,2.5305004,3,Dress,UMAP
11.753882,3.8603296,7,Sneaker,UMAP
4.8234596,-1.188134,8,Bag,UMAP
1.2174468,6.971322,3,Dress,UMAP
0.4001783,2.853591,2,Pullover,UMAP
9.101503,1.7162924,9,Ankle boot,UMAP
0.80465543,6.6345963,3,Dress,UMAP
0.9654063,7.056995,3,Dress,UMAP
10.637935,2.6965458,7,Sneaker,UMAP
1.3687177,7.6652384,3,Dress,UMAP
9.449343,0.4371979,9,Ankle boot,UMAP
0.842015,0.14094856,2,Pullover,UMAP
0.9579625,7.851892,1,Trouser,UMAP
0.27696034,0.88338107,2,Pullover,UMAP
9.426152,0.7514145,9,Ankle boot,UMAP
2.5045114,1.8577594,6,Shirt,UMAP
-1.8236942,8.540407,1,Trouser,UMAP
0.60989803,3.2081108,4,Coat,UMAP
4.0183964,6.5313354,0,T-shirt/top,UMAP
-1.3967363,0.8666518,4,Coat,UMAP
0.5228968,7.497809,3,Dress,UMAP
0.09489397,0.42572257,2,Pullover,UMAP
-1.9587936,4.239544,3,Dress,UMAP
-3.286865,8.830441,1,Trouser,UMAP
1.7165359,2.260694,4,Coat,UMAP
1.4975246,7.448153,3,Dress,UMAP
10.069054,6.234764,5,Sandal,UMAP
10.785215,0.8290355,9,Ankle boot,UMAP
1.2861077,2.351898,2,Pullover,UMAP
12.205581,3.2547934,7,Sneaker,UMAP
11.736167,5.2468195,7,Sneaker,UMAP
2.4647684,5.7335477,0,T-shirt/top,UMAP
1.3793225,2.6999388,2,Pullover,UMAP
9.941561,0.8376902,9,Ankle boot,UMAP
1.1883875,1.938943,2,Pullover,UMAP
-1.42029,4.5371056,4,Coat,UMAP
0.0035505623,1.0016814,4,Coat,UMAP
10.710489,0.74200606,9,Ankle boot,UMAP
-1.7319044,8.518824,1,Trouser,UMAP
2.1212595,5.4916067,0,T-shirt/top,UMAP
10.761158,3.3287795,7,Sneaker,UMAP
5.2141323,-0.9827052,5,Sandal,UMAP
0.7651833,4.82612,1,Trouser,UMAP
7.9485707,2.4423077,5,Sandal,UMAP
11.7436695,3.618161,7,Sneaker,UMAP
1.6518215,1.2854759,4,Coat,UMAP
1.5362505,4.061947,6,Shirt,UMAP
4.5014706,-0.7904656,8,Bag,UMAP
1.3870469,7.4238935,3,Dress,UMAP
9.021271,1.1519951,5,Sandal,UMAP
-1.6197605,8.41846,1,Trouser,UMAP
4.5867596,5.173992,0,T-shirt/top,UMAP
9.115913,1.6294781,9,Ankle boot,UMAP
10.478233,4.46531,5,Sandal,UMAP
1.7350285,1.2290559,2,Pullover,UMAP
-1.8175787,7.8715014,1,Trouser,UMAP
6.517985,2.9215288,5,Sandal,UMAP
-1.4098257,1.9459459,4,Coat,UMAP
10.574488,1.5075953,9,Ankle boot,UMAP
10.595001,4.0694566,5,Sandal,UMAP
4.637048,1.1546414,8,Bag,UMAP
0.41663805,1.8275715,4,Coat,UMAP
9.194645,2.2364266,5,Sandal,UMAP
4.6990147,-1.6283717,8,Bag,UMAP
12.314189,4.1457863,7,Sneaker,UMAP
0.32392293,1.4340341,2,Pullover,UMAP
-0.9470958,3.2344248,1,Trouser,UMAP
10.917857,1.3564882,7,Sneaker,UMAP
0.37481558,6.196706,0,T-shirt/top,UMAP
0.61710125,6.625757,3,Dress,UMAP
0.45071363,4.0011983,6,Shirt,UMAP
8.629796,0.8650999,9,Ankle boot,UMAP
3.3283453,6.0130954,0,T-shirt/top,UMAP
1.5282552,3.0188882,2,Pullover,UMAP
0.51146203,6.0275865,6,Shirt,UMAP
6.641132,2.835678,5,Sandal,UMAP
-1.4729084,6.4729767,1,Trouser,UMAP
-2.9531336,7.6202826,1,Trouser,UMAP
0.10133352,1.5193545,2,Pullover,UMAP
-0.119614854,3.7805622,6,Shirt,UMAP
4.3149824,1.7405199,8,Bag,UMAP
4.882324,5.853088,0,T-shirt/top,UMAP
12.821103,4.5994906,7,Sneaker,UMAP
-2.5800674,7.191724,1,Trouser,UMAP
10.686427,0.8147818,7,Sneaker,UMAP
-1.8640375,4.7100606,3,Dress,UMAP
-1.8018103,8.496777,1,Trouser,UMAP
-2.99931,8.920958,1,Trouser,UMAP
0.79591507,4.5226655,4,Coat,UMAP
5.1246257,0.09605866,8,Bag,UMAP
9.133933,0.33712995,9,Ankle boot,UMAP
-1.2394177,3.0361228,4,Coat,UMAP
8.434344,2.184886,9,Ankle boot,UMAP
-1.7791321,4.3359313,3,Dress,UMAP
0.5253707,3.693193,4,Coat,UMAP
-2.057154,8.26051,1,Trouser,UMAP
4.1590667,4.328925,0,T-shirt/top,UMAP
-2.5570982,7.991948,1,Trouser,UMAP
11.310076,5.1390333,5,Sandal,UMAP
1.116908,3.0343647,6,Shirt,UMAP
10.737963,2.5314586,7,Sneaker,UMAP
0.25970465,4.8185415,3,Dress,UMAP
9.396093,0.4099476,9,Ankle boot,UMAP
11.467864,5.104045,7,Sneaker,UMAP
4.764597,-1.3207319,8,Bag,UMAP
-1.4333944,7.81118,1,Trouser,UMAP
8.300558,1.0324414,9,Ankle boot,UMAP
9.0956,1.7527412,9,Ankle boot,UMAP
-1.8159856,5.316988,4,Coat,UMAP
2.6424718,6.0205984,0,T-shirt/top,UMAP
0.022379192,0.6364581,4,Coat,UMAP
2.7453802,5.377868,0,T-shirt/top,UMAP
1.0515456,3.1645665,2,Pullover,UMAP
1.7372266,7.258809,3,Dress,UMAP
0.43606004,3.1144464,6,Shirt,UMAP
8.160726,1.5458084,5,Sandal,UMAP
3.2399726,2.2008824,8,Bag,UMAP
10.818571,4.7510476,5,Sandal,UMAP
10.126338,1.2624481,9,Ankle boot,UMAP
7.211304,2.6157188,5,Sandal,UMAP
1.5373727,3.0562139,2,Pullover,UMAP
9.809159,5.321169,5,Sandal,UMAP
5.181187,-1.0237433,8,Bag,UMAP
4.6994343,-1.3371804,8,Bag,UMAP
1.1385975,2.1259172,2,Pullover,UMAP
0.9959067,2.4370687,2,Pullover,UMAP
5.073055,-1.3211808,8,Bag,UMAP
12.939282,4.6422763,7,Sneaker,UMAP
5.1259985,1.0050945,8,Bag,UMAP
10.125444,0.8244326,9,Ankle boot,UMAP
-1.3048798,1.9749603,2,Pullover,UMAP
4.0841103,6.3726277,0,T-shirt/top,UMAP
5.1984158,0.0782325,8,Bag,UMAP
13.129487,3.8843796,7,Sneaker,UMAP
-0.04506856,1.0210451,6,Shirt,UMAP
-2.6538105,7.379881,1,Trouser,UMAP
3.4108446,5.5274553,0,T-shirt/top,UMAP
4.5856643,-1.7004637,8,Bag,UMAP
0.5708497,7.482602,3,Dress,UMAP
9.863336,5.3955555,5,Sandal,UMAP
0.23329747,1.606676,4,Coat,UMAP
-3.4487176,7.845634,1,Trouser,UMAP
3.747733,3.4737592,0,T-shirt/top,UMAP
1.8159789,7.139542,3,Dress,UMAP
8.695711,0.8365497,9,Ankle boot,UMAP
-0.044102266,1.0099397,6,Shirt,UMAP
10.718088,1.31683,9,Ankle boot,UMAP
4.6533403,1.0776849,8,Bag,UMAP
0.61188495,1.4003292,4,Coat,UMAP
-0.8464642,5.4769483,3,Dress,UMAP
-2.1480534,8.30534,1,Trouser,UMAP
8.393582,0.8972261,9,Ankle boot,UMAP
4.3843603,1.7119086,8,Bag,UMAP
4.403052,2.3060486,0,T-shirt/top,UMAP
4.6935873,-1.4230738,8,Bag,UMAP
13.090559,4.6218505,7,Sneaker,UMAP
-1.5600165,5.4426875,0,T-shirt/top,UMAP
1.1958961,6.570804,3,Dress,UMAP
0.6070507,6.6907887,3,Dress,UMAP
0.12037128,0.9496315,4,Coat,UMAP
3.170712,2.0859654,8,Bag,UMAP
0.5133662,2.6609,6,Shirt,UMAP
-1.5517609,7.7673483,1,Trouser,UMAP
1.3704062,7.7596703,3,Dress,UMAP
-3.6273348,8.459616,1,Trouser,UMAP
11.851185,4.772192,7,Sneaker,UMAP
-2.9993663,7.213769,1,Trouser,UMAP
10.646458,4.5471144,5,Sandal,UMAP
0.2495559,3.018965,6,Shirt,UMAP
3.1654224,4.964401,0,T-shirt/top,UMAP
1.5647968,5.9464145,3,Dress,UMAP
4.785704,-1.3762265,8,Bag,UMAP
4.3200192,-2.0313087,8,Bag,UMAP
0.9490409,0.25804424,2,Pullover,UMAP
-2.290164,8.10032,1,Trouser,UMAP
10.343209,1.037735,9,Ankle boot,UMAP
3.6503453,3.0547807,8,Bag,UMAP
-0.37617257,3.2589605,4,Coat,UMAP
-0.42737934,2.7426033,2,Pullover,UMAP
4.868933,6.1054225,3,Dress,UMAP
9.985389,4.6363935,5,Sandal,UMAP
4.3306785,-1.3282194,8,Bag,UMAP
-0.012690654,6.467203,0,T-shirt/top,UMAP
0.33329326,4.834571,6,Shirt,UMAP
1.599857,3.3108735,2,Pullover,UMAP
-3.1480393,8.271603,1,Trouser,UMAP
11.377335,3.4040723,5,Sandal,UMAP
8.638619,2.2464285,9,Ankle boot,UMAP
3.8162518,6.3288236,0,T-shirt/top,UMAP
10.405254,2.2525697,7,Sneaker,UMAP
1.4616003,3.4231608,2,Pullover,UMAP
4.772423,6.245518,6,Shirt,UMAP
3.9775162,5.819325,0,T-shirt/top,UMAP
3.835192,6.452015,0,T-shirt/top,UMAP
4.268356,-1.9754226,8,Bag,UMAP
9.6918125,2.0349743,9,Ankle boot,UMAP
10.063599,0.8160001,9,Ankle boot,UMAP
-0.8823326,1.1661317,4,Coat,UMAP
0.53273535,4.0220885,6,Shirt,UMAP
12.626452,4.60574,7,Sneaker,UMAP
-2.2723393,4.832714,3,Dress,UMAP
-1.2784518,5.990519,1,Trouser,UMAP
0.33599648,2.6586978,6,Shirt,UMAP
9.6682825,4.1669073,5,Sandal,UMAP
2.6901758,5.64533,0,T-shirt/top,UMAP
0.4806158,0.49545863,4,Coat,UMAP
-0.037211437,1.0035781,6,Shirt,UMAP
-0.10727425,3.0036888,6,Shirt,UMAP
10.1013975,4.708157,5,Sandal,UMAP
9.160961,1.8497595,5,Sandal,UMAP
4.7651873,-1.955906,8,Bag,UMAP
-0.17566101,3.5013862,2,Pullover,UMAP
0.030101746,4.2096786,4,Coat,UMAP
0.90906817,2.4032555,2,Pullover,UMAP
4.5632863,-1.8791301,8,Bag,UMAP
4.529275,4.7972026,6,Shirt,UMAP
3.2210577,6.0962753,0,T-shirt/top,UMAP
3.8686242,2.5869687,8,Bag,UMAP
3.883541,6.227955,0,T-shirt/top,UMAP
0.54824305,3.3598442,4,Coat,UMAP
4.5076413,2.0227783,8,Bag,UMAP
10.6420145,3.8143914,5,Sandal,UMAP
8.246009,0.9799065,9,Ankle boot,UMAP
2.5238273,2.321082,6,Shirt,UMAP
-2.3636904,7.800039,1,Trouser,UMAP
4.276048,6.396788,6,Shirt,UMAP
10.8010235,4.7495694,5,Sandal,UMAP
-2.642238,8.015589,1,Trouser,UMAP
0.36710635,5.9669228,1,Trouser,UMAP
4.2747345,-1.9289775,8,Bag,UMAP
5.095107,1.4498445,8,Bag,UMAP
4.6379256,1.4256439,8,Bag,UMAP
12.246795,3.379151,7,Sneaker,UMAP
2.7751992,6.923201,3,Dress,UMAP
-2.6414485,7.951866,1,Trouser,UMAP
11.548975,4.327681,7,Sneaker,UMAP
8.401887,2.2551405,9,Ankle boot,UMAP
7.957372,2.357292,5,Sandal,UMAP
9.00958,1.2211311,9,Ankle boot,UMAP
10.499062,1.0493008,9,Ankle boot,UMAP
3.1532104,5.5148582,0,T-shirt/top,UMAP
5.183573,2.4863741,9,Ankle boot,UMAP
10.771156,0.7081213,9,Ankle boot,UMAP
9.986874,5.931169,5,Sandal,UMAP
10.052739,1.368452,9,Ankle boot,UMAP
1.8016729,6.5791984,3,Dress,UMAP
-1.4778345,6.549219,1,Trouser,UMAP
2.6433702,7.041398,3,Dress,UMAP
5.156009,-1.1169797,8,Bag,UMAP
11.417405,4.063883,7,Sneaker,UMAP
-1.7062591,6.435782,3,Dress,UMAP
10.04476,6.166513,5,Sandal,UMAP
9.996065,6.0070205,5,Sandal,UMAP
-1.9073832,6.4559913,6,Shirt,UMAP
8.275102,1.6366801,9,Ankle boot,UMAP
4.5528398,5.164934,0,T-shirt/top,UMAP
1.5424339,1.1821876,2,Pullover,UMAP
11.103474,2.9483697,7,Sneaker,UMAP
-1.2178478,5.899749,6,Shirt,UMAP
1.2758958,7.3566337,3,Dress,UMAP
-1.7059711,3.109492,4,Coat,UMAP
4.8411098,5.620576,0,T-shirt/top,UMAP
3.2299678,6.548811,0,T-shirt/top,UMAP
0.9838573,1.2396953,8,Bag,UMAP
10.718263,0.81258416,9,Ankle boot,UMAP
-3.6420615,8.501728,1,Trouser,UMAP
-2.163534,4.9137635,3,Dress,UMAP
10.560318,1.2672662,7,Sneaker,UMAP
8.362313,1.195933,9,Ankle boot,UMAP
10.925556,2.6501114,9,Ankle boot,UMAP
4.240709,-1.9609638,8,Bag,UMAP
4.695347,-2.015213,8,Bag,UMAP
0.77398926,4.017406,4,Coat,UMAP
12.0674305,3.567126,7,Sneaker,UMAP
7.0186257,2.7186897,5,Sandal,UMAP
-2.561244,7.2884674,1,Trouser,UMAP
10.602131,1.3738526,9,Ankle boot,UMAP
11.443105,5.0359526,7,Sneaker,UMAP
12.833348,4.6272216,7,Sneaker,UMAP
9.904107,4.4591126,5,Sandal,UMAP
-0.6595954,0.9363766,4,Coat,UMAP
10.036357,2.3091395,9,Ankle boot,UMAP
1.792035,7.246741,3,Dress,UMAP
4.0181217,5.493091,0,T-shirt/top,UMAP
-1.3269112,1.7495017,2,Pullover,UMAP
11.255306,5.0765204,7,Sneaker,UMAP
4.1390386,3.975124,0,T-shirt/top,UMAP
2.005369,1.6354381,4,Coat,UMAP
-1.3014065,5.745832,4,Coat,UMAP
4.075859,0.39562753,8,Bag,UMAP
1.1488103,7.793921,3,Dress,UMAP
1.1811224,7.4153795,3,Dress,UMAP
9.848095,1.0984058,9,Ankle boot,UMAP
1.8423893,2.2976718,2,Pullover,UMAP
2.894568,6.1784277,6,Shirt,UMAP
-2.654537,7.9432836,1,Trouser,UMAP
12.43221,4.203444,7,Sneaker,UMAP
10.508588,4.3376527,5,Sandal,UMAP
9.619526,0.5825051,9,Ankle boot,UMAP
12.621272,4.506225,7,Sneaker,UMAP
-1.0154122,0.8750007,4,Coat,UMAP
-0.85955536,1.4872938,4,Coat,UMAP
9.953066,5.4574356,5,Sandal,UMAP
0.2453282,0.7950771,4,Coat,UMAP
10.780357,0.8402854,7,Sneaker,UMAP
11.355434,2.3447533,9,Ankle boot,UMAP
9.696564,2.256149,9,Ankle boot,UMAP
10.059919,4.371085,5,Sandal,UMAP
9.250299,0.82636493,9,Ankle boot,UMAP
10.724942,0.9090395,9,Ankle boot,UMAP
4.5292783,5.231011,0,T-shirt/top,UMAP
-1.8283432,8.591689,1,Trouser,UMAP
-3.4216733,8.783751,1,Trouser,UMAP
-1.5974085,8.1163025,1,Trouser,UMAP
11.020912,4.144448,5,Sandal,UMAP
2.6616278,5.9231095,6,Shirt,UMAP
-3.1871994,8.005465,1,Trouser,UMAP
-1.6056767,7.870546,1,Trouser,UMAP
5.112798,1.1507759,8,Bag,UMAP
1.6401948,4.2942905,6,Shirt,UMAP
-1.575658,7.371882,1,Trouser,UMAP
13.236308,4.740552,7,Sneaker,UMAP
0.6118823,0.3732731,2,Pullover,UMAP
-3.4923224,8.074938,1,Trouser,UMAP
1.0816481,7.8665833,8,Bag,UMAP
1.4735302,2.0130944,6,Shirt,UMAP
-0.18494722,2.921258,4,Coat,UMAP
-1.8292925,8.235117,1,Trouser,UMAP
10.589719,2.6205893,9,Ankle boot,UMAP
-0.51076245,1.7850207,2,Pullover,UMAP
13.33405,4.0491595,7,Sneaker,UMAP
-2.2062168,8.244622,1,Trouser,UMAP
7.4299593,2.51767,5,Sandal,UMAP
-1.104521,5.1439023,6,Shirt,UMAP
11.497027,5.0914745,7,Sneaker,UMAP
-0.51372373,0.8200126,4,Coat,UMAP
-0.98858875,5.633613,3,Dress,UMAP
-2.1737916,4.8190293,2,Pullover,UMAP
9.96456,4.3633833,5,Sandal,UMAP
3.6905859,6.6343017,0,T-shirt/top,UMAP
4.855293,1.5221355,8,Bag,UMAP
4.072495,5.3155003,0,T-shirt/top,UMAP
3.3695948,6.611571,0,T-shirt/top,UMAP
-2.0290895,8.250829,1,Trouser,UMAP
-2.680549,7.286054,1,Trouser,UMAP
3.75997,4.461562,0,T-shirt/top,UMAP
4.7370925,-1.806463,8,Bag,UMAP
9.1511345,1.3403072,9,Ankle boot,UMAP
10.084752,1.276119,9,Ankle boot,UMAP
4.5918307,1.2950672,8,Bag,UMAP
0.38256603,4.896393,1,Trouser,UMAP
-1.3522378,3.544244,6,Shirt,UMAP
10.232644,0.65743405,9,Ankle boot,UMAP
11.926956,3.3385808,7,Sneaker,UMAP
3.8772852,0.583156,6,Shirt,UMAP
0.29254374,3.3719862,6,Shirt,UMAP
9.241659,0.2680648,9,Ankle boot,UMAP
10.845417,2.6036592,7,Sneaker,UMAP
10.061352,6.217952,5,Sandal,UMAP
2.5318146,7.1426096,3,Dress,UMAP
8.625675,1.9852391,9,Ankle boot,UMAP
0.04710271,3.075037,6,Shirt,UMAP
-1.7202003,8.59877,1,Trouser,UMAP
1.172942,7.0196776,3,Dress,UMAP
3.061638,2.0344102,2,Pullover,UMAP
1.4326317,4.056185,2,Pullover,UMAP
2.8171377,6.2184234,6,Shirt,UMAP
12.847448,4.5799694,7,Sneaker,UMAP
8.661945,0.8287606,9,Ankle boot,UMAP
10.473745,0.9323552,9,Ankle boot,UMAP
1.0637072,7.585849,3,Dress,UMAP
0.4945391,2.303449,6,Shirt,UMAP
-0.25021878,3.0270503,2,Pullover,UMAP
0.87331307,1.216641,4,Coat,UMAP
1.1790701,1.7617003,2,Pullover,UMAP
4.183036,-0.75615335,8,Bag,UMAP
-0.030488472,6.4674234,0,T-shirt/top,UMAP
11.318857,2.3146229,9,Ankle boot,UMAP
9.305414,1.6593632,9,Ankle boot,UMAP
3.1111295,6.398876,6,Shirt,UMAP
-0.6968219,1.1723595,4,Coat,UMAP
-3.2046862,8.568631,1,Trouser,UMAP
0.2443024,1.3837451,4,Coat,UMAP
2.234136,5.4156947,0,T-shirt/top,UMAP
4.331639,-0.76207393,8,Bag,UMAP
0.72914904,2.4568489,4,Coat,UMAP
-1.0217322,2.9973814,6,Shirt,UMAP
12.054886,3.2177398,7,Sneaker,UMAP
8.335668,1.1319224,9,Ankle boot,UMAP
5.152195,-1.0291202,8,Bag,UMAP
9.458347,2.0731423,5,Sandal,UMAP
0.2150065,4.352489,3,Dress,UMAP
2.7401884,5.3733373,0,T-shirt/top,UMAP
-1.5735208,2.6832507,6,Shirt,UMAP
0.85328746,1.0216705,4,Coat,UMAP
-1.6413825,3.1461744,2,Pullover,UMAP
2.959313,2.1783688,8,Bag,UMAP
-0.9182662,5.240397,3,Dress,UMAP
1.9492024,2.1678703,2,Pullover,UMAP
-2.6613133,7.895996,1,Trouser,UMAP
9.407787,1.0892266,9,Ankle boot,UMAP
-1.6548984,7.2816453,1,Trouser,UMAP
10.4884405,0.7898445,9,Ankle boot,UMAP
4.099326,6.245148,0,T-shirt/top,UMAP
2.0879116,1.5903827,4,Coat,UMAP
0.37265074,7.3102255,3,Dress,UMAP
9.981623,4.4136057,5,Sandal,UMAP
-1.7660199,2.346181,4,Coat,UMAP
2.990778,1.9979793,8,Bag,UMAP
0.18976453,5.408845,6,Shirt,UMAP
13.513311,4.419095,7,Sneaker,UMAP
11.934453,5.355634,7,Sneaker,UMAP
-2.8298106,7.289134,1,Trouser,UMAP
4.0602217,6.4825387,0,T-shirt/top,UMAP
13.438757,4.693953,7,Sneaker,UMAP
0.38212106,7.201102,3,Dress,UMAP
-1.4773213,4.4229813,2,Pullover,UMAP
2.9236667,5.7438765,0,T-shirt/top,UMAP
4.852624,0.8162919,8,Bag,UMAP
0.42664984,3.5302057,6,Shirt,UMAP
0.97817016,2.1303246,2,Pullover,UMAP
3.256821,5.2350554,0,T-shirt/top,UMAP
-3.6060948,8.225835,1,Trouser,UMAP
5.0821495,0.939198,8,Bag,UMAP
-2.3087273,4.818696,3,Dress,UMAP
4.8057685,6.401904,0,T-shirt/top,UMAP
4.1585846,3.8677855,6,Shirt,UMAP
5.1404457,1.2814395,8,Bag,UMAP
4.2176747,0.80815536,8,Bag,UMAP
-1.6098402,4.5221405,4,Coat,UMAP
7.254956,2.655788,5,Sandal,UMAP
9.738829,0.62532103,9,Ankle boot,UMAP
-1.9599794,5.204248,3,Dress,UMAP
4.771247,-1.7196904,8,Bag,UMAP
4.0140924,6.4233227,0,T-shirt/top,UMAP
13.214336,4.6324472,7,Sneaker,UMAP
0.8590951,1.2187289,2,Pullover,UMAP
4.2897935,2.3653035,3,Dress,UMAP
9.886457,5.372435,5,Sandal,UMAP
-0.0034074541,6.458033,0,T-shirt/top,UMAP
-1.5475668,2.7688015,4,Coat,UMAP
2.697595,5.845929,0,T-shirt/top,UMAP
9.938106,4.3466883,5,Sandal,UMAP
2.5427535,2.1934636,2,Pullover,UMAP
10.305005,1.1941326,9,Ankle boot,UMAP
4.397278,1.1646883,8,Bag,UMAP
10.869031,3.568933,5,Sandal,UMAP
10.531686,2.7687483,5,Sandal,UMAP
8.90893,0.2702859,9,Ankle boot,UMAP
0.11589449,6.545076,3,Dress,UMAP
-1.724467,8.610419,1,Trouser,UMAP
-2.9757056,7.1754856,1,Trouser,UMAP
-1.2304473,4.2715187,4,Coat,UMAP
-0.41295376,1.2394987,4,Coat,UMAP
-3.3455691,8.91411,1,Trouser,UMAP
1.2113868,6.7544,3,Dress,UMAP
9.818602,4.441862,5,Sandal,UMAP
2.9102573,4.859913,0,T-shirt/top,UMAP
4.183405,5.59028,0,T-shirt/top,UMAP
2.8314457,6.801584,3,Dress,UMAP
4.718407,6.504986,0,T-shirt/top,UMAP
9.788137,5.3024163,5,Sandal,UMAP
3.958474,6.461693,6,Shirt,UMAP
10.548651,0.5315745,7,Sneaker,UMAP
-1.7190332,4.675016,3,Dress,UMAP
12.580563,3.7417228,7,Sneaker,UMAP
1.6265733,4.3348856,0,T-shirt/top,UMAP
7.2380853,2.7247267,5,Sandal,UMAP
3.0743806,6.363385,0,T-shirt/top,UMAP
0.86771953,1.1244677,2,Pullover,UMAP
5.1028047,-0.70081514,8,Bag,UMAP
7.4469657,2.4949558,5,Sandal,UMAP
-1.5947767,1.9214205,6,Shirt,UMAP
-1.3277565,3.1394444,2,Pullover,UMAP
4.5634084,5.2147202,0,T-shirt/top,UMAP
9.320773,0.47167936,9,Ankle boot,UMAP
7.9909215,2.381855,5,Sandal,UMAP
1.779428,6.6350036,3,Dress,UMAP
2.334704,5.7094984,0,T-shirt/top,UMAP
0.21819896,3.4260669,6,Shirt,UMAP
10.871551,4.7041698,5,Sandal,UMAP
4.202519,-1.0325769,8,Bag,UMAP
5.131379,1.3099029,8,Bag,UMAP
0.8351381,7.3145056,3,Dress,UMAP
1.2826998,1.7062758,0,T-shirt/top,UMAP
4.690703,1.1863527,8,Bag,UMAP
0.9022193,0.53234565,4,Coat,UMAP
-0.26999447,1.6361115,2,Pullover,UMAP
0.9204685,3.192455,4,Coat,UMAP
3.629832,2.902898,6,Shirt,UMAP
-0.026101626,6.4497056,3,Dress,UMAP
11.983349,4.3582935,7,Sneaker,UMAP
10.047933,4.760035,5,Sandal,UMAP
1.1363882,6.993909,3,Dress,UMAP
5.187977,-0.12826371,8,Bag,UMAP
0.9829014,6.094613,3,Dress,UMAP
0.76033336,2.419429,4,Coat,UMAP
5.0231733,-1.5448984,8,Bag,UMAP
-1.5662849,5.933424,8,Bag,UMAP
11.424708,4.914567,7,Sneaker,UMAP
10.848998,3.242791,7,Sneaker,UMAP
10.496938,2.855386,7,Sneaker,UMAP
4.560365,-2.025841,8,Bag,UMAP
9.8456745,5.3749957,5,Sandal,UMAP
2.6480145,1.8110244,6,Shirt,UMAP
0.36840492,6.1478224,1,Trouser,UMAP
3.7319531,4.589917,0,T-shirt/top,UMAP
4.8183928,1.5968013,8,Bag,UMAP
0.94280297,0.5781695,4,Coat,UMAP
-2.2819276,3.5545168,1,Trouser,UMAP
4.312166,0.87635076,8,Bag,UMAP
11.815376,3.6204565,7,Sneaker,UMAP
3.6488075,4.5287724,6,Shirt,UMAP
0.03443118,6.46886,0,T-shirt/top,UMAP
9.983024,4.8366528,5,Sandal,UMAP
9.245488,1.5219076,9,Ankle boot,UMAP
2.6377125,7.118829,6,Shirt,UMAP
12.161224,3.256276,7,Sneaker,UMAP
4.533491,-1.349629,8,Bag,UMAP
3.2127538,5.541619,6,Shirt,UMAP
11.879644,5.356032,7,Sneaker,UMAP
-1.9306004,4.0061564,4,Coat,UMAP
11.156605,4.180707,7,Sneaker,UMAP
12.012032,3.7651188,5,Sandal,UMAP
0.36985973,1.5042726,2,Pullover,UMAP
5.0157104,-1.3413838,8,Bag,UMAP
-1.522059,7.994944,1,Trouser,UMAP
10.857792,2.6019819,9,Ankle boot,UMAP
3.939815,6.6362696,0,T-shirt/top,UMAP
-2.1922717,4.781822,3,Dress,UMAP
12.082116,3.9981158,7,Sneaker,UMAP
0.19779396,1.4650359,2,Pullover,UMAP
4.1344614,3.7682664,0,T-shirt/top,UMAP
-1.7488452,2.3253052,2,Pullover,UMAP
2.4960878,2.1787255,2,Pullover,UMAP
4.6377673,1.2578281,8,Bag,UMAP
-1.5750966,7.6653514,1,Trouser,UMAP
-1.2048658,3.1818278,2,Pullover,UMAP
1.0380892,3.1896758,2,Pullover,UMAP
9.124526,1.3740025,9,Ankle boot,UMAP
-1.1337522,4.256327,4,Coat,UMAP
2.8278036,6.7709026,6,Shirt,UMAP
-1.635621,8.58696,1,Trouser,UMAP
0.48294988,1.3336198,2,Pullover,UMAP
-3.2595055,9.127962,1,Trouser,UMAP
3.8383265,5.344126,0,T-shirt/top,UMAP
2.2716272,2.3161247,6,Shirt,UMAP
-1.6398151,2.083876,4,Coat,UMAP
10.055175,6.2330117,5,Sandal,UMAP
-0.4817855,0.58244526,2,Pullover,UMAP
5.198095,-0.3419713,8,Bag,UMAP
12.0945425,3.455297,7,Sneaker,UMAP
8.574614,0.5685276,9,Ankle boot,UMAP
-1.0144674,1.9386457,4,Coat,UMAP
1.5094473,3.129063,2,Pullover,UMAP
1.0392584,1.352025,6,Shirt,UMAP
9.995403,5.7732,5,Sandal,UMAP
-0.1255407,2.3905802,4,Coat,UMAP
3.0061057,6.370625,6,Shirt,UMAP
4.6759043,-1.7367692,8,Bag,UMAP
10.094952,1.9067429,9,Ankle boot,UMAP
-0.14775166,0.8091788,2,Pullover,UMAP
10.631942,1.3841738,9,Ankle boot,UMAP
2.326206,5.853495,0,T-shirt/top,UMAP
1.0578082,0.89622515,2,Pullover,UMAP
4.539082,-1.9420862,8,Bag,UMAP
0.82501787,4.6632004,6,Shirt,UMAP
0.793005,3.2942638,2,Pullover,UMAP
-0.5460345,0.5196211,4,Coat,UMAP
-2.220243,7.9553485,1,Trouser,UMAP
7.179175,2.6710196,5,Sandal,UMAP
-2.4469215e-05,4.4345374,2,Pullover,UMAP
9.990363,5.806846,5,Sandal,UMAP
-3.428931,8.360553,1,Trouser,UMAP
7.1315494,2.6283746,5,Sandal,UMAP
2.2954044,5.6297607,6,Shirt,UMAP
-2.1233015,8.28745,1,Trouser,UMAP
4.5818906,6.2879,3,Dress,UMAP
4.8849454,-1.3196971,8,Bag,UMAP
1.2172803,3.4948344,2,Pullover,UMAP
-1.2514908,6.642824,0,T-shirt/top,UMAP
1.3264436,1.2346369,2,Pullover,UMAP
-2.012764,2.8111193,4,Coat,UMAP
4.195667,-1.3214505,0,T-shirt/top,UMAP
-0.2214918,3.458612,2,Pullover,UMAP
1.8015276,5.2579336,3,Dress,UMAP
0.49914005,3.6519332,6,Shirt,UMAP
10.119786,0.7723471,9,Ankle boot,UMAP
6.6263494,2.8332963,5,Sandal,UMAP
2.9360514,4.861151,0,T-shirt/top,UMAP
3.659214,6.4392724,0,T-shirt/top,UMAP
4.5729628,-1.851511,8,Bag,UMAP
-1.5873858,2.347937,6,Shirt,UMAP
4.8441586,5.619883,0,T-shirt/top,UMAP
13.314943,4.0257387,7,Sneaker,UMAP
-1.5031054,7.9393706,1,Trouser,UMAP
10.653,0.80429375,7,Sneaker,UMAP
5.2343187,0.62817335,8,Bag,UMAP
5.0341706,-1.2061816,8,Bag,UMAP
-1.0202423,3.2405863,4,Coat,UMAP
-2.2919812,7.7043242,1,Trouser,UMAP
4.3689957,1.7481959,8,Bag,UMAP
-0.9590979,1.2660074,4,Coat,UMAP
0.5219236,3.680857,6,Shirt,UMAP
10.683047,0.5674978,5,Sandal,UMAP
8.268351,1.1280078,9,Ankle boot,UMAP
-1.3444871,0.73748374,2,Pullover,UMAP
-2.5269263,7.968324,1,Trouser,UMAP
-2.7877913,6.9663334,1,Trouser,UMAP
10.074386,6.2632227,5,Sandal,UMAP
10.805867,4.5503645,5,Sandal,UMAP
1.2376047,6.88104,3,Dress,UMAP
0.65852547,1.4971948,2,Pullover,UMAP
-1.5026231,2.6058369,6,Shirt,UMAP
12.080146,3.4483793,7,Sneaker,UMAP
1.2805876,7.599984,3,Dress,UMAP
11.153454,4.184933,7,Sneaker,UMAP
4.289523,1.8764147,8,Bag,UMAP
4.3040876,6.434536,0,T-shirt/top,UMAP
1.4735223,0.91588634,6,Shirt,UMAP
1.297451,7.037961,1,Trouser,UMAP
-3.093437,8.405633,1,Trouser,UMAP
-0.00554228,1.4653774,2,Pullover,UMAP
-0.70202476,0.76184624,4,Coat,UMAP
3.482548,5.0413604,3,Dress,UMAP
-2.2344499,2.9623544,6,Shirt,UMAP
-0.014099892,6.4781356,6,Shirt,UMAP
9.754143,2.255634,9,Ankle boot,UMAP
2.5447197,5.587452,0,T-shirt/top,UMAP
2.521733,7.0926156,3,Dress,UMAP
0.7732598,2.2513442,2,Pullover,UMAP
-1.111983,1.7716826,4,Coat,UMAP
2.9786057,2.1079226,8,Bag,UMAP
-0.6050184,3.1117663,4,Coat,UMAP
12.029397,3.4164538,7,Sneaker,UMAP
-2.3030267,8.4370775,1,Trouser,UMAP
8.757505,0.26183257,9,Ankle boot,UMAP
4.8750315,0.75083953,8,Bag,UMAP
10.528813,2.6687903,9,Ankle boot,UMAP
0.3525414,5.945051,1,Trouser,UMAP
-0.056009218,1.2607529,2,Pullover,UMAP
-3.4538717,7.8633327,1,Trouser,UMAP
9.670305,2.180649,9,Ankle boot,UMAP
8.724378,2.360783,9,Ankle boot,UMAP
-2.8305497,7.11722,1,Trouser,UMAP
-0.8011889,0.8719082,6,Shirt,UMAP
2.4223468,1.7087991,6,Shirt,UMAP
4.8162646,-0.7894506,8,Bag,UMAP
7.2729607,2.6976135,5,Sandal,UMAP
1.6536896,2.4577258,2,Pullover,UMAP
10.33111,0.7557553,9,Ankle boot,UMAP
3.9644725,6.6202497,0,T-shirt/top,UMAP
9.665372,5.071752,5,Sandal,UMAP
-1.6304232,3.1473525,4,Coat,UMAP
-1.1550999,1.9338781,4,Coat,UMAP
-1.7659229,3.5321777,4,Coat,UMAP
-0.6072535,3.1114829,6,Shirt,UMAP
-0.9981434,7.537764,3,Dress,UMAP
1.2785041,2.7433105,2,Pullover,UMAP
0.80124396,0.1840839,2,Pullover,UMAP
9.680585,5.043467,5,Sandal,UMAP
9.258367,0.96424097,9,Ankle boot,UMAP
12.033675,3.4821115,7,Sneaker,UMAP
1.2870849,1.8436501,6,Shirt,UMAP
-1.8666166,8.115716,1,Trouser,UMAP
1.7709091,6.557501,3,Dress,UMAP
9.98405,5.841402,5,Sandal,UMAP
9.142134,0.31050137,9,Ankle boot,UMAP
0.4176366,2.4035373,6,Shirt,UMAP
-1.718077,5.062155,4,Coat,UMAP
-0.99362975,2.0754342,6,Shirt,UMAP
-0.072548114,2.9644997,6,Shirt,UMAP
9.175142,1.8864813,5,Sandal,UMAP
11.292671,2.5257638,9,Ankle boot,UMAP
-2.4418273,4.944528,3,Dress,UMAP
1.0350342,6.9863443,3,Dress,UMAP
-2.1075966,4.025319,4,Coat,UMAP
3.5345094,6.7008357,6,Shirt,UMAP
1.3963223,5.115619,2,Pullover,UMAP
4.7806664,6.451378,0,T-shirt/top,UMAP
1.7264814,6.5088687,3,Dress,UMAP
1.2637688,7.78648,3,Dress,UMAP
4.7545023,-1.0768926,8,Bag,UMAP
0.06453773,6.4000344,0,T-shirt/top,UMAP
13.298875,4.033028,7,Sneaker,UMAP
0.7105843,0.22281925,2,Pullover,UMAP
0.6538661,5.691765,6,Shirt,UMAP
-1.2087255,2.4764023,4,Coat,UMAP
-2.0495815,2.776086,4,Coat,UMAP
1.39021,2.2465749,2,Pullover,UMAP
-0.49091133,1.004673,4,Coat,UMAP
1.7736341,1.2096369,6,Shirt,UMAP
9.860017,5.443704,5,Sandal,UMAP
4.1800632,2.1242497,8,Bag,UMAP
7.598022,2.300013,5,Sandal,UMAP
7.9819345,2.246484,5,Sandal,UMAP
1.5835538,1.8398947,6,Shirt,UMAP
9.682791,5.179354,5,Sandal,UMAP
2.9448907,5.7130547,6,Shirt,UMAP
4.3401704,5.1802263,6,Shirt,UMAP
5.254948,1.1433355,8,Bag,UMAP
-1.5028901,7.9146433,1,Trouser,UMAP
-1.0429034,7.191966,3,Dress,UMAP
0.9708837,2.2139628,2,Pullover,UMAP
6.4431024,2.8471816,5,Sandal,UMAP
13.230134,4.4514236,7,Sneaker,UMAP
2.8620772,5.993716,0,T-shirt/top,UMAP
1.0415994,2.0641966,2,Pullover,UMAP
-1.6508237,3.1870892,4,Coat,UMAP
0.45819932,5.964149,3,Dress,UMAP
-0.38757038,0.9063995,2,Pullover,UMAP
2.4124854,1.8616352,4,Coat,UMAP
-1.4275157,4.9649296,3,Dress,UMAP
2.1880841,1.6252431,2,Pullover,UMAP
-2.3787942,4.91802,3,Dress,UMAP
1.4944758,1.190077,2,Pullover,UMAP
1.5449383,3.055947,2,Pullover,UMAP
-3.3695881,8.592662,1,Trouser,UMAP
4.6837287,1.0762022,8,Bag,UMAP
7.2042933,2.5947735,5,Sandal,UMAP
12.453348,4.118357,7,Sneaker,UMAP
8.542514,1.8457958,9,Ankle boot,UMAP
11.79675,4.3954453,7,Sneaker,UMAP
10.754999,2.4557545,9,Ankle boot,UMAP
1.770916,7.172666,3,Dress,UMAP
1.4973307,4.484854,0,T-shirt/top,UMAP
-1.5716449,2.3054893,2,Pullover,UMAP
4.0069847,6.48683,0,T-shirt/top,UMAP
12.145511,3.2103367,7,Sneaker,UMAP
4.1515574,-1.7302583,8,Bag,UMAP
-2.7041488,6.8825903,1,Trouser,UMAP
4.7200418,6.2697496,0,T-shirt/top,UMAP
0.51830226,2.28076,6,Shirt,UMAP
13.411861,4.6292634,7,Sneaker,UMAP
4.237481,0.8308951,8,Bag,UMAP
4.5663147,-1.9494337,8,Bag,UMAP
0.9582446,3.7620983,6,Shirt,UMAP
2.9570324,4.8513813,0,T-shirt/top,UMAP
0.76458645,2.5379097,6,Shirt,UMAP
-3.0551548,7.4772453,1,Trouser,UMAP
1.2570386,2.1679986,4,Coat,UMAP
9.337574,1.9560862,5,Sandal,UMAP
1.2631341,7.180089,3,Dress,UMAP
4.7152686,1.1805139,8,Bag,UMAP
3.1552415,2.061181,8,Bag,UMAP
0.800382,1.1170933,6,Shirt,UMAP
8.635272,1.3045928,9,Ankle boot,UMAP
9.094135,1.4769307,9,Ankle boot,UMAP
0.9615084,0.60944957,4,Coat,UMAP
4.63044,1.3059257,8,Bag,UMAP
-1.9955575,2.9357126,3,Dress,UMAP
0.24775949,6.110073,6,Shirt,UMAP
-3.2790823,9.139792,1,Trouser,UMAP
4.67571,1.9037051,0,T-shirt/top,UMAP
0.51197463,1.4476961,2,Pullover,UMAP
0.55321366,6.5773563,1,Trouser,UMAP
-2.7163196,6.8606257,1,Trouser,UMAP
-3.430606,7.853034,1,Trouser,UMAP
2.6014256,7.1015854,3,Dress,UMAP
10.199103,0.7070112,9,Ankle boot,UMAP
-2.98753,7.697315,1,Trouser,UMAP
0.5952715,6.5605693,3,Dress,UMAP
3.6131778,2.4402518,8,Bag,UMAP
1.4560361,6.497239,3,Dress,UMAP
-2.493507,8.355551,1,Trouser,UMAP
0.41987193,6.190153,1,Trouser,UMAP
-3.5535588,8.0541725,1,Trouser,UMAP
1.3855748,2.699437,2,Pullover,UMAP
-1.9260454,8.249473,1,Trouser,UMAP
1.6451551,7.2051244,3,Dress,UMAP
8.9697895,0.34982124,9,Ankle boot,UMAP
3.8208432,4.4315042,0,T-shirt/top,UMAP
3.8127277,6.4783363,0,T-shirt/top,UMAP
10.506076,4.291878,7,Sneaker,UMAP
11.980147,3.6752365,7,Sneaker,UMAP
10.627946,0.8183075,9,Ankle boot,UMAP
-1.3414329,2.5135255,4,Coat,UMAP
-1.7992812,8.368592,1,Trouser,UMAP
3.9495027,5.477983,0,T-shirt/top,UMAP
3.256402,6.2853494,0,T-shirt/top,UMAP
1.5937496,5.802558,3,Dress,UMAP
11.886314,3.5969982,7,Sneaker,UMAP
9.774178,4.7446623,5,Sandal,UMAP
9.639546,1.2924138,9,Ankle boot,UMAP
-2.164446,4.770553,3,Dress,UMAP
0.51423746,5.7581143,3,Dress,UMAP
11.079153,4.204415,7,Sneaker,UMAP
8.291893,1.0382404,9,Ankle boot,UMAP
9.212779,1.3127239,5,Sandal,UMAP
-1.5754383,8.091304,1,Trouser,UMAP
4.660477,6.095771,0,T-shirt/top,UMAP
1.218281,7.0932913,3,Dress,UMAP
0.4918258,5.565186,3,Dress,UMAP
3.4671814,5.9229636,0,T-shirt/top,UMAP
1.7052974,6.2721586,3,Dress,UMAP
4.522688,5.280566,0,T-shirt/top,UMAP
-2.087922,8.324452,1,Trouser,UMAP
9.922315,1.9518967,9,Ankle boot,UMAP
3.537538,4.901293,0,T-shirt/top,UMAP
0.009906508,1.2313001,2,Pullover,UMAP
0.658688,4.9830527,6,Shirt,UMAP
11.052809,4.2479725,7,Sneaker,UMAP
1.2891383,7.3597484,3,Dress,UMAP
-1.640533,7.208418,1,Trouser,UMAP
13.384247,4.390596,5,Sandal,UMAP
3.667948,4.495514,0,T-shirt/top,UMAP
0.430483,4.2921357,2,Pullover,UMAP
0.8774131,1.0264233,2,Pullover,UMAP
12.159367,3.5423799,7,Sneaker,UMAP
12.785816,3.8194745,7,Sneaker,UMAP
1.312519,1.7570431,2,Pullover,UMAP
-2.8894928,7.038227,1,Trouser,UMAP
4.113036,-1.4367199,8,Bag,UMAP
10.071305,0.5996124,9,Ankle boot,UMAP
0.7631246,4.06681,6,Shirt,UMAP
-2.3807654,4.971528,3,Dress,UMAP
-1.7965577,2.157759,4,Coat,UMAP
10.598707,1.3568679,9,Ankle boot,UMAP
10.161093,0.663358,9,Ankle boot,UMAP
13.196622,4.5722227,7,Sneaker,UMAP
0.17672105,3.355774,4,Coat,UMAP
6.8440123,2.7579052,5,Sandal,UMAP
4.6329875,-1.3726236,8,Bag,UMAP
9.782236,1.9488436,9,Ankle boot,UMAP
4.6288347,-1.9142667,8,Bag,UMAP
10.39692,1.3133258,9,Ankle boot,UMAP
5.1621833,1.6319723,6,Shirt,UMAP
8.675432,0.86908543,9,Ankle boot,UMAP
3.3473346,5.522055,0,T-shirt/top,UMAP
1.2180581,2.9877138,6,Shirt,UMAP
3.2699513,6.541635,0,T-shirt/top,UMAP
10.873915,4.804492,5,Sandal,UMAP
0.44752964,2.7821174,6,Shirt,UMAP
10.032144,4.8052893,5,Sandal,UMAP
1.5442238,2.6207778,2,Pullover,UMAP
4.8880157,-1.3238449,8,Bag,UMAP
-0.34692222,1.6515459,4,Coat,UMAP
4.004467,6.315362,0,T-shirt/top,UMAP
2.6308386,7.0908437,3,Dress,UMAP
1.246662,7.041545,3,Dress,UMAP
10.06292,2.0307307,9,Ankle boot,UMAP
4.5008755,-1.9085552,8,Bag,UMAP
0.7121521,1.2030499,4,Coat,UMAP
1.048932,3.9935966,6,Shirt,UMAP
3.9491057,6.491013,0,T-shirt/top,UMAP
0.7616383,0.14863579,2,Pullover,UMAP
5.0332694,-1.7780076,8,Bag,UMAP
-3.2154272,8.546637,1,Trouser,UMAP
3.9448864,5.2687745,0,T-shirt/top,UMAP
-1.8795043,4.4250994,3,Dress,UMAP
4.7795258,-1.1121551,8,Bag,UMAP
0.5976884,6.422695,0,T-shirt/top,UMAP
1.3473338,2.3015628,2,Pullover,UMAP
4.958516,-0.7603011,8,Bag,UMAP
-1.5366153,2.514148,6,Shirt,UMAP
-3.4725568,8.402778,1,Trouser,UMAP
0.82632095,7.191798,3,Dress,UMAP
3.2900896,5.471892,0,T-shirt/top,UMAP
4.618788,1.2055563,8,Bag,UMAP
-0.38702467,1.984919,4,Coat,UMAP
9.76403,2.282372,9,Ankle boot,UMAP
6.5378428,2.8815687,5,Sandal,UMAP
4.3730855,-1.9720613,8,Bag,UMAP
-0.41049853,2.0330722,4,Coat,UMAP
4.349085,-0.67584234,8,Bag,UMAP
3.8094375,4.912099,0,T-shirt/top,UMAP
0.44712755,6.0358496,3,Dress,UMAP
10.494579,1.8131318,9,Ankle boot,UMAP
3.298586,5.3697133,6,Shirt,UMAP
4.31389,-2.0322993,8,Bag,UMAP
0.77570546,0.14936176,2,Pullover,UMAP
1.374541,7.6330414,3,Dress,UMAP
12.843999,4.341005,7,Sneaker,UMAP
4.6443543,-1.0351232,8,Bag,UMAP
-2.9381526,8.2553835,1,Trouser,UMAP
-2.542462,8.672269,1,Trouser,UMAP
3.92662,2.5551836,8,Bag,UMAP
0.09986095,3.8539536,6,Shirt,UMAP
-1.8762064,4.370396,3,Dress,UMAP
-0.27283767,1.8442477,4,Coat,UMAP
-0.30027682,2.1213992,2,Pullover,UMAP
13.425046,4.706948,7,Sneaker,UMAP
-0.27846092,3.0391593,2,Pullover,UMAP
4.564641,1.2723373,8,Bag,UMAP
-2.2304564,2.96964,6,Shirt,UMAP
13.242217,3.950025,7,Sneaker,UMAP
5.115061,-0.7013795,8,Bag,UMAP
1.0555543,7.740483,3,Dress,UMAP
-0.6006634,3.2306821,4,Coat,UMAP
-0.8703866,0.80463386,4,Coat,UMAP
10.027376,0.61517596,9,Ankle boot,UMAP
10.806956,3.3780468,5,Sandal,UMAP
3.3048592,6.027522,3,Dress,UMAP
7.9269023,2.3894863,5,Sandal,UMAP
3.1803105,6.274768,0,T-shirt/top,UMAP
0.30677482,0.94198877,2,Pullover,UMAP
-1.1859283,0.78091466,4,Coat,UMAP
5.2085004,1.3908426,8,Bag,UMAP
3.8855166,-1.3330024,6,Shirt,UMAP
12.727289,4.564357,7,Sneaker,UMAP
2.2190604,5.6958704,3,Dress,UMAP
-2.6612833,6.8299165,1,Trouser,UMAP
1.0297576,1.8017566,2,Pullover,UMAP
9.077437,0.27153292,9,Ankle boot,UMAP
3.9093547,5.8154173,0,T-shirt/top,UMAP
4.481819,-0.79745114,8,Bag,UMAP
9.679162,0.27160037,9,Ankle boot,UMAP
0.34791335,3.1487653,6,Shirt,UMAP
-1.341072,0.69945717,4,Coat,UMAP
0.13432637,3.168716,2,Pullover,UMAP
-0.44234845,1.6859274,2,Pullover,UMAP
0.98625517,2.3890781,2,Pullover,UMAP
3.7929866,2.5664134,8,Bag,UMAP
8.563666,1.8416237,9,Ankle boot,UMAP
3.6040828,6.665731,6,Shirt,UMAP
-2.8661637,7.3902664,1,Trouser,UMAP
-3.2386699,8.932099,1,Trouser,UMAP
5.2448373,1.2770193,8,Bag,UMAP
9.934467,4.0265317,5,Sandal,UMAP
10.152161,0.9884216,9,Ankle boot,UMAP
10.030716,4.700921,5,Sandal,UMAP
5.0963683,1.5545266,8,Bag,UMAP
8.771287,0.29400024,9,Ankle boot,UMAP
1.3882713,5.5349307,1,Trouser,UMAP
10.733673,1.7759302,7,Sneaker,UMAP
3.8556833,5.3878694,0,T-shirt/top,UMAP
3.4987044,5.483748,6,Shirt,UMAP
-2.907747,8.764792,1,Trouser,UMAP
0.9363349,2.5611722,6,Shirt,UMAP
10.983884,1.1465231,9,Ankle boot,UMAP
4.4494123,-2.0369146,8,Bag,UMAP
0.64130896,4.2004,6,Shirt,UMAP
10.906555,3.5537646,7,Sneaker,UMAP
0.92609566,7.49731,3,Dress,UMAP
4.5448647,1.3751079,8,Bag,UMAP
4.306709,1.1706738,8,Bag,UMAP
10.117347,1.2613324,9,Ankle boot,UMAP
11.192804,2.0500603,9,Ankle boot,UMAP
-1.6356401,4.108789,2,Pullover,UMAP
5.4373417,2.562417,5,Sandal,UMAP
4.1440268,2.1010962,8,Bag,UMAP
3.0749476,5.009443,0,T-shirt/top,UMAP
0.96084964,2.487235,2,Pullover,UMAP
9.782355,5.3266025,5,Sandal,UMAP
4.61552,-0.8785394,8,Bag,UMAP
4.2382984,-1.9561304,8,Bag,UMAP
13.366603,4.792461,7,Sneaker,UMAP
-1.7882665,4.0203447,4,Coat,UMAP
-3.3296955,8.97774,1,Trouser,UMAP
-3.2618692,9.1074915,1,Trouser,UMAP
-1.6068347,2.2559483,2,Pullover,UMAP
10.2336645,2.267037,7,Sneaker,UMAP
4.8228936,2.3696892,8,Bag,UMAP
12.325522,4.0787287,7,Sneaker,UMAP
11.595621,5.14259,7,Sneaker,UMAP
10.143816,4.646956,5,Sandal,UMAP
9.993295,6.003503,5,Sandal,UMAP
8.815706,2.3039627,9,Ankle boot,UMAP
9.917821,5.3609157,5,Sandal,UMAP
4.5777245,1.1992172,8,Bag,UMAP
9.228399,0.2454662,9,Ankle boot,UMAP
4.107053,3.5399227,0,T-shirt/top,UMAP
-1.200049,2.299712,4,Coat,UMAP
0.4102788,1.8603066,4,Coat,UMAP
9.920204,2.3467069,9,Ankle boot,UMAP
9.845497,2.06385,9,Ankle boot,UMAP
-1.9204386,2.4858208,6,Shirt,UMAP
8.320651,1.6338187,9,Ankle boot,UMAP
10.041716,6.247626,5,Sandal,UMAP
10.524754,2.6127307,7,Sneaker,UMAP
-1.779908,2.751362,4,Coat,UMAP
3.18867,4.7482433,0,T-shirt/top,UMAP
9.685221,5.02084,5,Sandal,UMAP
1.2152205,3.14345,4,Coat,UMAP
0.4522171,5.8296027,6,Shirt,UMAP
-0.4495714,1.9019977,2,Pullover,UMAP
-0.6392662,3.1506698,2,Pullover,UMAP
-1.662677,8.605477,1,Trouser,UMAP
-2.098845,4.936248,3,Dress,UMAP
12.58471,3.6928072,7,Sneaker,UMAP
12.769832,4.110315,7,Sneaker,UMAP
8.317071,0.91565645,9,Ankle boot,UMAP
4.682337,1.4644427,8,Bag,UMAP
4.7751584,1.5776066,8,Bag,UMAP
0.9456623,7.188706,3,Dress,UMAP
1.0182245,2.428605,6,Shirt,UMAP
6.592699,2.8558702,5,Sandal,UMAP
12.6944,3.749503,7,Sneaker,UMAP
-2.1260822,4.34847,3,Dress,UMAP
-0.48153204,0.4761578,4,Coat,UMAP
0.99861187,7.6886463,3,Dress,UMAP
11.792142,4.6366663,5,Sandal,UMAP
0.80677414,0.8826547,4,Coat,UMAP
-1.7799182,5.469254,3,Dress,UMAP
4.927486,5.8732357,0,T-shirt/top,UMAP
-0.51573366,0.5064434,4,Coat,UMAP
4.10457,3.5430233,6,Shirt,UMAP
12.65265,4.140721,7,Sneaker,UMAP
12.05797,3.3632536,7,Sneaker,UMAP
1.2351453,1.2917554,6,Shirt,UMAP
-0.32252166,1.8179843,4,Coat,UMAP
2.8480623,5.9600706,6,Shirt,UMAP
0.65733236,6.562693,3,Dress,UMAP
4.530672,5.2084684,0,T-shirt/top,UMAP
-1.574847,4.486191,4,Coat,UMAP
9.791415,1.1829448,9,Ankle boot,UMAP
4.1506352,2.4411802,0,T-shirt/top,UMAP
3.672108,5.348565,6,Shirt,UMAP
-3.3396027,8.308015,1,Trouser,UMAP
1.3331448,3.003483,2,Pullover,UMAP
2.3015006,1.9302138,2,Pullover,UMAP
-1.273224,1.853941,6,Shirt,UMAP
1.438082,5.7110147,3,Dress,UMAP
0.84638274,0.47839555,6,Shirt,UMAP
9.079278,0.3645429,9,Ankle boot,UMAP
4.6532035,5.284223,0,T-shirt/top,UMAP
3.9659052,4.9756837,6,Shirt,UMAP
-0.28444716,3.4292073,2,Pullover,UMAP
10.568915,1.3377296,9,Ankle boot,UMAP
-1.387844,4.468722,3,Dress,UMAP
10.913245,4.3302655,5,Sandal,UMAP
-2.282161,7.9203324,1,Trouser,UMAP
10.121415,2.3676617,7,Sneaker,UMAP
-1.5331777,5.514517,3,Dress,UMAP
1.8306346,7.2016063,3,Dress,UMAP
5.4015036,2.4582946,5,Sandal,UMAP
3.704239,6.2116675,0,T-shirt/top,UMAP
13.241584,4.5016003,7,Sneaker,UMAP
10.956219,2.6834912,7,Sneaker,UMAP
11.555929,4.5823565,7,Sneaker,UMAP
4.063363,-1.3803207,0,T-shirt/top,UMAP
12.371979,4.259187,7,Sneaker,UMAP
-1.1570778,4.3861747,6,Shirt,UMAP
9.421894,2.0879452,7,Sneaker,UMAP
2.5744143,7.107546,3,Dress,UMAP
-0.92428255,4.38512,3,Dress,UMAP
3.3772757,5.565738,0,T-shirt/top,UMAP
4.835841,-1.1118408,8,Bag,UMAP
10.311965,4.2883105,5,Sandal,UMAP
3.6675138,2.4759202,8,Bag,UMAP
4.4645076,2.1814404,8,Bag,UMAP
-2.0261068,2.724522,4,Coat,UMAP
11.976911,3.5286522,7,Sneaker,UMAP
1.0167474,3.465772,6,Shirt,UMAP
-0.08685647,2.9252462,6,Shirt,UMAP
0.6660776,6.5137854,3,Dress,UMAP
-1.438299,2.1433544,2,Pullover,UMAP
-2.618463,7.742228,1,Trouser,UMAP
-0.16108017,3.4658566,2,Pullover,UMAP
12.189625,3.734955,7,Sneaker,UMAP
9.736094,4.986166,5,Sandal,UMAP
8.165315,1.4255328,9,Ankle boot,UMAP
2.0855007,2.214701,2,Pullover,UMAP
4.706338,-1.2741642,8,Bag,UMAP
8.883627,1.645844,5,Sandal,UMAP
0.12272342,2.5990484,6,Shirt,UMAP
-1.9513708,2.641524,4,Coat,UMAP
-1.3679931,4.2520785,4,Coat,UMAP
-3.5444155,7.953665,1,Trouser,UMAP
5.1762934,1.323304,8,Bag,UMAP
3.8482413,6.133724,0,T-shirt/top,UMAP
10.868346,4.6594596,7,Sneaker,UMAP
10.697008,4.5552707,5,Sandal,UMAP
-2.0782273,4.0108037,6,Shirt,UMAP
5.162586,-0.4232431,8,Bag,UMAP
9.055812,1.0226191,5,Sandal,UMAP
2.1069765,2.2547336,2,Pullover,UMAP
11.4137,4.601472,5,Sandal,UMAP
10.053396,1.1940684,9,Ankle boot,UMAP
-2.0387063,2.4983523,4,Coat,UMAP
1.8623315,2.312569,2,Pullover,UMAP
0.42689416,5.757457,6,Shirt,UMAP
-1.9489251,3.7565446,3,Dress,UMAP
12.387335,4.0431824,7,Sneaker,UMAP
-0.4593148,0.76373214,6,Shirt,UMAP
11.118578,4.1974835,5,Sandal,UMAP
0.92851657,1.2243224,8,Bag,UMAP
10.028911,4.4129376,5,Sandal,UMAP
12.931482,4.4124155,7,Sneaker,UMAP
1.4671906,1.1495795,2,Pullover,UMAP
9.217769,1.7376194,7,Sneaker,UMAP
10.725542,0.7919027,9,Ankle boot,UMAP
-2.975246,7.17636,1,Trouser,UMAP
4.820695,5.8989577,0,T-shirt/top,UMAP
4.4590373,-2.0436046,8,Bag,UMAP
4.6796036,-1.4135653,8,Bag,UMAP
-2.6325455,8.105563,1,Trouser,UMAP
9.428283,0.46584433,9,Ankle boot,UMAP
1.1656654,7.037445,3,Dress,UMAP
-2.00456,8.247728,1,Trouser,UMAP
10.12506,2.0361996,7,Sneaker,UMAP
9.807032,4.912257,5,Sandal,UMAP
0.13569711,3.9305737,2,Pullover,UMAP
3.1313176,4.9027224,0,T-shirt/top,UMAP
1.7190679,6.738888,3,Dress,UMAP
9.643837,2.142655,9,Ankle boot,UMAP
11.3614235,4.55475,5,Sandal,UMAP
3.7050774,2.5215719,8,Bag,UMAP
8.360645,0.98495656,9,Ankle boot,UMAP
1.6001414,1.0417557,6,Shirt,UMAP
11.701647,4.9470086,7,Sneaker,UMAP
9.907358,5.2352405,5,Sandal,UMAP
-0.5554153,1.750321,2,Pullover,UMAP
2.7629485,5.6066422,0,T-shirt/top,UMAP
-1.4254036,7.550369,1,Trouser,UMAP
1.222297,6.5120163,0,T-shirt/top,UMAP
0.09288346,5.678801,6,Shirt,UMAP
3.7713282,2.561854,3,Dress,UMAP
-3.3649075,9.018387,1,Trouser,UMAP
3.1870794,4.933504,3,Dress,UMAP
0.38735774,2.3454666,4,Coat,UMAP
-0.004880884,0.7466829,2,Pullover,UMAP
10.533728,4.3925023,5,Sandal,UMAP
-3.261926,8.289667,1,Trouser,UMAP
9.848282,5.3556285,5,Sandal,UMAP
-2.0328772,2.7849312,2,Pullover,UMAP
2.2276797,1.6976289,6,Shirt,UMAP
0.6296917,3.7919602,2,Pullover,UMAP
10.058927,0.763295,9,Ankle boot,UMAP
10.667231,3.2646105,7,Sneaker,UMAP
10.404923,4.484323,5,Sandal,UMAP
0.7280743,7.436064,3,Dress,UMAP
3.3708904,5.120486,0,T-shirt/top,UMAP
1.8592386,2.2591164,2,Pullover,UMAP
1.6999505,4.3625207,6,Shirt,UMAP
0.42005742,1.1401561,2,Pullover,UMAP
3.3504832,6.0425386,6,Shirt,UMAP
2.361146,2.2505224,2,Pullover,UMAP
1.6864011,7.187575,3,Dress,UMAP
10.566711,0.65535694,9,Ankle boot,UMAP
4.675815,6.2256074,0,T-shirt/top,UMAP
-1.2562637,4.439735,4,Coat,UMAP
0.15096374,5.295279,6,Shirt,UMAP
7.3943796,2.488252,5,Sandal,UMAP
3.102056,6.468421,6,Shirt,UMAP
10.976442,2.7002206,7,Sneaker,UMAP
1.8744905,2.1817403,2,Pullover,UMAP
-0.32420442,3.4235213,4,Coat,UMAP
2.0333297,4.2862854,3,Dress,UMAP
8.563504,1.4672018,9,Ankle boot,UMAP
-1.2354296,5.806069,3,Dress,UMAP
5.134753,0.9487196,7,Sneaker,UMAP
2.739262,5.917235,0,T-shirt/top,UMAP
6.540235,2.88532,5,Sandal,UMAP
4.2940383,-1.3607879,8,Bag,UMAP
10.97784,1.5958984,9,Ankle boot,UMAP
-3.2440464,8.471479,1,Trouser,UMAP
10.707822,0.72752005,9,Ankle boot,UMAP
-0.23670796,0.6308016,4,Coat,UMAP
4.031075,5.1839585,0,T-shirt/top,UMAP
10.917514,4.758355,7,Sneaker,UMAP
4.234175,-1.9638084,8,Bag,UMAP
4.165029,-0.95365185,8,Bag,UMAP
11.406914,5.1384354,5,Sandal,UMAP
4.610887,1.1357949,8,Bag,UMAP
-2.2031462,4.7748747,4,Coat,UMAP
2.6798522,1.8280789,2,Pullover,UMAP
4.1111593,5.792775,0,T-shirt/top,UMAP
0.3082662,5.0296564,4,Coat,UMAP
11.946599,5.4857054,7,Sneaker,UMAP
-1.482805,3.8590565,4,Coat,UMAP
9.326993,0.43141863,9,Ankle boot,UMAP
2.303435,5.313138,6,Shirt,UMAP
-2.0143764,5.06171,3,Dress,UMAP
4.9230714,5.779008,0,T-shirt/top,UMAP
4.0565214,6.3281326,0,T-shirt/top,UMAP
7.4311814,2.549406,5,Sandal,UMAP
-3.2903347,8.533613,1,Trouser,UMAP
4.8926744,6.3336835,0,T-shirt/top,UMAP
12.212365,3.2703993,7,Sneaker,UMAP
0.46018875,3.511468,2,Pullover,UMAP
-0.063774936,3.7906647,4,Coat,UMAP
1.6348544,6.8528056,3,Dress,UMAP
0.4677211,2.405607,2,Pullover,UMAP
4.1238713,2.3698866,2,Pullover,UMAP
11.609814,5.146539,7,Sneaker,UMAP
1.3713412,7.4188356,3,Dress,UMAP
9.750589,4.2792163,5,Sandal,UMAP
2.811367,4.920274,0,T-shirt/top,UMAP
9.3215885,0.4245918,9,Ankle boot,UMAP
0.9498798,7.7524137,3,Dress,UMAP
4.465554,-2.023984,8,Bag,UMAP
10.438104,4.5166445,5,Sandal,UMAP
6.531245,2.8851578,5,Sandal,UMAP
3.782388,6.3197827,0,T-shirt/top,UMAP
3.6096187,5.040688,6,Shirt,UMAP
13.461808,4.5875063,7,Sneaker,UMAP
5.136576,-0.96225685,8,Bag,UMAP
0.73669857,5.380782,0,T-shirt/top,UMAP
4.947227,-1.0810465,8,Bag,UMAP
3.0884914,4.915901,0,T-shirt/top,UMAP
-3.729749,8.517662,1,Trouser,UMAP
-0.8467469,0.7024167,2,Pullover,UMAP
-3.4474695,7.9966526,1,Trouser,UMAP
12.073935,3.2313955,7,Sneaker,UMAP
8.273564,1.8953683,5,Sandal,UMAP
-0.4835631,3.2484038,2,Pullover,UMAP
4.196901,-0.9334871,8,Bag,UMAP
9.311048,0.7029357,9,Ankle boot,UMAP
4.539881,-0.822218,8,Bag,UMAP
-0.5455827,3.616386,2,Pullover,UMAP
2.6319466,1.7568293,2,Pullover,UMAP
0.33380532,5.5976014,1,Trouser,UMAP
4.1246214,5.861594,0,T-shirt/top,UMAP
-1.8194453,2.4424558,6,Shirt,UMAP
-2.8246334,7.525609,1,Trouser,UMAP
-2.4914045,6.6989446,3,Dress,UMAP
3.762102,5.1737103,0,T-shirt/top,UMAP
9.147603,1.271977,9,Ankle boot,UMAP
0.035154726,2.3445973,3,Dress,UMAP
3.8362765,5.355487,0,T-shirt/top,UMAP
11.066468,1.8273739,9,Ankle boot,UMAP
10.635369,2.490194,7,Sneaker,UMAP
1.1329494,3.0361395,2,Pullover,UMAP
0.0055274437,6.44735,0,T-shirt/top,UMAP
2.6351902,2.274909,4,Coat,UMAP
-0.6489198,0.6621675,4,Coat,UMAP
-2.0938504,2.877176,2,Pullover,UMAP
0.09908969,1.4433064,4,Coat,UMAP
1.3689758,2.1275046,2,Pullover,UMAP
12.308097,3.4593914,7,Sneaker,UMAP
4.706812,-0.7904594,8,Bag,UMAP
-1.2169236,0.7530482,4,Coat,UMAP
-1.7384331,3.483854,2,Pullover,UMAP
8.321837,2.309321,5,Sandal,UMAP
8.779284,0.87988394,9,Ankle boot,UMAP
-1.9445847,8.528289,1,Trouser,UMAP
10.760462,4.0765986,7,Sneaker,UMAP
-1.530792,3.6193893,4,Coat,UMAP
1.2131735,1.7748272,2,Pullover,UMAP
0.46883354,5.902535,6,Shirt,UMAP
1.2964399,7.1812253,3,Dress,UMAP
4.088728,4.2363544,0,T-shirt/top,UMAP
-1.2188432,4.4982567,3,Dress,UMAP
-1.6947848,8.268217,1,Trouser,UMAP
-1.1313872,2.274997,4,Coat,UMAP
6.206841,2.8012135,5,Sandal,UMAP
4.5985074,4.877612,0,T-shirt/top,UMAP
2.7364657,5.437144,0,T-shirt/top,UMAP
-0.47694772,2.5464807,4,Coat,UMAP
0.39973205,0.5475327,4,Coat,UMAP
-0.5082256,1.7086912,2,Pullover,UMAP
0.5343079,1.1017739,2,Pullover,UMAP
0.4385256,4.1910048,2,Pullover,UMAP
4.7189245,6.480663,0,T-shirt/top,UMAP
-0.030449482,1.429552,2,Pullover,UMAP
-2.0486813,2.773405,2,Pullover,UMAP
10.05202,6.227686,5,Sandal,UMAP
4.1436343,5.718565,0,T-shirt/top,UMAP
4.615684,4.891632,0,T-shirt/top,UMAP
0.5202395,6.0039954,0,T-shirt/top,UMAP
9.3377905,0.7339418,9,Ankle boot,UMAP
1.2212127,2.8846734,0,T-shirt/top,UMAP
-1.0113585,5.76787,3,Dress,UMAP
-3.183669,8.2564745,1,Trouser,UMAP
13.452228,4.284104,7,Sneaker,UMAP
10.984564,1.4122996,9,Ankle boot,UMAP
-0.10209646,2.3307056,6,Shirt,UMAP
0.023326594,6.460975,6,Shirt,UMAP
8.403177,1.1631618,9,Ankle boot,UMAP
13.402505,4.4344444,7,Sneaker,UMAP
0.74777615,7.624517,3,Dress,UMAP
0.6398845,1.3461552,4,Coat,UMAP
4.570021,-1.9901028,8,Bag,UMAP
0.7249716,1.8809764,2,Pullover,UMAP
0.5796745,5.559812,3,Dress,UMAP
11.993806,5.198832,7,Sneaker,UMAP
2.55302,6.3468533,3,Dress,UMAP
1.7680432,7.257225,3,Dress,UMAP
7.463179,2.4344473,5,Sandal,UMAP
4.7281613,5.7966757,0,T-shirt/top,UMAP
1.0767835,2.9777834,2,Pullover,UMAP
9.964497,1.3287998,9,Ankle boot,UMAP
3.3613987,5.720231,0,T-shirt/top,UMAP
1.4647113,7.311941,3,Dress,UMAP
11.0264635,1.5651314,9,Ankle boot,UMAP
9.338464,2.0547752,9,Ankle boot,UMAP
4.77385,6.385035,0,T-shirt/top,UMAP
9.823354,5.364346,5,Sandal,UMAP
10.039428,5.704178,5,Sandal,UMAP
11.75803,5.1653585,7,Sneaker,UMAP
4.0738554,5.266575,0,T-shirt/top,UMAP
10.825938,4.5946484,5,Sandal,UMAP
0.22632077,0.93078756,2,Pullover,UMAP
1.0493293,2.8505733,6,Shirt,UMAP
-3.3793156,8.205866,1,Trouser,UMAP
0.19492513,5.358254,6,Shirt,UMAP
-2.0333383,2.8420336,4,Coat,UMAP
2.2524807,2.3896174,0,T-shirt/top,UMAP
0.5912017,3.4540966,2,Pullover,UMAP
5.2431517,1.4948083,5,Sandal,UMAP
12.868061,3.831722,7,Sneaker,UMAP
3.4779587,4.9138427,0,T-shirt/top,UMAP
2.4741876,1.9029906,2,Pullover,UMAP
0.6941752,3.1829832,2,Pullover,UMAP
2.6623836,7.0565443,3,Dress,UMAP
9.894348,4.649084,5,Sandal,UMAP
10.592399,0.81103194,9,Ankle boot,UMAP
9.990022,5.951549,5,Sandal,UMAP
4.181262,-0.97296333,8,Bag,UMAP
1.2891756,1.7663732,4,Coat,UMAP
-0.6289654,1.9567828,4,Coat,UMAP
9.20698,1.4277081,9,Ankle boot,UMAP
10.492675,1.1134318,9,Ankle boot,UMAP
-1.9083439,4.4192452,3,Dress,UMAP
-1.7698449,2.3793635,6,Shirt,UMAP
8.618371,0.86598486,9,Ankle boot,UMAP
9.82542,1.2094122,9,Ankle boot,UMAP
8.774094,1.849692,9,Ankle boot,UMAP
5.3019986,1.2125801,8,Bag,UMAP
0.38941088,3.8695126,6,Shirt,UMAP
10.226297,0.48844707,9,Ankle boot,UMAP
0.25084728,1.5683106,6,Shirt,UMAP
-2.4890783,7.2827578,1,Trouser,UMAP
11.553194,5.1987286,5,Sandal,UMAP
6.607548,2.8486907,5,Sandal,UMAP
7.860224,2.3282511,5,Sandal,UMAP
0.25099823,4.1044064,3,Dress,UMAP
-1.85998,8.538542,1,Trouser,UMAP
-1.5644817,7.7177544,1,Trouser,UMAP
10.519279,1.1650869,9,Ankle boot,UMAP
10.394208,2.2970629,7,Sneaker,UMAP
-0.87000644,0.6416391,2,Pullover,UMAP
-3.2542362,7.687024,1,Trouser,UMAP
10.442271,1.0744522,9,Ankle boot,UMAP
-1.0453079,5.2000666,3,Dress,UMAP
9.572155,0.4366437,9,Ankle boot,UMAP
10.020606,4.8351965,7,Sneaker,UMAP
0.60824496,0.351136,2,Pullover,UMAP
4.801853,5.50521,0,T-shirt/top,UMAP
-1.375868,5.1669393,3,Dress,UMAP
0.07939321,1.5906489,4,Coat,UMAP
9.881194,4.474046,5,Sandal,UMAP
-1.947661,4.5017056,3,Dress,UMAP
4.774137,-1.0678475,8,Bag,UMAP
3.4467583,2.3310683,8,Bag,UMAP
10.7197695,0.7799031,7,Sneaker,UMAP
-2.0506132,2.522153,4,Coat,UMAP
8.60609,2.0444684,9,Ankle boot,UMAP
0.9277515,1.8596395,6,Shirt,UMAP
10.062121,4.44565,5,Sandal,UMAP
3.7988799,5.266269,0,T-shirt/top,UMAP
7.890178,2.3239703,5,Sandal,UMAP
10.895962,2.6601853,7,Sneaker,UMAP
1.0845453,2.0477269,2,Pullover,UMAP
0.09994786,1.5489653,2,Pullover,UMAP
4.0170226,-1.4178241,6,Shirt,UMAP
10.481048,2.3357227,7,Sneaker,UMAP
-0.39046842,3.2079,2,Pullover,UMAP
-3.7222953,8.485111,1,Trouser,UMAP
8.9684305,0.78761387,9,Ankle boot,UMAP
2.6337347,7.0636144,0,T-shirt/top,UMAP
3.7116566,6.6931896,6,Shirt,UMAP
4.619921,1.8718044,0,T-shirt/top,UMAP
12.516473,4.49128,7,Sneaker,UMAP
11.914524,3.110981,7,Sneaker,UMAP
2.9344053,6.110531,0,T-shirt/top,UMAP
-1.1196917,2.2218902,4,Coat,UMAP
2.6033235,7.0928655,3,Dress,UMAP
-2.4358988,4.951495,3,Dress,UMAP
4.9111342,5.7362347,0,T-shirt/top,UMAP
0.5078485,5.847689,6,Shirt,UMAP
4.728537,5.762268,6,Shirt,UMAP
4.734921,6.212809,0,T-shirt/top,UMAP
11.2579975,2.1023123,7,Sneaker,UMAP
-2.1184595,4.9888644,3,Dress,UMAP
13.4151125,4.7178235,7,Sneaker,UMAP
9.974347,5.9191413,5,Sandal,UMAP
4.6331573,6.279548,0,T-shirt/top,UMAP
2.412965,1.6098803,4,Coat,UMAP
10.109909,1.9628227,9,Ankle boot,UMAP
-2.8129098,6.9397655,3,Dress,UMAP
5.3521867,2.5330849,5,Sandal,UMAP
11.262327,3.595367,7,Sneaker,UMAP
0.8587268,0.22700818,2,Pullover,UMAP
11.471507,2.7482696,7,Sneaker,UMAP
-2.3085701,8.300292,1,Trouser,UMAP
4.5781713,5.1814413,0,T-shirt/top,UMAP
0.7328101,7.589143,3,Dress,UMAP
7.2780037,2.6774266,5,Sandal,UMAP
10.434309,1.3238885,9,Ankle boot,UMAP
2.4607244,2.4073362,2,Pullover,UMAP
2.5135233,5.5492377,0,T-shirt/top,UMAP
0.46925762,0.5358377,2,Pullover,UMAP
9.348019,1.9929603,7,Sneaker,UMAP
0.4493303,5.3386226,0,T-shirt/top,UMAP
2.4982846,2.248061,6,Shirt,UMAP
0.85988504,0.6762127,2,Pullover,UMAP
2.4430418,2.1866112,0,T-shirt/top,UMAP
10.028751,5.5967684,5,Sandal,UMAP
-1.8579447,8.188143,1,Trouser,UMAP
-0.94157135,3.1599827,4,Coat,UMAP
11.277651,5.230878,5,Sandal,UMAP
-2.1716602,8.240403,1,Trouser,UMAP
10.638267,2.6465685,9,Ankle boot,UMAP
0.9671059,7.8061934,1,Trouser,UMAP
0.5520912,4.1105914,4,Coat,UMAP
9.160183,1.812666,5,Sandal,UMAP
10.472432,2.3755279,7,Sneaker,UMAP
10.463216,2.7330525,5,Sandal,UMAP
5.063754,1.2891601,0,T-shirt/top,UMAP
-1.3237808,2.8415782,4,Coat,UMAP
10.8532505,2.6168623,7,Sneaker,UMAP
1.2009242,3.4406624,2,Pullover,UMAP
10.764513,3.7165697,5,Sandal,UMAP
9.241582,0.7573425,9,Ankle boot,UMAP
