component_1,component_2,label,class_name,method
8.907418,4.4266157,0,T-shirt/top,UMAP
9.434956,9.908923,6,Shirt,UMAP
3.6383898,8.22272,5,Sandal,UMAP
2.234112,8.317536,7,Sneaker,UMAP
1.6839093,9.711096,7,Sneaker,UMAP
5.993123,4.6245337,8,Bag,UMAP
1.4463494,10.422032,9,Ankle boot,UMAP
8.447794,7.6452103,6,Shirt,UMAP
9.262168,10.5249,2,Pullover,UMAP
8.836594,11.473602,2,Pullover,UMAP
10.850323,9.11887,3,Dress,UMAP
9.328346,11.571579,4,Coat,UMAP
2.022161,9.500484,9,Ankle boot,UMAP
10.329048,1.2729833,1,Trouser,UMAP
2.4759183,7.6884727,7,Sneaker,UMAP
9.602493,10.596186,2,Pullover,UMAP
9.877892,5.624497,0,T-shirt/top,UMAP
9.750247,8.618803,4,Coat,UMAP
8.38072,4.215745,3,Dress,UMAP
2.5930188,11.958848,9,Ankle boot,UMAP
8.693725,4.5474353,0,T-shirt/top,UMAP
1.8767828,10.213343,9,Ankle boot,UMAP
8.665749,4.4536815,6,Shirt,UMAP
10.269342,8.894283,4,Coat,UMAP
1.8860749,10.126413,9,Ankle boot,UMAP
0.7459229,8.699984,7,Sneaker,UMAP
1.7623492,10.192759,9,Ankle boot,UMAP
8.096494,6.5060053,0,T-shirt/top,UMAP
9.138944,7.125971,6,Shirt,UMAP
10.294132,10.961976,2,Pullover,UMAP
9.727047,4.720613,0,T-shirt/top,UMAP
0.8969171,8.039923,7,Sneaker,UMAP
1.201817,10.027968,7,Sneaker,UMAP
9.385344,5.3567333,0,T-shirt/top,UMAP
3.1180737,9.389587,5,Sandal,UMAP
9.076167,9.194612,4,Coat,UMAP
9.7354145,9.578492,6,Shirt,UMAP
1.8306932,7.446931,7,Sneaker,UMAP
3.5617006,8.270281,5,Sandal,UMAP
1.357675,7.263445,7,Sneaker,UMAP
1.4087498,8.14919,7,Sneaker,UMAP
8.147356,3.4113266,3,Dress,UMAP
9.071025,8.551452,4,Coat,UMAP
7.6095076,3.1703062,3,Dress,UMAP
11.828619,2.0101123,1,Trouser,UMAP
8.244804,8.586,2,Pullover,UMAP
3.6346104,8.1473255,5,Sandal,UMAP
5.201003,4.6167483,8,Bag,UMAP
9.8568,10.356974,2,Pullover,UMAP
10.341927,5.736987,6,Shirt,UMAP
2.3950336,7.700356,7,Sneaker,UMAP
3.2478745,11.325104,9,Ankle boot,UMAP
2.2713358,7.904464,7,Sneaker,UMAP
7.2726207,7.1755533,8,Bag,UMAP
5.4408927,4.9893045,8,Bag,UMAP
10.049668,4.7826605,6,Shirt,UMAP
10.256813,8.652369,4,Coat,UMAP
11.223779,2.5730667,1,Trouser,UMAP
8.432089,9.417388,6,Shirt,UMAP
9.503826,5.9886503,6,Shirt,UMAP
7.164016,3.26712,1,Trouser,UMAP
9.725087,10.809837,6,Shirt,UMAP
2.0140705,7.5489955,7,Sneaker,UMAP
7.5598683,4.2195964,3,Dress,UMAP
8.024515,7.871236,2,Pullover,UMAP
2.0086076,11.279936,9,Ankle boot,UMAP
11.789044,1.3892921,1,Trouser,UMAP
4.0351167,10.8827305,5,Sandal,UMAP
5.5171967,5.4901643,8,Bag,UMAP
11.218916,2.566249,1,Trouser,UMAP
8.97574,4.791066,6,Shirt,UMAP
10.244087,8.976443,4,Coat,UMAP
4.196228,9.816392,5,Sandal,UMAP
11.025037,8.675207,3,Dress,UMAP
9.441275,9.506591,2,Pullover,UMAP
10.300907,10.042769,4,Coat,UMAP
5.278582,5.532308,8,Bag,UMAP
9.452874,6.0933723,0,T-shirt/top,UMAP
11.610263,1.7717329,1,Trouser,UMAP
7.7630835,2.9224744,3,Dress,UMAP
6.3237557,7.0831194,8,Bag,UMAP
9.1174755,5.546106,0,T-shirt/top,UMAP
9.85886,7.7596006,3,Dress,UMAP
8.612465,6.0724416,0,T-shirt/top,UMAP
11.635802,1.5566536,1,Trouser,UMAP
9.318903,11.877657,0,T-shirt/top,UMAP
8.993425,9.47959,2,Pullover,UMAP
7.943696,9.237905,6,Shirt,UMAP
2.5762734,9.196157,8,Bag,UMAP
6.2977886,7.332151,8,Bag,UMAP
2.16184,6.906525,5,Sandal,UMAP
7.765077,10.073957,4,Coat,UMAP
1.0762428,7.586563,7,Sneaker,UMAP
3.2653692,11.342085,9,Ankle boot,UMAP
2.2615051,8.4867325,8,Bag,UMAP
9.653319,11.22342,4,Coat,UMAP
1.9221306,10.470163,9,Ankle boot,UMAP
9.853374,8.995852,6,Shirt,UMAP
8.287459,3.6388702,3,Dress,UMAP
1.9348819,7.529714,7,Sneaker,UMAP
5.212893,7.591676,8,Bag,UMAP
5.3660493,7.3931193,8,Bag,UMAP
6.2396364,5.0957966,8,Bag,UMAP
3.4439378,9.547449,5,Sandal,UMAP
12.231138,1.9455767,1,Trouser,UMAP
12.096608,1.726916,1,Trouser,UMAP
7.5371256,3.4589517,0,T-shirt/top,UMAP
7.933428,4.8514743,3,Dress,UMAP
2.3748505,7.9392247,7,Sneaker,UMAP
8.641751,7.4718595,6,Shirt,UMAP
8.024988,3.4060156,3,Dress,UMAP
2.191772,10.881426,9,Ankle boot,UMAP
5.590132,4.630296,8,Bag,UMAP
9.10763,9.628617,4,Coat,UMAP
8.894314,9.424524,6,Shirt,UMAP
4.2614985,10.882444,5,Sandal,UMAP
9.321949,10.159385,2,Pullover,UMAP
5.220734,5.4274893,8,Bag,UMAP
0.97836816,7.015352,7,Sneaker,UMAP
8.925044,5.717257,3,Dress,UMAP
9.64023,11.689055,2,Pullover,UMAP
1.8142298,7.856765,7,Sneaker,UMAP
9.700785,4.6987686,0,T-shirt/top,UMAP
8.525985,11.389924,2,Pullover,UMAP
0.62786084,9.38326,7,Sneaker,UMAP
8.165256,10.80396,4,Coat,UMAP
8.307099,5.895855,0,T-shirt/top,UMAP
4.0120196,10.866345,5,Sandal,UMAP
5.8947587,5.053691,8,Bag,UMAP
12.291611,0.5702101,1,Trouser,UMAP
3.625439,8.869293,5,Sandal,UMAP
10.155385,4.8950505,0,T-shirt/top,UMAP
10.833172,7.8310657,3,Dress,UMAP
2.541773,9.251341,9,Ankle boot,UMAP
5.076878,5.263668,8,Bag,UMAP
9.408171,5.196812,0,T-shirt/top,UMAP
0.69630575,7.5768013,7,Sneaker,UMAP
7.835712,8.531992,6,Shirt,UMAP
8.85095,9.819065,3,Dress,UMAP
11.170113,0.81429905,1,Trouser,UMAP
10.493173,10.55444,2,Pullover,UMAP
10.611859,9.662398,4,Coat,UMAP
8.92941,4.666317,0,T-shirt/top,UMAP
5.481214,7.868479,8,Bag,UMAP
9.462997,5.1819277,0,T-shirt/top,UMAP
9.991542,5.0924616,0,T-shirt/top,UMAP
5.2849,7.3292694,8,Bag,UMAP
5.840541,5.630147,8,Bag,UMAP
3.2157514,11.236687,9,Ankle boot,UMAP
2.960018,10.952932,9,Ankle boot,UMAP
10.1573,8.089929,4,Coat,UMAP
10.005983,4.7304773,0,T-shirt/top,UMAP
12.47462,2.0799298,3,Dress,UMAP
5.1983943,4.6235147,8,Bag,UMAP
8.278634,5.813044,3,Dress,UMAP
0.9515974,6.824556,7,Sneaker,UMAP
10.307206,8.913687,4,Coat,UMAP
8.794854,9.984884,6,Shirt,UMAP
4.3593335,11.157427,5,Sandal,UMAP
8.347243,10.715067,4,Coat,UMAP
7.1545534,4.1980276,6,Shirt,UMAP
8.232716,10.773246,6,Shirt,UMAP
11.187763,1.6232096,1,Trouser,UMAP
1.5415747,10.657114,9,Ankle boot,UMAP
9.452447,9.654792,6,Shirt,UMAP
10.78161,8.239242,3,Dress,UMAP
8.530774,9.790598,2,Pullover,UMAP
10.918123,8.981164,3,Dress,UMAP
9.584545,7.9964705,4,Coat,UMAP
4.236463,11.478413,5,Sandal,UMAP
11.756931,2.2255359,1,Trouser,UMAP
8.082227,8.780513,2,Pullover,UMAP
5.2871304,5.201071,8,Bag,UMAP
11.74333,2.2546327,1,Trouser,UMAP
11.025983,8.960122,4,Coat,UMAP
1.8974786,10.113426,9,Ankle boot,UMAP
4.3528037,9.994847,5,Sandal,UMAP
9.1084175,10.112272,6,Shirt,UMAP
9.695781,11.184561,4,Coat,UMAP
10.109132,4.789519,0,T-shirt/top,UMAP
7.664378,3.4865596,3,Dress,UMAP
2.1643238,11.5922,9,Ankle boot,UMAP
11.800921,0.8876743,1,Trouser,UMAP
8.923904,4.5787644,0,T-shirt/top,UMAP
2.457028,10.1240425,9,Ankle boot,UMAP
7.61666,9.344985,2,Pullover,UMAP
12.046572,0.5870249,5,Sandal,UMAP
8.380009,9.322057,6,Shirt,UMAP
4.4755397,9.942124,5,Sandal,UMAP
5.2606587,4.567517,8,Bag,UMAP
10.121375,5.691087,0,T-shirt/top,UMAP
9.373452,11.5721855,4,Coat,UMAP
11.017643,8.944103,3,Dress,UMAP
5.948984,5.1261497,8,Bag,UMAP
10.02494,11.516099,4,Coat,UMAP
8.97098,5.8181753,0,T-shirt/top,UMAP
5.080791,5.106739,8,Bag,UMAP
1.396232,7.696503,7,Sneaker,UMAP
9.575808,4.857329,0,T-shirt/top,UMAP
11.246476,2.510578,1,Trouser,UMAP
8.352402,3.6907437,0,T-shirt/top,UMAP
9.697782,10.1526375,4,Coat,UMAP
9.891352,10.664388,2,Pullover,UMAP
10.2704,5.7398434,0,T-shirt/top,UMAP
3.3807695,9.487599,5,Sandal,UMAP
5.3346157,5.46248,8,Bag,UMAP
8.466163,8.373849,2,Pullover,UMAP
10.546566,5.09336,3,Dress,UMAP
7.5555224,9.087779,3,Dress,UMAP
3.5053692,8.323644,5,Sandal,UMAP
11.998343,0.8909072,1,Trouser,UMAP
2.4693508,7.4731584,7,Sneaker,UMAP
2.809497,12.003378,9,Ankle boot,UMAP
8.152924,3.21652,3,Dress,UMAP
9.396723,5.7194295,0,T-shirt/top,UMAP
2.4940534,11.743655,9,Ankle boot,UMAP
4.3434534,11.330274,5,Sandal,UMAP
10.30486,5.7498302,0,T-shirt/top,UMAP
8.577825,3.7967365,3,Dress,UMAP
2.5114837,10.010588,9,Ankle boot,UMAP
9.655752,8.547742,4,Coat,UMAP
2.0596564,10.717511,9,Ankle boot,UMAP
10.166409,6.2495065,0,T-shirt/top,UMAP
7.5538244,9.277734,6,Shirt,UMAP
8.504045,6.2442837,0,T-shirt/top,UMAP
8.082376,4.6140018,3,Dress,UMAP
5.692461,7.6934314,8,Bag,UMAP
7.949326,5.613085,0,T-shirt/top,UMAP
8.017281,5.7067494,0,T-shirt/top,UMAP
3.8324466,10.698081,5,Sandal,UMAP
9.281286,7.007112,3,Dress,UMAP
11.55302,1.627527,1,Trouser,UMAP
9.603271,9.153281,6,Shirt,UMAP
10.064726,4.914598,0,T-shirt/top,UMAP
9.295388,11.49218,2,Pullover,UMAP
10.219757,8.688799,3,Dress,UMAP
11.920148,0.7413878,1,Trouser,UMAP
7.4283624,3.4507499,3,Dress,UMAP
1.7794547,11.114197,9,Ankle boot,UMAP
4.659984,10.93048,5,Sandal,UMAP
5.0774,7.710502,8,Bag,UMAP
11.926701,0.79177207,1,Trouser,UMAP
11.174216,2.4928017,1,Trouser,UMAP
9.654656,11.289684,4,Coat,UMAP
0.7346396,9.551571,7,Sneaker,UMAP
6.0033917,7.256163,6,Shirt,UMAP
9.790341,7.908052,3,Dress,UMAP
9.942366,5.91985,0,T-shirt/top,UMAP
5.038968,5.396861,8,Bag,UMAP
9.800023,7.9063783,6,Shirt,UMAP
7.7512436,4.8816743,3,Dress,UMAP
7.9148736,3.771945,6,Shirt,UMAP
9.502728,8.233712,4,Coat,UMAP
10.308894,10.89394,4,Coat,UMAP
10.2879925,9.596813,4,Coat,UMAP
10.544506,10.522676,4,Coat,UMAP
7.774575,9.99834,2,Pullover,UMAP
8.346482,3.4113948,3,Dress,UMAP
9.238189,8.476268,4,Coat,UMAP
2.6776164,12.001615,9,Ankle boot,UMAP
5.646165,5.1052003,8,Bag,UMAP
9.146052,8.798051,6,Shirt,UMAP
9.1075735,7.756337,0,T-shirt/top,UMAP
0.600165,9.400801,7,Sneaker,UMAP
1.5065113,10.448705,9,Ankle boot,UMAP
3.6350877,8.272486,5,Sandal,UMAP
9.981708,11.164287,4,Coat,UMAP
9.685253,5.8156605,0,T-shirt/top,UMAP
8.185029,8.83275,2,Pullover,UMAP
11.330033,1.8202631,1,Trouser,UMAP
5.5695662,4.636867,8,Bag,UMAP
5.5291286,7.2165933,8,Bag,UMAP
5.999475,7.083606,8,Bag,UMAP
9.838117,4.6054296,0,T-shirt/top,UMAP
4.7108054,10.727305,5,Sandal,UMAP
9.440392,11.332397,2,Pullover,UMAP
6.304773,7.0660973,8,Bag,UMAP
9.515429,11.399427,6,Shirt,UMAP
0.773355,8.707227,7,Sneaker,UMAP
5.9613533,5.510611,8,Bag,UMAP
8.623659,5.9332113,3,Dress,UMAP
2.6019118,10.435827,9,Ankle boot,UMAP
7.345861,3.8479884,6,Shirt,UMAP
12.22201,2.0118275,1,Trouser,UMAP
11.925946,0.674288,1,Trouser,UMAP
8.339286,4.405768,3,Dress,UMAP
12.148245,1.2033771,1,Trouser,UMAP
10.019833,10.377318,6,Shirt,UMAP
9.5935,11.507683,6,Shirt,UMAP
8.706106,9.753135,2,Pullover,UMAP
7.8017435,8.896602,2,Pullover,UMAP
5.26605,5.508256,8,Bag,UMAP
8.785834,9.431744,6,Shirt,UMAP
7.750402,5.0080214,0,T-shirt/top,UMAP
7.44711,3.225325,3,Dress,UMAP
7.3220124,3.5864213,3,Dress,UMAP
7.89929,9.520699,2,Pullover,UMAP
7.748928,3.9803452,3,Dress,UMAP
2.264157,10.543251,9,Ankle boot,UMAP
8.493715,9.145305,4,Coat,UMAP
9.708981,4.630663,0,T-shirt/top,UMAP
9.222836,4.7121067,6,Shirt,UMAP
3.635155,8.024835,5,Sandal,UMAP
9.63198,4.612244,0,T-shirt/top,UMAP
10.07134,8.595792,4,Coat,UMAP
8.676447,9.113389,4,Coat,UMAP
0.7949761,7.148309,7,Sneaker,UMAP
1.9052399,10.95196,9,Ankle boot,UMAP
8.961864,8.356708,2,Pullover,UMAP
1.2230142,8.232317,7,Sneaker,UMAP
5.1487904,5.3784347,8,Bag,UMAP
1.6512511,9.6209545,7,Sneaker,UMAP
11.4887905,1.736603,1,Trouser,UMAP
9.2845545,11.700948,4,Coat,UMAP
9.620597,9.580536,6,Shirt,UMAP
3.6174548,8.353789,5,Sandal,UMAP
11.423574,1.8871763,1,Trouser,UMAP
1.6926419,9.731618,9,Ankle boot,UMAP
3.350396,9.491617,5,Sandal,UMAP
8.936177,9.24517,6,Shirt,UMAP
8.997468,6.299887,0,T-shirt/top,UMAP
9.260118,11.683751,2,Pullover,UMAP
7.6962376,3.6993651,0,T-shirt/top,UMAP
5.177114,7.9515347,8,Bag,UMAP
9.30425,10.914586,4,Coat,UMAP
2.427184,7.750023,7,Sneaker,UMAP
9.933627,5.2919807,0,T-shirt/top,UMAP
9.430773,5.205423,0,T-shirt/top,UMAP
9.52756,7.148602,6,Shirt,UMAP
9.745141,8.244646,2,Pullover,UMAP
9.835741,10.466429,4,Coat,UMAP
7.136319,3.1602213,3,Dress,UMAP
2.3468869,7.7822537,7,Sneaker,UMAP
8.280561,3.489283,3,Dress,UMAP
9.870849,9.687798,4,Coat,UMAP
9.160008,11.471366,2,Pullover,UMAP
7.95736,3.3551233,3,Dress,UMAP
1.0453163,7.296748,7,Sneaker,UMAP
9.708662,10.783233,4,Coat,UMAP
4.1021776,10.6226845,5,Sandal,UMAP
2.5407505,7.426034,7,Sneaker,UMAP
7.2017074,6.444486,5,Sandal,UMAP
10.246585,5.9881053,0,T-shirt/top,UMAP
3.1275263,9.645775,5,Sandal,UMAP
9.359863,9.535232,6,Shirt,UMAP
0.6044627,7.2510357,7,Sneaker,UMAP
10.620477,0.97349757,1,Trouser,UMAP
5.44248,5.3980365,8,Bag,UMAP
1.8376364,9.923799,9,Ankle boot,UMAP
12.045124,0.56233525,1,Trouser,UMAP
9.523837,4.667295,0,T-shirt/top,UMAP
10.310945,1.2505698,1,Trouser,UMAP
2.4392617,7.566228,7,Sneaker,UMAP
2.350339,7.729191,8,Bag,UMAP
1.9944146,10.44717,9,Ankle boot,UMAP
8.971844,9.211695,6,Shirt,UMAP
1.9495969,11.004258,9,Ankle boot,UMAP
9.676389,5.3239813,3,Dress,UMAP
9.4950075,5.17387,0,T-shirt/top,UMAP
9.369585,9.366493,6,Shirt,UMAP
10.472942,10.337501,4,Coat,UMAP
9.815668,11.32217,2,Pullover,UMAP
1.4667243,7.6270494,7,Sneaker,UMAP
1.4724563,7.7593737,7,Sneaker,UMAP
9.21816,11.347889,4,Coat,UMAP
1.6177325,6.4040766,5,Sandal,UMAP
10.45418,9.747765,2,Pullover,UMAP
9.318663,11.412428,4,Coat,UMAP
9.037467,11.718433,4,Coat,UMAP
7.706376,5.0247188,6,Shirt,UMAP
1.6139368,7.3781395,7,Sneaker,UMAP
11.655474,1.3097688,1,Trouser,UMAP
2.0219162,11.013433,9,Ankle boot,UMAP
8.399897,7.7998567,6,Shirt,UMAP
9.342835,8.212908,6,Shirt,UMAP
2.031854,6.921231,5,Sandal,UMAP
9.945997,5.105649,0,T-shirt/top,UMAP
10.13691,7.683445,3,Dress,UMAP
12.236105,0.68069977,1,Trouser,UMAP
7.6282663,4.5975695,0,T-shirt/top,UMAP
2.2473228,9.968426,9,Ankle boot,UMAP
10.2321825,4.9653187,0,T-shirt/top,UMAP
7.0008016,3.7500494,3,Dress,UMAP
7.880563,9.84529,2,Pullover,UMAP
8.311354,8.426447,2,Pullover,UMAP
8.269179,8.78422,2,Pullover,UMAP
2.544448,11.996573,9,Ankle boot,UMAP
8.52245,8.179389,2,Pullover,UMAP
10.243751,8.154337,4,Coat,UMAP
10.2394085,10.875037,4,Coat,UMAP
1.666815,10.660578,9,Ankle boot,UMAP
6.3619847,7.2053704,8,Bag,UMAP
9.608548,7.1526456,6,Shirt,UMAP
1.8933039,7.3597574,7,Sneaker,UMAP
7.369702,3.7225575,3,Dress,UMAP
12.134361,1.6166757,1,Trouser,UMAP
12.127967,1.791974,1,Trouser,UMAP
8.010691,5.0006,6,Shirt,UMAP
7.860688,3.1233673,3,Dress,UMAP
0.63257235,7.3155866,7,Sneaker,UMAP
10.645151,8.727648,4,Coat,UMAP
10.306844,8.394174,4,Coat,UMAP
10.517716,9.871256,2,Pullover,UMAP
1.2354411,7.567017,7,Sneaker,UMAP
7.128091,4.0483594,3,Dress,UMAP
2.5693266,11.920877,9,Ankle boot,UMAP
3.636917,8.262467,5,Sandal,UMAP
3.6365352,8.287628,5,Sandal,UMAP
2.6189892,10.211991,9,Ankle boot,UMAP
9.811041,9.443096,6,Shirt,UMAP
1.6686386,9.941944,9,Ankle boot,UMAP
9.222264,10.354596,2,Pullover,UMAP
9.138204,4.2305417,3,Dress,UMAP
9.03601,8.716454,2,Pullover,UMAP
8.570192,8.472043,2,Pullover,UMAP
5.71789,7.836026,8,Bag,UMAP
8.0882225,10.722342,6,Shirt,UMAP
10.155462,10.434399,4,Coat,UMAP
1.4226412,7.8609157,7,Sneaker,UMAP
1.6203012,10.829574,9,Ankle boot,UMAP
6.1058116,7.8360586,8,Bag,UMAP
9.624372,7.063498,6,Shirt,UMAP
1.3516263,7.646861,7,Sneaker,UMAP
2.8259578,8.58708,5,Sandal,UMAP
2.3367736,9.98857,9,Ankle boot,UMAP
8.177973,8.105156,2,Pullover,UMAP
6.1794276,7.7611403,8,Bag,UMAP
11.945792,2.149611,1,Trouser,UMAP
1.5838233,10.663208,9,Ankle boot,UMAP
10.852869,7.84916,4,Coat,UMAP
2.248267,11.74582,9,Ankle boot,UMAP
3.6512575,11.052123,9,Ankle boot,UMAP
8.947489,9.374572,6,Shirt,UMAP
9.756605,5.85521,0,T-shirt/top,UMAP
3.2273567,7.935374,5,Sandal,UMAP
9.946711,4.84565,0,T-shirt/top,UMAP
5.589271,4.675346,8,Bag,UMAP
9.158442,7.9738445,6,Shirt,UMAP
5.8357325,7.2984786,8,Bag,UMAP
10.888876,0.6251899,1,Trouser,UMAP
9.937722,8.765578,4,Coat,UMAP
10.464067,10.3664465,4,Coat,UMAP
0.6789531,7.2291937,7,Sneaker,UMAP
10.080396,8.346231,3,Dress,UMAP
10.955011,8.8629265,3,Dress,UMAP
8.567419,7.6987724,2,Pullover,UMAP
7.502248,4.1199355,3,Dress,UMAP
12.14945,1.648341,1,Trouser,UMAP
9.537443,5.8751636,0,T-shirt/top,UMAP
10.197401,9.074242,4,Coat,UMAP
9.876514,8.014429,4,Coat,UMAP
2.7302415,12.001323,9,Ankle boot,UMAP
8.910615,7.295093,6,Shirt,UMAP
10.373166,5.6892676,0,T-shirt/top,UMAP
2.2185102,10.739279,9,Ankle boot,UMAP
5.170096,5.2593994,8,Bag,UMAP
5.4272947,4.8467407,8,Bag,UMAP
10.246305,8.204236,3,Dress,UMAP
1.9653343,9.735767,9,Ankle boot,UMAP
1.0591135,9.7424345,7,Sneaker,UMAP
8.95277,5.0389795,0,T-shirt/top,UMAP
10.892361,1.2798439,1,Trouser,UMAP
8.802136,9.745639,2,Pullover,UMAP
8.053593,3.4649312,3,Dress,UMAP
8.158329,3.9122713,3,Dress,UMAP
7.600855,3.4433038,3,Dress,UMAP
1.7014977,8.101807,5,Sandal,UMAP
9.050257,8.908904,6,Shirt,UMAP
9.613006,5.961815,6,Shirt,UMAP
12.197625,0.66794443,1,Trouser,UMAP
7.6702275,4.3132205,6,Shirt,UMAP
10.6841135,4.988757,3,Dress,UMAP
6.984193,3.6125336,3,Dress,UMAP
4.28542,11.451627,5,Sandal,UMAP
7.5063596,4.799334,8,Bag,UMAP
9.29935,9.848297,4,Coat,UMAP
5.9040546,4.441197,8,Bag,UMAP
1.0541044,7.6723003,7,Sneaker,UMAP
8.669501,4.4318542,6,Shirt,UMAP
2.2895403,7.9319615,7,Sneaker,UMAP
9.392054,9.007228,2,Pullover,UMAP
10.243308,1.3172885,1,Trouser,UMAP
10.375811,1.1980394,1,Trouser,UMAP
7.6419935,2.9947624,3,Dress,UMAP
8.959115,8.517838,8,Bag,UMAP
9.418221,9.704611,6,Shirt,UMAP
8.424883,5.892998,0,T-shirt/top,UMAP
1.6932611,10.04169,9,Ankle boot,UMAP
2.349298,7.8780074,7,Sneaker,UMAP
4.1790442,11.53158,5,Sandal,UMAP
5.3796697,5.530053,8,Bag,UMAP
8.31417,8.617175,2,Pullover,UMAP
7.1831436,3.3021462,3,Dress,UMAP
3.6033187,9.652299,5,Sandal,UMAP
1.707387,10.261818,9,Ankle boot,UMAP
1.0962377,7.2022147,7,Sneaker,UMAP
8.756907,5.969164,0,T-shirt/top,UMAP
11.251135,2.474846,1,Trouser,UMAP
11.984736,2.0354035,1,Trouser,UMAP
2.717186,10.6692095,9,Ankle boot,UMAP
5.6217556,7.252277,8,Bag,UMAP
9.021811,6.768782,6,Shirt,UMAP
7.4650803,7.522084,0,T-shirt/top,UMAP
10.066225,4.8096247,0,T-shirt/top,UMAP
12.407776,1.9711925,1,Trouser,UMAP
7.9636564,8.664085,2,Pullover,UMAP
7.894987,9.62812,2,Pullover,UMAP
10.933281,8.100912,4,Coat,UMAP
10.58908,9.866499,4,Coat,UMAP
5.2719045,5.0827856,8,Bag,UMAP
11.470835,1.7500052,1,Trouser,UMAP
8.123498,10.832434,3,Dress,UMAP
1.0884267,9.935817,7,Sneaker,UMAP
9.774787,5.225546,3,Dress,UMAP
9.60451,8.674585,6,Shirt,UMAP
12.1394825,0.56119084,1,Trouser,UMAP
8.6703825,7.468302,0,T-shirt/top,UMAP
4.203027,11.224425,5,Sandal,UMAP
10.500995,5.9570546,0,T-shirt/top,UMAP
11.236887,0.86267793,1,Trouser,UMAP
0.9828686,6.830124,7,Sneaker,UMAP
10.463645,7.829672,3,Dress,UMAP
2.1044374,9.857682,9,Ankle boot,UMAP
7.7777033,3.6180303,8,Bag,UMAP
7.0034375,3.5356667,3,Dress,UMAP
2.814262,10.547743,9,Ankle boot,UMAP
8.567042,7.8366756,6,Shirt,UMAP
2.3723338,11.712595,9,Ankle boot,UMAP
4.255084,11.0915365,5,Sandal,UMAP
10.095684,10.488939,4,Coat,UMAP
0.5648355,7.289132,7,Sneaker,UMAP
7.246798,4.293904,0,T-shirt/top,UMAP
7.203054,3.9629703,3,Dress,UMAP
1.9152037,11.054691,9,Ankle boot,UMAP
0.73266596,7.2918935,7,Sneaker,UMAP
1.9295644,9.996675,9,Ankle boot,UMAP
9.821855,5.8963265,6,Shirt,UMAP
9.201792,11.751188,4,Coat,UMAP
3.446349,8.594977,5,Sandal,UMAP
6.231488,6.962831,6,Shirt,UMAP
8.403947,8.97314,2,Pullover,UMAP
12.244498,0.49102727,1,Trouser,UMAP
4.0747685,11.404213,5,Sandal,UMAP
7.9274774,3.8754947,3,Dress,UMAP
10.561931,10.424359,4,Coat,UMAP
11.797392,1.3955407,1,Trouser,UMAP
4.293748,11.24529,5,Sandal,UMAP
4.0791526,11.18749,5,Sandal,UMAP
2.2851484,8.545034,8,Bag,UMAP
5.262089,7.3716846,8,Bag,UMAP
2.0595253,10.055344,9,Ankle boot,UMAP
9.07084,10.97527,4,Coat,UMAP
2.340704,10.772081,9,Ankle boot,UMAP
3.5706341,8.576484,5,Sandal,UMAP
0.5840475,9.429202,7,Sneaker,UMAP
5.708829,7.8394237,8,Bag,UMAP
1.0201175,7.1371603,7,Sneaker,UMAP
11.608781,2.49487,1,Trouser,UMAP
8.539319,3.8627486,3,Dress,UMAP
12.426248,2.024898,1,Trouser,UMAP
8.881203,5.6950364,6,Shirt,UMAP
10.911003,1.2590083,1,Trouser,UMAP
9.363249,6.0023704,3,Dress,UMAP
11.008364,8.530673,3,Dress,UMAP
12.141473,2.1355572,1,Trouser,UMAP
10.819262,8.219939,3,Dress,UMAP
6.1872005,5.2912626,8,Bag,UMAP
2.3313246,10.214293,9,Ankle boot,UMAP
2.0668736,10.4892,9,Ankle boot,UMAP
10.323396,10.118586,4,Coat,UMAP
11.148334,1.2956415,1,Trouser,UMAP
9.117991,4.9485507,0,T-shirt/top,UMAP
6.228901,7.7637672,8,Bag,UMAP
7.636649,9.321557,6,Shirt,UMAP
8.792813,10.833388,2,Pullover,UMAP
9.0623,4.9695344,0,T-shirt/top,UMAP
1.2938724,8.043378,7,Sneaker,UMAP
1.4084705,10.401207,9,Ankle boot,UMAP
5.7356696,4.6230564,8,Bag,UMAP
8.964879,10.640877,2,Pullover,UMAP
2.4108117,8.738502,5,Sandal,UMAP
8.979019,10.5730295,4,Coat,UMAP
9.370907,5.3472934,6,Shirt,UMAP
7.7827396,4.1495566,3,Dress,UMAP
11.530245,2.1609106,1,Trouser,UMAP
1.0418872,7.3350735,7,Sneaker,UMAP
9.749745,9.716267,2,Pullover,UMAP
4.037862,11.290102,5,Sandal,UMAP
9.892075,10.48722,2,Pullover,UMAP
8.921746,9.388779,6,Shirt,UMAP
5.596809,5.2613907,8,Bag,UMAP
9.557593,11.509287,2,Pullover,UMAP
3.5066526,9.182091,5,Sandal,UMAP
8.963364,10.05263,2,Pullover,UMAP
8.150795,6.0079327,0,T-shirt/top,UMAP
2.5693798,9.096569,7,Sneaker,UMAP
12.209262,0.66971403,1,Trouser,UMAP
8.240178,9.21336,2,Pullover,UMAP
1.4565579,10.0500345,9,Ankle boot,UMAP
10.29006,7.687298,3,Dress,UMAP
8.872412,5.6066136,0,T-shirt/top,UMAP
11.692939,2.1297913,1,Trouser,UMAP
5.183989,7.627993,8,Bag,UMAP
8.829756,4.8070264,0,T-shirt/top,UMAP
5.678285,5.0831604,8,Bag,UMAP
3.4886014,8.51355,5,Sandal,UMAP
9.397214,9.835174,6,Shirt,UMAP
5.7263865,4.7085123,8,Bag,UMAP
4.3085704,9.799068,5,Sandal,UMAP
2.4091632,9.916979,9,Ankle boot,UMAP
9.426217,5.120565,0,T-shirt/top,UMAP
1.0507762,6.770132,7,Sneaker,UMAP
1.6743668,8.541673,7,Sneaker,UMAP
10.135792,4.906913,0,T-shirt/top,UMAP
8.878533,4.780953,0,T-shirt/top,UMAP
10.224998,8.516221,4,Coat,UMAP
11.976767,1.9150574,1,Trouser,UMAP
12.033942,0.5972796,1,Trouser,UMAP
9.52774,9.246511,6,Shirt,UMAP
6.4757338,7.0833874,8,Bag,UMAP
9.395816,10.94762,4,Coat,UMAP
11.952791,0.6492337,1,Trouser,UMAP
9.699011,9.924967,2,Pullover,UMAP
0.8881413,6.881914,7,Sneaker,UMAP
3.339669,8.535976,5,Sandal,UMAP
0.9328583,8.440654,5,Sandal,UMAP
3.08987,10.645428,9,Ankle boot,UMAP
10.522773,9.801713,2,Pullover,UMAP
4.7295384,10.84158,5,Sandal,UMAP
1.5372627,7.5807714,7,Sneaker,UMAP
2.141508,10.848094,9,Ankle boot,UMAP
9.05941,9.688864,6,Shirt,UMAP
1.2196419,7.5600796,7,Sneaker,UMAP
9.003139,4.411319,0,T-shirt/top,UMAP
7.2588854,3.5918064,6,Shirt,UMAP
1.1779933,9.875847,9,Ankle boot,UMAP
10.35153,9.840833,2,Pullover,UMAP
8.558015,7.515117,6,Shirt,UMAP
2.9339497,11.12354,9,Ankle boot,UMAP
8.4637,8.110879,6,Shirt,UMAP
8.2163,10.158616,6,Shirt,UMAP
10.06985,4.8984227,0,T-shirt/top,UMAP
10.059406,10.903314,4,Coat,UMAP
10.917323,8.189574,4,Coat,UMAP
10.39296,5.6641893,0,T-shirt/top,UMAP
9.241569,10.43778,4,Coat,UMAP
4.694573,10.03388,5,Sandal,UMAP
9.413219,9.298961,6,Shirt,UMAP
2.1931272,10.222969,9,Ankle boot,UMAP
8.218446,3.4928896,3,Dress,UMAP
6.128313,7.755761,8,Bag,UMAP
9.782673,11.518708,6,Shirt,UMAP
1.168429,8.245502,7,Sneaker,UMAP
2.4334183,7.6662207,5,Sandal,UMAP
10.616522,10.396499,2,Pullover,UMAP
11.596424,1.7241744,1,Trouser,UMAP
9.472106,7.494968,3,Dress,UMAP
6.1799154,7.19813,6,Shirt,UMAP
9.514183,9.7294655,2,Pullover,UMAP
2.8722403,7.5110555,8,Bag,UMAP
8.034085,4.139259,3,Dress,UMAP
9.38778,6.040397,0,T-shirt/top,UMAP
7.1719646,3.5093427,3,Dress,UMAP
10.232371,8.338913,4,Coat,UMAP
5.8406644,4.392664,8,Bag,UMAP
10.253955,10.924898,4,Coat,UMAP
9.336936,9.322659,6,Shirt,UMAP
11.850069,2.064336,1,Trouser,UMAP
9.748181,11.392694,4,Coat,UMAP
9.481509,6.4686294,3,Dress,UMAP
5.2512693,7.952566,8,Bag,UMAP
12.378954,1.9961404,1,Trouser,UMAP
10.141694,1.3087583,3,Dress,UMAP
9.414829,11.031229,4,Coat,UMAP
1.8865863,11.08582,9,Ankle boot,UMAP
2.881626,8.526485,5,Sandal,UMAP
9.894611,10.918432,4,Coat,UMAP
6.1997576,7.52862,8,Bag,UMAP
10.564166,5.082004,3,Dress,UMAP
11.983243,1.907992,1,Trouser,UMAP
2.0986373,11.474018,9,Ankle boot,UMAP
1.6637869,6.4182734,5,Sandal,UMAP
8.33589,10.648185,2,Pullover,UMAP
10.590388,10.440885,4,Coat,UMAP
6.9690757,3.3881066,3,Dress,UMAP
9.738194,5.7882614,0,T-shirt/top,UMAP
8.503093,4.793008,0,T-shirt/top,UMAP
1.128344,7.0650344,7,Sneaker,UMAP
10.032588,6.306166,6,Shirt,UMAP
10.497105,9.957897,2,Pullover,UMAP
7.343984,9.317803,5,Sandal,UMAP
10.063229,9.101065,4,Coat,UMAP
8.645574,10.3604765,2,Pullover,UMAP
1.8907524,11.239617,9,Ankle boot,UMAP
10.852683,0.7781697,1,Trouser,UMAP
7.902508,6.9978604,6,Shirt,UMAP
12.288282,0.5506462,1,Trouser,UMAP
0.8833539,9.828698,7,Sneaker,UMAP
2.1022341,11.579977,9,Ankle boot,UMAP
8.582908,10.62372,2,Pullover,UMAP
7.473079,3.5770612,3,Dress,UMAP
10.01853,5.7239203,6,Shirt,UMAP
8.744239,8.988007,6,Shirt,UMAP
11.105455,1.4279617,1,Trouser,UMAP
10.370191,8.676929,4,Coat,UMAP
10.04482,8.488217,4,Coat,UMAP
10.902208,7.8014536,3,Dress,UMAP
4.7184834,10.756964,5,Sandal,UMAP
9.85535,5.8224664,6,Shirt,UMAP
1.298416,8.072075,7,Sneaker,UMAP
9.500151,5.360168,0,T-shirt/top,UMAP
2.1107156,8.403518,5,Sandal,UMAP
2.7245772,8.074084,5,Sandal,UMAP
3.301975,10.903357,9,Ankle boot,UMAP
1.8624291,10.219262,9,Ankle boot,UMAP
5.9622674,4.7412157,8,Bag,UMAP
9.843814,5.280609,6,Shirt,UMAP
9.870859,10.550877,4,Coat,UMAP
5.5275745,7.390081,8,Bag,UMAP
2.5555212,7.694015,7,Sneaker,UMAP
9.950731,8.442739,4,Coat,UMAP
1.2476519,6.719521,7,Sneaker,UMAP
5.373127,7.3431873,8,Bag,UMAP
4.155876,11.281983,5,Sandal,UMAP
10.142796,9.911675,4,Coat,UMAP
7.6751437,9.61186,4,Coat,UMAP
2.6524653,11.962939,9,Ankle boot,UMAP
9.247787,4.0730805,3,Dress,UMAP
8.336647,8.916873,2,Pullover,UMAP
10.702217,7.842698,0,T-shirt/top,UMAP
11.508447,2.1917424,1,Trouser,UMAP
9.809088,9.001306,2,Pullover,UMAP
5.1513486,5.3655906,8,Bag,UMAP
7.4184775,4.1795497,3,Dress,UMAP
5.355036,4.7292094,8,Bag,UMAP
10.916963,0.97743434,1,Trouser,UMAP
10.193326,8.971918,4,Coat,UMAP
9.433916,11.033657,2,Pullover,UMAP
9.343112,10.968963,4,Coat,UMAP
1.9994445,8.6445,7,Sneaker,UMAP
0.6321409,7.513314,7,Sneaker,UMAP
8.668781,10.91112,2,Pullover,UMAP
3.0808442,11.591232,9,Ankle boot,UMAP
7.3571515,7.0771985,8,Bag,UMAP
5.042555,7.4501867,8,Bag,UMAP
2.6550918,9.223978,5,Sandal,UMAP
12.219176,1.7894031,1,Trouser,UMAP
11.379063,1.8079638,1,Trouser,UMAP
10.030508,8.741555,6,Shirt,UMAP
10.232917,10.12782,2,Pullover,UMAP
4.716602,10.77798,5,Sandal,UMAP
12.419998,1.9500974,1,Trouser,UMAP
7.986863,10.217472,4,Coat,UMAP
10.222779,5.6683865,0,T-shirt/top,UMAP
10.456642,6.0437183,6,Shirt,UMAP
9.773716,11.447682,6,Shirt,UMAP
0.66389894,9.382145,7,Sneaker,UMAP
5.1011963,5.292526,8,Bag,UMAP
2.0085027,10.958826,5,Sandal,UMAP
1.1983215,8.733861,7,Sneaker,UMAP
8.488424,10.876262,2,Pullover,UMAP
2.3126822,7.7101545,7,Sneaker,UMAP
2.3590958,7.602938,5,Sandal,UMAP
9.2764225,11.417983,4,Coat,UMAP
12.2089205,1.7126694,1,Trouser,UMAP
10.565692,8.692956,4,Coat,UMAP
7.9992123,10.015337,4,Coat,UMAP
9.236215,11.070033,4,Coat,UMAP
11.473387,1.9092925,1,Trouser,UMAP
0.6210475,9.461291,7,Sneaker,UMAP
2.014004,11.103909,5,Sandal,UMAP
2.2806172,9.244225,9,Ankle boot,UMAP
0.6881929,8.912947,9,Ankle boot,UMAP
3.6702871,8.18464,5,Sandal,UMAP
2.475825,11.008005,9,Ankle boot,UMAP
12.23332,0.47679943,1,Trouser,UMAP
9.415187,4.9862194,0,T-shirt/top,UMAP
5.3741217,7.4091663,8,Bag,UMAP
4.9644666,7.746712,8,Bag,UMAP
8.4961195,5.928223,0,T-shirt/top,UMAP
5.311501,7.3780017,8,Bag,UMAP
8.150091,9.238257,6,Shirt,UMAP
9.986598,4.8948436,0,T-shirt/top,UMAP
11.980453,1.7319611,1,Trouser,UMAP
6.2733407,7.1429763,8,Bag,UMAP
8.8107395,7.8913713,2,Pullover,UMAP
2.4297106,7.6368213,7,Sneaker,UMAP
4.1494837,9.956919,5,Sandal,UMAP
9.440154,9.791913,6,Shirt,UMAP
7.5933127,4.164529,6,Shirt,UMAP
2.4149168,11.600114,9,Ankle boot,UMAP
2.8396761,11.13079,9,Ankle boot,UMAP
8.426252,9.431221,6,Shirt,UMAP
10.52745,9.819206,4,Coat,UMAP
10.039641,11.019058,4,Coat,UMAP
2.8752916,10.684339,9,Ankle boot,UMAP
9.933107,6.409291,0,T-shirt/top,UMAP
4.1560297,10.135732,5,Sandal,UMAP
2.0177433,7.6480236,7,Sneaker,UMAP
1.6557008,10.283688,9,Ankle boot,UMAP
2.0356908,11.192562,9,Ankle boot,UMAP
4.2263227,10.916456,5,Sandal,UMAP
8.33655,5.432727,1,Trouser,UMAP
8.802368,11.557294,4,Coat,UMAP
7.1782713,6.460441,8,Bag,UMAP
11.999206,1.997726,1,Trouser,UMAP
9.747361,10.921967,6,Shirt,UMAP
3.0825963,7.8168178,5,Sandal,UMAP
2.027992,10.595037,9,Ankle boot,UMAP
10.06935,10.713983,4,Coat,UMAP
4.941863,5.327921,8,Bag,UMAP
7.8348002,9.713181,4,Coat,UMAP
12.308683,1.8208077,1,Trouser,UMAP
9.00137,7.423538,0,T-shirt/top,UMAP
9.390447,11.550605,4,Coat,UMAP
10.472358,10.572383,6,Shirt,UMAP
7.1059413,6.73749,6,Shirt,UMAP
8.623581,10.8054,4,Coat,UMAP
8.960114,7.0849133,0,T-shirt/top,UMAP
3.0891888,11.75291,5,Sandal,UMAP
0.97849977,6.864986,7,Sneaker,UMAP
7.552364,9.824515,2,Pullover,UMAP
4.3854938,9.96031,5,Sandal,UMAP
10.50345,9.788604,2,Pullover,UMAP
1.696292,7.2964764,7,Sneaker,UMAP
10.178747,10.963932,4,Coat,UMAP
0.82642144,7.095005,7,Sneaker,UMAP
6.359812,4.38758,8,Bag,UMAP
9.682478,9.4644985,6,Shirt,UMAP
3.0459695,8.169106,5,Sandal,UMAP
6.375432,6.999789,6,Shirt,UMAP
4.3167987,10.999266,5,Sandal,UMAP
7.8852253,3.2084262,3,Dress,UMAP
1.1467769,8.21281,7,Sneaker,UMAP
0.7095259,8.8806305,7,Sneaker,UMAP
9.456528,9.920726,6,Shirt,UMAP
9.450132,10.865245,4,Coat,UMAP
5.94775,7.286704,8,Bag,UMAP
9.262432,9.533266,2,Pullover,UMAP
7.8306475,9.260593,4,Coat,UMAP
0.8587835,8.04535,7,Sneaker,UMAP
8.055353,9.198386,5,Sandal,UMAP
10.1786995,10.753308,4,Coat,UMAP
11.867997,2.1654747,1,Trouser,UMAP
1.5491909,10.111194,9,Ankle boot,UMAP
10.393622,8.751461,6,Shirt,UMAP
2.3255515,7.704543,7,Sneaker,UMAP
8.660354,4.8658504,3,Dress,UMAP
2.4594507,9.241557,9,Ankle boot,UMAP
10.372057,5.3165755,3,Dress,UMAP
5.2468243,4.613228,8,Bag,UMAP
8.107198,8.1824,6,Shirt,UMAP
3.8904552,11.167935,5,Sandal,UMAP
9.2235985,10.48468,2,Pullover,UMAP
9.349208,10.090429,2,Pullover,UMAP
4.4075727,11.181595,5,Sandal,UMAP
5.8974915,4.9064045,8,Bag,UMAP
7.813418,5.1296906,6,Shirt,UMAP
10.535393,1.0614158,1,Trouser,UMAP
10.367663,8.773218,4,Coat,UMAP
9.935467,9.695236,2,Pullover,UMAP
9.724413,6.1456,6,Shirt,UMAP
9.336667,11.575,4,Coat,UMAP
8.0554695,8.257644,6,Shirt,UMAP
8.350669,9.777259,5,Sandal,UMAP
8.797492,4.293418,6,Shirt,UMAP
7.599625,4.3839555,0,T-shirt/top,UMAP
11.259886,2.4732583,1,Trouser,UMAP
8.390573,6.0457754,0,T-shirt/top,UMAP
2.0119622,10.810193,9,Ankle boot,UMAP
8.410645,3.3516493,3,Dress,UMAP
7.5159745,9.14303,2,Pullover,UMAP
0.8299293,9.644675,7,Sneaker,UMAP
9.016082,7.563251,6,Shirt,UMAP
8.7019205,11.101038,2,Pullover,UMAP
8.245221,9.692409,2,Pullover,UMAP
2.1634493,8.582457,8,Bag,UMAP
8.346821,5.769348,0,T-shirt/top,UMAP
5.0097017,7.858161,8,Bag,UMAP
7.3703027,3.739017,0,T-shirt/top,UMAP
10.293819,10.719984,4,Coat,UMAP
9.235542,4.6642704,0,T-shirt/top,UMAP
3.555645,8.37925,5,Sandal,UMAP
8.595674,3.6749423,3,Dress,UMAP
11.657253,1.7691978,1,Trouser,UMAP
1.3902942,7.7055883,7,Sneaker,UMAP
12.026962,1.9120489,1,Trouser,UMAP
5.700322,7.4914207,8,Bag,UMAP
9.613566,4.8968515,0,T-shirt/top,UMAP
9.762923,8.966229,6,Shirt,UMAP
3.5329578,10.545976,5,Sandal,UMAP
8.0672865,4.634205,3,Dress,UMAP
8.812528,10.740799,1,Trouser,UMAP
11.011029,8.162887,4,Coat,UMAP
10.257729,5.888146,6,Shirt,UMAP
9.442661,9.010883,6,Shirt,UMAP
9.364212,5.3472066,0,T-shirt/top,UMAP
8.549801,11.244318,2,Pullover,UMAP
10.999354,0.7709745,1,Trouser,UMAP
2.619778,8.093143,8,Bag,UMAP
2.9606256,8.5443535,5,Sandal,UMAP
10.452567,8.895333,2,Pullover,UMAP
10.83153,1.1167252,1,Trouser,UMAP
7.931425,3.839826,3,Dress,UMAP
7.972557,4.2473364,3,Dress,UMAP
8.353815,4.0325418,3,Dress,UMAP
7.0154796,4.147129,1,Trouser,UMAP
3.545419,9.248906,5,Sandal,UMAP
1.1394577,7.4651895,7,Sneaker,UMAP
2.8066614,11.987549,9,Ankle boot,UMAP
10.418373,1.2111307,1,Trouser,UMAP
1.7646728,11.094201,9,Ankle boot,UMAP
9.018394,4.414813,0,T-shirt/top,UMAP
9.042136,9.096864,6,Shirt,UMAP
5.513492,7.23871,8,Bag,UMAP
5.8985963,5.1674314,8,Bag,UMAP
8.343585,10.731528,2,Pullover,UMAP
8.3857355,9.681833,2,Pullover,UMAP
1.1772782,7.6836762,7,Sneaker,UMAP
8.095597,4.854878,3,Dress,UMAP
1.513516,10.407611,9,Ankle boot,UMAP
2.9383006,8.401932,5,Sandal,UMAP
0.8771992,7.873976,7,Sneaker,UMAP
1.7787886,7.3671446,7,Sneaker,UMAP
7.856256,4.8359437,3,Dress,UMAP
2.5831735,9.438778,9,Ankle boot,UMAP
9.783923,5.834829,6,Shirt,UMAP
8.602142,9.688303,6,Shirt,UMAP
8.207277,3.8789334,3,Dress,UMAP
4.7610984,7.8411803,5,Sandal,UMAP
8.817918,5.062457,0,T-shirt/top,UMAP
8.473053,10.817126,2,Pullover,UMAP
9.733925,4.6311545,0,T-shirt/top,UMAP
7.69018,4.688473,0,T-shirt/top,UMAP
8.163163,5.8649907,0,T-shirt/top,UMAP
3.0004766,10.178583,5,Sandal,UMAP
9.392582,11.29862,4,Coat,UMAP
4.225855,11.03361,5,Sandal,UMAP
2.7397542,9.940226,9,Ankle boot,UMAP
10.634756,9.743005,4,Coat,UMAP
2.09345,7.3576045,7,Sneaker,UMAP
0.9072289,7.097919,7,Sneaker,UMAP
9.595809,6.121014,3,Dress,UMAP
8.489272,8.010472,2,Pullover,UMAP
1.9128364,9.920419,7,Sneaker,UMAP
2.7159238,12.030603,9,Ankle boot,UMAP
5.795617,7.4543037,8,Bag,UMAP
10.326372,10.842326,4,Coat,UMAP
2.7709901,11.810749,9,Ankle boot,UMAP
10.099117,8.279822,4,Coat,UMAP
6.8337984,7.550235,8,Bag,UMAP
11.297985,2.4799,1,Trouser,UMAP
8.246724,4.670813,0,T-shirt/top,UMAP
11.319888,2.4645653,1,Trouser,UMAP
8.171444,3.9664435,3,Dress,UMAP
9.382895,10.13699,6,Shirt,UMAP
9.445655,11.664688,4,Coat,UMAP
2.1915646,7.420027,7,Sneaker,UMAP
7.700799,3.7808673,6,Shirt,UMAP
1.2478633,8.08121,7,Sneaker,UMAP
7.7464843,9.768842,2,Pullover,UMAP
7.661491,10.160513,2,Pullover,UMAP
5.2621384,7.429324,8,Bag,UMAP
11.114388,8.86995,4,Coat,UMAP
7.7772603,4.913515,6,Shirt,UMAP
2.821746,11.9508705,9,Ankle boot,UMAP
9.01038,10.836425,2,Pullover,UMAP
11.336902,1.815545,1,Trouser,UMAP
9.785684,8.359564,4,Coat,UMAP
4.2538075,11.065803,5,Sandal,UMAP
6.9585934,7.1010923,8,Bag,UMAP
2.4486792,7.7342434,7,Sneaker,UMAP
2.2412202,11.71551,9,Ankle boot,UMAP
5.682917,5.2437763,8,Bag,UMAP
11.19569,2.5643737,1,Trouser,UMAP
4.2530293,10.449654,5,Sandal,UMAP
8.474134,4.4226713,6,Shirt,UMAP
11.033709,0.9332246,1,Trouser,UMAP
1.2905903,9.730017,7,Sneaker,UMAP
5.7867546,4.6843457,8,Bag,UMAP
6.940526,3.471267,3,Dress,UMAP
10.247549,10.863313,4,Coat,UMAP
0.5892404,7.4681606,7,Sneaker,UMAP
8.0269575,9.980659,6,Shirt,UMAP
11.007847,1.1122389,1,Trouser,UMAP
8.916802,11.595537,4,Coat,UMAP
2.0815246,9.425171,7,Sneaker,UMAP
9.351127,11.306694,4,Coat,UMAP
3.6335256,8.385294,5,Sandal,UMAP
10.934937,8.192661,3,Dress,UMAP
12.411286,2.0516698,1,Trouser,UMAP
4.4671297,9.929044,5,Sandal,UMAP
10.329781,5.794563,0,T-shirt/top,UMAP
10.898888,8.811317,3,Dress,UMAP
9.340154,4.4817567,0,T-shirt/top,UMAP
9.712207,9.102881,4,Coat,UMAP
10.434176,1.1237354,1,Trouser,UMAP
1.5985132,9.69198,7,Sneaker,UMAP
3.0282085,9.113991,5,Sandal,UMAP
8.231575,3.8490381,3,Dress,UMAP
11.801183,1.6281163,1,Trouser,UMAP
9.18634,10.379554,2,Pullover,UMAP
1.8030255,7.778265,5,Sandal,UMAP
10.040617,8.155696,4,Coat,UMAP
7.9287233,9.795022,4,Coat,UMAP
10.837756,9.222139,3,Dress,UMAP
9.527435,11.670469,2,Pullover,UMAP
12.153534,1.7108018,1,Trouser,UMAP
10.050793,4.927743,0,T-shirt/top,UMAP
7.767672,2.8939624,3,Dress,UMAP
8.980411,6.0245,6,Shirt,UMAP
8.40156,11.012113,2,Pullover,UMAP
9.93042,7.5982633,3,Dress,UMAP
7.1686134,6.9244742,8,Bag,UMAP
8.871982,6.113151,2,Pullover,UMAP
12.122498,1.7038623,1,Trouser,UMAP
3.502444,8.869786,5,Sandal,UMAP
9.778658,8.200891,4,Coat,UMAP
1.2108676,7.33112,7,Sneaker,UMAP
11.3828,1.8564099,1,Trouser,UMAP
10.060234,10.583736,4,Coat,UMAP
8.814446,4.695594,0,T-shirt/top,UMAP
10.691831,0.82536477,1,Trouser,UMAP
7.4074764,3.8939645,6,Shirt,UMAP
1.2430123,8.236009,7,Sneaker,UMAP
2.4222162,10.368829,9,Ankle boot,UMAP
9.773115,5.58685,6,Shirt,UMAP
0.8865951,7.7347198,7,Sneaker,UMAP
5.6077857,7.4540153,8,Bag,UMAP
9.80238,5.4754534,0,T-shirt/top,UMAP
10.405436,6.1511474,6,Shirt,UMAP
9.493157,10.442347,4,Coat,UMAP
10.944676,8.970844,4,Coat,UMAP
1.8404632,9.521722,9,Ankle boot,UMAP
11.00006,1.0023605,1,Trouser,UMAP
7.8488007,4.2917557,3,Dress,UMAP
1.7378116,9.556877,9,Ankle boot,UMAP
10.169765,10.689739,4,Coat,UMAP
10.32175,10.801211,4,Coat,UMAP
4.164774,11.549575,5,Sandal,UMAP
8.578158,6.2569222,0,T-shirt/top,UMAP
12.159383,0.4541417,1,Trouser,UMAP
2.769224,8.891695,5,Sandal,UMAP
3.6060576,8.29623,5,Sandal,UMAP
1.5759357,7.937001,7,Sneaker,UMAP
7.71558,4.306058,3,Dress,UMAP
8.390252,10.987982,2,Pullover,UMAP
10.918402,1.2211041,1,Trouser,UMAP
11.532987,1.3977311,1,Trouser,UMAP
10.287568,10.737789,4,Coat,UMAP
2.3112888,10.152635,9,Ankle boot,UMAP
3.3009012,8.790727,5,Sandal,UMAP
5.305524,5.0159526,8,Bag,UMAP
3.0902636,8.039049,5,Sandal,UMAP
2.4126282,10.907587,5,Sandal,UMAP
6.108327,5.041524,8,Bag,UMAP
10.52614,8.77883,4,Coat,UMAP
5.6289387,4.6346602,8,Bag,UMAP
7.4940805,3.4282472,3,Dress,UMAP
2.0736241,11.476242,9,Ankle boot,UMAP
2.0983014,11.122487,9,Ankle boot,UMAP
8.930439,9.985626,4,Coat,UMAP
8.440481,9.563166,6,Shirt,UMAP
10.61213,0.9996369,1,Trouser,UMAP
1.143891,6.733672,7,Sneaker,UMAP
5.5022964,7.3576326,8,Bag,UMAP
2.0294201,9.60014,9,Ankle boot,UMAP
3.6090345,8.266468,5,Sandal,UMAP
9.251024,11.689021,4,Coat,UMAP
2.3982685,7.7628965,7,Sneaker,UMAP
8.745483,4.628463,0,T-shirt/top,UMAP
1.1129819,7.15893,5,Sandal,UMAP
7.269202,4.0654593,3,Dress,UMAP
7.812514,7.289975,8,Bag,UMAP
8.123479,3.3862102,3,Dress,UMAP
8.415824,10.010166,4,Coat,UMAP
11.480416,1.4559429,1,Trouser,UMAP
7.7339153,10.2199955,4,Coat,UMAP
10.104718,4.8729367,6,Shirt,UMAP
1.9578182,8.038218,7,Sneaker,UMAP
9.525045,8.343258,6,Shirt,UMAP
8.899882,11.490767,2,Pullover,UMAP
8.082911,3.9446993,3,Dress,UMAP
3.5173733,9.561232,5,Sandal,UMAP
10.4006,10.512596,6,Shirt,UMAP
5.3735046,4.56988,8,Bag,UMAP
4.3161025,11.489303,5,Sandal,UMAP
8.616425,9.350811,2,Pullover,UMAP
0.58903545,7.5093784,7,Sneaker,UMAP
0.927959,7.0799403,7,Sneaker,UMAP
9.965335,5.6050105,0,T-shirt/top,UMAP
4.2945566,10.971117,5,Sandal,UMAP
8.655682,4.6907415,0,T-shirt/top,UMAP
1.3173739,6.697646,7,Sneaker,UMAP
11.063802,1.1545354,1,Trouser,UMAP
0.91310334,6.9667077,7,Sneaker,UMAP
0.9279294,8.479855,7,Sneaker,UMAP
7.7143917,9.8183365,2,Pullover,UMAP
3.2383642,9.4449,5,Sandal,UMAP
1.7217907,7.8613324,7,Sneaker,UMAP
9.620935,10.063514,2,Pullover,UMAP
5.1471825,7.4292135,8,Bag,UMAP
11.202543,1.352034,1,Trouser,UMAP
7.8879585,10.389256,2,Pullover,UMAP
0.8004719,8.6271305,7,Sneaker,UMAP
12.191363,0.50226533,1,Trouser,UMAP
3.228278,10.904141,9,Ankle boot,UMAP
7.9959335,8.417386,2,Pullover,UMAP
1.4645407,7.706263,7,Sneaker,UMAP
9.829321,10.567972,2,Pullover,UMAP
1.9741851,6.916522,5,Sandal,UMAP
9.606838,8.891099,4,Coat,UMAP
10.441342,9.931242,2,Pullover,UMAP
2.2055366,9.651362,9,Ankle boot,UMAP
7.7330456,10.200724,6,Shirt,UMAP
5.4597616,7.6436524,8,Bag,UMAP
4.3496075,10.756527,5,Sandal,UMAP
1.2976053,8.215716,7,Sneaker,UMAP
8.8974085,10.023338,4,Coat,UMAP
11.79768,1.8852898,1,Trouser,UMAP
0.57538754,9.273983,7,Sneaker,UMAP
8.238086,3.7024083,3,Dress,UMAP
1.2158318,8.101313,7,Sneaker,UMAP
9.686396,8.983647,2,Pullover,UMAP
2.2224185,9.682653,9,Ankle boot,UMAP
1.0163862,7.785037,7,Sneaker,UMAP
4.1873245,10.538976,5,Sandal,UMAP
2.010125,10.4004345,9,Ankle boot,UMAP
8.372569,3.677819,3,Dress,UMAP
8.094844,9.386479,2,Pullover,UMAP
0.81380594,9.61382,7,Sneaker,UMAP
8.072931,6.4650483,8,Bag,UMAP
8.863901,5.684591,0,T-shirt/top,UMAP
7.759277,2.8967812,3,Dress,UMAP
4.5561004,11.327894,0,T-shirt/top,UMAP
3.0204875,8.297296,5,Sandal,UMAP
4.2413354,10.710607,5,Sandal,UMAP
10.32897,7.9448004,3,Dress,UMAP
10.512434,5.16261,3,Dress,UMAP
12.323395,2.0262718,1,Trouser,UMAP
9.501607,10.089984,2,Pullover,UMAP
8.780401,8.528067,6,Shirt,UMAP
7.828848,7.4919276,8,Bag,UMAP
1.1090372,9.699414,7,Sneaker,UMAP
2.6956217,11.989512,9,Ankle boot,UMAP
1.519833,9.891179,9,Ankle boot,UMAP
10.32198,10.738709,2,Pullover,UMAP
7.882739,8.42386,2,Pullover,UMAP
11.021959,8.676846,4,Coat,UMAP
5.3974524,5.3918104,8,Bag,UMAP
4.3256984,10.004059,5,Sandal,UMAP
1.0466985,7.200558,7,Sneaker,UMAP
5.4365478,4.685479,8,Bag,UMAP
7.8381195,8.989511,3,Dress,UMAP
5.5433173,4.922633,8,Bag,UMAP
10.885022,9.098482,4,Coat,UMAP
12.314635,2.017397,1,Trouser,UMAP
1.4481097,10.005436,9,Ankle boot,UMAP
9.972581,11.036362,4,Coat,UMAP
6.09285,7.182284,8,Bag,UMAP
9.598406,7.9824677,4,Coat,UMAP
10.9713545,0.5404576,1,Trouser,UMAP
7.626704,9.144675,5,Sandal,UMAP
2.6087406,11.965163,9,Ankle boot,UMAP
11.321108,2.4255078,1,Trouser,UMAP
2.3847692,10.976096,5,Sandal,UMAP
7.747587,3.0382164,3,Dress,UMAP
1.1158632,7.1632934,7,Sneaker,UMAP
7.750187,4.2056675,3,Dress,UMAP
7.8487864,5.13838,6,Shirt,UMAP
6.938874,6.879238,0,T-shirt/top,UMAP
10.216251,8.22972,3,Dress,UMAP
8.870427,5.1655803,0,T-shirt/top,UMAP
7.9010935,3.0241365,3,Dress,UMAP
9.543741,11.209467,2,Pullover,UMAP
6.950379,4.1834435,6,Shirt,UMAP
10.090146,5.581453,0,T-shirt/top,UMAP
8.9478855,4.493357,0,T-shirt/top,UMAP
9.201098,8.601705,3,Dress,UMAP
6.0488076,7.796538,8,Bag,UMAP
1.3836321,8.206733,7,Sneaker,UMAP
8.6467905,5.9137893,0,T-shirt/top,UMAP
2.9797754,8.453013,5,Sandal,UMAP
4.7472453,10.768802,5,Sandal,UMAP
8.633022,6.1877055,0,T-shirt/top,UMAP
1.1131811,7.138837,7,Sneaker,UMAP
2.7087,8.018581,5,Sandal,UMAP
11.999009,1.9952983,1,Trouser,UMAP
10.161844,5.3944564,3,Dress,UMAP
7.4776025,3.208396,3,Dress,UMAP
9.576694,8.929645,6,Shirt,UMAP
9.914498,9.8469305,4,Coat,UMAP
8.457109,10.840227,2,Pullover,UMAP
2.5475187,7.387594,7,Sneaker,UMAP
9.053297,9.222367,6,Shirt,UMAP
8.303086,5.819931,0,T-shirt/top,UMAP
10.837358,7.8337154,3,Dress,UMAP
9.121117,10.4987335,6,Shirt,UMAP
2.2206812,10.944875,9,Ankle boot,UMAP
9.658395,7.9396677,3,Dress,UMAP
1.7850257,10.015073,9,Ankle boot,UMAP
10.613848,8.66991,8,Bag,UMAP
2.6051748,7.5472465,7,Sneaker,UMAP
12.002266,2.202852,1,Trouser,UMAP
9.125567,7.9993186,6,Shirt,UMAP
2.9452004,11.773955,5,Sandal,UMAP
3.0117464,8.244249,5,Sandal,UMAP
9.553604,9.735909,2,Pullover,UMAP
8.267756,3.949006,3,Dress,UMAP
8.528564,5.3719926,0,T-shirt/top,UMAP
10.193162,8.360896,4,Coat,UMAP
7.934634,10.475189,4,Coat,UMAP
8.837259,4.6427946,6,Shirt,UMAP
9.280982,11.121923,4,Coat,UMAP
10.97668,0.74216163,1,Trouser,UMAP
10.901961,0.9991579,1,Trouser,UMAP
1.3635641,7.9815145,7,Sneaker,UMAP
5.5652657,7.76882,8,Bag,UMAP
2.340247,10.118468,9,Ankle boot,UMAP
5.469531,7.608755,8,Bag,UMAP
7.7456765,5.074789,2,Pullover,UMAP
2.3437302,7.8957524,7,Sneaker,UMAP
8.394684,11.060185,2,Pullover,UMAP
2.011832,10.57567,9,Ankle boot,UMAP
5.9824605,7.7431417,8,Bag,UMAP
4.867852,5.4209104,8,Bag,UMAP
9.229575,4.591721,0,T-shirt/top,UMAP
7.2012815,6.9338894,8,Bag,UMAP
0.9158281,7.0584254,7,Sneaker,UMAP
12.261039,0.5698572,1,Trouser,UMAP
7.3480773,3.7806892,6,Shirt,UMAP
8.232493,9.2564535,6,Shirt,UMAP
9.619463,5.3042903,0,T-shirt/top,UMAP
11.196625,2.6687977,1,Trouser,UMAP
0.7522462,8.749767,7,Sneaker,UMAP
11.974711,1.3451856,1,Trouser,UMAP
11.526222,1.4760773,1,Trouser,UMAP
2.454399,10.09541,9,Ankle boot,UMAP
2.3236501,11.814726,9,Ankle boot,UMAP
4.3242164,11.400864,5,Sandal,UMAP
10.410632,5.7254314,6,Shirt,UMAP
9.32382,8.008933,4,Coat,UMAP
5.6820207,4.3923416,8,Bag,UMAP
12.4042015,2.0579853,1,Trouser,UMAP
10.202384,6.2648573,0,T-shirt/top,UMAP
5.5030246,5.3429914,8,Bag,UMAP
11.188738,2.6310382,1,Trouser,UMAP
8.418372,11.045152,2,Pullover,UMAP
3.5161269,8.209474,5,Sandal,UMAP
5.7876515,5.0327682,8,Bag,UMAP
6.1949883,7.793378,8,Bag,UMAP
5.2929473,7.973077,7,Sneaker,UMAP
1.1878582,7.9257483,7,Sneaker,UMAP
7.9335084,4.980574,0,T-shirt/top,UMAP
1.7578357,10.898013,9,Ankle boot,UMAP
8.135789,9.748096,2,Pullover,UMAP
10.024679,4.8343325,0,T-shirt/top,UMAP
6.5529623,7.59055,8,Bag,UMAP
9.188204,11.324894,2,Pullover,UMAP
8.342918,6.495499,0,T-shirt/top,UMAP
2.4614189,8.024417,7,Sneaker,UMAP
8.609864,10.009682,2,Pullover,UMAP
2.6143906,11.950586,9,Ankle boot,UMAP
9.348287,8.112996,4,Coat,UMAP
2.425616,10.866144,9,Ankle boot,UMAP
12.227943,0.5788993,1,Trouser,UMAP
8.9203415,4.4542522,0,T-shirt/top,UMAP
3.5292459,8.48893,5,Sandal,UMAP
11.781086,1.9730057,1,Trouser,UMAP
9.956888,11.356035,4,Coat,UMAP
10.020634,9.90304,4,Coat,UMAP
7.5773163,10.007645,2,Pullover,UMAP
11.338872,2.2501988,1,Trouser,UMAP
11.760148,1.8179904,1,Trouser,UMAP
9.816112,11.3657875,2,Pullover,UMAP
7.7320285,3.2429512,3,Dress,UMAP
4.3747888,11.092695,5,Sandal,UMAP
1.0684686,9.457505,7,Sneaker,UMAP
1.9703747,6.7659826,5,Sandal,UMAP
10.979901,8.079197,4,Coat,UMAP
4.7487817,10.762056,5,Sandal,UMAP
6.044268,7.6421003,8,Bag,UMAP
3.161879,10.993188,9,Ankle boot,UMAP
9.869971,8.7675295,2,Pullover,UMAP
12.215222,0.44423702,1,Trouser,UMAP
2.9216218,11.055747,9,Ankle boot,UMAP
2.8266673,8.568814,5,Sandal,UMAP
9.927483,7.7831984,4,Coat,UMAP
9.156701,10.971489,2,Pullover,UMAP
3.227881,8.300233,5,Sandal,UMAP
8.411313,11.348294,8,Bag,UMAP
2.3893936,9.7869,9,Ankle boot,UMAP
8.970216,9.651372,2,Pullover,UMAP
5.773529,5.015446,8,Bag,UMAP
7.0939393,6.8414507,8,Bag,UMAP
7.4275336,3.9584908,6,Shirt,UMAP
8.982242,9.48765,6,Shirt,UMAP
7.0984707,4.277632,1,Trouser,UMAP
8.368211,5.8030577,3,Dress,UMAP
8.400304,8.71512,3,Dress,UMAP
0.97928685,7.1816077,7,Sneaker,UMAP
8.345438,7.652629,2,Pullover,UMAP
8.970053,7.7375517,0,T-shirt/top,UMAP
3.21731,9.011255,5,Sandal,UMAP
8.902383,11.221806,2,Pullover,UMAP
1.4174643,8.330336,7,Sneaker,UMAP
5.28394,5.5292306,8,Bag,UMAP
8.657122,9.175038,2,Pullover,UMAP
10.935893,7.9642587,3,Dress,UMAP
1.3097979,7.485873,7,Sneaker,UMAP
0.7868098,7.427504,7,Sneaker,UMAP
2.7549472,8.36767,5,Sandal,UMAP
11.990379,1.5223753,1,Trouser,UMAP
3.516713,8.483577,5,Sandal,UMAP
2.3789175,9.472707,9,Ankle boot,UMAP
8.0673,4.7242146,6,Shirt,UMAP
3.0383978,7.8563704,5,Sandal,UMAP
8.121282,3.9594705,3,Dress,UMAP
5.7609353,7.8697934,8,Bag,UMAP
0.6511606,7.6527314,7,Sneaker,UMAP
11.713246,2.3220675,1,Trouser,UMAP
8.432024,10.903147,2,Pullover,UMAP
9.640976,5.805022,0,T-shirt/top,UMAP
8.572181,5.994034,0,T-shirt/top,UMAP
11.2916765,2.4628246,1,Trouser,UMAP
10.494072,5.1069975,3,Dress,UMAP
9.933476,11.591078,4,Coat,UMAP
1.6635423,10.718278,9,Ankle boot,UMAP
12.303762,0.5810743,1,Trouser,UMAP
0.86592644,7.041719,7,Sneaker,UMAP
1.7328436,8.006464,7,Sneaker,UMAP
10.633188,10.26474,4,Coat,UMAP
0.8310174,8.427583,5,Sandal,UMAP
5.899393,4.68713,8,Bag,UMAP
8.470194,10.508646,2,Pullover,UMAP
4.2386966,10.521114,5,Sandal,UMAP
8.303813,8.727197,2,Pullover,UMAP
10.382603,5.1568575,3,Dress,UMAP
4.331701,11.339866,5,Sandal,UMAP
8.274675,8.749012,2,Pullover,UMAP
10.437356,6.0665336,0,T-shirt/top,UMAP
9.536965,8.7773075,2,Pullover,UMAP
10.877656,1.2590836,1,Trouser,UMAP
2.3267217,7.9123783,7,Sneaker,UMAP
10.516268,5.986208,0,T-shirt/top,UMAP
2.1698415,11.701238,9,Ankle boot,UMAP
1.372815,8.026669,7,Sneaker,UMAP
9.556192,10.47689,6,Shirt,UMAP
8.358939,9.902836,6,Shirt,UMAP
2.0043364,11.300883,9,Ankle boot,UMAP
9.553339,9.88152,2,Pullover,UMAP
7.95934,10.278137,2,Pullover,UMAP
10.588328,8.848776,4,Coat,UMAP
7.894307,4.331475,3,Dress,UMAP
8.1661625,3.3353407,3,Dress,UMAP
10.93414,8.798141,2,Pullover,UMAP
5.4472184,7.5206885,8,Bag,UMAP
8.535886,5.267359,0,T-shirt/top,UMAP
10.502492,8.241395,4,Coat,UMAP
8.013354,8.383885,2,Pullover,UMAP
9.826607,5.0719905,0,T-shirt/top,UMAP
0.93586606,9.852508,7,Sneaker,UMAP
7.6150217,9.083147,6,Shirt,UMAP
3.0728695,9.276478,5,Sandal,UMAP
9.707615,10.860025,4,Coat,UMAP
9.382761,5.3898153,0,T-shirt/top,UMAP
9.139872,9.191734,4,Coat,UMAP
7.7711854,10.279155,2,Pullover,UMAP
10.477808,9.773501,4,Coat,UMAP
3.277724,11.388492,9,Ankle boot,UMAP
3.0277257,10.928592,9,Ankle boot,UMAP
11.189602,2.6792307,1,Trouser,UMAP
9.430652,6.872948,0,T-shirt/top,UMAP
3.8687036,10.778258,5,Sandal,UMAP
11.959191,0.48563033,1,Trouser,UMAP
4.3202696,11.578416,5,Sandal,UMAP
12.173736,1.938658,1,Trouser,UMAP
10.246062,10.0120945,2,Pullover,UMAP
5.5293174,4.774736,8,Bag,UMAP
7.0921454,3.1751955,3,Dress,UMAP
7.57462,4.029223,6,Shirt,UMAP
11.660053,2.5020711,1,Trouser,UMAP
10.357976,7.641828,3,Dress,UMAP
6.9500895,3.5244536,3,Dress,UMAP
12.266605,1.8981292,1,Trouser,UMAP
1.7730532,11.1608715,9,Ankle boot,UMAP
0.5824867,7.448883,7,Sneaker,UMAP
8.946299,9.01503,4,Coat,UMAP
10.066483,8.710283,4,Coat,UMAP
10.909703,1.1531364,1,Trouser,UMAP
10.469113,5.6982055,6,Shirt,UMAP
7.493253,9.551683,2,Pullover,UMAP
11.683836,2.0021107,1,Trouser,UMAP
8.068339,8.579894,2,Pullover,UMAP
8.276066,5.773233,1,Trouser,UMAP
7.051453,3.8981004,3,Dress,UMAP
5.225403,4.619423,8,Bag,UMAP
3.1687827,10.802513,9,Ankle boot,UMAP
12.168692,1.7945523,1,Trouser,UMAP
7.5582457,9.266622,6,Shirt,UMAP
12.463868,2.0789807,3,Dress,UMAP
9.05093,10.187901,6,Shirt,UMAP
10.954945,1.2913154,1,Trouser,UMAP
9.05557,8.987168,4,Coat,UMAP
8.944817,5.2789154,0,T-shirt/top,UMAP
9.931438,5.4876666,0,T-shirt/top,UMAP
1.4410741,9.62001,7,Sneaker,UMAP
8.909538,9.298167,6,Shirt,UMAP
9.918016,5.5362825,0,T-shirt/top,UMAP
10.244549,10.130022,6,Shirt,UMAP
11.533015,1.6952533,1,Trouser,UMAP
2.7396839,10.628712,9,Ankle boot,UMAP
6.9580016,3.799518,3,Dress,UMAP
9.606577,5.92759,0,T-shirt/top,UMAP
9.677526,10.788566,2,Pullover,UMAP
5.5248313,5.536694,8,Bag,UMAP
9.441004,9.941029,6,Shirt,UMAP
3.1189325,11.74508,5,Sandal,UMAP
10.282757,10.61874,4,Coat,UMAP
7.982321,10.30072,2,Pullover,UMAP
10.348975,10.9290695,4,Coat,UMAP
10.133501,8.721782,1,Trouser,UMAP
1.2116325,7.612407,7,Sneaker,UMAP
8.90102,9.921669,2,Pullover,UMAP
4.9334893,5.1847568,8,Bag,UMAP
9.522632,5.005839,0,T-shirt/top,UMAP
2.6979012,10.529522,9,Ankle boot,UMAP
2.1554449,7.8619905,5,Sandal,UMAP
10.385872,8.80635,4,Coat,UMAP
10.847262,0.79510427,1,Trouser,UMAP
3.5060115,8.3253975,5,Sandal,UMAP
8.781371,11.395297,4,Coat,UMAP
7.9774637,3.8761945,3,Dress,UMAP
8.508604,10.876051,2,Pullover,UMAP
10.2235565,8.767426,4,Coat,UMAP
7.932141,8.716505,2,Pullover,UMAP
8.14275,6.377427,8,Bag,UMAP
10.07948,5.727884,6,Shirt,UMAP
11.222102,2.5669477,1,Trouser,UMAP
5.60291,5.273997,8,Bag,UMAP
1.925816,6.9455833,5,Sandal,UMAP
8.51483,7.661896,6,Shirt,UMAP
3.5711808,9.419053,5,Sandal,UMAP
9.409314,11.674879,4,Coat,UMAP
7.826733,2.933367,3,Dress,UMAP
8.986697,9.501613,6,Shirt,UMAP
2.2582464,10.299427,9,Ankle boot,UMAP
8.602599,9.220329,4,Coat,UMAP
7.3339515,3.190924,1,Trouser,UMAP
3.3972137,8.622607,5,Sandal,UMAP
2.505564,7.5847526,7,Sneaker,UMAP
5.4533997,7.831714,7,Sneaker,UMAP
8.340141,10.311031,2,Pullover,UMAP
8.346263,4.089534,3,Dress,UMAP
10.142846,8.607422,4,Coat,UMAP
3.1884005,8.433677,5,Sandal,UMAP
11.017771,8.096194,3,Dress,UMAP
1.3028514,8.812789,7,Sneaker,UMAP
0.9130357,9.801439,7,Sneaker,UMAP
2.7734394,11.998074,9,Ankle boot,UMAP
0.5916274,9.246679,7,Sneaker,UMAP
4.0594487,10.857782,5,Sandal,UMAP
3.7476306,7.8557262,7,Sneaker,UMAP
6.1597633,5.2144613,8,Bag,UMAP
9.851592,9.010803,2,Pullover,UMAP
9.170927,9.136627,2,Pullover,UMAP
5.703331,4.677384,8,Bag,UMAP
11.066897,8.864472,3,Dress,UMAP
9.261351,10.739082,2,Pullover,UMAP
9.115339,8.249528,3,Dress,UMAP
10.810932,0.608887,1,Trouser,UMAP
8.544924,4.7023816,6,Shirt,UMAP
7.9920554,5.6204147,3,Dress,UMAP
8.505587,10.628901,4,Coat,UMAP
1.9102618,11.29444,9,Ankle boot,UMAP
7.546088,3.709956,0,T-shirt/top,UMAP
12.334121,1.9330034,1,Trouser,UMAP
5.451535,7.7701116,9,Ankle boot,UMAP
8.224819,3.8574736,3,Dress,UMAP
5.865468,5.2281685,8,Bag,UMAP
8.665489,5.159685,0,T-shirt/top,UMAP
10.178001,5.408074,3,Dress,UMAP
10.832202,7.8792048,4,Coat,UMAP
10.850162,8.690349,4,Coat,UMAP
5.936761,5.445012,8,Bag,UMAP
3.7589133,10.516763,5,Sandal,UMAP
5.2806134,5.523723,8,Bag,UMAP
9.412389,5.055413,3,Dress,UMAP
1.6206175,6.3965936,5,Sandal,UMAP
10.03271,11.097503,4,Coat,UMAP
9.754633,10.365481,4,Coat,UMAP
12.091903,0.55349255,1,Trouser,UMAP
1.4689213,9.7710705,7,Sneaker,UMAP
0.95353687,7.02147,7,Sneaker,UMAP
7.7910743,9.349166,2,Pullover,UMAP
10.72648,7.840003,6,Shirt,UMAP
9.457617,4.695026,0,T-shirt/top,UMAP
8.816303,4.5664926,6,Shirt,UMAP
7.0624437,3.5518236,6,Shirt,UMAP
10.404818,1.2296636,1,Trouser,UMAP
2.1597822,9.676996,9,Ankle boot,UMAP
8.761304,9.29379,6,Shirt,UMAP
7.8223205,7.0331078,6,Shirt,UMAP
2.0302446,7.7802815,7,Sneaker,UMAP
8.190368,7.8113656,2,Pullover,UMAP
8.69728,9.810884,2,Pullover,UMAP
11.075853,8.797697,4,Coat,UMAP
8.830669,9.414589,6,Shirt,UMAP
9.056596,8.67336,6,Shirt,UMAP
7.7606735,4.9267383,0,T-shirt/top,UMAP
11.76353,2.3344674,1,Trouser,UMAP
1.6785692,7.0780964,5,Sandal,UMAP
7.9718657,7.4792624,8,Bag,UMAP
3.5459502,9.112743,5,Sandal,UMAP
9.938101,7.6908193,3,Dress,UMAP
3.6035473,8.098316,5,Sandal,UMAP
2.0690708,7.795658,7,Sneaker,UMAP
11.098335,0.76581305,1,Trouser,UMAP
0.98256046,9.554839,9,Ankle boot,UMAP
6.1894073,7.751095,8,Bag,UMAP
11.464433,2.2857387,1,Trouser,UMAP
8.913446,7.69428,6,Shirt,UMAP
10.285331,1.1958115,1,Trouser,UMAP
9.049016,7.1348095,6,Shirt,UMAP
7.9176903,6.965114,6,Shirt,UMAP
1.1635928,9.72971,9,Ankle boot,UMAP
11.195666,2.6901422,2,Pullover,UMAP
7.9898887,3.6601913,3,Dress,UMAP
2.5418215,11.93078,9,Ankle boot,UMAP
0.5629403,7.3799863,7,Sneaker,UMAP
12.3284235,0.53437805,1,Trouser,UMAP
11.867362,0.71295464,1,Trouser,UMAP
9.68681,8.419782,4,Coat,UMAP
5.222775,4.7082705,8,Bag,UMAP
3.6555989,8.221568,5,Sandal,UMAP
1.9448622,11.210827,9,Ankle boot,UMAP
9.168885,4.9896092,0,T-shirt/top,UMAP
8.062881,9.135084,8,Bag,UMAP
9.197399,4.949356,0,T-shirt/top,UMAP
3.0530744,10.807529,9,Ankle boot,UMAP
3.4531734,8.643861,5,Sandal,UMAP
9.800348,10.243842,4,Coat,UMAP
2.0219047,10.2772255,9,Ankle boot,UMAP
1.7675071,7.959923,7,Sneaker,UMAP
1.8922325,9.243288,9,Ankle boot,UMAP
11.293995,2.3805058,1,Trouser,UMAP
1.6300998,7.711426,7,Sneaker,UMAP
8.5828905,10.922245,2,Pullover,UMAP
7.718852,5.0091376,3,Dress,UMAP
4.242215,11.468999,5,Sandal,UMAP
5.7441688,5.164937,8,Bag,UMAP
3.733303,9.030108,5,Sandal,UMAP
10.848895,9.220043,3,Dress,UMAP
9.285931,6.1102486,6,Shirt,UMAP
9.869428,5.824718,6,Shirt,UMAP
2.5374188,9.079316,7,Sneaker,UMAP
4.2333345,9.935163,5,Sandal,UMAP
9.0130825,8.358247,3,Dress,UMAP
9.369625,11.564117,4,Coat,UMAP
10.670802,7.887207,3,Dress,UMAP
1.0015317,8.042915,7,Sneaker,UMAP
7.8835297,10.277367,4,Coat,UMAP
10.261167,8.294465,4,Coat,UMAP
10.974526,1.2988367,1,Trouser,UMAP
8.315624,7.6666164,8,Bag,UMAP
9.95573,7.546279,4,Coat,UMAP
7.8918414,5.631485,0,T-shirt/top,UMAP
1.6037337,10.8560915,9,Ankle boot,UMAP
0.83422893,7.7063246,7,Sneaker,UMAP
2.2397833,8.256035,7,Sneaker,UMAP
7.4677334,9.502717,2,Pullover,UMAP
11.008256,0.9626792,1,Trouser,UMAP
7.9665565,4.368515,3,Dress,UMAP
9.927923,4.779933,0,T-shirt/top,UMAP
7.8586764,10.2563715,4,Coat,UMAP
9.384366,5.966203,6,Shirt,UMAP
5.419951,4.67608,8,Bag,UMAP
1.3444084,7.729581,7,Sneaker,UMAP
8.328485,5.8366184,0,T-shirt/top,UMAP
2.1059453,8.896766,9,Ankle boot,UMAP
8.232519,5.1707015,6,Shirt,UMAP
3.8774464,8.70576,5,Sandal,UMAP
1.7194809,10.28632,9,Ankle boot,UMAP
10.33722,10.1610565,4,Coat,UMAP
10.379146,8.313477,3,Dress,UMAP
9.4216585,11.10164,4,Coat,UMAP
5.8170853,7.444738,8,Bag,UMAP
7.336656,3.9552848,1,Trouser,UMAP
1.1471713,7.714347,7,Sneaker,UMAP
5.499404,7.4224195,8,Bag,UMAP
10.3359585,10.5278845,6,Shirt,UMAP
10.244102,10.8075075,4,Coat,UMAP
7.001263,3.7287815,3,Dress,UMAP
9.478316,9.4555235,4,Coat,UMAP
8.655242,7.615258,3,Dress,UMAP
1.3672909,7.316048,7,Sneaker,UMAP
5.33786,5.1709423,8,Bag,UMAP
7.67254,3.5114715,3,Dress,UMAP
9.193791,9.803394,2,Pullover,UMAP
2.6300557,10.516663,9,Ankle boot,UMAP
7.007055,3.4683924,3,Dress,UMAP
8.214125,3.8791392,3,Dress,UMAP
0.75456214,8.718598,7,Sneaker,UMAP
7.79128,3.2585962,3,Dress,UMAP
1.5049194,10.901194,9,Ankle boot,UMAP
8.389726,11.032385,2,Pullover,UMAP
7.744253,2.9023597,1,Trouser,UMAP
9.1319275,11.011184,2,Pullover,UMAP
1.9414274,10.878714,9,Ankle boot,UMAP
8.441979,8.335843,6,Shirt,UMAP
11.03535,1.0462942,1,Trouser,UMAP
7.8224583,9.793322,4,Coat,UMAP
10.093791,4.931549,0,T-shirt/top,UMAP
10.355777,10.593881,4,Coat,UMAP
7.34797,4.0370383,3,Dress,UMAP
9.055394,10.937396,2,Pullover,UMAP
10.596776,8.245695,3,Dress,UMAP
11.847057,2.3718376,1,Trouser,UMAP
8.906857,10.692336,4,Coat,UMAP
7.407039,4.051084,3,Dress,UMAP
1.6445085,6.423867,5,Sandal,UMAP
2.1975884,9.791833,9,Ankle boot,UMAP
7.858092,10.541354,2,Pullover,UMAP
0.93620443,7.072713,7,Sneaker,UMAP
2.3534324,7.6707087,7,Sneaker,UMAP
8.892921,5.7962914,0,T-shirt/top,UMAP
8.26849,9.646268,2,Pullover,UMAP
1.4825059,10.507757,9,Ankle boot,UMAP
7.6136103,10.158685,2,Pullover,UMAP
10.6930895,8.886733,4,Coat,UMAP
8.933181,10.804294,4,Coat,UMAP
1.6562892,9.488514,9,Ankle boot,UMAP
11.058754,1.0016754,1,Trouser,UMAP
8.716943,5.5810747,0,T-shirt/top,UMAP
2.530314,9.085191,7,Sneaker,UMAP
4.2576275,10.003669,5,Sandal,UMAP
7.930276,4.928474,1,Trouser,UMAP
4.180099,10.833031,5,Sandal,UMAP
0.88050926,8.090488,7,Sneaker,UMAP
9.138455,7.8746614,4,Coat,UMAP
7.877221,8.3316345,6,Shirt,UMAP
5.8046026,5.654394,8,Bag,UMAP
7.6154466,3.3817217,3,Dress,UMAP
2.626485,11.028267,5,Sandal,UMAP
10.9881935,0.9940809,1,Trouser,UMAP
8.863098,4.8907437,0,T-shirt/top,UMAP
2.9212048,10.46388,9,Ankle boot,UMAP
3.4606738,8.564425,5,Sandal,UMAP
8.3406315,8.44518,2,Pullover,UMAP
11.929579,1.9118557,1,Trouser,UMAP
4.6718864,10.738765,5,Sandal,UMAP
8.798273,8.987597,4,Coat,UMAP
2.6279972,10.0092945,9,Ankle boot,UMAP
3.4032104,9.254417,5,Sandal,UMAP
5.4936886,7.501667,8,Bag,UMAP
9.308418,8.092594,4,Coat,UMAP
3.507337,10.446465,5,Sandal,UMAP
5.432913,4.9491744,8,Bag,UMAP
1.109286,7.1499224,7,Sneaker,UMAP
9.050115,11.357039,2,Pullover,UMAP
9.420766,8.594702,1,Trouser,UMAP
1.6368058,9.608414,7,Sneaker,UMAP
7.0867767,4.3221254,0,T-shirt/top,UMAP
7.0462637,4.054095,3,Dress,UMAP
8.218185,9.205104,6,Shirt,UMAP
2.7917545,11.471392,9,Ankle boot,UMAP
9.844776,5.5390396,0,T-shirt/top,UMAP
8.381491,7.8967476,2,Pullover,UMAP
7.060078,4.279285,6,Shirt,UMAP
4.280595,9.846209,5,Sandal,UMAP
10.255399,1.2505137,1,Trouser,UMAP
12.187187,2.0042799,1,Trouser,UMAP
9.333994,11.163538,2,Pullover,UMAP
8.543794,9.515968,6,Shirt,UMAP
6.280891,7.786465,8,Bag,UMAP
9.713043,5.981737,0,T-shirt/top,UMAP
1.0442257,7.0706673,7,Sneaker,UMAP
11.286167,1.5023372,1,Trouser,UMAP
2.1499681,8.742869,7,Sneaker,UMAP
10.661701,7.9281473,3,Dress,UMAP
10.990001,0.645709,1,Trouser,UMAP
11.301541,1.7407035,1,Trouser,UMAP
7.502231,9.250055,4,Coat,UMAP
2.2125316,8.61799,8,Bag,UMAP
1.5698591,10.943728,9,Ankle boot,UMAP
9.474348,9.048149,4,Coat,UMAP
3.3015478,11.393763,9,Ankle boot,UMAP
10.03538,8.191802,3,Dress,UMAP
8.260396,9.439619,4,Coat,UMAP
10.835112,0.640824,1,Trouser,UMAP
10.179005,5.714405,0,T-shirt/top,UMAP
11.574073,1.7358773,1,Trouser,UMAP
2.7578957,8.042206,5,Sandal,UMAP
7.632393,10.257617,6,Shirt,UMAP
0.5740956,9.325444,7,Sneaker,UMAP
9.402356,8.081043,3,Dress,UMAP
1.8484966,10.984098,9,Ankle boot,UMAP
2.2716799,7.7882953,7,Sneaker,UMAP
5.3303394,4.963286,8,Bag,UMAP
10.670435,0.9409598,1,Trouser,UMAP
2.6589398,11.894452,9,Ankle boot,UMAP
3.6104476,10.675163,9,Ankle boot,UMAP
11.140678,8.804161,4,Coat,UMAP
9.459025,6.0452065,0,T-shirt/top,UMAP
9.201853,11.014591,4,Coat,UMAP
8.267474,5.9438143,0,T-shirt/top,UMAP
8.347962,8.476599,2,Pullover,UMAP
7.9902177,3.1080093,3,Dress,UMAP
8.956481,9.122633,6,Shirt,UMAP
2.4676049,11.463879,5,Sandal,UMAP
7.1263065,6.891266,8,Bag,UMAP
3.463203,9.554527,5,Sandal,UMAP
1.6607339,10.362674,9,Ankle boot,UMAP
4.47134,11.336009,5,Sandal,UMAP
8.085569,8.056566,2,Pullover,UMAP
3.6312802,8.207425,5,Sandal,UMAP
5.660176,5.5792937,8,Bag,UMAP
5.2964015,5.033125,8,Bag,UMAP
7.6468067,10.176775,2,Pullover,UMAP
8.194224,9.261006,2,Pullover,UMAP
5.1516256,5.2456017,8,Bag,UMAP
1.419579,8.015883,7,Sneaker,UMAP
5.2262096,7.740278,8,Bag,UMAP
2.0488052,10.288494,9,Ankle boot,UMAP
10.18159,10.32429,2,Pullover,UMAP
9.851918,4.8213353,0,T-shirt/top,UMAP
2.9722373,7.446318,8,Bag,UMAP
0.837545,7.955521,7,Sneaker,UMAP
9.211557,9.606281,6,Shirt,UMAP
11.745871,0.9152547,1,Trouser,UMAP
9.268001,5.4783993,0,T-shirt/top,UMAP
5.503108,4.7147636,8,Bag,UMAP
7.5403595,3.5091195,3,Dress,UMAP
3.5771804,8.251935,5,Sandal,UMAP
9.266695,8.100701,4,Coat,UMAP
12.172605,0.45778495,1,Trouser,UMAP
7.185708,6.8546324,0,T-shirt/top,UMAP
8.245351,3.3796558,3,Dress,UMAP
2.8320231,11.210889,9,Ankle boot,UMAP
9.42169,11.562955,6,Shirt,UMAP
1.8263487,9.981238,9,Ankle boot,UMAP
5.4016523,7.423302,8,Bag,UMAP
8.847092,11.104555,4,Coat,UMAP
9.566781,6.914918,3,Dress,UMAP
10.89922,0.52504283,1,Trouser,UMAP
2.6435394,11.938889,9,Ankle boot,UMAP
5.9888463,7.6079183,8,Bag,UMAP
8.906821,7.0465646,0,T-shirt/top,UMAP
5.7798104,5.210434,8,Bag,UMAP
0.97638446,7.680851,7,Sneaker,UMAP
10.396089,6.2301507,0,T-shirt/top,UMAP
8.1382265,4.1006656,3,Dress,UMAP
6.982859,3.561111,3,Dress,UMAP
9.11044,11.161047,4,Coat,UMAP
7.562748,7.4107428,8,Bag,UMAP
8.609763,9.403316,6,Shirt,UMAP
11.029864,1.2907281,1,Trouser,UMAP
8.181962,3.2733872,3,Dress,UMAP
12.11237,0.4766778,1,Trouser,UMAP
2.3347983,7.5660453,7,Sneaker,UMAP
12.271072,1.9358058,1,Trouser,UMAP
3.444952,9.10307,5,Sandal,UMAP
8.60611,9.180588,6,Shirt,UMAP
8.596695,4.6449337,0,T-shirt/top,UMAP
8.105802,3.7955253,3,Dress,UMAP
5.3242116,4.971123,8,Bag,UMAP
5.301622,4.4687486,8,Bag,UMAP
8.409867,11.04729,2,Pullover,UMAP
11.302384,1.1528238,1,Trouser,UMAP
2.0232642,10.214912,9,Ankle boot,UMAP
7.0335193,6.701024,8,Bag,UMAP
8.411525,10.308488,4,Coat,UMAP
9.066043,10.06277,2,Pullover,UMAP
9.671513,6.911089,3,Dress,UMAP
3.095137,8.297365,5,Sandal,UMAP
5.5089827,4.931183,8,Bag,UMAP
7.582415,3.9937582,0,T-shirt/top,UMAP
9.268635,7.7524915,6,Shirt,UMAP
8.4744005,7.659961,2,Pullover,UMAP
11.955226,0.4725011,1,Trouser,UMAP
2.6391325,8.385282,5,Sandal,UMAP
3.3474758,11.246748,9,Ankle boot,UMAP
9.76237,4.761906,0,T-shirt/top,UMAP
0.9218847,9.564819,7,Sneaker,UMAP
7.8522763,8.340847,2,Pullover,UMAP
10.294734,5.796121,6,Shirt,UMAP
9.524132,5.2550945,0,T-shirt/top,UMAP
9.78175,5.176317,0,T-shirt/top,UMAP
5.9680924,4.4878106,8,Bag,UMAP
2.8018098,10.914443,9,Ankle boot,UMAP
2.761942,10.157365,9,Ankle boot,UMAP
10.249389,10.612837,4,Coat,UMAP
7.802904,9.254694,6,Shirt,UMAP
1.3948987,6.87125,7,Sneaker,UMAP
10.43482,8.032229,3,Dress,UMAP
10.973414,1.3104038,1,Trouser,UMAP
9.745819,10.552716,6,Shirt,UMAP
3.5650892,9.623001,5,Sandal,UMAP
9.032349,6.094253,0,T-shirt/top,UMAP
9.224368,11.687313,4,Coat,UMAP
9.320995,11.542091,6,Shirt,UMAP
8.506961,8.553562,6,Shirt,UMAP
3.7103434,8.61335,5,Sandal,UMAP
2.6570055,10.468512,5,Sandal,UMAP
5.2350245,4.5457025,8,Bag,UMAP
8.47473,9.779464,2,Pullover,UMAP
10.00491,8.258247,4,Coat,UMAP
8.650442,9.99312,2,Pullover,UMAP
5.657655,4.7076545,8,Bag,UMAP
8.56875,5.432523,6,Shirt,UMAP
9.97678,5.832372,0,T-shirt/top,UMAP
6.9983883,6.9195156,8,Bag,UMAP
9.806575,4.7776303,0,T-shirt/top,UMAP
7.8855424,10.126736,4,Coat,UMAP
6.1965723,7.333115,8,Bag,UMAP
3.6636477,8.2769785,5,Sandal,UMAP
2.2817335,11.795267,9,Ankle boot,UMAP
8.623909,8.883305,6,Shirt,UMAP
11.515598,1.3062029,1,Trouser,UMAP
10.297073,6.063281,6,Shirt,UMAP
3.7458665,9.129242,5,Sandal,UMAP
11.656649,1.3317685,1,Trouser,UMAP
7.187696,4.3054132,1,Trouser,UMAP
6.3281307,4.183501,8,Bag,UMAP
5.3319483,7.93257,8,Bag,UMAP
5.6674037,7.4045143,8,Bag,UMAP
1.2718059,8.035851,7,Sneaker,UMAP
10.465902,5.1607575,3,Dress,UMAP
11.5304165,2.0664742,1,Trouser,UMAP
2.2232597,7.962257,7,Sneaker,UMAP
3.3203244,11.384129,9,Ankle boot,UMAP
4.302667,10.793814,5,Sandal,UMAP
2.5861776,10.842916,9,Ankle boot,UMAP
1.6499695,10.268818,9,Ankle boot,UMAP
9.171227,5.2580132,0,T-shirt/top,UMAP
9.130385,5.5807467,9,Ankle boot,UMAP
2.4764087,9.978146,9,Ankle boot,UMAP
2.1360037,6.838139,5,Sandal,UMAP
2.0435514,10.065076,9,Ankle boot,UMAP
8.192078,4.2440753,3,Dress,UMAP
10.296466,1.2058045,1,Trouser,UMAP
10.366378,4.9943376,3,Dress,UMAP
5.1995225,5.4736686,8,Bag,UMAP
1.6165471,9.174368,7,Sneaker,UMAP
10.543793,5.1435122,3,Dress,UMAP
1.668957,6.4175014,5,Sandal,UMAP
1.9902055,6.7987046,5,Sandal,UMAP
10.675102,4.9964805,6,Shirt,UMAP
2.848119,11.882974,9,Ankle boot,UMAP
9.400386,5.0576253,0,T-shirt/top,UMAP
8.410279,8.435079,2,Pullover,UMAP
2.280564,9.013499,7,Sneaker,UMAP
11.617221,1.7000979,6,Shirt,UMAP
7.3105297,3.4658144,3,Dress,UMAP
10.185264,8.803088,4,Coat,UMAP
9.43938,5.1393337,0,T-shirt/top,UMAP
9.885133,5.7981367,0,T-shirt/top,UMAP
8.995559,7.1052885,8,Bag,UMAP
1.9839659,10.058714,9,Ankle boot,UMAP
12.209526,0.5396346,1,Trouser,UMAP
10.905631,8.012424,3,Dress,UMAP
0.9634206,9.769983,7,Sneaker,UMAP
2.595038,11.797558,9,Ankle boot,UMAP
2.446201,9.253597,9,Ankle boot,UMAP
5.911673,4.465448,8,Bag,UMAP
5.5698433,4.4303036,8,Bag,UMAP
7.6611857,9.066169,4,Coat,UMAP
1.2060435,7.924125,7,Sneaker,UMAP
4.452573,10.745668,5,Sandal,UMAP
11.668712,1.0239583,1,Trouser,UMAP
2.3743515,9.792498,9,Ankle boot,UMAP
2.2586071,7.7633567,7,Sneaker,UMAP
1.5932521,7.79951,7,Sneaker,UMAP
3.0899744,7.9928694,5,Sandal,UMAP
10.233408,10.659521,4,Coat,UMAP
1.8489217,10.110877,9,Ankle boot,UMAP
8.144627,3.2543886,3,Dress,UMAP
8.901119,4.3257813,0,T-shirt/top,UMAP
10.185993,10.241737,2,Pullover,UMAP
2.5726454,7.432973,7,Sneaker,UMAP
8.271127,5.9043283,0,T-shirt/top,UMAP
8.303441,7.7916393,4,Coat,UMAP
10.706573,8.578078,4,Coat,UMAP
5.8807545,5.7657037,8,Bag,UMAP
7.9603076,3.301287,3,Dress,UMAP
7.100737,3.2817924,3,Dress,UMAP
2.323176,10.078838,9,Ankle boot,UMAP
7.8984227,9.446901,2,Pullover,UMAP
9.957269,5.909841,6,Shirt,UMAP
11.592828,2.4357753,1,Trouser,UMAP
1.254087,7.3132386,7,Sneaker,UMAP
3.5448248,8.418122,5,Sandal,UMAP
1.9887677,10.404717,9,Ankle boot,UMAP
1.618967,7.8546157,7,Sneaker,UMAP
10.137094,8.478085,4,Coat,UMAP
9.395006,9.527558,4,Coat,UMAP
3.6607316,8.191954,5,Sandal,UMAP
9.578903,11.807011,4,Coat,UMAP
1.4015027,9.461629,7,Sneaker,UMAP
2.3330529,9.424665,9,Ankle boot,UMAP
2.9787745,10.947719,9,Ankle boot,UMAP
3.3184662,9.535401,5,Sandal,UMAP
2.1094508,10.624228,9,Ankle boot,UMAP
2.0348115,9.142964,9,Ankle boot,UMAP
9.706819,4.629579,0,T-shirt/top,UMAP
11.086894,0.9143918,1,Trouser,UMAP
11.382737,2.4113417,1,Trouser,UMAP
10.923648,1.224214,1,Trouser,UMAP
2.7988994,8.628572,5,Sandal,UMAP
9.358494,6.0756207,6,Shirt,UMAP
11.825399,1.9694633,1,Trouser,UMAP
10.925517,1.3234638,1,Trouser,UMAP
5.0355463,7.4106846,8,Bag,UMAP
8.473981,5.896887,6,Shirt,UMAP
10.273202,1.273143,1,Trouser,UMAP
1.5991538,7.7599344,7,Sneaker,UMAP
9.323403,11.377635,2,Pullover,UMAP
11.990152,0.63909847,1,Trouser,UMAP
7.7977333,4.7594323,8,Bag,UMAP
8.124408,10.689773,6,Shirt,UMAP
8.769022,9.234552,4,Coat,UMAP
11.03957,1.2322567,1,Trouser,UMAP
0.77750176,8.786749,9,Ankle boot,UMAP
9.554559,10.800695,2,Pullover,UMAP
0.62767154,7.582602,7,Sneaker,UMAP
11.21353,0.88830835,1,Trouser,UMAP
4.198955,11.51019,5,Sandal,UMAP
10.323862,7.5698056,6,Shirt,UMAP
2.2357986,7.6536746,7,Sneaker,UMAP
10.149055,9.14468,4,Coat,UMAP
9.931175,7.650503,3,Dress,UMAP
10.944104,8.069502,2,Pullover,UMAP
3.4138074,9.585869,5,Sandal,UMAP
10.445395,5.6965837,0,T-shirt/top,UMAP
5.442135,7.8475084,8,Bag,UMAP
9.026388,4.4234667,0,T-shirt/top,UMAP
10.303533,5.9494166,0,T-shirt/top,UMAP
10.95736,0.5669071,1,Trouser,UMAP
11.845274,1.10385,1,Trouser,UMAP
8.180361,5.523429,0,T-shirt/top,UMAP
5.5882072,4.7394147,8,Bag,UMAP
2.7038355,10.481262,9,Ankle boot,UMAP
1.673242,10.157055,9,Ankle boot,UMAP
6.3315086,7.0313234,8,Bag,UMAP
10.921431,1.4853833,1,Trouser,UMAP
9.33977,9.383739,6,Shirt,UMAP
2.0863564,10.412116,9,Ankle boot,UMAP
0.8534885,8.322643,7,Sneaker,UMAP
9.622655,8.5677595,6,Shirt,UMAP
8.924437,9.421918,6,Shirt,UMAP
1.9702772,11.190691,9,Ankle boot,UMAP
0.5858838,9.373723,7,Sneaker,UMAP
1.6426511,6.397468,5,Sandal,UMAP
9.628883,4.365309,3,Dress,UMAP
3.5117784,11.263672,9,Ankle boot,UMAP
8.56761,9.154884,6,Shirt,UMAP
11.041169,0.98257357,1,Trouser,UMAP
7.336408,3.422246,3,Dress,UMAP
7.801547,7.526649,2,Pullover,UMAP
7.8997884,8.39674,2,Pullover,UMAP
9.664114,5.895011,6,Shirt,UMAP
1.2688435,7.885415,7,Sneaker,UMAP
2.824815,11.507791,9,Ankle boot,UMAP
2.4044542,9.981874,9,Ankle boot,UMAP
7.9975076,3.286204,3,Dress,UMAP
8.835091,9.344446,6,Shirt,UMAP
8.470417,8.470343,2,Pullover,UMAP
9.191684,7.145842,4,Coat,UMAP
8.291885,9.707804,2,Pullover,UMAP
6.3059897,6.5402837,8,Bag,UMAP
7.225907,3.5848343,0,T-shirt/top,UMAP
2.281685,8.933374,9,Ankle boot,UMAP
2.6300647,10.11319,9,Ankle boot,UMAP
10.139254,6.283926,6,Shirt,UMAP
9.788156,10.668941,4,Coat,UMAP
11.658791,2.033715,1,Trouser,UMAP
9.231772,10.384159,4,Coat,UMAP
8.327244,6.420897,0,T-shirt/top,UMAP
5.8300557,5.625953,8,Bag,UMAP
7.8442,10.578324,4,Coat,UMAP
9.487336,9.2882185,6,Shirt,UMAP
0.85563904,8.514354,7,Sneaker,UMAP
2.9514458,11.690282,9,Ankle boot,UMAP
5.607247,5.614217,8,Bag,UMAP
4.2695885,10.245418,5,Sandal,UMAP
9.845709,7.8762803,3,Dress,UMAP
8.430706,6.035587,0,T-shirt/top,UMAP
9.666575,9.584071,6,Shirt,UMAP
8.630444,11.173333,4,Coat,UMAP
10.598674,9.914203,2,Pullover,UMAP
7.8139358,7.652397,8,Bag,UMAP
9.808817,7.7160153,3,Dress,UMAP
8.988922,10.016859,2,Pullover,UMAP
11.386568,2.3537786,1,Trouser,UMAP
1.6621624,10.706155,9,Ankle boot,UMAP
10.305019,1.2888641,1,Trouser,UMAP
1.6318145,10.291925,9,Ankle boot,UMAP
9.673725,4.588137,0,T-shirt/top,UMAP
8.377994,8.3769,4,Coat,UMAP
7.317474,4.0810122,3,Dress,UMAP
3.4230978,9.489915,5,Sandal,UMAP
10.048372,10.073423,4,Coat,UMAP
7.828645,7.450979,8,Bag,UMAP
7.7706957,3.8686132,6,Shirt,UMAP
0.5607138,7.3380694,7,Sneaker,UMAP
2.495798,7.719024,7,Sneaker,UMAP
12.072832,1.5815148,1,Trouser,UMAP
10.050364,4.977957,0,T-shirt/top,UMAP
0.7721645,7.2087245,7,Sneaker,UMAP
7.55378,4.7084336,3,Dress,UMAP
10.614311,9.661026,2,Pullover,UMAP
9.581217,6.7066646,0,T-shirt/top,UMAP
5.6564116,7.134938,8,Bag,UMAP
8.320493,9.213905,6,Shirt,UMAP
8.189155,10.157141,2,Pullover,UMAP
8.686592,5.0382624,0,T-shirt/top,UMAP
12.1370325,0.53837466,1,Trouser,UMAP
5.236229,7.4956546,8,Bag,UMAP
10.558086,7.863895,3,Dress,UMAP
10.281416,5.5792885,0,T-shirt/top,UMAP
8.338767,7.4504347,6,Shirt,UMAP
5.1785593,7.884462,8,Bag,UMAP
6.4206047,7.0115576,8,Bag,UMAP
10.954136,9.028929,4,Coat,UMAP
4.435452,11.291395,5,Sandal,UMAP
1.8901036,10.978326,9,Ankle boot,UMAP
11.0373125,8.195295,3,Dress,UMAP
5.2509937,5.0660367,8,Bag,UMAP
9.955783,5.047364,0,T-shirt/top,UMAP
1.286579,8.059715,7,Sneaker,UMAP
8.431089,11.091085,2,Pullover,UMAP
6.4017363,7.08063,3,Dress,UMAP
3.6859012,8.136575,5,Sandal,UMAP
7.362442,3.8431394,0,T-shirt/top,UMAP
9.996881,8.6360445,4,Coat,UMAP
9.241805,6.0539927,0,T-shirt/top,UMAP
3.5126657,9.539547,5,Sandal,UMAP
8.327605,8.389449,2,Pullover,UMAP
1.6169015,9.80462,9,Ankle boot,UMAP
5.7227836,7.367769,8,Bag,UMAP
2.9989815,9.1695175,5,Sandal,UMAP
6.32219,7.2145576,5,Sandal,UMAP
1.8597875,11.191662,9,Ankle boot,UMAP
7.783629,3.129174,3,Dress,UMAP
11.050813,0.8990351,1,Trouser,UMAP
12.073155,1.6218967,1,Trouser,UMAP
10.218695,8.295577,4,Coat,UMAP
9.724422,10.560937,4,Coat,UMAP
12.076997,0.7354574,1,Trouser,UMAP
7.5384674,3.9881887,3,Dress,UMAP
3.4167674,8.865436,5,Sandal,UMAP
8.33584,5.8998265,0,T-shirt/top,UMAP
9.689681,4.800015,0,T-shirt/top,UMAP
10.357851,5.310545,3,Dress,UMAP
10.533649,5.9681473,0,T-shirt/top,UMAP
3.6342847,8.286732,5,Sandal,UMAP
9.804274,5.2691708,6,Shirt,UMAP
1.8036306,9.642839,7,Sneaker,UMAP
10.833997,9.162074,3,Dress,UMAP
0.7995095,7.6658044,7,Sneaker,UMAP
7.7377605,8.501824,0,T-shirt/top,UMAP
3.9575477,10.119809,5,Sandal,UMAP
10.0616865,6.2508106,0,T-shirt/top,UMAP
8.504629,11.3733835,2,Pullover,UMAP
4.8487234,5.3693433,8,Bag,UMAP
4.144808,11.347698,5,Sandal,UMAP
9.159691,9.10637,6,Shirt,UMAP
10.550588,9.829907,2,Pullover,UMAP
9.122685,5.043882,0,T-shirt/top,UMAP
1.8870178,11.089959,9,Ankle boot,UMAP
4.2351947,10.793679,5,Sandal,UMAP
8.155334,4.32888,3,Dress,UMAP
9.014986,5.935533,0,T-shirt/top,UMAP
9.515555,9.016329,6,Shirt,UMAP
2.914608,8.661641,5,Sandal,UMAP
5.8550363,5.146025,8,Bag,UMAP
5.3579164,7.880818,8,Bag,UMAP
7.240279,3.5149446,3,Dress,UMAP
7.816585,9.710855,0,T-shirt/top,UMAP
5.5491214,7.617172,8,Bag,UMAP
9.319087,10.5204525,4,Coat,UMAP
9.498115,11.10544,2,Pullover,UMAP
7.773264,9.8964405,4,Coat,UMAP
6.256195,6.072958,6,Shirt,UMAP
7.368235,3.797747,3,Dress,UMAP
1.953308,7.457255,7,Sneaker,UMAP
3.2702813,8.682618,5,Sandal,UMAP
7.9264917,3.720298,3,Dress,UMAP
4.6310043,5.58697,8,Bag,UMAP
8.12848,4.233248,3,Dress,UMAP
7.546637,9.26414,4,Coat,UMAP
4.867185,5.286141,8,Bag,UMAP
10.580804,1.6248624,8,Bag,UMAP
2.0949652,7.726222,7,Sneaker,UMAP
0.8564738,8.5722475,7,Sneaker,UMAP
0.9537117,9.298623,7,Sneaker,UMAP
5.5614085,4.467884,8,Bag,UMAP
3.6862261,8.104071,5,Sandal,UMAP
8.4904585,8.165616,6,Shirt,UMAP
7.046821,4.324138,1,Trouser,UMAP
8.3243065,5.119452,0,T-shirt/top,UMAP
5.7513614,7.7818007,8,Bag,UMAP
9.405004,10.583875,4,Coat,UMAP
11.203719,2.619034,1,Trouser,UMAP
5.9675794,7.353926,8,Bag,UMAP
1.2975338,8.318831,7,Sneaker,UMAP
8.331043,5.3427835,6,Shirt,UMAP
7.178173,3.5321953,0,T-shirt/top,UMAP
3.6645746,8.986391,5,Sandal,UMAP
3.0661335,10.217039,9,Ankle boot,UMAP
10.342647,5.1303763,6,Shirt,UMAP
1.2296778,8.17579,7,Sneaker,UMAP
5.350967,4.8188987,8,Bag,UMAP
9.311048,5.5065436,6,Shirt,UMAP
2.5472524,7.464219,7,Sneaker,UMAP
10.416526,8.443341,4,Coat,UMAP
1.6723944,7.312216,7,Sneaker,UMAP
2.2899055,8.143847,5,Sandal,UMAP
9.214653,10.946697,2,Pullover,UMAP
5.15345,5.301949,8,Bag,UMAP
10.815734,1.1054771,1,Trouser,UMAP
2.0560992,9.06806,9,Ankle boot,UMAP
10.195979,5.101813,0,T-shirt/top,UMAP
10.908609,8.133751,3,Dress,UMAP
1.4771132,7.3041873,7,Sneaker,UMAP
9.261928,11.140745,2,Pullover,UMAP
6.946519,6.8573947,0,T-shirt/top,UMAP
10.041175,10.084315,2,Pullover,UMAP
8.650924,7.521071,2,Pullover,UMAP
5.687049,7.514516,8,Bag,UMAP
10.969883,1.2104769,1,Trouser,UMAP
10.539082,9.808485,2,Pullover,UMAP
7.5655713,9.730858,2,Pullover,UMAP
2.2107944,10.501442,9,Ankle boot,UMAP
10.399817,8.708595,4,Coat,UMAP
9.352276,11.839369,6,Shirt,UMAP
10.975679,0.8692361,1,Trouser,UMAP
9.018239,11.547456,2,Pullover,UMAP
11.248955,2.3479571,1,Trouser,UMAP
9.067004,4.6961603,0,T-shirt/top,UMAP
9.154232,7.1849356,6,Shirt,UMAP
9.561497,9.465621,4,Coat,UMAP
1.7124413,7.0960836,5,Sandal,UMAP
10.153303,10.8194895,2,Pullover,UMAP
4.8285675,5.424949,8,Bag,UMAP
2.0523796,8.170379,7,Sneaker,UMAP
2.3262494,11.821353,9,Ankle boot,UMAP
9.898556,11.125901,4,Coat,UMAP
8.149091,7.97777,2,Pullover,UMAP
8.281621,11.200289,6,Shirt,UMAP
2.0968895,6.935785,5,Sandal,UMAP
9.482873,8.14221,4,Coat,UMAP
10.051554,5.944328,6,Shirt,UMAP
5.4679976,4.791646,8,Bag,UMAP
2.1767561,10.252556,9,Ankle boot,UMAP
10.400682,10.707503,2,Pullover,UMAP
2.2356498,9.888855,9,Ankle boot,UMAP
9.31597,6.0352015,0,T-shirt/top,UMAP
9.343421,8.71097,2,Pullover,UMAP
5.672025,4.7369485,8,Bag,UMAP
2.7149127,11.334117,6,Shirt,UMAP
7.877667,10.256318,2,Pullover,UMAP
10.303823,10.834269,4,Coat,UMAP
11.473839,1.3301005,1,Trouser,UMAP
4.827225,10.444893,5,Sandal,UMAP
9.499078,7.8004837,2,Pullover,UMAP
2.2122865,6.95589,5,Sandal,UMAP
12.025574,2.1393905,1,Trouser,UMAP
4.2606287,10.984505,5,Sandal,UMAP
8.883858,5.924076,6,Shirt,UMAP
11.037254,1.0679114,1,Trouser,UMAP
9.646668,6.7343574,3,Dress,UMAP
5.1443844,5.049257,8,Bag,UMAP
8.2451,9.65214,2,Pullover,UMAP
8.546996,3.5325694,0,T-shirt/top,UMAP
8.283198,10.194914,2,Pullover,UMAP
9.887511,8.036199,4,Coat,UMAP
7.0969963,3.7065003,0,T-shirt/top,UMAP
8.489007,9.972754,2,Pullover,UMAP
8.16467,4.9592443,3,Dress,UMAP
8.13583,9.232607,6,Shirt,UMAP
2.0189788,10.476069,9,Ankle boot,UMAP
3.9120934,9.73208,5,Sandal,UMAP
8.744684,5.796516,0,T-shirt/top,UMAP
9.846943,5.21585,0,T-shirt/top,UMAP
5.95412,4.853323,8,Bag,UMAP
9.863982,10.165494,6,Shirt,UMAP
9.41344,5.092136,0,T-shirt/top,UMAP
0.59241664,7.5870957,7,Sneaker,UMAP
10.830833,1.2398652,1,Trouser,UMAP
2.0497477,8.804677,7,Sneaker,UMAP
2.9248624,7.424059,8,Bag,UMAP
5.1989174,5.4401364,8,Bag,UMAP
10.430054,9.754133,4,Coat,UMAP
10.848314,0.8720695,1,Trouser,UMAP
6.2358947,7.793589,8,Bag,UMAP
10.146171,10.531644,4,Coat,UMAP
8.109315,9.358301,6,Shirt,UMAP
1.9415101,9.330231,5,Sandal,UMAP
2.7021446,12.001362,9,Ankle boot,UMAP
10.602678,10.17821,2,Pullover,UMAP
11.943829,1.9657526,1,Trouser,UMAP
11.976539,1.6406397,1,Trouser,UMAP
1.6349539,6.4034395,5,Sandal,UMAP
2.8031628,9.984955,5,Sandal,UMAP
7.5596814,3.5066874,3,Dress,UMAP
8.722067,11.059996,2,Pullover,UMAP
9.894734,9.937352,6,Shirt,UMAP
0.8793949,8.007837,7,Sneaker,UMAP
7.9832935,3.277678,3,Dress,UMAP
1.6432267,7.317131,7,Sneaker,UMAP
6.3198442,7.763007,8,Bag,UMAP
10.072515,6.463767,0,T-shirt/top,UMAP
8.769858,9.086224,6,Shirt,UMAP
7.0906,3.1727037,1,Trouser,UMAP
11.882247,0.5540309,1,Trouser,UMAP
9.495869,11.730112,2,Pullover,UMAP
10.07199,10.648552,4,Coat,UMAP
8.130368,4.9823885,3,Dress,UMAP
9.872668,8.302881,6,Shirt,UMAP
7.21091,3.5973506,6,Shirt,UMAP
2.8199594,10.539049,9,Ankle boot,UMAP
8.798525,5.5160775,0,T-shirt/top,UMAP
9.227806,4.20831,3,Dress,UMAP
8.045611,10.3581,2,Pullover,UMAP
9.849603,8.6134205,4,Coat,UMAP
6.839438,7.5953293,8,Bag,UMAP
9.886897,9.763442,4,Coat,UMAP
1.2721331,8.083786,7,Sneaker,UMAP
11.40522,0.6926923,1,Trouser,UMAP
2.163227,11.619168,9,Ankle boot,UMAP
5.241986,7.390335,8,Bag,UMAP
2.512597,9.352778,9,Ankle boot,UMAP
7.2870965,4.301697,1,Trouser,UMAP
9.41049,11.594519,2,Pullover,UMAP
12.056397,2.243728,1,Trouser,UMAP
2.8504424,10.934172,9,Ankle boot,UMAP
3.4592628,10.851002,9,Ankle boot,UMAP
12.104198,1.70408,1,Trouser,UMAP
9.527224,9.706691,6,Shirt,UMAP
7.612052,8.134613,6,Shirt,UMAP
5.8012834,5.735351,8,Bag,UMAP
4.2549806,10.6519,5,Sandal,UMAP
7.9535403,9.564998,2,Pullover,UMAP
2.1285055,10.1230135,9,Ankle boot,UMAP
9.927525,5.2504296,0,T-shirt/top,UMAP
3.0978339,7.8970485,5,Sandal,UMAP
10.606035,9.902425,4,Coat,UMAP
9.608629,10.089506,4,Coat,UMAP
10.379959,8.682773,4,Coat,UMAP
9.312401,9.224514,6,Shirt,UMAP
7.76964,2.8663177,3,Dress,UMAP
7.753851,9.772527,2,Pullover,UMAP
8.404906,11.057255,2,Pullover,UMAP
3.4691846,8.299547,5,Sandal,UMAP
2.640672,11.038741,9,Ankle boot,UMAP
1.4215441,8.040302,7,Sneaker,UMAP
7.604424,10.151233,6,Shirt,UMAP
10.823526,0.6407587,1,Trouser,UMAP
8.421419,4.276239,3,Dress,UMAP
2.112979,6.8700676,5,Sandal,UMAP
2.0562773,11.081479,9,Ankle boot,UMAP
8.851149,9.402454,6,Shirt,UMAP
10.021854,11.503705,4,Coat,UMAP
9.88343,11.52208,6,Shirt,UMAP
8.564983,9.166908,6,Shirt,UMAP
8.41273,5.9627542,5,Sandal,UMAP
3.3286912,8.810396,9,Ankle boot,UMAP
10.792213,7.976402,3,Dress,UMAP
7.0647087,3.182567,3,Dress,UMAP
10.421657,9.447521,4,Coat,UMAP
10.376358,5.90566,6,Shirt,UMAP
7.811625,5.1802425,2,Pullover,UMAP
10.515086,5.8668447,0,T-shirt/top,UMAP
8.168533,3.9037082,3,Dress,UMAP
7.996407,3.090317,3,Dress,UMAP
5.3778963,5.44535,8,Bag,UMAP
7.1720667,3.5727496,0,T-shirt/top,UMAP
0.60576206,7.526881,7,Sneaker,UMAP
8.340106,11.110798,2,Pullover,UMAP
7.8336444,4.814485,6,Shirt,UMAP
10.097861,11.031568,4,Coat,UMAP
9.484798,9.240208,4,Coat,UMAP
7.653574,10.053846,2,Pullover,UMAP
10.0775385,10.619586,4,Coat,UMAP
8.593187,7.8246436,6,Shirt,UMAP
3.0171306,7.7898192,5,Sandal,UMAP
6.6053824,7.7050347,8,Bag,UMAP
4.286101,11.504698,5,Sandal,UMAP
4.0048738,10.615093,5,Sandal,UMAP
9.310079,7.5682855,6,Shirt,UMAP
3.5883367,8.243558,5,Sandal,UMAP
9.613579,6.955771,6,Shirt,UMAP
9.106612,5.40399,6,Shirt,UMAP
5.1195874,7.8670173,8,Bag,UMAP
10.628525,0.8400718,1,Trouser,UMAP
7.910843,2.877174,3,Dress,UMAP
7.5258656,9.1998,2,Pullover,UMAP
4.76223,10.769814,5,Sandal,UMAP
1.0963095,6.6990933,7,Sneaker,UMAP
9.283896,5.8762507,0,T-shirt/top,UMAP
8.111026,10.685022,2,Pullover,UMAP
10.626101,9.91813,4,Coat,UMAP
6.9990816,4.1795974,3,Dress,UMAP
9.847543,10.654178,2,Pullover,UMAP
8.825636,9.974976,4,Coat,UMAP
10.830511,9.028804,3,Dress,UMAP
8.3414545,8.414949,2,Pullover,UMAP
10.822218,7.8185635,3,Dress,UMAP
8.410995,8.54891,2,Pullover,UMAP
7.8974895,8.436642,2,Pullover,UMAP
11.647761,2.0543344,1,Trouser,UMAP
5.434278,7.670826,8,Bag,UMAP
4.231774,10.611329,5,Sandal,UMAP
1.5372089,8.059073,7,Sneaker,UMAP
3.1560507,11.190545,9,Ankle boot,UMAP
1.595338,8.260781,7,Sneaker,UMAP
2.5935774,9.440046,9,Ankle boot,UMAP
8.698036,3.7682292,3,Dress,UMAP
8.708411,5.8255877,0,T-shirt/top,UMAP
9.892894,10.276499,2,Pullover,UMAP
10.006529,4.7089806,0,T-shirt/top,UMAP
1.2105631,8.186731,7,Sneaker,UMAP
5.895324,4.9309497,8,Bag,UMAP
12.394982,1.9393468,1,Trouser,UMAP
9.930548,6.4849234,0,T-shirt/top,UMAP
8.877982,9.977943,6,Shirt,UMAP
1.0992055,7.110266,7,Sneaker,UMAP
6.001479,7.342138,8,Bag,UMAP
6.064229,4.861383,8,Bag,UMAP
8.159053,9.2438,6,Shirt,UMAP
8.301414,5.776958,0,T-shirt/top,UMAP
8.160144,9.387244,6,Shirt,UMAP
11.993763,1.7979386,1,Trouser,UMAP
8.296211,10.6117935,4,Coat,UMAP
4.248486,10.0793495,5,Sandal,UMAP
7.3915935,3.258489,3,Dress,UMAP
5.60513,7.5453897,8,Bag,UMAP
7.573572,7.4148917,8,Bag,UMAP
8.584504,11.5026455,6,Shirt,UMAP
2.9704428,11.170079,9,Ankle boot,UMAP
2.742506,10.560874,9,Ankle boot,UMAP
8.541665,10.52819,4,Coat,UMAP
5.5658603,7.794893,8,Bag,UMAP
9.820226,8.078871,3,Dress,UMAP
7.2310786,3.5698767,6,Shirt,UMAP
11.164501,2.654292,1,Trouser,UMAP
9.283722,7.120945,0,T-shirt/top,UMAP
8.86321,11.151653,2,Pullover,UMAP
6.997503,3.8244681,1,Trouser,UMAP
12.348556,1.8950112,1,Trouser,UMAP
12.143639,2.1411572,1,Trouser,UMAP
10.405248,5.1110063,3,Dress,UMAP
2.0336583,10.220794,9,Ankle boot,UMAP
11.92936,1.5914556,1,Trouser,UMAP
7.399305,4.097435,3,Dress,UMAP
7.10863,6.8773346,8,Bag,UMAP
9.589007,5.4903607,3,Dress,UMAP
11.818606,0.83389693,1,Trouser,UMAP
7.320056,3.9188626,1,Trouser,UMAP
12.054267,0.5736332,1,Trouser,UMAP
7.9093995,9.4064665,2,Pullover,UMAP
10.9143715,0.60273,1,Trouser,UMAP
7.3967576,3.2076623,3,Dress,UMAP
1.992881,11.203172,9,Ankle boot,UMAP
7.250806,6.474262,0,T-shirt/top,UMAP
9.146699,6.9750743,0,T-shirt/top,UMAP
2.383469,9.105345,7,Sneaker,UMAP
1.0746111,8.077963,7,Sneaker,UMAP
2.0108056,9.228068,9,Ankle boot,UMAP
10.208015,10.222854,4,Coat,UMAP
10.987845,1.1296395,1,Trouser,UMAP
9.085659,4.663688,0,T-shirt/top,UMAP
9.557233,5.644556,0,T-shirt/top,UMAP
8.1536665,4.666307,3,Dress,UMAP
0.8147352,8.030355,7,Sneaker,UMAP
3.552908,8.573859,5,Sandal,UMAP
2.539881,10.436105,9,Ankle boot,UMAP
10.963063,8.848654,3,Dress,UMAP
7.2004766,4.3862185,3,Dress,UMAP
1.6506804,7.329477,7,Sneaker,UMAP
2.7498815,12.027498,9,Ankle boot,UMAP
4.1267605,10.077511,5,Sandal,UMAP
11.004422,1.0535688,1,Trouser,UMAP
9.862986,5.492219,0,T-shirt/top,UMAP
7.354366,3.318661,3,Dress,UMAP
7.488442,4.120036,3,Dress,UMAP
9.606794,6.9717875,0,T-shirt/top,UMAP
10.302572,5.262099,3,Dress,UMAP
9.0158615,4.696182,0,T-shirt/top,UMAP
11.019723,1.0949575,1,Trouser,UMAP
2.7024148,10.457781,9,Ankle boot,UMAP
8.447794,4.686089,0,T-shirt/top,UMAP
9.186046,11.273708,2,Pullover,UMAP
7.736027,4.9157033,6,Shirt,UMAP
1.731688,7.2694645,7,Sneaker,UMAP
7.4867606,3.2576277,3,Dress,UMAP
10.2612295,1.2774884,1,Trouser,UMAP
1.567135,6.4186025,5,Sandal,UMAP
8.308061,5.3537617,0,T-shirt/top,UMAP
8.198097,9.107543,2,Pullover,UMAP
8.468252,11.201228,2,Pullover,UMAP
0.85865754,7.969053,7,Sneaker,UMAP
0.98674023,7.962334,7,Sneaker,UMAP
8.1671505,10.916179,2,Pullover,UMAP
12.400234,1.9636394,1,Trouser,UMAP
6.9309707,3.7768083,8,Bag,UMAP
1.7464468,10.833828,9,Ankle boot,UMAP
7.560389,9.23371,6,Shirt,UMAP
10.974419,7.9249463,3,Dress,UMAP
9.427578,9.377965,4,Coat,UMAP
2.2586648,10.011937,9,Ankle boot,UMAP
1.5111709,10.4811735,9,Ankle boot,UMAP
1.0215812,6.9993706,7,Sneaker,UMAP
8.029216,9.971321,4,Coat,UMAP
4.726117,10.758997,5,Sandal,UMAP
6.4216924,5.2285447,8,Bag,UMAP
2.7449758,10.518576,9,Ankle boot,UMAP
5.6933165,4.73435,8,Bag,UMAP
1.5949857,10.259462,9,Ankle boot,UMAP
5.1150002,8.01682,6,Shirt,UMAP
2.8442254,11.43542,9,Ankle boot,UMAP
9.191045,6.0787635,0,T-shirt/top,UMAP
8.219859,9.77493,6,Shirt,UMAP
9.841773,5.181769,0,T-shirt/top,UMAP
3.0990453,8.472773,5,Sandal,UMAP
8.901908,9.379599,6,Shirt,UMAP
3.6774375,8.285328,5,Sandal,UMAP
8.193845,9.401898,2,Pullover,UMAP
5.9397173,5.325928,8,Bag,UMAP
9.622004,11.768624,4,Coat,UMAP
9.816647,4.923311,0,T-shirt/top,UMAP
9.566561,4.6603446,3,Dress,UMAP
7.130398,3.1621726,3,Dress,UMAP
2.809496,10.353047,9,Ankle boot,UMAP
5.259937,4.5440264,8,Bag,UMAP
8.755203,11.364659,4,Coat,UMAP
7.500842,9.125258,6,Shirt,UMAP
9.232575,6.861161,0,T-shirt/top,UMAP
8.363077,11.109689,2,Pullover,UMAP
5.212699,4.5547776,8,Bag,UMAP
11.61536,1.9844917,1,Trouser,UMAP
9.170871,4.5862417,0,T-shirt/top,UMAP
10.601705,8.421971,3,Dress,UMAP
5.5523443,5.3782454,8,Bag,UMAP
7.342476,4.160989,0,T-shirt/top,UMAP
7.698113,10.133134,2,Pullover,UMAP
5.785101,5.6330657,8,Bag,UMAP
9.704297,9.669044,6,Shirt,UMAP
11.973193,2.2170904,1,Trouser,UMAP
7.200237,3.9130545,3,Dress,UMAP
9.27196,5.425206,0,T-shirt/top,UMAP
5.6254764,7.5193686,8,Bag,UMAP
8.849975,11.107932,4,Coat,UMAP
2.7678926,10.590097,9,Ankle boot,UMAP
4.78369,10.7734785,5,Sandal,UMAP
5.9423122,4.717662,8,Bag,UMAP
9.438897,11.066841,4,Coat,UMAP
5.8312526,5.6929016,8,Bag,UMAP
8.64175,4.7805257,0,T-shirt/top,UMAP
7.062146,4.2773604,3,Dress,UMAP
0.9660223,9.8735,9,Ankle boot,UMAP
8.800163,4.473526,6,Shirt,UMAP
5.330279,4.496955,8,Bag,UMAP
8.374628,11.069701,2,Pullover,UMAP
8.135651,3.3137543,3,Dress,UMAP
1.1673008,6.7050047,7,Sneaker,UMAP
5.4565287,5.171667,8,Bag,UMAP
11.914504,0.5233304,1,Trouser,UMAP
11.263397,1.7219645,1,Trouser,UMAP
6.9983497,6.949516,8,Bag,UMAP
8.237573,9.431587,6,Shirt,UMAP
10.73349,8.975387,3,Dress,UMAP
9.32145,11.076355,4,Coat,UMAP
9.279253,10.262373,2,Pullover,UMAP
0.8568351,7.08649,7,Sneaker,UMAP
8.481711,8.723412,2,Pullover,UMAP
5.693303,7.422155,8,Bag,UMAP
9.992417,8.406913,6,Shirt,UMAP
0.6975202,7.701717,7,Sneaker,UMAP
4.832416,5.413928,8,Bag,UMAP
7.745666,2.9534597,3,Dress,UMAP
8.600388,9.647605,4,Coat,UMAP
9.551233,9.09346,4,Coat,UMAP
1.5118026,10.596686,9,Ankle boot,UMAP
3.5372322,8.27975,5,Sandal,UMAP
9.614626,5.1408496,3,Dress,UMAP
4.200877,10.736606,5,Sandal,UMAP
9.801876,4.949373,0,T-shirt/top,UMAP
9.185368,10.451437,2,Pullover,UMAP
10.117663,8.527249,4,Coat,UMAP
5.511906,7.8644295,8,Bag,UMAP
10.283132,8.645455,6,Shirt,UMAP
1.1014409,7.4918933,7,Sneaker,UMAP
8.668254,5.612973,3,Dress,UMAP
12.397136,1.9896961,1,Trouser,UMAP
8.058925,10.313336,2,Pullover,UMAP
1.795021,11.171613,9,Ankle boot,UMAP
9.676273,4.612759,0,T-shirt/top,UMAP
5.8118377,5.6695666,8,Bag,UMAP
2.0508595,10.931182,9,Ankle boot,UMAP
8.047746,9.755226,6,Shirt,UMAP
10.629478,10.342954,4,Coat,UMAP
8.099992,8.807697,2,Pullover,UMAP
9.844757,11.325805,2,Pullover,UMAP
8.169053,8.870203,2,Pullover,UMAP
6.723581,6.996134,8,Bag,UMAP
2.9007552,11.650705,9,Ankle boot,UMAP
10.445462,5.6478286,6,Shirt,UMAP
12.063064,1.562471,1,Trouser,UMAP
11.289516,2.4004297,1,Trouser,UMAP
5.2509394,7.9061174,8,Bag,UMAP
2.922211,9.567133,5,Sandal,UMAP
1.4359467,10.45055,9,Ankle boot,UMAP
3.1285105,7.828847,5,Sandal,UMAP
5.6148276,7.7528048,8,Bag,UMAP
2.0789673,11.467172,9,Ankle boot,UMAP
11.509449,1.811707,1,Trouser,UMAP
1.5693556,9.509795,7,Sneaker,UMAP
9.24004,5.4543967,0,T-shirt/top,UMAP
9.392824,5.30281,6,Shirt,UMAP
11.95816,0.7504668,1,Trouser,UMAP
9.122678,7.8740373,6,Shirt,UMAP
1.6995876,9.724752,9,Ankle boot,UMAP
5.976717,4.7300754,8,Bag,UMAP
7.548774,9.334264,6,Shirt,UMAP
2.8502166,8.197469,7,Sneaker,UMAP
7.6659727,2.8760712,3,Dress,UMAP
5.881942,7.712805,8,Bag,UMAP
5.823057,7.3022265,8,Bag,UMAP
1.6417085,10.322779,9,Ankle boot,UMAP
2.274202,9.4840355,9,Ankle boot,UMAP
10.080006,8.983556,2,Pullover,UMAP
4.4261827,9.951291,5,Sandal,UMAP
6.7122107,7.5680556,8,Bag,UMAP
9.327576,5.940495,0,T-shirt/top,UMAP
8.48889,10.028697,2,Pullover,UMAP
3.523982,8.026031,5,Sandal,UMAP
5.486373,5.402323,8,Bag,UMAP
5.871417,4.533309,8,Bag,UMAP
0.9735062,7.222618,7,Sneaker,UMAP
10.536111,8.143702,4,Coat,UMAP
11.390767,1.882044,1,Trouser,UMAP
11.224736,2.5643573,1,Trouser,UMAP
10.091309,10.275453,2,Pullover,UMAP
0.5735424,9.473643,7,Sneaker,UMAP
6.3415537,7.3697577,8,Bag,UMAP
1.595398,8.1406355,7,Sneaker,UMAP
2.5483034,7.4917617,7,Sneaker,UMAP
3.4372075,8.596428,5,Sandal,UMAP
2.0566926,6.8936157,5,Sandal,UMAP
3.3318605,11.235051,9,Ankle boot,UMAP
3.6955388,8.122472,5,Sandal,UMAP
5.816952,7.4718366,8,Bag,UMAP
1.9733924,11.143653,9,Ankle boot,UMAP
6.890648,6.9296246,0,T-shirt/top,UMAP
9.946317,11.283517,4,Coat,UMAP
8.916401,10.070262,4,Coat,UMAP
3.2837183,10.287054,9,Ankle boot,UMAP
2.8302517,10.474609,9,Ankle boot,UMAP
9.844543,9.645905,6,Shirt,UMAP
2.844758,11.837317,9,Ankle boot,UMAP
1.6427398,6.401146,5,Sandal,UMAP
0.6231423,9.390579,7,Sneaker,UMAP
10.077879,9.729891,4,Coat,UMAP
8.424503,5.939448,0,T-shirt/top,UMAP
3.6513376,8.439067,5,Sandal,UMAP
7.553332,10.099769,4,Coat,UMAP
7.0827694,4.2189956,6,Shirt,UMAP
9.698055,11.273365,2,Pullover,UMAP
8.998535,8.412515,2,Pullover,UMAP
11.049269,0.9793667,1,Trouser,UMAP
11.032507,8.754738,3,Dress,UMAP
0.99547064,7.5989766,7,Sneaker,UMAP
0.7287646,7.551788,7,Sneaker,UMAP
2.3066032,11.693599,9,Ankle boot,UMAP
5.906486,7.326343,8,Bag,UMAP
5.977057,7.7776318,8,Bag,UMAP
7.4105763,3.584049,3,Dress,UMAP
8.9916115,7.726629,6,Shirt,UMAP
4.753727,10.7921915,5,Sandal,UMAP
1.0328721,7.810118,7,Sneaker,UMAP
10.865027,9.203293,3,Dress,UMAP
10.276704,10.940937,4,Coat,UMAP
7.6320567,3.1514623,3,Dress,UMAP
3.0045028,8.040005,5,Sandal,UMAP
8.604478,11.5042715,4,Coat,UMAP
11.095027,8.677531,3,Dress,UMAP
9.911735,5.547431,0,T-shirt/top,UMAP
10.239641,10.922493,4,Coat,UMAP
7.1352286,7.0796657,6,Shirt,UMAP
0.9855726,7.774295,7,Sneaker,UMAP
1.1831919,8.2786045,7,Sneaker,UMAP
8.25677,10.129607,6,Shirt,UMAP
9.411576,11.209602,4,Coat,UMAP
9.913272,5.706159,6,Shirt,UMAP
7.06969,3.5361924,3,Dress,UMAP
9.408802,4.7379937,0,T-shirt/top,UMAP
10.853098,8.76594,4,Coat,UMAP
1.9655182,10.367872,9,Ankle boot,UMAP
5.9502273,7.0283103,0,T-shirt/top,UMAP
9.881257,5.205691,6,Shirt,UMAP
11.981641,0.6054698,1,Trouser,UMAP
7.95694,8.273155,2,Pullover,UMAP
7.8843746,8.036589,2,Pullover,UMAP
9.726769,8.785335,6,Shirt,UMAP
7.65752,9.199107,3,Dress,UMAP
8.765473,10.796686,6,Shirt,UMAP
2.1446266,11.11112,9,Ankle boot,UMAP
9.033037,5.1737385,0,T-shirt/top,UMAP
8.54498,4.6265883,6,Shirt,UMAP
8.386596,9.757126,2,Pullover,UMAP
1.98321,9.849811,9,Ankle boot,UMAP
10.698627,8.210274,3,Dress,UMAP
3.5271065,9.168772,5,Sandal,UMAP
11.432681,1.3432792,1,Trouser,UMAP
0.9745602,9.805842,7,Sneaker,UMAP
11.077258,8.5407095,3,Dress,UMAP
8.392912,3.3563766,3,Dress,UMAP
4.32709,10.0448,5,Sandal,UMAP
9.753262,4.7936835,0,T-shirt/top,UMAP
0.8551455,7.1141505,7,Sneaker,UMAP
0.607667,9.355483,7,Sneaker,UMAP
1.8682723,7.342301,7,Sneaker,UMAP
6.574795,5.128797,0,T-shirt/top,UMAP
1.4821059,7.7650304,7,Sneaker,UMAP
10.468577,8.536627,6,Shirt,UMAP
0.8744746,9.661109,7,Sneaker,UMAP
10.519326,5.133912,3,Dress,UMAP
10.222897,8.267433,3,Dress,UMAP
9.529552,4.748927,0,T-shirt/top,UMAP
5.255914,5.449974,8,Bag,UMAP
3.3503952,9.565487,5,Sandal,UMAP
7.2305975,6.9277067,8,Bag,UMAP
6.3288937,7.237397,8,Bag,UMAP
10.029647,9.11363,4,Coat,UMAP
0.9162456,8.079163,7,Sneaker,UMAP
7.549899,9.01097,6,Shirt,UMAP
8.654406,8.637179,6,Shirt,UMAP
7.313103,4.0564685,3,Dress,UMAP
10.106439,10.273086,2,Pullover,UMAP
11.727428,1.3686167,1,Trouser,UMAP
8.161384,9.98289,2,Pullover,UMAP
0.62574565,7.5440655,7,Sneaker,UMAP
3.5276005,8.563653,5,Sandal,UMAP
2.7537487,11.969829,9,Ankle boot,UMAP
8.478345,7.8617387,2,Pullover,UMAP
5.2115035,5.3303127,8,Bag,UMAP
2.5276144,11.14853,5,Sandal,UMAP
9.61722,8.347178,6,Shirt,UMAP
10.17303,8.897296,4,Coat,UMAP
10.483522,8.646791,4,Coat,UMAP
12.178487,0.4544253,1,Trouser,UMAP
5.3850136,7.922454,8,Bag,UMAP
9.636071,5.158321,0,T-shirt/top,UMAP
2.141826,7.799546,7,Sneaker,UMAP
2.9806106,8.637669,5,Sandal,UMAP
10.850144,9.068319,6,Shirt,UMAP
4.828487,5.420157,8,Bag,UMAP
4.008355,10.326863,5,Sandal,UMAP
8.406261,8.590962,2,Pullover,UMAP
2.871688,8.277561,5,Sandal,UMAP
1.7334368,10.116082,9,Ankle boot,UMAP
9.588126,8.923549,4,Coat,UMAP
8.313628,9.496243,2,Pullover,UMAP
7.474979,4.0413637,6,Shirt,UMAP
10.099802,8.391296,3,Dress,UMAP
1.6751454,7.8738685,7,Sneaker,UMAP
9.367592,10.408868,6,Shirt,UMAP
3.0699685,8.940375,5,Sandal,UMAP
8.313286,11.279429,8,Bag,UMAP
3.426238,8.612839,5,Sandal,UMAP
0.7836212,7.1064615,7,Sneaker,UMAP
8.3595295,8.795386,2,Pullover,UMAP
1.9262894,10.606668,7,Sneaker,UMAP
1.5505152,9.611476,9,Ankle boot,UMAP
12.251014,1.8814901,1,Trouser,UMAP
10.258207,5.5461397,0,T-shirt/top,UMAP
5.6813765,4.3925805,8,Bag,UMAP
5.481802,5.021676,8,Bag,UMAP
11.78544,0.8519496,1,Trouser,UMAP
1.5826589,10.754828,9,Ankle boot,UMAP
7.308952,3.5086753,3,Dress,UMAP
10.9801235,0.6656228,1,Trouser,UMAP
0.90242326,9.810142,7,Sneaker,UMAP
3.2361345,7.9753814,5,Sandal,UMAP
7.6031685,9.284743,2,Pullover,UMAP
8.369302,5.204844,0,T-shirt/top,UMAP
8.436947,3.5331736,3,Dress,UMAP
2.8044302,10.96661,9,Ankle boot,UMAP
2.8803442,8.172967,5,Sandal,UMAP
6.7032766,7.0287075,8,Bag,UMAP
2.5242686,11.858014,9,Ankle boot,UMAP
8.611974,8.742085,6,Shirt,UMAP
1.9201343,7.6472716,7,Sneaker,UMAP
3.0057888,8.314308,5,Sandal,UMAP
9.5688305,10.861927,2,Pullover,UMAP
9.030521,5.7939053,0,T-shirt/top,UMAP
10.739577,1.0461547,1,Trouser,UMAP
8.455934,4.421299,0,T-shirt/top,UMAP
7.5676107,3.6881552,6,Shirt,UMAP
9.01061,7.1147695,3,Dress,UMAP
11.73293,2.3884664,1,Trouser,UMAP
8.135603,4.973776,3,Dress,UMAP
9.062886,9.756446,4,Coat,UMAP
9.243021,10.528974,2,Pullover,UMAP
3.6863039,8.338685,5,Sandal,UMAP
11.959081,0.49638274,1,Trouser,UMAP
3.6486146,8.185283,5,Sandal,UMAP
10.179005,8.532315,2,Pullover,UMAP
8.304284,7.659899,6,Shirt,UMAP
8.238408,9.735373,2,Pullover,UMAP
1.9607583,10.062503,9,Ankle boot,UMAP
1.6424714,9.983392,7,Sneaker,UMAP
3.5355203,8.45972,5,Sandal,UMAP
7.497402,3.4574401,3,Dress,UMAP
8.503715,5.218626,0,T-shirt/top,UMAP
7.8576894,9.49788,2,Pullover,UMAP
7.980949,8.078454,6,Shirt,UMAP
7.5465636,9.3050165,2,Pullover,UMAP
9.5595665,4.964273,6,Shirt,UMAP
8.717775,7.441534,2,Pullover,UMAP
8.066295,3.1568425,3,Dress,UMAP
2.632356,10.021301,9,Ankle boot,UMAP
10.212041,5.9416327,0,T-shirt/top,UMAP
10.414085,8.357597,4,Coat,UMAP
7.6361413,4.114731,6,Shirt,UMAP
4.2798176,11.4693165,5,Sandal,UMAP
10.217163,5.8010073,6,Shirt,UMAP
0.76210004,8.551054,7,Sneaker,UMAP
8.182336,8.017746,2,Pullover,UMAP
8.375648,9.970091,4,Coat,UMAP
9.445349,6.965186,3,Dress,UMAP
2.9702752,11.098448,9,Ankle boot,UMAP
10.060925,6.2502775,3,Dress,UMAP
2.7286258,7.6647267,7,Sneaker,UMAP
8.562621,6.0963554,0,T-shirt/top,UMAP
4.7528048,10.766711,5,Sandal,UMAP
5.437531,4.8158813,8,Bag,UMAP
2.1601725,9.771016,9,Ankle boot,UMAP
11.39979,1.8806317,1,Trouser,UMAP
1.5557513,10.40881,9,Ankle boot,UMAP
9.862289,10.675562,4,Coat,UMAP
8.873381,4.5186086,0,T-shirt/top,UMAP
2.0933006,8.190475,7,Sneaker,UMAP
5.7799144,4.4110646,8,Bag,UMAP
5.861663,5.5507536,8,Bag,UMAP
2.6902003,7.928824,5,Sandal,UMAP
5.680453,7.4265466,8,Bag,UMAP
10.449183,7.96335,4,Coat,UMAP
8.44411,8.208455,2,Pullover,UMAP
9.989042,4.850959,0,T-shirt/top,UMAP
8.960722,8.292748,4,Coat,UMAP
2.5442836,7.650276,7,Sneaker,UMAP
10.569807,8.601623,4,Coat,UMAP
1.7568005,11.011155,9,Ankle boot,UMAP
8.339516,6.4097714,6,Shirt,UMAP
10.999362,8.077205,3,Dress,UMAP
9.42337,5.2108407,0,T-shirt/top,UMAP
9.790097,4.5757556,0,T-shirt/top,UMAP
4.251816,11.454701,5,Sandal,UMAP
11.793442,2.0590596,1,Trouser,UMAP
10.418384,5.6531525,0,T-shirt/top,UMAP
1.1502062,8.008725,7,Sneaker,UMAP
7.8661294,9.632576,2,Pullover,UMAP
8.492941,9.752225,4,Coat,UMAP
8.157552,4.18615,3,Dress,UMAP
8.888487,9.910446,2,Pullover,UMAP
8.615395,9.200793,2,Pullover,UMAP
1.9754429,7.5657573,7,Sneaker,UMAP
7.7815676,3.382671,3,Dress,UMAP
3.539362,9.581142,5,Sandal,UMAP
8.322493,6.23977,0,T-shirt/top,UMAP
1.8285097,11.099646,9,Ankle boot,UMAP
7.79115,2.958949,3,Dress,UMAP
5.627797,4.455893,8,Bag,UMAP
3.0902152,9.405045,5,Sandal,UMAP
4.758267,10.761609,5,Sandal,UMAP
9.771791,4.7527637,0,T-shirt/top,UMAP
8.718387,4.6330137,6,Shirt,UMAP
0.98795635,6.777264,7,Sneaker,UMAP
5.265007,5.4526367,8,Bag,UMAP
8.01871,4.92139,0,T-shirt/top,UMAP
5.246422,5.4358687,8,Bag,UMAP
8.1387825,5.0022655,0,T-shirt/top,UMAP
12.161801,0.6513385,1,Trouser,UMAP
10.479746,10.598605,2,Pullover,UMAP
12.104362,0.47965166,1,Trouser,UMAP
1.1030031,7.9676313,7,Sneaker,UMAP
3.013721,11.82895,5,Sandal,UMAP
9.388681,11.630971,2,Pullover,UMAP
5.868857,5.4314976,8,Bag,UMAP
1.8300004,11.090766,9,Ankle boot,UMAP
5.8132215,5.6826725,8,Bag,UMAP
9.708584,9.097706,2,Pullover,UMAP
8.377761,8.34023,2,Pullover,UMAP
7.5357866,3.6454122,1,Trouser,UMAP
10.082067,4.896465,0,T-shirt/top,UMAP
9.788249,9.606309,6,Shirt,UMAP
11.823365,1.4078542,1,Trouser,UMAP
10.662886,4.839964,3,Dress,UMAP
9.247316,5.44523,0,T-shirt/top,UMAP
2.870578,11.100454,9,Ankle boot,UMAP
9.439339,7.976229,3,Dress,UMAP
9.005601,4.5256195,0,T-shirt/top,UMAP
2.3198893,9.5781975,9,Ankle boot,UMAP
0.60383326,9.467724,7,Sneaker,UMAP
7.5777698,9.938277,2,Pullover,UMAP
7.436974,3.678583,0,T-shirt/top,UMAP
8.415017,8.70491,4,Coat,UMAP
10.299564,10.694045,4,Coat,UMAP
9.856343,8.547418,2,Pullover,UMAP
9.428717,11.697118,4,Coat,UMAP
7.80464,10.277255,2,Pullover,UMAP
1.5650828,7.867775,7,Sneaker,UMAP
5.333904,5.007909,8,Bag,UMAP
10.287441,8.972331,4,Coat,UMAP
10.171992,8.986888,2,Pullover,UMAP
3.7833164,11.065845,5,Sandal,UMAP
2.821257,11.062026,9,Ankle boot,UMAP
11.329363,0.6517196,1,Trouser,UMAP
0.928803,8.369952,7,Sneaker,UMAP
10.038651,8.67937,4,Coat,UMAP
9.079108,7.6474633,2,Pullover,UMAP
7.244829,4.0027933,6,Shirt,UMAP
7.767845,3.947427,3,Dress,UMAP
8.422484,6.0178924,0,T-shirt/top,UMAP
10.506154,8.254278,3,Dress,UMAP
11.073043,1.2191287,1,Trouser,UMAP
9.8007555,11.301239,4,Coat,UMAP
5.0901194,10.220925,5,Sandal,UMAP
8.755083,5.0102725,0,T-shirt/top,UMAP
8.8188305,5.6532717,0,T-shirt/top,UMAP
9.071099,10.241451,4,Coat,UMAP
9.197419,11.675327,4,Coat,UMAP
9.788024,10.54532,2,Pullover,UMAP
9.249293,10.463159,2,Pullover,UMAP
8.260075,9.235236,2,Pullover,UMAP
10.495164,5.998355,0,T-shirt/top,UMAP
9.726476,11.462699,2,Pullover,UMAP
9.93218,8.641998,2,Pullover,UMAP
1.7250085,7.112983,5,Sandal,UMAP
9.928783,4.698508,0,T-shirt/top,UMAP
8.653175,7.471292,0,T-shirt/top,UMAP
8.004917,5.5846424,0,T-shirt/top,UMAP
1.8251822,11.069432,9,Ankle boot,UMAP
7.948512,8.27775,0,T-shirt/top,UMAP
10.345954,8.086679,3,Dress,UMAP
11.869135,0.6289723,1,Trouser,UMAP
0.5641118,7.3446836,7,Sneaker,UMAP
2.1810079,9.603162,9,Ankle boot,UMAP
9.594144,8.110902,6,Shirt,UMAP
7.5461216,3.902177,6,Shirt,UMAP
2.7656798,11.704013,9,Ankle boot,UMAP
0.9703845,7.642686,7,Sneaker,UMAP
7.1299505,3.393138,3,Dress,UMAP
8.827611,11.209137,4,Coat,UMAP
5.9615073,4.639498,8,Bag,UMAP
9.272319,8.964898,2,Pullover,UMAP
7.7404394,4.723799,3,Dress,UMAP
2.599685,7.5411015,7,Sneaker,UMAP
9.028887,4.3492947,3,Dress,UMAP
8.135686,3.2643154,3,Dress,UMAP
4.4683256,11.325754,5,Sandal,UMAP
9.461896,5.445017,0,T-shirt/top,UMAP
7.5026484,9.288474,2,Pullover,UMAP
1.8541137,10.180733,9,Ankle boot,UMAP
9.307315,5.366248,0,T-shirt/top,UMAP
7.997866,3.5588121,3,Dress,UMAP
2.2382064,9.552761,9,Ankle boot,UMAP
3.2584875,11.042669,9,Ankle boot,UMAP
10.542202,5.985007,0,T-shirt/top,UMAP
3.6367447,8.224383,5,Sandal,UMAP
1.9154009,7.2530904,5,Sandal,UMAP
2.3535912,7.4071937,7,Sneaker,UMAP
9.034716,4.4346466,0,T-shirt/top,UMAP
3.7092173,8.6602955,5,Sandal,UMAP
9.475249,11.724593,2,Pullover,UMAP
7.8345523,10.586206,6,Shirt,UMAP
12.024339,1.8499076,1,Trouser,UMAP
7.6908402,3.6110191,6,Shirt,UMAP
9.959269,8.781511,4,Coat,UMAP
8.635163,7.4857063,0,T-shirt/top,UMAP
7.7581635,9.755585,2,Pullover,UMAP
7.897855,9.8411,5,Sandal,UMAP
1.2893897,7.7338033,7,Sneaker,UMAP
8.69814,4.8310266,0,T-shirt/top,UMAP
8.993322,10.088749,2,Pullover,UMAP
7.892304,9.774523,2,Pullover,UMAP
8.543817,3.6228697,3,Dress,UMAP
3.1325145,8.2286825,5,Sandal,UMAP
2.144381,10.02887,9,Ankle boot,UMAP
1.9548118,6.800418,5,Sandal,UMAP
5.938713,5.4018607,8,Bag,UMAP
8.08066,10.753393,4,Coat,UMAP
9.541836,10.867745,4,Coat,UMAP
2.0513527,10.733706,9,Ankle boot,UMAP
1.731528,9.629877,9,Ankle boot,UMAP
10.790392,8.146851,3,Dress,UMAP
10.015784,10.034732,6,Shirt,UMAP
2.958827,11.333969,9,Ankle boot,UMAP
1.6202655,10.059555,9,Ankle boot,UMAP
3.0831537,11.182929,9,Ankle boot,UMAP
5.10193,7.833187,8,Bag,UMAP
8.235455,9.253001,6,Shirt,UMAP
2.409468,10.188632,9,Ankle boot,UMAP
8.869021,9.394651,6,Shirt,UMAP
11.729341,1.1179224,1,Trouser,UMAP
2.5158157,7.775899,5,Sandal,UMAP
4.720293,10.761316,5,Sandal,UMAP
4.05684,11.336561,5,Sandal,UMAP
9.447374,7.9809055,3,Dress,UMAP
11.433191,0.632783,1,Trouser,UMAP
10.737983,1.2721517,1,Trouser,UMAP
2.128581,9.888518,9,Ankle boot,UMAP
0.8485416,9.6392565,7,Sneaker,UMAP
10.504634,10.663027,2,Pullover,UMAP
12.040174,1.8735698,1,Trouser,UMAP
1.5495889,10.3656845,9,Ankle boot,UMAP
10.01552,7.8006597,3,Dress,UMAP
1.6406401,10.812241,9,Ankle boot,UMAP
3.3226132,7.9328012,7,Sneaker,UMAP
8.335796,11.057103,2,Pullover,UMAP
9.482335,5.2964864,0,T-shirt/top,UMAP
10.701831,8.480789,3,Dress,UMAP
9.311881,11.6304455,4,Coat,UMAP
3.051953,7.954775,5,Sandal,UMAP
10.870659,8.094404,3,Dress,UMAP
5.6575694,5.5468874,8,Bag,UMAP
7.335991,7.0374494,8,Bag,UMAP
2.047413,10.281983,7,Sneaker,UMAP
9.807072,8.8792,4,Coat,UMAP
3.4443066,11.271874,9,Ankle boot,UMAP
7.8826156,10.642557,6,Shirt,UMAP
3.3194587,8.527408,5,Sandal,UMAP
9.064669,4.885747,0,T-shirt/top,UMAP
4.169908,10.833447,5,Sandal,UMAP
0.70560426,9.379765,7,Sneaker,UMAP
7.693042,10.178233,2,Pullover,UMAP
9.299924,11.727772,2,Pullover,UMAP
7.2178755,3.5606425,6,Shirt,UMAP
0.69365954,9.512926,7,Sneaker,UMAP
9.360095,11.599351,2,Pullover,UMAP
12.169636,0.59066015,1,Trouser,UMAP
2.1096914,11.170946,9,Ankle boot,UMAP
10.414612,5.748953,0,T-shirt/top,UMAP
10.359248,6.049641,6,Shirt,UMAP
9.156518,6.964993,0,T-shirt/top,UMAP
1.5565515,7.835212,7,Sneaker,UMAP
0.9614603,7.9741807,7,Sneaker,UMAP
9.736351,5.8806343,0,T-shirt/top,UMAP
9.889578,10.727984,4,Coat,UMAP
8.759992,3.796052,3,Dress,UMAP
10.944469,7.7573953,3,Dress,UMAP
9.841043,5.4762406,0,T-shirt/top,UMAP
7.3433013,4.224142,6,Shirt,UMAP
9.200907,7.177842,6,Shirt,UMAP
9.637431,5.493511,0,T-shirt/top,UMAP
1.0786016,8.4712715,7,Sneaker,UMAP
10.413877,6.2949743,3,Dress,UMAP
1.3572538,7.93273,7,Sneaker,UMAP
2.183495,6.854383,5,Sandal,UMAP
9.871312,6.161885,0,T-shirt/top,UMAP
8.119845,8.540473,4,Coat,UMAP
1.215083,9.859345,9,Ankle boot,UMAP
8.571484,3.4453914,3,Dress,UMAP
7.6697297,9.330554,5,Sandal,UMAP
2.4253757,8.082828,7,Sneaker,UMAP
8.378594,11.056811,2,Pullover,UMAP
2.5559952,9.088805,7,Sneaker,UMAP
11.062375,0.49797362,1,Trouser,UMAP
9.198545,4.969583,0,T-shirt/top,UMAP
6.99395,3.4513655,3,Dress,UMAP
4.307514,11.09594,5,Sandal,UMAP
1.8390476,10.137385,9,Ankle boot,UMAP
9.054542,9.206143,2,Pullover,UMAP
9.098351,6.0788603,0,T-shirt/top,UMAP
9.169191,11.42469,2,Pullover,UMAP
0.9974212,9.976319,7,Sneaker,UMAP
7.693689,5.144042,0,T-shirt/top,UMAP
8.698433,7.4655685,6,Shirt,UMAP
8.312691,10.75953,2,Pullover,UMAP
8.654831,7.491079,0,T-shirt/top,UMAP
3.6729481,8.109672,5,Sandal,UMAP
11.074591,0.924261,1,Trouser,UMAP
10.240699,9.782922,4,Coat,UMAP
2.0714967,6.9501905,5,Sandal,UMAP
11.182673,1.3801595,1,Trouser,UMAP
0.9159619,9.496406,9,Ankle boot,UMAP
7.804472,2.8963532,1,Trouser,UMAP
7.531883,9.543534,4,Coat,UMAP
4.4029016,10.376473,5,Sandal,UMAP
0.5998486,9.431074,7,Sneaker,UMAP
3.521504,9.945698,5,Sandal,UMAP
5.227261,7.8484173,0,T-shirt/top,UMAP
10.423828,10.395266,4,Coat,UMAP
0.5678728,9.399707,7,Sneaker,UMAP
7.9180827,8.495324,2,Pullover,UMAP
3.5644503,8.139338,5,Sandal,UMAP
1.9602519,11.108622,9,Ankle boot,UMAP
