component_1,component_2,label,class_name,method
-2.2595415,-1.3634167,0,T-shirt/top,PCA
-2.4795241,0.8001282,6,Shirt,PCA
2.6229095,-0.27632332,5,Sandal,PCA
2.337137,1.0017889,7,Sneaker,PCA
1.272494,2.5074825,7,Sneaker,PCA
-0.63099414,-0.3314476,8,Bag,PCA
0.96504664,2.3860466,9,Ankle boot,PCA
-0.56723773,0.516023,6,Shirt,PCA
-2.6038387,0.73182195,2,Pullover,PCA
-1.4492935,-0.42887792,2,Pullover,PCA
-0.6903526,-1.9479977,3,Dress,PCA
-1.247807,0.9727664,4,Coat,PCA
2.014161,1.5239414,9,Ankle boot,PCA
2.6522532,-2.068951,1,Trouser,PCA
1.7480998,1.1820253,7,Sneaker,PCA
-2.728732,-0.4265631,2,Pullover,PCA
-1.3795092,-1.2956059,0,T-shirt/top,PCA
-2.2960942,0.7444035,4,Coat,PCA
-0.91536796,-2.3244095,3,Dress,PCA
0.7708905,0.74077755,9,Ankle boot,PCA
-1.9930102,-0.38029304,0,T-shirt/top,PCA
0.37334585,2.0154092,9,Ankle boot,PCA
-1.9736422,-1.2689245,6,Shirt,PCA
-1.5475228,-0.5185309,4,Coat,PCA
1.7424939,1.7580509,9,Ankle boot,PCA
1.8091471,0.692398,7,Sneaker,PCA
0.7850002,2.1352415,9,Ankle boot,PCA
0.42836767,0.77673805,0,T-shirt/top,PCA
-2.2403514,-0.3001581,6,Shirt,PCA
-1.9970146,0.77794003,2,Pullover,PCA
-1.345559,-1.7319529,0,T-shirt/top,PCA
2.3857272,0.7537113,7,Sneaker,PCA
1.097331,1.3821448,7,Sneaker,PCA
-0.95141387,-0.780309,0,T-shirt/top,PCA
2.0600402,0.7566248,5,Sandal,PCA
-2.1852484,1.5660328,4,Coat,PCA
-1.7912301,-0.12255642,6,Shirt,PCA
1.8905228,1.0132478,7,Sneaker,PCA
1.6831584,0.35508123,5,Sandal,PCA
2.3801544,-0.12390892,7,Sneaker,PCA
2.3857987,0.5680599,7,Sneaker,PCA
2.907435,-1.1592102,3,Dress,PCA
-0.8669963,0.84593153,4,Coat,PCA
1.6346713,-1.8031104,3,Dress,PCA
1.0565192,-2.547815,1,Trouser,PCA
-2.4294229,1.184651,2,Pullover,PCA
2.7793384,-0.08830209,5,Sandal,PCA
-0.43292177,0.030625228,8,Bag,PCA
-1.9105133,0.21552566,2,Pullover,PCA
-0.82182205,-1.2350268,6,Shirt,PCA
1.6201832,1.3026774,7,Sneaker,PCA
1.2710589,1.3395748,9,Ankle boot,PCA
2.361836,0.82880986,7,Sneaker,PCA
-1.4881662,0.58216864,8,Bag,PCA
-0.18168415,0.780667,8,Bag,PCA
-1.2614259,-1.185326,6,Shirt,PCA
-1.4703252,-0.19102694,4,Coat,PCA
-1.0106096,-2.3848221,1,Trouser,PCA
-0.8430675,0.44628194,6,Shirt,PCA
-0.5865877,-1.5895048,6,Shirt,PCA
1.4673748,-2.1805022,1,Trouser,PCA
-2.5758584,0.6756092,6,Shirt,PCA
2.2436302,0.44258296,7,Sneaker,PCA
-1.0004224,-0.8153347,3,Dress,PCA
-1.6065096,1.3051531,2,Pullover,PCA
-0.86067474,2.518623,9,Ankle boot,PCA
1.4292945,-2.4763286,1,Trouser,PCA
0.7157171,0.93711245,5,Sandal,PCA
0.029116213,0.784203,8,Bag,PCA
-0.90171576,-2.6967309,1,Trouser,PCA
-0.74878204,-1.3954637,6,Shirt,PCA
-1.7325625,-1.0548403,4,Coat,PCA
1.481455,1.9619287,5,Sandal,PCA
0.06122537,-2.1242654,3,Dress,PCA
-1.9364165,0.3204258,2,Pullover,PCA
-1.1460972,-0.16437656,4,Coat,PCA
1.0172105,0.55138534,8,Bag,PCA
-0.35724312,-0.92783946,0,T-shirt/top,PCA
1.2816155,-2.144714,1,Trouser,PCA
2.2668946,-1.8751523,3,Dress,PCA
-1.2794926,1.5215899,8,Bag,PCA
-1.2042704,-0.2774559,0,T-shirt/top,PCA
-0.26992077,-1.0295565,3,Dress,PCA
-0.4532138,-0.6174228,0,T-shirt/top,PCA
1.6353118,-1.6604916,1,Trouser,PCA
-0.26630294,-1.5776964,0,T-shirt/top,PCA
-1.1523942,0.31467736,2,Pullover,PCA
-0.6025987,0.49574986,6,Shirt,PCA
2.0947576,0.6477004,8,Bag,PCA
-0.9513786,1.5693133,8,Bag,PCA
2.8763757,-0.64846194,5,Sandal,PCA
-0.33736503,0.6980542,4,Coat,PCA
2.4045255,0.43747205,7,Sneaker,PCA
1.2867817,1.7629855,9,Ankle boot,PCA
0.41507077,1.5840954,8,Bag,PCA
-2.4951813,0.8847896,4,Coat,PCA
0.39597586,2.5816395,9,Ankle boot,PCA
-2.3262131,-0.4581185,6,Shirt,PCA
0.80758286,-1.4667481,3,Dress,PCA
2.2258894,1.1232316,7,Sneaker,PCA
-0.2725284,0.9831985,8,Bag,PCA
-0.5872393,0.9936482,8,Bag,PCA
-2.074468,-0.85275763,8,Bag,PCA
1.1755339,2.4441075,5,Sandal,PCA
2.0513299,-1.3177565,1,Trouser,PCA
1.4140129,-1.7253586,1,Trouser,PCA
0.4447143,-1.3409051,0,T-shirt/top,PCA
1.2229459,-1.5084108,3,Dress,PCA
1.8942891,1.1350528,7,Sneaker,PCA
-1.3578552,0.38780648,6,Shirt,PCA
0.6976545,-0.8876491,3,Dress,PCA
0.09995127,1.6329923,9,Ankle boot,PCA
-0.08051424,-0.44060993,8,Bag,PCA
-1.3908781,0.20063569,4,Coat,PCA
-1.5898474,0.38517514,6,Shirt,PCA
0.8218103,1.3891847,5,Sandal,PCA
-1.3827573,-0.019444263,2,Pullover,PCA
-0.14678924,0.55121386,8,Bag,PCA
2.1491623,-0.53944105,7,Sneaker,PCA
0.44380617,-1.3942105,3,Dress,PCA
-1.9447681,-0.18456918,2,Pullover,PCA
1.9072803,-0.019958008,7,Sneaker,PCA
-2.3806744,-1.5007111,0,T-shirt/top,PCA
-1.5210917,0.5940071,2,Pullover,PCA
2.5443497,1.2268908,7,Sneaker,PCA
-1.5821532,2.2655504,4,Coat,PCA
-0.32552338,-0.9522653,0,T-shirt/top,PCA
1.1885343,1.5603681,5,Sandal,PCA
-0.98543787,1.1440575,8,Bag,PCA
0.30783433,-1.6281408,1,Trouser,PCA
1.5006715,0.8394428,5,Sandal,PCA
-1.4519191,-1.6341639,0,T-shirt/top,PCA
-0.96714056,-2.0447257,3,Dress,PCA
2.1121197,1.4427519,9,Ankle boot,PCA
-0.43822533,1.7822587,8,Bag,PCA
-1.263137,-1.4307653,0,T-shirt/top,PCA
2.84127,0.19127586,7,Sneaker,PCA
-0.33589262,1.1576774,6,Shirt,PCA
-0.3904894,0.19107363,3,Dress,PCA
1.2945875,-2.0063944,1,Trouser,PCA
-2.1425803,0.025548585,2,Pullover,PCA
-1.6964507,-1.4479133,4,Coat,PCA
-2.489507,-1.5438241,0,T-shirt/top,PCA
0.30671132,1.0218977,8,Bag,PCA
-0.9834405,-1.2581701,0,T-shirt/top,PCA
-2.3989985,-1.0424508,0,T-shirt/top,PCA
-0.067083344,1.5618875,8,Bag,PCA
-0.67789376,2.386603,8,Bag,PCA
1.4745873,1.702512,9,Ankle boot,PCA
0.13557371,2.0162718,9,Ankle boot,PCA
-1.0293326,-0.37411958,4,Coat,PCA
-1.9036943,-1.7573136,0,T-shirt/top,PCA
1.8956001,-1.2028105,3,Dress,PCA
-0.42969638,-0.32756177,8,Bag,PCA
-0.43505663,0.20962173,3,Dress,PCA
2.7323592,0.4650666,7,Sneaker,PCA
-1.2920356,-0.5264418,4,Coat,PCA
-1.2503273,0.5282258,6,Shirt,PCA
1.4827551,1.5238631,5,Sandal,PCA
-1.2392603,1.7357218,4,Coat,PCA
-0.5735841,-1.3720907,6,Shirt,PCA
-1.6367937,1.8456342,6,Shirt,PCA
1.0518038,-2.9994392,1,Trouser,PCA
-0.5858958,2.4779806,9,Ankle boot,PCA
-2.1252484,0.46072203,6,Shirt,PCA
-0.19912748,-1.3855014,3,Dress,PCA
-1.8723956,1.2349337,2,Pullover,PCA
-0.9996505,-1.6030015,3,Dress,PCA
-0.9086391,-0.6534685,4,Coat,PCA
1.8012787,1.4349614,5,Sandal,PCA
0.91042316,-2.6734352,1,Trouser,PCA
-1.2798437,0.28613764,2,Pullover,PCA
-0.06156136,0.6559169,8,Bag,PCA
1.2979826,-2.3333383,1,Trouser,PCA
-0.22892769,-1.146502,4,Coat,PCA
1.2015158,1.9337326,9,Ankle boot,PCA
0.47486532,1.9042023,5,Sandal,PCA
-1.1945875,0.1507272,6,Shirt,PCA
-2.3456085,1.2611578,4,Coat,PCA
-1.1960169,-1.5787241,0,T-shirt/top,PCA
0.88422024,-1.3730642,3,Dress,PCA
-0.05137293,1.3980649,9,Ankle boot,PCA
1.5984209,-2.5324357,1,Trouser,PCA
-2.2301226,-1.7383691,0,T-shirt/top,PCA
1.578117,2.0935423,9,Ankle boot,PCA
-1.5089511,-0.15706173,2,Pullover,PCA
3.4459956,-0.21106249,5,Sandal,PCA
-0.47265023,-0.15323527,6,Shirt,PCA
0.112581484,2.2000296,5,Sandal,PCA
-0.16699992,0.076748654,8,Bag,PCA
-1.0543938,-1.6855683,0,T-shirt/top,PCA
-1.7418407,0.5985781,4,Coat,PCA
-0.25598752,-1.7384254,3,Dress,PCA
-0.7598368,1.3108845,8,Bag,PCA
0.9598246,-1.2924435,4,Coat,PCA
-0.38502938,-1.1235744,0,T-shirt/top,PCA
-0.74257106,0.50371367,8,Bag,PCA
2.3740177,-0.37312517,7,Sneaker,PCA
-1.1925178,-1.3407547,0,T-shirt/top,PCA
-0.3083297,-2.3528152,1,Trouser,PCA
-0.3755933,-1.1869612,0,T-shirt/top,PCA
-1.6734648,-0.16985694,4,Coat,PCA
-3.19134,0.33395952,2,Pullover,PCA
-1.4456593,-1.5456713,0,T-shirt/top,PCA
1.9448764,0.43633693,5,Sandal,PCA
0.021503225,1.6492083,8,Bag,PCA
-2.7874048,0.22439191,2,Pullover,PCA
0.31754404,-2.0657403,3,Dress,PCA
-0.29101264,-0.3863927,3,Dress,PCA
2.5540543,0.30348065,5,Sandal,PCA
0.61903113,-2.0359485,1,Trouser,PCA
1.8815137,0.122148246,7,Sneaker,PCA
-0.79892445,1.3212775,9,Ankle boot,PCA
1.9785534,-1.1347142,3,Dress,PCA
-0.75096554,-1.68896,0,T-shirt/top,PCA
-0.23584689,1.2573717,9,Ankle boot,PCA
0.5027542,1.5446205,5,Sandal,PCA
-1.5022721,-1.7746334,0,T-shirt/top,PCA
0.17123654,-1.6789583,3,Dress,PCA
1.7814935,2.185359,9,Ankle boot,PCA
-1.5027364,0.5374835,4,Coat,PCA
-0.37535655,2.2017207,9,Ankle boot,PCA
-0.5257022,-1.2293265,0,T-shirt/top,PCA
0.04741712,0.450925,6,Shirt,PCA
0.19368716,-0.8820294,0,T-shirt/top,PCA
0.9153324,-1.4030883,3,Dress,PCA
0.04350829,1.1963656,8,Bag,PCA
-0.3050601,-0.8863728,0,T-shirt/top,PCA
0.3628376,-0.620113,0,T-shirt/top,PCA
0.51683897,3.5256355,5,Sandal,PCA
-1.6286043,-1.4852158,3,Dress,PCA
1.4629667,-1.9897811,1,Trouser,PCA
-1.5512273,-0.17096071,6,Shirt,PCA
-1.827835,-2.1919556,0,T-shirt/top,PCA
-0.94495785,0.08656636,2,Pullover,PCA
-1.513342,-1.9236654,3,Dress,PCA
1.3589772,-2.6251025,1,Trouser,PCA
0.78205025,-1.4414272,3,Dress,PCA
0.13980998,1.823233,9,Ankle boot,PCA
0.737826,1.6877986,5,Sandal,PCA
1.413259,1.3987085,8,Bag,PCA
0.60206336,-2.8984993,1,Trouser,PCA
-0.280268,-2.3790052,1,Trouser,PCA
-1.2714871,0.40516564,4,Coat,PCA
2.093049,1.2107459,7,Sneaker,PCA
-1.8225056,2.38988,6,Shirt,PCA
-0.6380802,-0.86864334,3,Dress,PCA
-1.4189222,-0.9249416,0,T-shirt/top,PCA
0.21260017,1.6753664,8,Bag,PCA
-2.2307673,0.03838912,6,Shirt,PCA
0.9038867,-1.7549458,3,Dress,PCA
-0.731813,-1.4884069,6,Shirt,PCA
-1.2050872,-0.43701738,4,Coat,PCA
-2.6063545,0.71509945,4,Coat,PCA
-2.5501904,0.18914324,4,Coat,PCA
-1.0547128,0.16137567,4,Coat,PCA
-0.7722497,0.063587695,2,Pullover,PCA
0.96001506,-1.616781,3,Dress,PCA
-0.35238683,0.14568941,4,Coat,PCA
-0.13923682,2.1681514,9,Ankle boot,PCA
-0.5914569,1.4044467,8,Bag,PCA
-1.3351108,0.35978928,6,Shirt,PCA
-1.8679966,0.114094675,0,T-shirt/top,PCA
0.94309753,1.405494,7,Sneaker,PCA
0.48015577,2.6557477,9,Ankle boot,PCA
2.5563896,0.16825154,5,Sandal,PCA
-2.3187802,-0.38986713,4,Coat,PCA
-2.4370434,-1.4465865,0,T-shirt/top,PCA
-1.162845,1.2849685,2,Pullover,PCA
0.37684876,-2.774774,1,Trouser,PCA
0.27372497,-0.3912092,8,Bag,PCA
-0.8179064,1.4987944,8,Bag,PCA
-0.70958626,0.69264036,8,Bag,PCA
-1.582855,-1.7186955,0,T-shirt/top,PCA
0.4018797,2.2703342,5,Sandal,PCA
-2.4396076,-0.40388858,2,Pullover,PCA
-1.1356642,1.4142854,8,Bag,PCA
-1.7717794,1.1004595,6,Shirt,PCA
1.7471268,1.2321255,7,Sneaker,PCA
-0.72822,1.5722324,8,Bag,PCA
0.9403631,-2.0269132,3,Dress,PCA
0.17950857,2.3025553,9,Ankle boot,PCA
-1.5806711,-2.035417,6,Shirt,PCA
1.8776476,-2.3099627,1,Trouser,PCA
1.4126053,-2.6367772,1,Trouser,PCA
0.37147844,-2.0088205,3,Dress,PCA
1.4502532,-2.0378969,1,Trouser,PCA
-2.0162437,-0.112990186,6,Shirt,PCA
-2.4648767,0.38433906,6,Shirt,PCA
-1.6980731,1.1678346,2,Pullover,PCA
-0.69471985,-0.08369757,2,Pullover,PCA
0.4013348,0.53528017,8,Bag,PCA
-0.7834753,0.4318035,6,Shirt,PCA
0.28786108,-0.42654905,0,T-shirt/top,PCA
0.52400696,-1.8360499,3,Dress,PCA
0.3509005,-1.9235924,3,Dress,PCA
-2.0190468,0.116273046,2,Pullover,PCA
0.37860948,-1.0541939,3,Dress,PCA
0.5577374,2.389086,9,Ankle boot,PCA
-0.25968748,0.027674127,4,Coat,PCA
-2.3329587,-1.2606843,0,T-shirt/top,PCA
-2.7196233,-1.5805231,6,Shirt,PCA
2.5413444,-0.1998102,5,Sandal,PCA
-2.2362285,-1.1778985,0,T-shirt/top,PCA
-1.6513993,-0.2263349,4,Coat,PCA
-1.8894056,0.17062238,4,Coat,PCA
3.023939,0.17273425,7,Sneaker,PCA
0.28813022,2.0827456,9,Ankle boot,PCA
-0.6978351,-0.26708215,2,Pullover,PCA
2.6604848,0.2820843,7,Sneaker,PCA
-0.38478965,1.2829763,8,Bag,PCA
1.9273664,1.0746522,7,Sneaker,PCA
1.2571175,-2.4125586,1,Trouser,PCA
-1.6398882,0.8383788,4,Coat,PCA
-1.7914792,-0.018628487,6,Shirt,PCA
2.5520964,0.40938297,5,Sandal,PCA
0.978439,-2.896537,1,Trouser,PCA
2.1380687,1.7959255,9,Ankle boot,PCA
1.8223996,1.8739967,5,Sandal,PCA
-1.5247687,0.5039498,6,Shirt,PCA
-0.953706,-0.6453776,0,T-shirt/top,PCA
-1.9807249,0.4516943,2,Pullover,PCA
-0.95052147,-2.022145,0,T-shirt/top,PCA
1.5030155,-0.60532147,8,Bag,PCA
-2.3995001,1.5184577,4,Coat,PCA
1.8521019,0.6475205,7,Sneaker,PCA
-1.6255162,-2.242727,0,T-shirt/top,PCA
-1.3183094,-1.2788651,0,T-shirt/top,PCA
-0.48861915,-0.3100819,6,Shirt,PCA
-2.5551918,0.066027045,2,Pullover,PCA
-1.689652,0.056868542,4,Coat,PCA
0.66814846,-2.1384792,3,Dress,PCA
2.0189624,0.86108786,7,Sneaker,PCA
1.6223752,-0.91899043,3,Dress,PCA
-2.1202126,-0.23258054,4,Coat,PCA
-0.97496796,0.107615024,2,Pullover,PCA
1.9836558,-1.4055617,3,Dress,PCA
2.540567,0.35296127,7,Sneaker,PCA
-1.2618082,0.2040543,4,Coat,PCA
1.375727,1.2025468,5,Sandal,PCA
1.8954313,0.41155007,7,Sneaker,PCA
-0.63984126,1.6903203,5,Sandal,PCA
-1.3242924,-1.3287294,0,T-shirt/top,PCA
1.6050633,1.6209602,5,Sandal,PCA
-2.1420958,0.4900128,6,Shirt,PCA
3.3105078,0.08708495,7,Sneaker,PCA
1.947052,-2.8273513,1,Trouser,PCA
-0.6783422,1.4704643,8,Bag,PCA
1.0191514,2.5566008,9,Ankle boot,PCA
1.2571794,-1.5275114,1,Trouser,PCA
-0.97064745,-1.0699397,0,T-shirt/top,PCA
2.6127067,-2.0191076,1,Trouser,PCA
1.9716513,0.2557252,7,Sneaker,PCA
1.2773768,-1.1549199,8,Bag,PCA
0.34685364,1.920365,9,Ankle boot,PCA
-2.135378,0.91200185,6,Shirt,PCA
0.19235787,2.2127872,9,Ankle boot,PCA
-0.38401276,-2.0919209,3,Dress,PCA
-1.5668387,-1.798854,0,T-shirt/top,PCA
-1.7549814,0.105094075,6,Shirt,PCA
-1.9325725,-0.73546755,4,Coat,PCA
-2.6048872,0.028051373,2,Pullover,PCA
2.2284336,0.3710032,7,Sneaker,PCA
1.9998298,0.13014446,7,Sneaker,PCA
-1.1512003,0.74604434,4,Coat,PCA
3.6611676,-0.5124246,5,Sandal,PCA
-0.99973345,-0.86496633,2,Pullover,PCA
-1.4598333,0.58655864,4,Coat,PCA
-1.3718966,0.5267995,4,Coat,PCA
-0.06861557,-0.63971126,6,Shirt,PCA
2.5446398,0.3024184,7,Sneaker,PCA
2.2200673,-1.4809586,1,Trouser,PCA
0.34378397,2.2927966,9,Ankle boot,PCA
-0.40289962,-0.0066792537,6,Shirt,PCA
-3.0453765,0.42959327,6,Shirt,PCA
2.7249298,-0.90180135,5,Sandal,PCA
-1.7214167,-1.3668698,0,T-shirt/top,PCA
-0.6601027,-1.5682118,3,Dress,PCA
0.55426866,-1.7285655,1,Trouser,PCA
0.051585227,-1.389015,0,T-shirt/top,PCA
1.1055121,2.242444,9,Ankle boot,PCA
-1.2554481,-1.5220883,0,T-shirt/top,PCA
1.6273607,-1.7955517,3,Dress,PCA
-1.103937,0.63988537,2,Pullover,PCA
-2.8869662,1.2792648,2,Pullover,PCA
-0.91915464,0.101267815,2,Pullover,PCA
-0.35701752,1.5324519,9,Ankle boot,PCA
-2.2366548,1.5562733,2,Pullover,PCA
-1.1023468,-1.1876729,4,Coat,PCA
-2.4371347,-0.09029983,4,Coat,PCA
0.70588356,2.4730127,9,Ankle boot,PCA
-0.58648854,1.495521,8,Bag,PCA
-2.1621058,-1.9617294,6,Shirt,PCA
2.4785044,1.1153182,7,Sneaker,PCA
-0.10577227,-1.7407941,3,Dress,PCA
1.1964848,-1.82114,1,Trouser,PCA
1.3487191,-2.680051,1,Trouser,PCA
-0.22705121,-0.6148847,6,Shirt,PCA
1.3160877,-2.17175,3,Dress,PCA
3.147617,0.17321715,7,Sneaker,PCA
-1.1410402,-0.5414911,4,Coat,PCA
-1.1723394,-1.5587488,4,Coat,PCA
-1.5269659,-1.127389,2,Pullover,PCA
2.691818,0.10100235,7,Sneaker,PCA
0.08953415,-1.4144572,3,Dress,PCA
-0.84035146,1.571085,9,Ankle boot,PCA
2.5777273,-0.120732814,5,Sandal,PCA
2.5282412,0.6935264,5,Sandal,PCA
0.72807664,1.4096607,9,Ankle boot,PCA
-2.1685164,-0.1600995,6,Shirt,PCA
1.5596968,1.8954726,9,Ankle boot,PCA
-1.8476142,-0.2962291,2,Pullover,PCA
-0.24329261,-2.4632325,3,Dress,PCA
-2.3273842,1.2139164,2,Pullover,PCA
-1.9274577,0.8620052,2,Pullover,PCA
-0.017515168,1.8152287,8,Bag,PCA
0.38358134,1.2090094,6,Shirt,PCA
-2.6309674,-0.22202069,4,Coat,PCA
1.603009,0.17373392,7,Sneaker,PCA
-0.029578283,2.99952,9,Ankle boot,PCA
-0.57703465,1.8136786,8,Bag,PCA
-0.2976972,0.13564241,6,Shirt,PCA
2.370461,0.20338026,7,Sneaker,PCA
2.0874414,1.1672432,5,Sandal,PCA
0.8770912,2.666345,9,Ankle boot,PCA
-0.64744866,1.2767446,2,Pullover,PCA
-0.07793169,1.9483442,8,Bag,PCA
1.8482562,-1.8044105,1,Trouser,PCA
0.12550648,2.5260725,9,Ankle boot,PCA
-1.6157386,-0.70796275,4,Coat,PCA
-0.5707004,1.0316579,9,Ankle boot,PCA
0.19831832,1.3955257,9,Ankle boot,PCA
-0.9920223,0.54276377,6,Shirt,PCA
-0.41076285,-0.88575876,0,T-shirt/top,PCA
2.2194843,0.37202683,5,Sandal,PCA
-1.2922413,-1.284169,0,T-shirt/top,PCA
-0.3306818,-0.2578541,8,Bag,PCA
-2.3130076,0.6240926,6,Shirt,PCA
-1.2737796,0.9760846,8,Bag,PCA
1.3330294,-2.8120508,1,Trouser,PCA
-3.1074457,-0.68763465,4,Coat,PCA
-0.86548424,-0.01417394,4,Coat,PCA
2.7950673,0.03839645,7,Sneaker,PCA
-1.3771551,-1.1887683,3,Dress,PCA
-0.7000744,-1.9661425,3,Dress,PCA
-2.1441302,1.1134032,2,Pullover,PCA
-0.22588702,-1.2187797,3,Dress,PCA
1.4573451,-2.3150506,1,Trouser,PCA
-0.3688476,-0.9653899,0,T-shirt/top,PCA
-1.7477229,-1.6369284,4,Coat,PCA
0.60797024,-0.9839631,4,Coat,PCA
-0.9828992,0.6673166,9,Ankle boot,PCA
-0.8019937,0.46169326,6,Shirt,PCA
-1.230803,-2.2740767,0,T-shirt/top,PCA
0.47668263,2.4663472,9,Ankle boot,PCA
-0.29320735,0.8335591,8,Bag,PCA
-0.56292903,0.5507341,8,Bag,PCA
-1.6215852,-1.2749242,3,Dress,PCA
1.4840006,2.5732727,9,Ankle boot,PCA
1.8133723,1.0068967,7,Sneaker,PCA
-1.1286098,-1.7280103,0,T-shirt/top,PCA
1.5040683,-1.8952179,1,Trouser,PCA
-1.4956503,0.124209926,2,Pullover,PCA
1.6516736,-1.0575947,3,Dress,PCA
0.7073343,-1.6024657,3,Dress,PCA
0.14079061,-1.4876837,3,Dress,PCA
1.8170091,0.46276757,5,Sandal,PCA
-0.83585596,0.52033126,6,Shirt,PCA
-0.46410614,-0.5475464,6,Shirt,PCA
0.22936778,-1.9857944,1,Trouser,PCA
-2.0719101,-2.0098138,6,Shirt,PCA
1.0209564,-1.8038015,3,Dress,PCA
-0.0995246,-2.2632687,3,Dress,PCA
1.1945162,0.39156893,5,Sandal,PCA
0.9004497,0.18483762,8,Bag,PCA
-2.1027207,1.8301399,4,Coat,PCA
-0.9759091,-0.08450234,8,Bag,PCA
2.7293613,0.022817869,7,Sneaker,PCA
-2.9018266,-1.1361604,6,Shirt,PCA
1.913049,0.4908233,7,Sneaker,PCA
-1.6061264,0.15924141,2,Pullover,PCA
2.873516,-1.7086368,1,Trouser,PCA
2.1326966,-1.9825404,1,Trouser,PCA
1.4234253,-2.0087485,3,Dress,PCA
-0.6657283,0.56390923,8,Bag,PCA
-2.1118839,0.6907249,6,Shirt,PCA
-0.47247583,-0.79891396,0,T-shirt/top,PCA
-0.7822715,2.2862697,9,Ankle boot,PCA
2.3691156,0.4390907,7,Sneaker,PCA
0.77608067,0.6961516,5,Sandal,PCA
-0.10152589,1.2929791,8,Bag,PCA
-2.6269226,0.66235286,2,Pullover,PCA
1.0502893,-1.960353,3,Dress,PCA
2.0624666,1.8217162,5,Sandal,PCA
0.732334,2.0708802,9,Ankle boot,PCA
2.2156246,0.29369268,7,Sneaker,PCA
-0.2685147,-0.83321327,0,T-shirt/top,PCA
-0.39363587,-2.631646,1,Trouser,PCA
1.2175039,-2.767489,1,Trouser,PCA
0.28975904,1.9949552,9,Ankle boot,PCA
-0.585502,2.2245388,8,Bag,PCA
-1.3261701,-0.6013062,6,Shirt,PCA
-0.83417904,2.0483968,0,T-shirt/top,PCA
-2.2613003,-1.1749815,0,T-shirt/top,PCA
2.0133488,-1.8494742,1,Trouser,PCA
-1.0914618,1.0533913,2,Pullover,PCA
-0.5306877,1.0221889,2,Pullover,PCA
-0.90526974,-1.0777578,4,Coat,PCA
-1.3166578,-1.0677943,4,Coat,PCA
-0.22476427,0.5838645,8,Bag,PCA
1.3748404,-2.017291,1,Trouser,PCA
-0.34127587,0.41829348,3,Dress,PCA
1.6004267,1.5669372,7,Sneaker,PCA
-0.2591347,-1.724115,3,Dress,PCA
-2.1235883,2.0890424,6,Shirt,PCA
0.92373693,-1.8741025,1,Trouser,PCA
-1.8537513,0.14844641,0,T-shirt/top,PCA
2.0531542,1.566803,5,Sandal,PCA
-1.11482,-1.8983737,0,T-shirt/top,PCA
1.4317907,-2.2183352,1,Trouser,PCA
2.381297,0.45618623,7,Sneaker,PCA
-1.0945729,-1.7862422,3,Dress,PCA
1.0051459,1.5887918,9,Ankle boot,PCA
0.8064126,-0.624565,8,Bag,PCA
0.13793312,-2.4528902,3,Dress,PCA
0.4303761,1.9529252,9,Ankle boot,PCA
-1.6314809,0.004071407,6,Shirt,PCA
-0.3308264,2.110497,9,Ankle boot,PCA
0.72862023,0.8493675,5,Sandal,PCA
-1.4933964,0.5310064,4,Coat,PCA
2.8008788,0.43331987,7,Sneaker,PCA
-0.062083617,-1.9156382,0,T-shirt/top,PCA
0.5471752,-1.397983,3,Dress,PCA
1.3162931,2.5167842,9,Ankle boot,PCA
3.163425,0.30211663,7,Sneaker,PCA
1.902272,2.5124588,9,Ankle boot,PCA
-0.09565221,-0.9802418,6,Shirt,PCA
-1.2060375,0.8895988,4,Coat,PCA
2.1453831,0.569906,5,Sandal,PCA
-2.18178,0.3384831,6,Shirt,PCA
0.03857532,-0.5720809,2,Pullover,PCA
1.2915561,-1.9310712,1,Trouser,PCA
0.7738262,0.86236805,5,Sandal,PCA
0.80975944,-0.8626557,3,Dress,PCA
-1.5382358,-0.22015077,4,Coat,PCA
0.67091316,-2.1398716,1,Trouser,PCA
1.7617135,1.0419248,5,Sandal,PCA
0.6269565,0.25634822,5,Sandal,PCA
-0.5582038,1.4515797,8,Bag,PCA
0.13036859,0.9630719,8,Bag,PCA
1.5550148,2.3335383,9,Ankle boot,PCA
-1.807011,0.4231981,4,Coat,PCA
-0.4144271,1.7253478,9,Ankle boot,PCA
1.6922404,0.6415642,5,Sandal,PCA
1.7301176,1.3583242,7,Sneaker,PCA
0.063106686,1.7473469,8,Bag,PCA
2.411901,0.07640448,7,Sneaker,PCA
-0.85231996,-2.903938,1,Trouser,PCA
0.43975723,-1.3602655,3,Dress,PCA
2.0825095,-1.9572473,1,Trouser,PCA
-1.1981506,-0.24180967,6,Shirt,PCA
1.6348116,-2.42759,1,Trouser,PCA
-0.1164221,-1.5721881,3,Dress,PCA
0.5364109,-1.1147202,3,Dress,PCA
1.4921644,-2.3260565,1,Trouser,PCA
0.47736526,-1.7943419,3,Dress,PCA
-1.3375268,0.58539784,8,Bag,PCA
1.4733624,2.2454865,9,Ankle boot,PCA
0.18311527,2.3811626,9,Ankle boot,PCA
-1.6708537,-0.17878678,4,Coat,PCA
1.562685,-1.9626445,1,Trouser,PCA
-2.1395786,-1.6120652,0,T-shirt/top,PCA
-1.2123033,2.992725,8,Bag,PCA
-0.17790957,0.11878674,6,Shirt,PCA
-1.9615718,0.6109654,2,Pullover,PCA
-0.99181426,-1.1584282,0,T-shirt/top,PCA
2.517504,0.52491844,7,Sneaker,PCA
1.2249105,2.1722744,9,Ankle boot,PCA
-0.14159472,-0.5318571,8,Bag,PCA
-3.1606727,0.46326604,2,Pullover,PCA
1.9283762,1.1177636,5,Sandal,PCA
-1.6904819,0.49104413,4,Coat,PCA
-1.0939144,-0.8363778,6,Shirt,PCA
0.025234327,-1.9283884,3,Dress,PCA
1.4034625,-1.9971007,1,Trouser,PCA
2.9361115,0.2921313,7,Sneaker,PCA
-2.663211,-0.47840008,2,Pullover,PCA
0.52885824,0.9608882,5,Sandal,PCA
-1.2289609,0.122880146,2,Pullover,PCA
-1.0218837,0.3622926,6,Shirt,PCA
-1.2573438,1.0058641,8,Bag,PCA
-2.1550534,-0.118807405,2,Pullover,PCA
0.68901557,1.838506,5,Sandal,PCA
-1.3921108,-0.0073012896,2,Pullover,PCA
-1.3871868,-0.12362236,0,T-shirt/top,PCA
1.5098504,0.96066654,7,Sneaker,PCA
0.5450572,-1.7978706,1,Trouser,PCA
0.021869794,-0.44718686,2,Pullover,PCA
0.6535944,2.0699365,9,Ankle boot,PCA
-0.83436906,-1.3461101,3,Dress,PCA
-1.2241918,-0.21398957,0,T-shirt/top,PCA
0.87164843,-2.1695921,1,Trouser,PCA
0.25988004,0.5778329,8,Bag,PCA
-1.3117962,-1.4445786,0,T-shirt/top,PCA
-0.029614106,0.21238534,8,Bag,PCA
0.9724208,1.0878114,5,Sandal,PCA
-1.7498981,0.3403741,6,Shirt,PCA
-0.060066655,-0.20810235,8,Bag,PCA
1.901042,2.449181,5,Sandal,PCA
0.27249083,2.6776748,9,Ankle boot,PCA
-1.2642425,-1.6818504,0,T-shirt/top,PCA
2.7665691,0.25550234,7,Sneaker,PCA
1.5654736,0.65421814,7,Sneaker,PCA
-2.1835406,-1.6810324,0,T-shirt/top,PCA
-1.4131395,-1.785448,0,T-shirt/top,PCA
-1.504389,-0.43114313,4,Coat,PCA
1.6603721,-2.2680435,1,Trouser,PCA
1.202987,-2.0295825,1,Trouser,PCA
-1.419103,0.020404402,6,Shirt,PCA
-0.9658829,1.3404396,8,Bag,PCA
-1.6550877,0.882966,4,Coat,PCA
1.4176512,-2.4891899,1,Trouser,PCA
-1.5441335,-0.19175898,2,Pullover,PCA
3.0998003,-0.048719756,7,Sneaker,PCA
2.0502543,0.5861931,5,Sandal,PCA
2.0367734,0.051976155,5,Sandal,PCA
0.5743135,2.5165167,9,Ankle boot,PCA
-1.0364221,-0.793279,2,Pullover,PCA
1.0367082,2.7030194,5,Sandal,PCA
2.54958,0.13979633,7,Sneaker,PCA
0.5987871,2.7230532,9,Ankle boot,PCA
-1.3921136,0.39095503,6,Shirt,PCA
2.8325977,-0.14492635,7,Sneaker,PCA
-2.2310522,-1.677234,0,T-shirt/top,PCA
-0.67980766,-1.5658884,6,Shirt,PCA
1.0736719,1.4442356,9,Ankle boot,PCA
-1.0208571,-0.2310338,2,Pullover,PCA
-2.6478536,1.1607172,6,Shirt,PCA
0.6831314,3.2081447,9,Ankle boot,PCA
-0.74679685,1.3065898,6,Shirt,PCA
-1.0598649,0.22840694,6,Shirt,PCA
-2.3655655,-1.5393497,0,T-shirt/top,PCA
-2.182215,0.15606493,4,Coat,PCA
-0.7852901,-0.7022331,4,Coat,PCA
-1.6056098,-2.4432173,0,T-shirt/top,PCA
-1.904657,0.51776814,4,Coat,PCA
2.5767798,2.896133,5,Sandal,PCA
-1.6225946,-0.26462778,6,Shirt,PCA
1.2052428,2.4579456,9,Ankle boot,PCA
2.294172,-0.7165932,3,Dress,PCA
-0.99754155,2.8537192,8,Bag,PCA
-2.4471545,0.21249658,6,Shirt,PCA
2.5697186,0.23013917,7,Sneaker,PCA
1.8269176,0.9050897,5,Sandal,PCA
-2.25606,-0.18948996,2,Pullover,PCA
1.5447452,-2.3220315,1,Trouser,PCA
-1.0342662,-1.1138823,3,Dress,PCA
-0.55923,0.5033255,6,Shirt,PCA
-1.3677262,-0.26000825,2,Pullover,PCA
0.5933833,0.7624864,8,Bag,PCA
0.33405325,-1.8918701,3,Dress,PCA
-0.13593893,-1.2053763,0,T-shirt/top,PCA
1.2520944,-1.2373481,3,Dress,PCA
-1.6337614,0.098430425,4,Coat,PCA
0.5068077,-1.4567752,8,Bag,PCA
-2.335186,0.9069169,4,Coat,PCA
-1.4373176,-0.31229055,6,Shirt,PCA
1.1560395,-2.7261376,1,Trouser,PCA
-1.3890871,-0.92783725,4,Coat,PCA
0.2849201,-1.7866583,3,Dress,PCA
0.77172226,1.2532815,8,Bag,PCA
1.8827497,-1.8201228,1,Trouser,PCA
1.5249766,-2.4905615,3,Dress,PCA
-1.4344215,1.0981301,4,Coat,PCA
0.43259585,2.4330819,9,Ankle boot,PCA
1.4521484,0.53750455,5,Sandal,PCA
-2.4801168,0.80533224,4,Coat,PCA
-0.70210755,1.508647,8,Bag,PCA
0.93298775,-2.071658,3,Dress,PCA
0.64434725,-2.8654602,1,Trouser,PCA
-0.43760502,0.2291514,9,Ankle boot,PCA
3.7414548,-0.40184966,5,Sandal,PCA
-2.0702877,1.1257311,2,Pullover,PCA
-1.7705783,-0.13681391,4,Coat,PCA
0.9705533,-2.2792115,3,Dress,PCA
-0.56768185,-0.8204252,0,T-shirt/top,PCA
-1.4007267,-1.0324329,0,T-shirt/top,PCA
2.5249615,0.26667824,7,Sneaker,PCA
-0.43588698,-1.2839365,6,Shirt,PCA
-1.6287991,-0.47856557,2,Pullover,PCA
0.5428839,1.8512949,5,Sandal,PCA
-2.1299565,-1.3798813,4,Coat,PCA
-0.59484345,0.5419903,2,Pullover,PCA
-0.41618818,2.5639155,9,Ankle boot,PCA
0.75904936,-2.9441502,1,Trouser,PCA
-1.2383901,-0.14267568,6,Shirt,PCA
0.21800472,-1.4597269,1,Trouser,PCA
0.9825714,1.4754974,7,Sneaker,PCA
-0.6048931,0.8645859,9,Ankle boot,PCA
-2.3440216,0.61540866,2,Pullover,PCA
0.40356344,-1.4243137,3,Dress,PCA
-1.2844938,-1.0000263,6,Shirt,PCA
-0.8983213,0.4589296,6,Shirt,PCA
2.535164,-1.9497672,1,Trouser,PCA
-0.9401952,-0.6847251,4,Coat,PCA
-0.77174735,-0.59282446,4,Coat,PCA
-0.7846856,-2.0460541,3,Dress,PCA
0.24034995,2.4393368,5,Sandal,PCA
-1.0158436,-0.48597485,6,Shirt,PCA
2.6469378,0.2589543,7,Sneaker,PCA
-1.3394085,-1.7011247,0,T-shirt/top,PCA
1.761288,1.6501778,5,Sandal,PCA
1.7039461,1.4628174,5,Sandal,PCA
0.80648756,2.3714843,9,Ankle boot,PCA
0.50804144,2.3474982,9,Ankle boot,PCA
-0.33156794,-0.2544116,8,Bag,PCA
-1.6170372,-1.7706965,6,Shirt,PCA
-2.6365404,0.7523791,4,Coat,PCA
-0.9317297,1.282926,8,Bag,PCA
2.108836,0.33790132,7,Sneaker,PCA
-1.7571439,-0.44146347,4,Coat,PCA
2.5893798,0.5990036,7,Sneaker,PCA
-0.09295757,0.17898658,8,Bag,PCA
0.46277308,0.71867645,5,Sandal,PCA
-1.5832366,-0.20538378,4,Coat,PCA
-0.6478627,0.576931,4,Coat,PCA
-0.6703745,1.5959566,9,Ankle boot,PCA
-0.7292862,-1.5106661,3,Dress,PCA
-2.3436716,0.4063376,2,Pullover,PCA
-1.2544456,-1.322278,0,T-shirt/top,PCA
0.3692125,-2.2560496,1,Trouser,PCA
-1.8748561,-0.4612693,2,Pullover,PCA
-0.15804376,1.6647327,8,Bag,PCA
-1.1167259,-1.1457536,3,Dress,PCA
-0.30734122,0.6647455,8,Bag,PCA
1.4397526,-2.3777487,1,Trouser,PCA
-2.2242515,-0.17447355,4,Coat,PCA
-2.38844,-0.22133932,2,Pullover,PCA
-1.0387712,0.87764597,4,Coat,PCA
2.3369472,0.9428991,7,Sneaker,PCA
3.1823504,0.12987871,7,Sneaker,PCA
-2.7718678,0.8385825,2,Pullover,PCA
-0.195534,1.8221076,9,Ankle boot,PCA
-2.4726472,2.2847607,8,Bag,PCA
-0.11115487,0.9775269,8,Bag,PCA
1.3986733,0.21910894,5,Sandal,PCA
1.640926,-2.4670672,1,Trouser,PCA
1.149532,-1.8714261,1,Trouser,PCA
-2.9747126,-0.2261333,6,Shirt,PCA
-2.2156265,-1.360984,2,Pullover,PCA
0.3405386,2.5664828,5,Sandal,PCA
2.2820258,-1.0964745,1,Trouser,PCA
-0.21331216,0.1320155,4,Coat,PCA
-1.4780526,-1.3834772,0,T-shirt/top,PCA
-1.0934488,-1.2799244,6,Shirt,PCA
-1.2371731,-0.36112034,6,Shirt,PCA
1.6082038,0.80733377,7,Sneaker,PCA
-0.37666404,0.97471285,8,Bag,PCA
-0.13516985,1.1135405,5,Sandal,PCA
1.8180953,0.6741439,7,Sneaker,PCA
-1.9868728,0.66172415,2,Pullover,PCA
1.7222165,0.8527613,7,Sneaker,PCA
1.3195487,0.2726666,5,Sandal,PCA
-0.92765164,0.13152455,4,Coat,PCA
2.4822087,-2.0329962,1,Trouser,PCA
-0.54166406,-0.61643636,4,Coat,PCA
-0.42892957,0.015505835,4,Coat,PCA
-1.0490202,0.69036865,4,Coat,PCA
1.3721243,-2.1133265,1,Trouser,PCA
1.6592895,1.467102,7,Sneaker,PCA
0.9497379,2.2025707,5,Sandal,PCA
2.5237248,1.8414623,9,Ankle boot,PCA
1.9567592,1.1201069,9,Ankle boot,PCA
2.7942688,0.1534267,5,Sandal,PCA
-0.64568627,2.181784,9,Ankle boot,PCA
1.0208459,-2.4286299,1,Trouser,PCA
-1.0678252,-0.92397326,0,T-shirt/top,PCA
0.6695466,0.6471553,8,Bag,PCA
1.2841747,0.45141825,8,Bag,PCA
-0.20987837,-1.0006918,0,T-shirt/top,PCA
0.058407575,1.4740851,8,Bag,PCA
-0.26728845,0.043332923,6,Shirt,PCA
-1.6838163,-2.0238733,0,T-shirt/top,PCA
0.640555,-2.4786325,1,Trouser,PCA
-0.60731965,0.77835184,8,Bag,PCA
-1.4840991,0.6132471,2,Pullover,PCA
2.2701728,0.21001036,7,Sneaker,PCA
0.96161044,2.2991042,5,Sandal,PCA
-2.05368,0.43631068,6,Shirt,PCA
-0.5145483,-0.9487734,6,Shirt,PCA
0.02134578,1.9047235,9,Ankle boot,PCA
0.1428768,2.5300736,9,Ankle boot,PCA
-0.5941733,0.71344894,6,Shirt,PCA
-1.3255297,-0.9733215,4,Coat,PCA
-2.1970863,0.2916284,4,Coat,PCA
-0.54361135,2.430876,9,Ankle boot,PCA
-1.1255405,-1.3325312,0,T-shirt/top,PCA
0.31205422,2.3662944,5,Sandal,PCA
1.5483271,0.33266038,7,Sneaker,PCA
1.6650795,2.5456564,9,Ankle boot,PCA
-0.6973152,2.4421928,9,Ankle boot,PCA
0.21677533,0.90538037,5,Sandal,PCA
0.526886,-1.8147676,1,Trouser,PCA
-0.7928828,0.6144459,4,Coat,PCA
-1.4157454,0.7079376,8,Bag,PCA
1.9289203,-2.1008775,1,Trouser,PCA
-1.6863385,0.52437085,6,Shirt,PCA
2.1836658,-0.4661127,5,Sandal,PCA
0.013350338,2.2108874,9,Ankle boot,PCA
-2.4262,1.1093119,4,Coat,PCA
0.2958355,1.8696667,8,Bag,PCA
-0.67137456,0.41694257,4,Coat,PCA
1.8974264,-1.6885517,1,Trouser,PCA
-0.79361093,-0.7127664,0,T-shirt/top,PCA
-1.2351905,0.7543588,4,Coat,PCA
-2.3174775,-0.22929211,6,Shirt,PCA
-3.332478,0.07502347,6,Shirt,PCA
-1.9237851,1.3539082,4,Coat,PCA
-1.4229856,-0.43576786,0,T-shirt/top,PCA
0.17762248,-0.110237986,5,Sandal,PCA
2.7812922,-0.22432125,7,Sneaker,PCA
-0.8764285,0.97850394,2,Pullover,PCA
1.0041724,1.7913076,5,Sandal,PCA
-0.73479164,-0.7735571,2,Pullover,PCA
2.3367047,0.18352674,7,Sneaker,PCA
-2.2231154,0.1469963,4,Coat,PCA
2.98019,0.11098018,7,Sneaker,PCA
0.22157724,-0.08970173,8,Bag,PCA
-2.3727486,-0.29969046,6,Shirt,PCA
2.5123994,0.6751071,5,Sandal,PCA
-1.8320931,0.11879256,6,Shirt,PCA
1.8543782,0.96503663,5,Sandal,PCA
1.8435463,-1.3596553,3,Dress,PCA
2.377977,0.7282068,7,Sneaker,PCA
0.5776234,1.0687118,7,Sneaker,PCA
-2.101084,0.69902164,6,Shirt,PCA
-2.4909832,1.0203567,4,Coat,PCA
-0.9191779,2.6290038,8,Bag,PCA
-1.6796091,-0.4967388,2,Pullover,PCA
0.18881565,-0.6562358,4,Coat,PCA
2.4394028,0.8499642,7,Sneaker,PCA
1.1500642,0.85562795,5,Sandal,PCA
-2.9277494,-0.15006778,4,Coat,PCA
1.658426,-1.9650449,1,Trouser,PCA
0.72958887,2.5081236,9,Ankle boot,PCA
-1.876031,-0.83783215,6,Shirt,PCA
1.9550519,1.0911419,7,Sneaker,PCA
0.21659282,-1.0237187,3,Dress,PCA
1.9788667,1.5233527,9,Ankle boot,PCA
0.21186435,-1.9037153,3,Dress,PCA
0.16213715,0.097388506,8,Bag,PCA
-1.7405499,0.87880254,6,Shirt,PCA
0.10917026,0.7229977,5,Sandal,PCA
-2.7718475,0.40080893,2,Pullover,PCA
-2.3454716,0.33905908,2,Pullover,PCA
0.6341726,1.4657576,5,Sandal,PCA
-0.70552725,0.764452,8,Bag,PCA
-0.5727891,-0.6834295,6,Shirt,PCA
2.190065,-2.5148945,1,Trouser,PCA
-1.3167468,-0.5662537,4,Coat,PCA
-1.0480362,-0.22734095,2,Pullover,PCA
-0.1000921,-0.82040286,6,Shirt,PCA
-1.45447,0.97867405,4,Coat,PCA
-0.11990641,0.6581898,6,Shirt,PCA
-0.043383792,1.8845458,5,Sandal,PCA
-1.1497792,-2.370215,6,Shirt,PCA
0.25784966,-1.3978331,0,T-shirt/top,PCA
-0.09743963,-1.863121,1,Trouser,PCA
-0.11705254,-1.0249922,0,T-shirt/top,PCA
0.96651775,1.939492,9,Ankle boot,PCA
1.8269932,-1.3503214,3,Dress,PCA
-0.71909237,0.13944206,2,Pullover,PCA
1.8721097,1.5375936,7,Sneaker,PCA
-0.76980877,0.087409765,6,Shirt,PCA
-2.5188773,0.82202786,2,Pullover,PCA
-0.9825318,0.6579743,2,Pullover,PCA
0.12769732,0.86459595,8,Bag,PCA
-0.43288493,-0.8704545,0,T-shirt/top,PCA
0.25442016,0.9126254,8,Bag,PCA
-0.47970974,-1.8134582,0,T-shirt/top,PCA
-2.465854,0.091152415,4,Coat,PCA
-1.885691,-0.9316375,0,T-shirt/top,PCA
2.572746,0.5216334,5,Sandal,PCA
0.18621115,-2.0374136,3,Dress,PCA
1.3575655,-2.2217524,1,Trouser,PCA
2.4105222,0.19126146,7,Sneaker,PCA
1.0078222,-2.3188314,1,Trouser,PCA
-0.6575219,2.4554968,8,Bag,PCA
-1.0786102,-1.113905,0,T-shirt/top,PCA
-2.1390288,0.5889072,6,Shirt,PCA
1.3013202,1.9343711,5,Sandal,PCA
0.8725645,-1.1780634,3,Dress,PCA
-1.4433619,1.2337633,1,Trouser,PCA
-1.433744,-1.3020259,4,Coat,PCA
-0.8026929,-1.1702378,6,Shirt,PCA
-1.8542055,-1.2643477,6,Shirt,PCA
-1.444809,-0.7425563,0,T-shirt/top,PCA
-2.23809,0.5848103,2,Pullover,PCA
0.5644596,-2.4095814,1,Trouser,PCA
0.56577367,0.9834554,8,Bag,PCA
2.062102,1.1404116,5,Sandal,PCA
-0.87415624,-0.78467304,2,Pullover,PCA
1.604964,-2.8340268,1,Trouser,PCA
-0.024207935,-1.093387,3,Dress,PCA
1.365189,-1.3692894,3,Dress,PCA
0.32808444,-1.5493587,3,Dress,PCA
0.37349653,-2.3262208,1,Trouser,PCA
1.3720222,1.8506918,5,Sandal,PCA
2.0102868,0.64499545,7,Sneaker,PCA
-0.61132145,1.4083551,9,Ankle boot,PCA
2.3099024,-2.3551345,1,Trouser,PCA
-0.24973662,2.7665823,9,Ankle boot,PCA
-2.388015,-1.2427486,0,T-shirt/top,PCA
-2.0338,0.79834706,6,Shirt,PCA
-0.28307772,0.17715771,8,Bag,PCA
-1.5537503,1.7845896,8,Bag,PCA
-2.369776,1.1836393,2,Pullover,PCA
-1.3613799,0.47182783,2,Pullover,PCA
2.6907556,0.105739176,7,Sneaker,PCA
0.6830612,-1.2694504,3,Dress,PCA
1.6439133,2.4293315,9,Ankle boot,PCA
1.7028892,0.4593324,5,Sandal,PCA
2.9394374,0.0056774095,7,Sneaker,PCA
2.2383668,0.4596372,7,Sneaker,PCA
-0.28732067,-1.0537311,3,Dress,PCA
2.0569959,1.423117,9,Ankle boot,PCA
-0.529928,-0.71866167,6,Shirt,PCA
-1.2034343,-0.13940196,6,Shirt,PCA
1.301394,-1.8151451,3,Dress,PCA
1.253408,0.60598457,5,Sandal,PCA
-1.5150633,-1.6755718,0,T-shirt/top,PCA
-2.7662692,1.4328902,2,Pullover,PCA
-2.0853615,-1.870304,0,T-shirt/top,PCA
-0.41117483,-1.0430219,0,T-shirt/top,PCA
0.001738891,0.033593263,0,T-shirt/top,PCA
0.6868016,1.3728142,5,Sandal,PCA
-1.000687,0.21642439,4,Coat,PCA
2.0515778,1.4083396,5,Sandal,PCA
0.7675826,1.9129623,9,Ankle boot,PCA
-0.7329081,-1.522186,4,Coat,PCA
2.1030176,0.786729,7,Sneaker,PCA
2.547177,0.5726452,7,Sneaker,PCA
0.58465016,-1.7785531,3,Dress,PCA
-2.0850675,0.7827857,2,Pullover,PCA
1.5334814,1.8082285,7,Sneaker,PCA
-0.74623895,2.2065816,9,Ankle boot,PCA
-0.83531475,2.6575437,8,Bag,PCA
-2.4451993,0.7718786,4,Coat,PCA
-0.046944603,2.031355,9,Ankle boot,PCA
-1.9314624,-0.62835914,4,Coat,PCA
-0.121838495,1.5799313,8,Bag,PCA
-0.10945745,-2.8448644,1,Trouser,PCA
-1.5271947,-1.1421348,0,T-shirt/top,PCA
-0.31597692,-2.0285442,1,Trouser,PCA
0.26370123,-1.9738972,3,Dress,PCA
-1.7801956,0.60539436,6,Shirt,PCA
-1.4483914,0.16214544,4,Coat,PCA
1.927114,0.4476095,7,Sneaker,PCA
-0.11933775,-1.75306,6,Shirt,PCA
2.9623325,0.3103316,7,Sneaker,PCA
-1.3707607,0.77992594,2,Pullover,PCA
-0.7265244,0.8412752,2,Pullover,PCA
0.42224002,0.19645971,8,Bag,PCA
0.29733,-2.0307417,4,Coat,PCA
0.61278725,-1.0096135,6,Shirt,PCA
-0.9026743,0.056587767,9,Ankle boot,PCA
-2.9484105,0.5190704,2,Pullover,PCA
1.2834741,-1.9724299,1,Trouser,PCA
-1.245264,0.32921827,4,Coat,PCA
1.7733403,1.9126261,5,Sandal,PCA
-1.2127367,1.7310884,8,Bag,PCA
1.8581295,1.0494801,7,Sneaker,PCA
-1.0195066,1.702787,9,Ankle boot,PCA
-0.90948033,2.168784,8,Bag,PCA
-0.75011605,-2.3828738,1,Trouser,PCA
1.7648804,2.3472478,5,Sandal,PCA
-2.2515485,-1.4348344,6,Shirt,PCA
1.2311406,-1.8929948,1,Trouser,PCA
2.0750854,1.6248151,7,Sneaker,PCA
-0.27647167,-0.40252286,8,Bag,PCA
1.2911284,-2.070904,3,Dress,PCA
-2.069911,-0.28528684,4,Coat,PCA
2.9648943,0.11595963,7,Sneaker,PCA
-0.9148644,0.7165149,6,Shirt,PCA
0.765114,-2.0223644,1,Trouser,PCA
-1.0132296,0.622713,4,Coat,PCA
1.790187,1.4599105,7,Sneaker,PCA
-1.4203464,0.25850973,4,Coat,PCA
2.9444807,0.27882835,5,Sandal,PCA
-1.3282492,-1.2147264,3,Dress,PCA
1.2219855,-2.2439742,1,Trouser,PCA
0.12153827,1.6950126,5,Sandal,PCA
-1.6899941,-1.1893942,0,T-shirt/top,PCA
-0.39640975,-1.9285004,3,Dress,PCA
-2.3523533,-0.94819367,0,T-shirt/top,PCA
-2.0764542,0.23732206,4,Coat,PCA
1.5240297,-2.3161526,1,Trouser,PCA
1.7386065,1.9833051,7,Sneaker,PCA
2.5849767,0.8834863,5,Sandal,PCA
0.77640605,-2.245156,3,Dress,PCA
1.4973574,-1.6027539,1,Trouser,PCA
-1.8308316,0.68681365,2,Pullover,PCA
2.2345958,0.12083818,5,Sandal,PCA
-0.43055266,-0.40153822,4,Coat,PCA
-0.6422762,0.90260375,4,Coat,PCA
-0.82280636,-1.7191423,3,Dress,PCA
-0.5856381,-0.4495385,2,Pullover,PCA
1.6845219,-1.7924701,1,Trouser,PCA
-1.5034484,-0.77826273,0,T-shirt/top,PCA
2.2956154,-1.9595298,3,Dress,PCA
-0.071022764,-0.48201543,6,Shirt,PCA
-2.6193397,0.57541126,2,Pullover,PCA
0.56565094,-1.0245489,3,Dress,PCA
-2.1898596,1.851827,8,Bag,PCA
-0.44017076,-0.5301962,2,Pullover,PCA
1.0810148,-2.0581906,1,Trouser,PCA
1.3872309,1.2211397,5,Sandal,PCA
-2.0706046,-0.50468326,4,Coat,PCA
2.6837847,-0.15809286,7,Sneaker,PCA
1.2580639,-2.4592273,1,Trouser,PCA
-1.5239921,0.59543014,4,Coat,PCA
-2.1872587,-2.0695817,0,T-shirt/top,PCA
1.2256461,-2.8215566,1,Trouser,PCA
-1.5600046,-1.8553575,6,Shirt,PCA
2.746731,0.5437725,7,Sneaker,PCA
0.2713378,1.6458017,9,Ankle boot,PCA
-2.9088092,-1.3507626,6,Shirt,PCA
2.6481621,0.27615622,7,Sneaker,PCA
-0.97502995,1.5523329,8,Bag,PCA
-1.3171916,-2.0421085,0,T-shirt/top,PCA
-0.68037456,-1.868831,6,Shirt,PCA
-2.515473,0.7380627,4,Coat,PCA
0.15414116,-1.5570667,4,Coat,PCA
0.8859356,1.9180499,9,Ankle boot,PCA
0.893282,-2.600416,1,Trouser,PCA
1.0577269,-0.93357325,3,Dress,PCA
0.6343477,1.7528684,9,Ankle boot,PCA
-2.0220559,-0.39091563,4,Coat,PCA
-2.4734807,0.74814594,4,Coat,PCA
1.0364785,0.7128335,5,Sandal,PCA
0.07641691,-0.022412585,0,T-shirt/top,PCA
1.6359396,-1.3960781,1,Trouser,PCA
1.4702847,0.9549777,5,Sandal,PCA
2.079364,0.1972703,5,Sandal,PCA
2.0985336,0.20876475,7,Sneaker,PCA
0.96195376,-1.313301,3,Dress,PCA
-1.8014151,0.683813,2,Pullover,PCA
2.309343,-2.7566338,1,Trouser,PCA
1.1792542,-2.4768803,1,Trouser,PCA
-1.976453,0.770482,4,Coat,PCA
1.7811669,2.269984,9,Ankle boot,PCA
1.7887341,1.4071231,5,Sandal,PCA
-0.011248052,0.40068036,8,Bag,PCA
2.072874,-0.29513612,5,Sandal,PCA
0.23836091,2.061501,5,Sandal,PCA
-1.1965986,-0.08299801,8,Bag,PCA
-0.66581017,-1.0401784,4,Coat,PCA
0.0668702,-0.081593476,8,Bag,PCA
0.78936565,-1.6058834,3,Dress,PCA
-0.6774754,2.4929779,9,Ankle boot,PCA
0.10794376,2.7373993,9,Ankle boot,PCA
-1.9369093,0.5207587,4,Coat,PCA
-0.60154974,0.081156746,6,Shirt,PCA
1.2286656,-2.5424516,1,Trouser,PCA
2.3698542,0.3418386,7,Sneaker,PCA
-0.6623092,1.6670749,8,Bag,PCA
0.6261838,2.3645535,9,Ankle boot,PCA
2.2604427,-0.15973148,5,Sandal,PCA
-1.6751006,1.0145812,4,Coat,PCA
2.5973587,-0.16155197,7,Sneaker,PCA
-1.0590144,-1.3539789,0,T-shirt/top,PCA
1.9843178,0.43921134,5,Sandal,PCA
-1.0437495,-1.0200564,3,Dress,PCA
-1.3595066,0.45586902,8,Bag,PCA
2.4139724,-1.1745554,3,Dress,PCA
-0.9054471,0.24056602,4,Coat,PCA
1.8191018,-1.861616,1,Trouser,PCA
-0.4236474,0.7153987,4,Coat,PCA
-1.0116378,-1.1949226,6,Shirt,PCA
1.6548833,0.8107909,7,Sneaker,PCA
-2.3181882,0.6137621,6,Shirt,PCA
-1.1237067,-0.28876966,2,Pullover,PCA
-0.66798806,-2.1873672,3,Dress,PCA
2.5363266,1.5575571,5,Sandal,PCA
-1.8017429,-0.27698112,6,Shirt,PCA
-0.4263428,-1.2908794,8,Bag,PCA
1.518197,1.2760394,5,Sandal,PCA
-0.49920338,0.28349036,2,Pullover,PCA
3.0854461,0.52432054,7,Sneaker,PCA
2.4863503,0.0073682778,7,Sneaker,PCA
-1.2664473,-1.634052,0,T-shirt/top,PCA
1.4134234,1.1845094,5,Sandal,PCA
-1.583915,-1.8994892,0,T-shirt/top,PCA
2.3560178,0.5385609,7,Sneaker,PCA
1.6929842,-1.9447383,1,Trouser,PCA
2.442253,0.741748,7,Sneaker,PCA
1.4214267,0.97570837,7,Sneaker,PCA
-1.2033783,0.5011045,2,Pullover,PCA
2.359038,0.88909465,5,Sandal,PCA
2.1127336,-0.015376421,7,Sneaker,PCA
-2.1901035,-0.25254357,2,Pullover,PCA
-0.26466548,1.4212644,8,Bag,PCA
1.7230568,-2.3727772,1,Trouser,PCA
-0.7041077,0.8443222,2,Pullover,PCA
1.0993942,0.6567888,7,Sneaker,PCA
1.1792029,-2.0476885,1,Trouser,PCA
0.6749664,2.2919872,9,Ankle boot,PCA
-1.9850723,1.6110898,2,Pullover,PCA
2.1974397,0.16163462,7,Sneaker,PCA
-1.2956351,-0.065053314,2,Pullover,PCA
2.385594,-0.5050937,5,Sandal,PCA
-1.6108203,-0.067397565,4,Coat,PCA
-2.368659,-0.57699245,2,Pullover,PCA
2.2069046,2.3008695,9,Ankle boot,PCA
0.49027795,-0.70848364,6,Shirt,PCA
-0.114989325,1.7245116,8,Bag,PCA
1.4430419,1.6298599,5,Sandal,PCA
1.975816,0.2723097,7,Sneaker,PCA
-2.057895,1.2625563,4,Coat,PCA
0.8891409,-1.7164284,1,Trouser,PCA
2.3036385,0.7401874,7,Sneaker,PCA
0.6922851,-2.1974652,3,Dress,PCA
2.70703,0.013847079,7,Sneaker,PCA
-2.231389,0.60694605,2,Pullover,PCA
1.7169237,2.3811042,9,Ankle boot,PCA
2.4900467,0.46828637,7,Sneaker,PCA
1.4588436,3.7456188,5,Sandal,PCA
1.5265785,1.9506174,9,Ankle boot,PCA
1.0936707,-1.4751753,3,Dress,PCA
-1.3447442,0.59641236,2,Pullover,PCA
0.9367435,1.5783588,7,Sneaker,PCA
0.3787675,1.0457016,8,Bag,PCA
-0.31888527,-0.5684687,0,T-shirt/top,PCA
2.1659849,-1.8787003,3,Dress,PCA
-0.3715183,-0.31627512,0,T-shirt/top,PCA
2.3105757,-0.057038113,5,Sandal,PCA
1.3628067,1.3895948,5,Sandal,PCA
-1.0152352,-2.4779382,3,Dress,PCA
-0.34249175,-2.6341429,3,Dress,PCA
1.689911,-2.2974021,1,Trouser,PCA
-1.2236414,-0.18985566,2,Pullover,PCA
-1.5688564,0.6216239,6,Shirt,PCA
-1.8855921,1.9775752,8,Bag,PCA
2.375506,1.3286889,7,Sneaker,PCA
-0.23226283,0.52838856,9,Ankle boot,PCA
0.3147493,2.2441394,9,Ankle boot,PCA
-2.468741,0.4294817,2,Pullover,PCA
-0.3602003,0.41311157,2,Pullover,PCA
0.799566,-1.7626724,4,Coat,PCA
0.003089711,0.97630525,8,Bag,PCA
-0.15620907,1.6835183,5,Sandal,PCA
2.092566,0.26949337,7,Sneaker,PCA
-0.23228295,0.35019863,8,Bag,PCA
-0.039400533,-0.41582283,3,Dress,PCA
-0.09549613,1.7938743,8,Bag,PCA
-0.05067651,-1.0769513,4,Coat,PCA
1.6706057,-2.3700771,1,Trouser,PCA
-0.34087133,2.5791142,9,Ankle boot,PCA
-1.5008233,0.6102031,4,Coat,PCA
-0.5412737,1.1162175,8,Bag,PCA
-0.7860012,-0.6290313,4,Coat,PCA
1.3545163,-2.8189898,1,Trouser,PCA
0.7792038,1.8554403,5,Sandal,PCA
-0.32856762,1.4576739,9,Ankle boot,PCA
0.2567261,-2.5004065,1,Trouser,PCA
0.9744921,1.2981054,5,Sandal,PCA
1.4032638,-2.170196,3,Dress,PCA
2.2853973,0.20971689,7,Sneaker,PCA
0.7756681,-1.0803096,3,Dress,PCA
0.21352802,-0.6545947,6,Shirt,PCA
-2.4007587,-0.50980836,0,T-shirt/top,PCA
-1.7241671,-1.2329174,3,Dress,PCA
-0.5616015,-1.245551,0,T-shirt/top,PCA
2.0581949,-1.3877131,3,Dress,PCA
-1.4773456,-0.87572104,2,Pullover,PCA
-1.5109903,-2.0582862,6,Shirt,PCA
-2.0138686,-1.9079567,0,T-shirt/top,PCA
-1.268203,-1.4217312,0,T-shirt/top,PCA
-1.2026659,1.0757666,3,Dress,PCA
-0.7562191,2.392616,8,Bag,PCA
2.6354907,0.92146504,7,Sneaker,PCA
0.41619003,-0.7480959,0,T-shirt/top,PCA
1.7984681,1.0658151,5,Sandal,PCA
1.143434,2.9145932,5,Sandal,PCA
-0.3746637,-0.7460288,0,T-shirt/top,PCA
1.9528341,0.19702092,7,Sneaker,PCA
1.4082798,0.537895,5,Sandal,PCA
2.1677358,-1.9750578,1,Trouser,PCA
0.113765575,-1.8919283,3,Dress,PCA
1.0448469,-2.1159575,3,Dress,PCA
-0.89141536,-0.16605444,6,Shirt,PCA
-1.5506611,-0.42142206,4,Coat,PCA
-2.5976422,0.26103953,2,Pullover,PCA
2.1095145,0.11294259,7,Sneaker,PCA
-1.9688247,0.09641226,6,Shirt,PCA
0.4521953,-1.0931621,0,T-shirt/top,PCA
-0.88263285,-1.6252354,3,Dress,PCA
-2.3519557,0.38601837,6,Shirt,PCA
0.65755224,2.5580935,9,Ankle boot,PCA
-0.40738153,-0.8640737,3,Dress,PCA
0.3543492,2.080443,9,Ankle boot,PCA
-1.2581468,-1.4436871,8,Bag,PCA
1.5574747,0.87933177,7,Sneaker,PCA
2.262895,-1.498252,1,Trouser,PCA
-0.5315835,0.9146521,6,Shirt,PCA
-0.14544164,0.59974,5,Sandal,PCA
1.7071365,0.6177076,5,Sandal,PCA
-1.379367,-0.38004863,2,Pullover,PCA
0.18558936,-1.9074805,3,Dress,PCA
-0.64658594,-0.78575844,0,T-shirt/top,PCA
-1.9083453,-0.6921408,4,Coat,PCA
-0.78706765,0.5606664,4,Coat,PCA
-1.4264784,-1.3729385,6,Shirt,PCA
-1.5190303,0.80322707,4,Coat,PCA
1.0162933,-2.3234487,1,Trouser,PCA
0.56340337,-2.5330718,1,Trouser,PCA
2.1999478,0.7021673,7,Sneaker,PCA
-0.30720568,0.95469916,8,Bag,PCA
0.77378905,2.885953,9,Ankle boot,PCA
0.558463,2.226381,8,Bag,PCA
0.044648454,-0.53085506,2,Pullover,PCA
2.2506971,0.8700379,7,Sneaker,PCA
-3.123833,0.7380849,2,Pullover,PCA
0.44836193,1.4276587,9,Ankle boot,PCA
-0.8373126,1.7171035,8,Bag,PCA
-0.7895303,2.119425,8,Bag,PCA
-1.5084014,-0.7825393,0,T-shirt/top,PCA
-1.8658677,1.9402665,8,Bag,PCA
2.6979322,-0.041053936,7,Sneaker,PCA
1.3005015,-1.8655101,1,Trouser,PCA
-1.9499909,-1.1448802,6,Shirt,PCA
-0.483496,0.30541807,6,Shirt,PCA
-1.7166495,-1.6530472,0,T-shirt/top,PCA
-0.6994863,-0.602163,1,Trouser,PCA
1.3641587,0.96960866,7,Sneaker,PCA
1.2794592,-2.4528024,1,Trouser,PCA
1.3809267,-1.7231513,1,Trouser,PCA
1.5464085,2.225286,9,Ankle boot,PCA
-0.7019324,0.89898765,9,Ankle boot,PCA
1.2728908,1.808181,5,Sandal,PCA
-1.5585206,-1.7276244,6,Shirt,PCA
-0.4557948,-0.5061682,4,Coat,PCA
1.0440898,-1.3739139,8,Bag,PCA
1.937595,-1.6337795,1,Trouser,PCA
-0.7550773,-1.36454,0,T-shirt/top,PCA
-0.90965474,1.0443653,8,Bag,PCA
-1.2608435,-0.38113043,1,Trouser,PCA
-2.7648253,0.13946934,2,Pullover,PCA
2.7977803,0.16147381,5,Sandal,PCA
-1.0428064,0.99706304,8,Bag,PCA
-0.18472062,2.327297,8,Bag,PCA
1.2454325,1.6872361,7,Sneaker,PCA
3.0237062,-0.107748255,7,Sneaker,PCA
0.16120636,-0.12188411,0,T-shirt/top,PCA
0.7530095,2.9013133,9,Ankle boot,PCA
-0.64094365,0.049277734,2,Pullover,PCA
-1.9116057,-1.3398443,0,T-shirt/top,PCA
-0.29540402,1.2845256,8,Bag,PCA
-0.5813444,0.03258354,2,Pullover,PCA
0.2406,-0.5339167,0,T-shirt/top,PCA
1.670898,0.53936297,7,Sneaker,PCA
-1.8471755,0.28096968,2,Pullover,PCA
-0.6373189,2.3040915,9,Ankle boot,PCA
-0.901569,0.4827933,4,Coat,PCA
0.002723813,2.3025117,9,Ankle boot,PCA
1.3157628,-1.658136,1,Trouser,PCA
-1.7581811,-1.3176159,0,T-shirt/top,PCA
2.4728618,0.19874567,5,Sandal,PCA
1.2671068,-2.3267486,1,Trouser,PCA
-1.8546342,0.29090816,4,Coat,PCA
-1.320576,0.0045858175,4,Coat,PCA
-0.9917153,0.70204735,2,Pullover,PCA
0.11134817,-2.2485547,1,Trouser,PCA
1.588808,-1.9315971,1,Trouser,PCA
-2.8276467,-0.14715874,2,Pullover,PCA
1.4511037,-1.6918418,3,Dress,PCA
1.048215,2.1991067,5,Sandal,PCA
1.4808722,1.205231,7,Sneaker,PCA
3.059719,-0.8116109,5,Sandal,PCA
-1.1021488,-1.0841981,4,Coat,PCA
1.2695767,3.8136692,5,Sandal,PCA
-0.13543527,1.4681864,8,Bag,PCA
1.7402779,1.642674,9,Ankle boot,PCA
-1.5557379,-0.706434,2,Pullover,PCA
1.0528889,-1.8872793,1,Trouser,PCA
0.38844496,2.9106305,9,Ankle boot,PCA
1.7438074,0.9218682,5,Sandal,PCA
-0.28424543,-0.3996578,4,Coat,PCA
-1.1650401,-0.06118899,2,Pullover,PCA
2.226433,0.22118899,5,Sandal,PCA
-0.61402756,1.2836484,8,Bag,PCA
1.1759259,2.0974984,9,Ankle boot,PCA
-1.8513159,0.21941882,2,Pullover,PCA
-0.6858487,0.9356393,8,Bag,PCA
-2.4767838,1.734061,8,Bag,PCA
-0.6064459,-1.9150354,6,Shirt,PCA
-1.5150766,0.63841176,6,Shirt,PCA
-0.3832305,-3.0040426,1,Trouser,PCA
1.0350535,-1.7011336,3,Dress,PCA
-1.6506664,-0.50511986,3,Dress,PCA
2.7282448,0.45261163,7,Sneaker,PCA
-1.585963,1.8322104,2,Pullover,PCA
-0.713706,0.3656802,0,T-shirt/top,PCA
2.0115013,1.0309185,5,Sandal,PCA
-0.644564,0.012010571,2,Pullover,PCA
2.268969,0.5814513,7,Sneaker,PCA
0.2052242,0.48861542,8,Bag,PCA
-1.7245044,0.37654087,2,Pullover,PCA
-1.0612425,-1.6319945,3,Dress,PCA
2.4521887,0.2235815,7,Sneaker,PCA
2.6582143,0.1726332,7,Sneaker,PCA
2.04175,0.7315011,5,Sandal,PCA
1.1638695,-2.5784998,1,Trouser,PCA
1.679024,0.21521011,5,Sandal,PCA
1.9299805,1.8611925,9,Ankle boot,PCA
-0.5440009,-1.16223,6,Shirt,PCA
2.1328123,-0.32452163,5,Sandal,PCA
1.9154727,-1.6460811,3,Dress,PCA
-0.29029036,1.8993821,8,Bag,PCA
3.080218,0.5507176,7,Sneaker,PCA
0.9022611,-2.5760486,1,Trouser,PCA
-2.2432077,1.8139603,2,Pullover,PCA
-0.47724152,-1.4985541,0,T-shirt/top,PCA
-0.48120642,-1.0519629,0,T-shirt/top,PCA
0.31824097,-2.116623,1,Trouser,PCA
0.70365614,-2.3176618,3,Dress,PCA
0.0029954612,-1.2297151,4,Coat,PCA
0.14214188,2.1187043,9,Ankle boot,PCA
0.39157534,-1.9068099,1,Trouser,PCA
2.6382818,0.17283657,7,Sneaker,PCA
2.055899,0.37976548,7,Sneaker,PCA
-1.8819398,-0.44769385,4,Coat,PCA
1.7729098,1.1560032,5,Sandal,PCA
-0.76558805,-0.13460454,8,Bag,PCA
-1.5063567,0.7611749,2,Pullover,PCA
-0.017554745,2.8868463,5,Sandal,PCA
-2.1977956,0.20849995,2,Pullover,PCA
0.12616917,-1.8646396,3,Dress,PCA
1.8392082,2.019765,5,Sandal,PCA
-2.1361358,0.59960437,2,Pullover,PCA
-1.0797918,-1.4721329,0,T-shirt/top,PCA
-2.0065691,0.27956182,2,Pullover,PCA
2.1444376,-2.3662052,1,Trouser,PCA
2.0134459,0.4541177,7,Sneaker,PCA
-1.209136,-1.9279009,0,T-shirt/top,PCA
-0.6552166,0.99043083,9,Ankle boot,PCA
2.2933192,0.6470363,7,Sneaker,PCA
-1.749952,-0.1383014,6,Shirt,PCA
-1.416466,1.0360693,6,Shirt,PCA
-1.5380076,1.8496357,9,Ankle boot,PCA
-1.2867904,-0.117745906,2,Pullover,PCA
-1.2296212,0.48073104,2,Pullover,PCA
-0.49388218,-0.8552662,4,Coat,PCA
0.71466535,-1.1751118,3,Dress,PCA
1.2024486,-0.93228954,3,Dress,PCA
-0.0043946058,-1.4981309,2,Pullover,PCA
0.63929045,0.98269,8,Bag,PCA
-0.8943449,-0.50927997,0,T-shirt/top,PCA
-1.6929071,-1.3581365,4,Coat,PCA
-1.6415414,0.93959635,2,Pullover,PCA
-1.7906758,-1.3651184,0,T-shirt/top,PCA
1.0777653,1.3919377,7,Sneaker,PCA
-0.5859409,0.22179735,6,Shirt,PCA
1.3097483,0.7355662,5,Sandal,PCA
-2.379245,1.0624356,4,Coat,PCA
-1.2260721,-1.5800433,0,T-shirt/top,PCA
-2.0743475,1.3671213,4,Coat,PCA
-0.8950658,0.4584046,2,Pullover,PCA
-0.4743271,0.081050605,4,Coat,PCA
1.1919615,1.4925679,9,Ankle boot,PCA
0.12554787,2.4562564,9,Ankle boot,PCA
-0.37025255,-0.47928968,1,Trouser,PCA
-1.8825916,-1.24935,0,T-shirt/top,PCA
0.89794457,1.802082,5,Sandal,PCA
0.938963,-2.296155,1,Trouser,PCA
1.759796,1.19006,5,Sandal,PCA
1.3379956,-2.309407,1,Trouser,PCA
-1.5260047,-0.2514773,2,Pullover,PCA
-0.59387493,0.47473434,8,Bag,PCA
1.3460541,-1.9888686,3,Dress,PCA
-1.5138489,-1.5608288,6,Shirt,PCA
-0.31835008,-2.6772366,1,Trouser,PCA
-0.31785065,-1.0899998,3,Dress,PCA
0.2627862,-2.4795032,3,Dress,PCA
1.2601731,-2.3409853,1,Trouser,PCA
-0.16631894,2.8674433,9,Ankle boot,PCA
3.3912516,-0.3147558,7,Sneaker,PCA
-1.4707447,0.6300001,4,Coat,PCA
-1.7444506,-0.20358758,4,Coat,PCA
1.9969004,-2.3281882,1,Trouser,PCA
-1.2122571,-1.9519731,6,Shirt,PCA
-0.46639347,0.5478835,2,Pullover,PCA
1.9262817,-2.183328,1,Trouser,PCA
-0.96013224,-0.33092043,2,Pullover,PCA
0.6702629,-1.9689882,1,Trouser,PCA
0.920356,-1.3673581,3,Dress,PCA
-0.22187819,-0.15935782,8,Bag,PCA
0.5397435,2.7012453,9,Ankle boot,PCA
1.2939501,-2.2751715,1,Trouser,PCA
-0.37120682,0.56292,6,Shirt,PCA
0.825666,-1.853414,3,Dress,PCA
-1.4461261,0.6613349,6,Shirt,PCA
2.3330352,-2.6554787,1,Trouser,PCA
-1.2665801,0.65268606,4,Coat,PCA
-1.3466208,-1.5933309,0,T-shirt/top,PCA
-1.7066123,-1.8972007,0,T-shirt/top,PCA
1.7847339,1.697983,7,Sneaker,PCA
-0.5717159,0.5328258,6,Shirt,PCA
-1.9307045,-2.3866076,0,T-shirt/top,PCA
-1.435685,1.3310817,6,Shirt,PCA
1.5326521,-1.8589102,1,Trouser,PCA
0.034199342,2.0812168,9,Ankle boot,PCA
0.9414684,-1.7822143,3,Dress,PCA
-0.2902701,-0.548451,0,T-shirt/top,PCA
-1.113935,0.008127999,2,Pullover,PCA
-0.043116853,1.1414869,8,Bag,PCA
-1.5508357,0.5532888,6,Shirt,PCA
1.1394467,0.08891848,5,Sandal,PCA
-1.7221484,0.066788554,4,Coat,PCA
-1.1755816,0.66021657,2,Pullover,PCA
-2.5446084,0.77670926,4,Coat,PCA
-1.7478775,-0.064394385,1,Trouser,PCA
2.7482073,-0.22860792,7,Sneaker,PCA
-2.0266652,-0.19911839,2,Pullover,PCA
0.28283638,2.2015898,8,Bag,PCA
-1.3094608,-2.1221414,0,T-shirt/top,PCA
-1.0621779,2.1669188,9,Ankle boot,PCA
2.278393,0.17766678,5,Sandal,PCA
-1.0921693,-0.8850551,4,Coat,PCA
0.8051716,-3.0489686,1,Trouser,PCA
2.5651467,-0.23373386,5,Sandal,PCA
-1.2666136,0.7442306,4,Coat,PCA
0.3621791,-1.8745191,3,Dress,PCA
-2.1809924,0.58280796,2,Pullover,PCA
-1.7119043,-0.12460253,4,Coat,PCA
-1.1427163,0.48030248,2,Pullover,PCA
0.815699,0.6904646,8,Bag,PCA
-1.3864619,-1.2115338,6,Shirt,PCA
-1.6447037,-1.6564769,1,Trouser,PCA
-1.7539085,1.9058334,8,Bag,PCA
3.10699,-0.54201937,5,Sandal,PCA
-1.5737238,1.9915515,6,Shirt,PCA
2.7934303,1.1700528,5,Sandal,PCA
-1.2629778,0.9345069,4,Coat,PCA
0.66744995,-1.8776716,3,Dress,PCA
-1.3411312,0.615183,6,Shirt,PCA
0.95662737,2.615699,9,Ankle boot,PCA
-1.3559214,0.86011654,4,Coat,PCA
1.4561372,-2.1567647,1,Trouser,PCA
2.1970549,1.5333666,5,Sandal,PCA
2.3689234,0.64610106,7,Sneaker,PCA
1.0559345,1.3589423,7,Sneaker,PCA
-2.9509733,1.9553427,2,Pullover,PCA
0.40068182,-1.7296046,3,Dress,PCA
-1.6431001,-0.9885096,4,Coat,PCA
2.3963015,0.83730346,5,Sandal,PCA
-0.2877351,-1.725978,3,Dress,PCA
1.7515128,0.9127743,7,Sneaker,PCA
1.4109424,0.8034027,7,Sneaker,PCA
-1.1402069,2.195633,9,Ankle boot,PCA
2.219544,1.071391,7,Sneaker,PCA
1.2835901,1.7191845,5,Sandal,PCA
1.7402332,0.10005827,7,Sneaker,PCA
-2.3136857,-1.0121032,8,Bag,PCA
-2.2491572,-0.5066186,2,Pullover,PCA
-1.7527269,0.288599,2,Pullover,PCA
-0.32709455,0.10482919,8,Bag,PCA
-0.19274144,-2.1000662,3,Dress,PCA
-1.9791731,0.25033277,2,Pullover,PCA
-0.58928907,-0.3557741,3,Dress,PCA
1.3933641,-2.6250045,1,Trouser,PCA
-1.4859573,-1.1639489,6,Shirt,PCA
-1.0960699,-1.1569382,3,Dress,PCA
-2.507924,1.2333881,4,Coat,PCA
-0.69549894,2.665824,9,Ankle boot,PCA
-0.02301775,-1.7648933,0,T-shirt/top,PCA
2.4107625,-1.4927189,1,Trouser,PCA
0.50456244,1.5721617,9,Ankle boot,PCA
0.17260572,-2.0517063,3,Dress,PCA
-1.1743656,1.4207015,8,Bag,PCA
-1.3506002,-1.3242116,0,T-shirt/top,PCA
-0.41297174,-2.228298,3,Dress,PCA
-1.0771194,-0.9404599,4,Coat,PCA
-0.37007463,-1.259487,4,Coat,PCA
-1.2911309,1.4224733,8,Bag,PCA
1.1448207,1.9394451,5,Sandal,PCA
0.21001293,1.3235686,8,Bag,PCA
-0.7979156,-1.9759356,3,Dress,PCA
3.1850672,-0.48639497,5,Sandal,PCA
-1.3636235,0.20524897,4,Coat,PCA
-1.8949047,0.4026493,4,Coat,PCA
1.4508601,-1.6384743,1,Trouser,PCA
1.5869699,2.1948931,7,Sneaker,PCA
2.4681745,0.42511132,7,Sneaker,PCA
-1.0825095,1.40248,2,Pullover,PCA
-0.7654221,-1.5305357,6,Shirt,PCA
-1.3160081,-1.1699144,0,T-shirt/top,PCA
-2.221034,-1.2151668,6,Shirt,PCA
-0.8121183,-1.6526223,6,Shirt,PCA
2.3089967,-2.142079,1,Trouser,PCA
1.712706,2.447046,9,Ankle boot,PCA
-0.75502896,0.04240102,6,Shirt,PCA
-1.5017966,0.58222497,6,Shirt,PCA
1.5176281,1.1094711,7,Sneaker,PCA
-0.8451333,1.1372385,2,Pullover,PCA
-1.7243636,0.33941174,2,Pullover,PCA
0.683437,-1.7081019,4,Coat,PCA
-0.7545903,0.53563106,6,Shirt,PCA
-0.430507,0.030826274,6,Shirt,PCA
0.40913564,-1.9913077,0,T-shirt/top,PCA
0.63944066,-2.5626369,1,Trouser,PCA
3.2062232,-0.56453776,5,Sandal,PCA
-1.6913964,2.1733868,8,Bag,PCA
2.1017697,1.0503081,5,Sandal,PCA
-0.08133127,-1.5229509,3,Dress,PCA
3.0893703,-0.57690835,5,Sandal,PCA
2.3395348,0.36159977,7,Sneaker,PCA
1.0094559,-2.1621237,1,Trouser,PCA
-0.27720523,1.0364355,9,Ankle boot,PCA
-0.5557573,2.2549663,8,Bag,PCA
0.26006654,-2.6529384,1,Trouser,PCA
-0.8718617,0.25338152,6,Shirt,PCA
2.5195382,-2.1810997,1,Trouser,PCA
-1.4378806,0.29772758,6,Shirt,PCA
-1.6482759,-0.25647998,6,Shirt,PCA
1.0866333,1.0314234,9,Ankle boot,PCA
-1.2415875,-0.08206141,2,Pullover,PCA
2.0413828,-1.2683172,3,Dress,PCA
0.0040242076,1.5264869,9,Ankle boot,PCA
3.1220734,0.39762768,7,Sneaker,PCA
0.22066177,-1.9418188,1,Trouser,PCA
0.8676832,-2.9406102,1,Trouser,PCA
-1.7521682,0.31958932,4,Coat,PCA
0.039598882,0.04275957,8,Bag,PCA
2.1691482,0.2063407,5,Sandal,PCA
-0.6144028,2.2404544,9,Ankle boot,PCA
-1.5652413,-1.5459756,0,T-shirt/top,PCA
-0.005001098,1.8048561,8,Bag,PCA
-2.0564094,-1.805204,0,T-shirt/top,PCA
0.3217955,1.998334,9,Ankle boot,PCA
1.4336455,0.51391,5,Sandal,PCA
-1.6024594,1.2491722,4,Coat,PCA
0.74718857,1.8881603,9,Ankle boot,PCA
2.3254743,-0.12895854,7,Sneaker,PCA
1.6348008,0.73971057,9,Ankle boot,PCA
0.08444549,-1.945674,1,Trouser,PCA
2.4404626,-0.27880007,7,Sneaker,PCA
-2.2933266,0.47990218,2,Pullover,PCA
0.95376915,-1.384093,3,Dress,PCA
0.9375465,1.0378634,5,Sandal,PCA
-0.60829675,0.8347159,8,Bag,PCA
2.4464653,2.591762,5,Sandal,PCA
-0.67032653,-2.151884,3,Dress,PCA
0.17910585,-1.0468751,6,Shirt,PCA
-0.5006378,-0.51062423,6,Shirt,PCA
0.86614084,0.7184582,7,Sneaker,PCA
-0.30551457,1.6656425,5,Sandal,PCA
-1.387799,-0.56547594,3,Dress,PCA
-1.7079962,0.8528217,4,Coat,PCA
-0.64854497,-2.508567,3,Dress,PCA
3.207494,0.97958136,7,Sneaker,PCA
0.1284515,0.06611097,4,Coat,PCA
-1.0579132,-0.53080267,4,Coat,PCA
2.096799,-2.4396966,1,Trouser,PCA
-1.6330123,1.1481707,8,Bag,PCA
0.6035069,-0.9749332,4,Coat,PCA
-0.5729395,-1.0186378,0,T-shirt/top,PCA
0.4959048,2.2078617,9,Ankle boot,PCA
2.9863133,0.20671506,7,Sneaker,PCA
1.0108714,0.9385037,7,Sneaker,PCA
-0.3912474,1.089726,2,Pullover,PCA
1.6129624,-2.5693448,1,Trouser,PCA
0.6831502,-1.4669576,3,Dress,PCA
-1.9969529,-1.3864542,0,T-shirt/top,PCA
-1.1602956,1.0032341,4,Coat,PCA
-0.3949728,-1.4059279,6,Shirt,PCA
0.09289971,-0.3612014,8,Bag,PCA
2.7421005,0.43430406,7,Sneaker,PCA
-0.27607238,-1.1976835,0,T-shirt/top,PCA
2.387301,1.044047,9,Ankle boot,PCA
-0.83009183,-1.2410865,6,Shirt,PCA
2.2183373,1.6100527,5,Sandal,PCA
0.80471337,2.67031,9,Ankle boot,PCA
-1.2923113,0.40810344,4,Coat,PCA
-1.0708679,-1.6230837,3,Dress,PCA
-2.353372,0.8780438,4,Coat,PCA
0.028703406,1.1037413,8,Bag,PCA
-0.21145137,-1.158243,1,Trouser,PCA
2.9909656,-0.101636544,7,Sneaker,PCA
-0.07301696,2.3782423,8,Bag,PCA
-2.5034873,0.21950808,6,Shirt,PCA
-2.8910818,-0.07135993,4,Coat,PCA
1.198278,-1.6400192,3,Dress,PCA
-1.8283545,0.816986,4,Coat,PCA
-0.7625183,0.13544543,3,Dress,PCA
2.083452,-0.13025665,7,Sneaker,PCA
-0.6691954,0.37812793,8,Bag,PCA
-0.77740526,-1.6395022,3,Dress,PCA
-0.4383616,-0.107264966,2,Pullover,PCA
0.053595304,1.7714524,9,Ankle boot,PCA
0.45850277,-2.22444,3,Dress,PCA
0.9640488,-2.5386767,3,Dress,PCA
1.5067586,0.74311644,7,Sneaker,PCA
1.5908271,-1.3816681,3,Dress,PCA
0.9163172,2.267377,9,Ankle boot,PCA
-2.8198519,0.69210726,2,Pullover,PCA
2.5780425,-1.589173,1,Trouser,PCA
-1.9105643,0.59635025,2,Pullover,PCA
0.68389916,2.3277276,9,Ankle boot,PCA
-2.33726,0.99617255,6,Shirt,PCA
0.6513937,-2.970628,1,Trouser,PCA
-0.66158897,0.4307677,4,Coat,PCA
-2.2722416,-1.8008127,0,T-shirt/top,PCA
-1.9737781,-0.16819564,4,Coat,PCA
0.66931355,-1.6230421,3,Dress,PCA
-2.6675756,0.8640738,2,Pullover,PCA
-1.6215438,-1.7359331,3,Dress,PCA
-0.081986025,-2.6635776,1,Trouser,PCA
-1.894894,0.70295143,4,Coat,PCA
1.5999042,-1.1155732,3,Dress,PCA
3.1198354,-0.09411837,5,Sandal,PCA
1.4477553,1.6855927,9,Ankle boot,PCA
-0.46862847,0.44241953,2,Pullover,PCA
2.2225156,0.8350828,7,Sneaker,PCA
2.2111592,0.65202767,7,Sneaker,PCA
-0.18050401,-0.8323997,0,T-shirt/top,PCA
-1.0912952,0.51177555,2,Pullover,PCA
0.4642365,2.130773,9,Ankle boot,PCA
-0.5804402,1.0274436,2,Pullover,PCA
-0.1399463,-1.1409938,4,Coat,PCA
-0.8720076,0.8819721,4,Coat,PCA
1.3507727,1.9052483,9,Ankle boot,PCA
0.6830536,-2.7904634,1,Trouser,PCA
-0.06751181,-0.87364453,0,T-shirt/top,PCA
0.9229036,0.77926034,7,Sneaker,PCA
-0.5951734,2.1988626,5,Sandal,PCA
0.5617612,0.011561405,1,Trouser,PCA
1.1303021,2.058992,5,Sandal,PCA
2.0625734,0.8747779,7,Sneaker,PCA
-1.6965885,0.85232913,4,Coat,PCA
-0.20973055,0.6146294,6,Shirt,PCA
-0.6905972,2.2623136,8,Bag,PCA
0.70060605,-1.5792956,3,Dress,PCA
0.34488767,1.7859259,5,Sandal,PCA
1.660568,-2.099999,1,Trouser,PCA
-1.5707915,-1.3574102,0,T-shirt/top,PCA
-0.30467492,1.6313092,9,Ankle boot,PCA
1.8348986,0.7206691,5,Sandal,PCA
-1.9835697,1.4141682,2,Pullover,PCA
2.1167853,-2.4210637,1,Trouser,PCA
1.3375089,2.8037186,5,Sandal,PCA
-2.2822993,1.1205578,4,Coat,PCA
1.2571987,1.8889031,9,Ankle boot,PCA
1.6622325,1.3746427,5,Sandal,PCA
-0.10762669,2.0966487,8,Bag,PCA
-0.74498093,0.8624984,4,Coat,PCA
0.33402503,1.7240317,5,Sandal,PCA
0.24021256,1.4075991,8,Bag,PCA
1.6050773,0.48479578,7,Sneaker,PCA
-1.7647709,-0.23523854,2,Pullover,PCA
-0.7712581,-1.1154556,1,Trouser,PCA
1.7483652,1.9525433,7,Sneaker,PCA
-0.5060488,-2.9833016,0,T-shirt/top,PCA
0.29351386,-1.3789059,3,Dress,PCA
-0.48427254,-0.18650548,6,Shirt,PCA
-0.9643564,2.2831428,9,Ankle boot,PCA
-1.0003592,-1.3766729,0,T-shirt/top,PCA
-1.1382403,0.3141498,2,Pullover,PCA
-0.9494828,-1.8837426,6,Shirt,PCA
1.211006,2.5391657,5,Sandal,PCA
1.6749158,-2.2175822,1,Trouser,PCA
1.4959574,-2.6294544,1,Trouser,PCA
-2.4151425,-0.15616919,2,Pullover,PCA
-0.7398108,0.089435145,6,Shirt,PCA
-0.9246479,2.412206,8,Bag,PCA
-1.9275995,-1.4929981,0,T-shirt/top,PCA
2.0729373,0.19037843,7,Sneaker,PCA
2.0599184,-1.6516991,1,Trouser,PCA
0.9373346,2.0244243,7,Sneaker,PCA
-0.14315416,-1.2268553,3,Dress,PCA
1.2486272,-2.4304428,1,Trouser,PCA
0.6772969,-2.5421677,1,Trouser,PCA
0.11547653,0.39255625,4,Coat,PCA
0.6192979,1.694413,8,Bag,PCA
-0.39196885,2.1490276,9,Ankle boot,PCA
-1.2189646,0.11926015,4,Coat,PCA
0.64117646,1.0139312,9,Ankle boot,PCA
-1.3937765,-0.6562484,3,Dress,PCA
-1.0218151,0.54467374,4,Coat,PCA
1.2420485,-2.6497438,1,Trouser,PCA
-1.5209566,-0.9713421,0,T-shirt/top,PCA
0.74435484,-2.5429025,1,Trouser,PCA
1.8402439,-0.002279237,5,Sandal,PCA
0.019551888,0.7667491,6,Shirt,PCA
1.932126,1.1943237,7,Sneaker,PCA
-0.8104619,-0.8088547,3,Dress,PCA
0.06328674,2.383565,9,Ankle boot,PCA
2.130006,0.5961187,7,Sneaker,PCA
-0.6882631,-0.38334194,8,Bag,PCA
1.7801741,-2.7739224,1,Trouser,PCA
-0.76442134,1.5276345,9,Ankle boot,PCA
0.09421758,1.256265,9,Ankle boot,PCA
0.55768424,-1.9071088,4,Coat,PCA
-0.21608509,-0.57099193,0,T-shirt/top,PCA
-1.9577335,0.75112534,4,Coat,PCA
-0.70878035,-0.68909615,0,T-shirt/top,PCA
-1.1270901,0.30006152,2,Pullover,PCA
1.7894452,-1.5525551,3,Dress,PCA
-0.67692053,0.3978508,6,Shirt,PCA
0.31100023,0.6026291,5,Sandal,PCA
-2.3413424,2.0267117,8,Bag,PCA
1.5067815,1.4478945,5,Sandal,PCA
1.168878,2.5768952,9,Ankle boot,PCA
0.96987104,1.8468351,5,Sandal,PCA
-0.21158446,0.60928726,2,Pullover,PCA
2.6835327,0.12913927,5,Sandal,PCA
0.08741677,1.0417869,8,Bag,PCA
-0.6810932,0.49446556,8,Bag,PCA
-0.8972819,0.7192692,2,Pullover,PCA
-1.0018575,0.85326624,2,Pullover,PCA
-0.320548,0.5268233,8,Bag,PCA
2.6170225,-0.1188384,7,Sneaker,PCA
0.9904214,1.2252771,8,Bag,PCA
1.316998,1.8867656,9,Ankle boot,PCA
-1.7245301,0.20659977,2,Pullover,PCA
-2.1566203,-1.7447996,0,T-shirt/top,PCA
0.32234716,1.8241608,8,Bag,PCA
2.582679,0.18754715,7,Sneaker,PCA
-1.6362381,0.5326739,6,Shirt,PCA
1.5906057,-2.2617848,1,Trouser,PCA
-0.82543015,-0.8252498,0,T-shirt/top,PCA
0.3541003,0.21104206,8,Bag,PCA
0.5074179,-1.7655126,3,Dress,PCA
2.4944537,-0.26820517,5,Sandal,PCA
-0.83139265,0.9987639,4,Coat,PCA
1.8649498,-1.7697206,1,Trouser,PCA
-2.2150326,-0.27876407,0,T-shirt/top,PCA
1.1970845,-1.391244,3,Dress,PCA
-0.5197603,2.9166214,9,Ankle boot,PCA
-1.1808712,0.59134406,6,Shirt,PCA
1.7680146,2.6368613,9,Ankle boot,PCA
-0.17840572,1.4689248,8,Bag,PCA
-1.7829994,1.0672555,4,Coat,PCA
-0.112556204,-0.683064,3,Dress,PCA
0.9820349,-3.0918286,1,Trouser,PCA
-0.10421966,2.0789344,9,Ankle boot,PCA
-0.92621243,2.1991649,8,Bag,PCA
-0.31146872,0.29375994,0,T-shirt/top,PCA
0.5651273,0.24298865,8,Bag,PCA
2.705283,0.29524097,7,Sneaker,PCA
0.100501314,-0.68870836,0,T-shirt/top,PCA
-0.61199135,-2.66015,3,Dress,PCA
0.44592172,-2.1943197,3,Dress,PCA
-1.1811981,0.9452711,4,Coat,PCA
-1.3247123,2.3372912,8,Bag,PCA
-0.88510597,0.63582546,6,Shirt,PCA
2.3572998,-2.687134,1,Trouser,PCA
2.454097,-1.1928003,3,Dress,PCA
0.56924343,-2.730196,1,Trouser,PCA
2.2117257,0.19091567,7,Sneaker,PCA
1.6238753,-2.2516472,1,Trouser,PCA
1.5263295,1.0887024,5,Sandal,PCA
-1.0309305,0.18023714,6,Shirt,PCA
-0.8715204,-1.282568,0,T-shirt/top,PCA
1.2173119,-1.1327231,3,Dress,PCA
-0.5531808,0.30893087,8,Bag,PCA
0.043312356,-0.9951164,8,Bag,PCA
-1.8476056,1.6209244,2,Pullover,PCA
0.69860333,-3.0098374,1,Trouser,PCA
0.11260967,1.9387391,9,Ankle boot,PCA
-1.911779,1.4936956,8,Bag,PCA
-1.0499375,0.8838266,4,Coat,PCA
-1.6361015,-0.09979752,2,Pullover,PCA
-1.6755974,-2.1305716,3,Dress,PCA
2.0692642,-0.048347697,5,Sandal,PCA
-1.4303786,0.6056502,8,Bag,PCA
-1.517493,-1.3911649,0,T-shirt/top,PCA
-0.986043,-0.7429562,6,Shirt,PCA
-0.61296487,0.54421127,2,Pullover,PCA
1.3617123,-2.41068,1,Trouser,PCA
1.4423978,1.1400973,5,Sandal,PCA
-0.36661386,1.5552598,9,Ankle boot,PCA
-1.2735193,-1.5320197,0,T-shirt/top,PCA
1.6901517,1.1921976,7,Sneaker,PCA
-0.4248553,0.6671029,2,Pullover,PCA
-1.4359303,-1.6625558,6,Shirt,PCA
-2.1733577,-1.6624143,0,T-shirt/top,PCA
-1.4735079,-1.3924266,0,T-shirt/top,PCA
0.2157568,-1.0496663,8,Bag,PCA
0.9938904,2.4755263,9,Ankle boot,PCA
0.7051121,2.0986943,9,Ankle boot,PCA
-2.2280657,0.31496376,4,Coat,PCA
-0.4302233,-0.008173812,6,Shirt,PCA
2.344943,0.6507325,7,Sneaker,PCA
-1.4221463,-0.96731716,3,Dress,PCA
1.5264698,-2.0023017,1,Trouser,PCA
-1.5549605,0.12573901,6,Shirt,PCA
2.0401537,2.004492,5,Sandal,PCA
-0.28233063,-0.89965564,0,T-shirt/top,PCA
-1.8007811,1.5220951,4,Coat,PCA
-1.4340433,0.7468563,6,Shirt,PCA
-1.5445666,0.15934734,6,Shirt,PCA
1.6490438,0.147189,5,Sandal,PCA
0.63927907,1.6958528,5,Sandal,PCA
0.050927848,-0.8715092,8,Bag,PCA
-0.8887596,0.36660403,2,Pullover,PCA
-0.3891986,-0.43291432,4,Coat,PCA
-1.36279,0.43366644,2,Pullover,PCA
-0.50379187,0.13891336,8,Bag,PCA
-1.8237246,-1.2149621,6,Shirt,PCA
-1.0033264,-0.873975,0,T-shirt/top,PCA
-2.690632,2.1711354,8,Bag,PCA
-1.461877,-1.4099836,0,T-shirt/top,PCA
-0.42140198,0.30981207,4,Coat,PCA
-0.5343235,0.7786369,8,Bag,PCA
2.396298,1.4131244,5,Sandal,PCA
-1.2657497,1.6298949,9,Ankle boot,PCA
-2.1192214,0.8796406,6,Shirt,PCA
1.7506101,-2.3837452,1,Trouser,PCA
-1.1886691,-1.0463879,6,Shirt,PCA
2.3395946,1.7057806,5,Sandal,PCA
1.5283635,-2.5415604,1,Trouser,PCA
0.04237646,-2.0954447,1,Trouser,PCA
0.56519747,-1.0004481,8,Bag,PCA
0.52645826,1.4567695,8,Bag,PCA
-0.7071232,1.4076037,8,Bag,PCA
2.8079123,0.12688638,7,Sneaker,PCA
0.44505346,-1.9272231,3,Dress,PCA
0.35017508,-1.923832,1,Trouser,PCA
2.029639,0.50970393,7,Sneaker,PCA
0.4712596,1.127002,9,Ankle boot,PCA
1.0367454,1.0309321,5,Sandal,PCA
-0.8940102,2.201637,9,Ankle boot,PCA
1.2460002,2.5419896,9,Ankle boot,PCA
-0.8833513,-0.80386525,0,T-shirt/top,PCA
0.1752659,1.1824712,9,Ankle boot,PCA
1.6075066,2.6027052,9,Ankle boot,PCA
2.5690935,-0.56286997,5,Sandal,PCA
1.0502113,2.4175787,9,Ankle boot,PCA
-0.14653938,-1.7181785,3,Dress,PCA
1.8543345,-2.1442978,1,Trouser,PCA
-0.06101136,-1.8385925,3,Dress,PCA
-0.21141137,0.83445525,8,Bag,PCA
2.500588,1.0729166,7,Sneaker,PCA
0.49601698,-2.4240437,3,Dress,PCA
3.229373,-0.6644679,5,Sandal,PCA
3.3732345,-0.8216012,5,Sandal,PCA
0.91769844,-1.8276556,6,Shirt,PCA
-0.4149828,0.7142535,9,Ankle boot,PCA
-2.1663966,-1.7764696,0,T-shirt/top,PCA
-1.7737514,0.9082086,2,Pullover,PCA
1.1487155,0.797003,7,Sneaker,PCA
1.094219,-1.2512676,6,Shirt,PCA
0.8471697,-1.3639604,3,Dress,PCA
-1.7228833,-0.8341104,4,Coat,PCA
-1.53173,-1.8497013,0,T-shirt/top,PCA
-0.9111432,-1.3490078,0,T-shirt/top,PCA
-0.68162584,0.073734075,8,Bag,PCA
1.5677192,2.4243746,9,Ankle boot,PCA
1.427398,-2.3310163,1,Trouser,PCA
-0.22842555,-2.286099,3,Dress,PCA
1.2050561,1.6274267,7,Sneaker,PCA
-0.561246,0.69986844,9,Ankle boot,PCA
1.7281625,1.1481807,9,Ankle boot,PCA
-0.012090713,-1.1216747,8,Bag,PCA
0.7769907,-1.5231414,8,Bag,PCA
-0.26938128,0.30275017,4,Coat,PCA
2.3095667,0.4947084,7,Sneaker,PCA
0.9422559,1.5793564,5,Sandal,PCA
1.8560637,-1.7022284,1,Trouser,PCA
1.1524402,2.3104439,9,Ankle boot,PCA
2.0618095,0.4372029,7,Sneaker,PCA
3.0552225,0.15935045,7,Sneaker,PCA
2.2785225,0.08817315,5,Sandal,PCA
-1.9172086,0.5342343,4,Coat,PCA
0.6526327,1.7955168,9,Ankle boot,PCA
1.5363076,-1.2968948,3,Dress,PCA
-1.4513812,-1.7605495,0,T-shirt/top,PCA
-1.8574713,-0.17529127,2,Pullover,PCA
1.7982258,0.26361954,7,Sneaker,PCA
-1.0734435,-0.13865492,0,T-shirt/top,PCA
-1.1577992,0.8823132,4,Coat,PCA
0.32228312,-0.87925225,4,Coat,PCA
-0.78623295,2.479056,8,Bag,PCA
1.8372091,-1.5058695,3,Dress,PCA
1.4675298,-1.8116565,3,Dress,PCA
0.26265183,2.8607543,9,Ankle boot,PCA
-1.6970179,0.5095617,2,Pullover,PCA
-0.54405296,-0.7963346,6,Shirt,PCA
-0.11313908,-2.3057435,1,Trouser,PCA
2.664456,0.31738845,7,Sneaker,PCA
2.1755378,0.6023447,5,Sandal,PCA
0.18132952,2.441901,9,Ankle boot,PCA
2.3223522,0.12467438,7,Sneaker,PCA
-2.6328201,-0.056937262,4,Coat,PCA
-1.9094676,0.67789125,4,Coat,PCA
3.7266307,-0.34441838,5,Sandal,PCA
-1.178109,-0.03296025,4,Coat,PCA
1.5858293,1.8593783,7,Sneaker,PCA
1.2707671,1.5461295,9,Ankle boot,PCA
0.75825924,2.0869193,9,Ankle boot,PCA
2.105313,1.0879961,5,Sandal,PCA
-0.22372626,1.5749266,9,Ankle boot,PCA
1.420489,1.524905,9,Ankle boot,PCA
-1.825749,-1.3488111,0,T-shirt/top,PCA
1.4838111,-2.2613845,1,Trouser,PCA
0.0062203407,-2.772244,1,Trouser,PCA
2.0952673,-2.2234933,1,Trouser,PCA
2.277604,0.8888517,5,Sandal,PCA
-0.1485718,-0.71627265,6,Shirt,PCA
1.7095897,-2.1301696,1,Trouser,PCA
2.3017545,-2.206537,1,Trouser,PCA
-0.0024853498,0.31233722,8,Bag,PCA
-0.4520942,-0.043780357,6,Shirt,PCA
2.8209176,-2.0574238,1,Trouser,PCA
2.3206356,-0.091627,7,Sneaker,PCA
-2.6397302,0.46998337,2,Pullover,PCA
1.4528807,-1.9240305,1,Trouser,PCA
2.2800095,-1.1599019,8,Bag,PCA
-0.50836927,1.1646669,6,Shirt,PCA
-1.0058651,0.4690843,4,Coat,PCA
1.6800058,-2.1169844,1,Trouser,PCA
1.2246279,1.4588695,9,Ankle boot,PCA
-2.2066233,-0.20912446,2,Pullover,PCA
3.4858894,0.28574473,7,Sneaker,PCA
0.7138954,-3.19385,1,Trouser,PCA
1.08259,1.5117224,5,Sandal,PCA
0.19579652,-1.0175112,6,Shirt,PCA
1.9121909,1.0468903,7,Sneaker,PCA
-1.1813835,1.3571321,4,Coat,PCA
0.5970854,-0.9688442,3,Dress,PCA
-1.1167148,-1.3653499,2,Pullover,PCA
2.3706224,1.6343416,5,Sandal,PCA
-1.1834488,-1.4119904,0,T-shirt/top,PCA
0.2655143,1.2388304,8,Bag,PCA
-2.3914337,-1.764134,0,T-shirt/top,PCA
-0.9380641,-1.0297617,0,T-shirt/top,PCA
1.2352931,-2.529857,1,Trouser,PCA
1.6167895,-1.8418887,1,Trouser,PCA
-1.0089556,0.17182028,0,T-shirt/top,PCA
-0.11781894,0.47193536,8,Bag,PCA
-0.22397582,1.5873954,9,Ankle boot,PCA
0.5400948,2.314203,9,Ankle boot,PCA
-1.1312412,0.64592767,8,Bag,PCA
-0.104485705,-2.1518087,1,Trouser,PCA
-1.9573807,-0.3992339,6,Shirt,PCA
0.38135493,2.3055372,9,Ankle boot,PCA
2.203485,1.1485264,7,Sneaker,PCA
-1.8161675,1.9044987,6,Shirt,PCA
-1.1939843,-0.005010845,6,Shirt,PCA
-0.15179838,2.0700366,9,Ankle boot,PCA
1.7565228,0.8814943,7,Sneaker,PCA
3.3804815,-0.46062168,5,Sandal,PCA
-0.3980087,-2.0526676,3,Dress,PCA
-1.177098,2.5734174,9,Ankle boot,PCA
-1.1169683,0.55374324,6,Shirt,PCA
1.0422312,-2.6067631,1,Trouser,PCA
0.24177082,-1.7633903,3,Dress,PCA
-2.0558121,2.1567357,2,Pullover,PCA
-0.3739977,0.034528133,2,Pullover,PCA
-0.33467507,-0.7105492,6,Shirt,PCA
2.2466226,0.66399187,7,Sneaker,PCA
-0.489143,2.6654959,9,Ankle boot,PCA
1.5116405,2.2475243,9,Ankle boot,PCA
1.1828191,-1.6730555,3,Dress,PCA
-0.98069763,0.25197792,6,Shirt,PCA
-1.5323917,0.6704711,2,Pullover,PCA
-1.8012334,-0.54279673,4,Coat,PCA
-1.1216,0.9537975,2,Pullover,PCA
-1.1682274,0.9682766,8,Bag,PCA
-0.58370954,-1.712817,0,T-shirt/top,PCA
1.8662313,1.2990364,9,Ankle boot,PCA
0.81135786,1.4521767,9,Ankle boot,PCA
-0.31919223,-1.5264331,6,Shirt,PCA
-3.3997364,0.4729106,4,Coat,PCA
1.433599,-2.3592007,1,Trouser,PCA
-1.7949187,0.79907554,4,Coat,PCA
0.30414283,-0.50467074,0,T-shirt/top,PCA
-1.0062379,2.369436,8,Bag,PCA
-0.1907586,0.6028956,4,Coat,PCA
-1.3211585,-0.29551983,6,Shirt,PCA
2.3993018,0.58271366,7,Sneaker,PCA
-0.198202,1.5986779,9,Ankle boot,PCA
-0.05987899,0.9339824,8,Bag,PCA
0.116418235,1.7036182,5,Sandal,PCA
-0.021079823,-0.66089416,3,Dress,PCA
-0.47658515,-1.0687487,0,T-shirt/top,PCA
-1.6327617,-0.33702582,6,Shirt,PCA
-0.7676952,1.4001575,4,Coat,PCA
-1.8053261,-1.1095123,2,Pullover,PCA
-1.809348,0.57122,8,Bag,PCA
-0.47351712,-0.895347,3,Dress,PCA
-2.6809254,0.54888666,2,Pullover,PCA
-0.5490327,-1.9133995,1,Trouser,PCA
0.39787865,2.7105281,9,Ankle boot,PCA
2.760091,-1.5772657,1,Trouser,PCA
1.3308153,2.5111988,9,Ankle boot,PCA
-1.7782828,-1.7501876,0,T-shirt/top,PCA
-1.3400154,0.9366496,4,Coat,PCA
0.7242701,-0.7590904,3,Dress,PCA
2.0103629,1.3515663,5,Sandal,PCA
-2.6191177,-0.27814123,4,Coat,PCA
-1.9911176,2.1533098,8,Bag,PCA
-0.6918609,-0.94544965,6,Shirt,PCA
3.525582,0.15395133,7,Sneaker,PCA
1.7321055,0.6845083,7,Sneaker,PCA
1.1082814,-1.7652467,1,Trouser,PCA
-2.3993056,-1.3519827,0,T-shirt/top,PCA
3.190828,0.06232893,7,Sneaker,PCA
0.5072359,-1.147866,3,Dress,PCA
-0.39477307,-1.2705723,2,Pullover,PCA
-0.47038758,-1.2412304,0,T-shirt/top,PCA
-0.14670072,0.79283434,8,Bag,PCA
-0.546093,0.34200042,6,Shirt,PCA
-1.2416385,0.39349988,2,Pullover,PCA
-0.73131585,-1.0353346,0,T-shirt/top,PCA
1.3105868,-1.7186323,1,Trouser,PCA
0.53135043,1.2087413,8,Bag,PCA
-0.7977854,-2.2835116,3,Dress,PCA
-1.5043572,-2.1578655,0,T-shirt/top,PCA
-0.25571954,0.67003864,6,Shirt,PCA
0.86388457,0.7091334,8,Bag,PCA
-1.726959,2.1358075,8,Bag,PCA
0.19519123,-1.9828868,4,Coat,PCA
0.63393605,2.4606202,5,Sandal,PCA
1.2989625,2.2997613,9,Ankle boot,PCA
0.2786523,-1.8876147,3,Dress,PCA
0.4670762,0.6339724,8,Bag,PCA
-1.8654686,-1.5866077,0,T-shirt/top,PCA
3.1338546,0.24495614,7,Sneaker,PCA
-2.2340322,0.60328543,2,Pullover,PCA
-0.860497,0.34605148,3,Dress,PCA
2.7504413,-0.0037620254,5,Sandal,PCA
-2.0101125,-1.6705558,0,T-shirt/top,PCA
-1.5946854,-0.19649121,4,Coat,PCA
-0.37724376,-0.9458947,0,T-shirt/top,PCA
2.2737615,1.4100513,5,Sandal,PCA
-2.5457995,0.77149117,2,Pullover,PCA
0.45277548,1.9969555,9,Ankle boot,PCA
-0.44828337,2.0407763,8,Bag,PCA
2.2153847,1.3119731,5,Sandal,PCA
0.29229373,1.5219493,5,Sandal,PCA
-0.35102338,2.4533064,9,Ankle boot,PCA
0.037049964,-1.8143715,3,Dress,PCA
0.73351175,-2.3300908,1,Trouser,PCA
1.9272168,-2.2764533,1,Trouser,PCA
-0.92528284,-0.38734558,4,Coat,PCA
-1.3438543,0.70668244,4,Coat,PCA
0.73422885,-2.0620143,1,Trouser,PCA
-0.5634579,-1.6370695,3,Dress,PCA
2.3456173,0.7134887,5,Sandal,PCA
-0.24729796,-0.40980062,0,T-shirt/top,PCA
-1.8143986,-1.3219819,0,T-shirt/top,PCA
-0.21586232,-1.9983634,3,Dress,PCA
-1.1874987,-1.9813012,0,T-shirt/top,PCA
2.724598,0.10547693,5,Sandal,PCA
-2.0000808,-1.720657,6,Shirt,PCA
1.3277059,2.2466426,7,Sneaker,PCA
0.10455617,-2.193798,3,Dress,PCA
2.723738,0.80883205,7,Sneaker,PCA
-0.044911876,-0.16929717,0,T-shirt/top,PCA
1.6136824,2.3729727,5,Sandal,PCA
-0.16278829,-1.048869,0,T-shirt/top,PCA
-1.8069283,0.4236795,2,Pullover,PCA
0.35048792,1.9537139,8,Bag,PCA
0.7029449,0.64180547,5,Sandal,PCA
-2.8377457,0.6781112,6,Shirt,PCA
-1.344575,-1.1621408,2,Pullover,PCA
-1.6111969,-1.2536404,0,T-shirt/top,PCA
0.78644687,2.4287722,9,Ankle boot,PCA
1.2954824,1.2610391,5,Sandal,PCA
-0.03194411,-1.3978717,3,Dress,PCA
0.090184286,-0.6549887,0,T-shirt/top,PCA
-1.2436924,-0.013601964,6,Shirt,PCA
1.638736,1.0102701,5,Sandal,PCA
-0.88483155,1.568292,8,Bag,PCA
0.6786008,1.4022936,8,Bag,PCA
0.5067648,-1.206409,3,Dress,PCA
-1.191604,0.7027257,0,T-shirt/top,PCA
-0.26292098,2.1977437,8,Bag,PCA
-2.831855,1.7602546,4,Coat,PCA
-2.2747102,-0.045351163,2,Pullover,PCA
-0.32890838,0.6233635,4,Coat,PCA
-1.8152381,1.4504536,6,Shirt,PCA
-1.5598676,-1.8297962,3,Dress,PCA
2.2126381,0.32090515,7,Sneaker,PCA
2.0918658,-0.18122941,5,Sandal,PCA
0.39887494,-1.8860552,3,Dress,PCA
0.6406646,1.9698001,8,Bag,PCA
-0.52283007,-1.2456576,3,Dress,PCA
-0.98609984,0.78937554,4,Coat,PCA
-0.7996383,0.82742673,8,Bag,PCA
2.2870724,-1.189634,8,Bag,PCA
2.566989,0.78254944,7,Sneaker,PCA
1.508885,0.3187748,7,Sneaker,PCA
0.9504438,1.0201377,7,Sneaker,PCA
0.5964495,-1.4274606,8,Bag,PCA
3.0671754,-0.0075581893,5,Sandal,PCA
-2.3261552,0.60796195,6,Shirt,PCA
0.0037771016,-2.8669481,1,Trouser,PCA
-1.6064376,-0.36484793,0,T-shirt/top,PCA
-0.4476021,1.7733525,8,Bag,PCA
-1.9507962,1.6683998,4,Coat,PCA
-1.7042743,-2.0264444,1,Trouser,PCA
-0.9431827,1.8302194,8,Bag,PCA
2.36146,0.31260544,7,Sneaker,PCA
-1.2694275,-0.7337338,6,Shirt,PCA
-0.44804418,-2.3469758,0,T-shirt/top,PCA
2.2224221,0.1486982,5,Sandal,PCA
0.17804298,1.5943643,9,Ankle boot,PCA
-0.7904134,-2.3112411,6,Shirt,PCA
2.8063865,0.33577892,7,Sneaker,PCA
-0.2853356,0.0561657,8,Bag,PCA
-0.9667957,-1.1603667,6,Shirt,PCA
1.8685092,0.7840756,7,Sneaker,PCA
-1.1352655,-0.9343627,4,Coat,PCA
2.2453532,0.16979356,7,Sneaker,PCA
1.2289649,0.30162686,5,Sandal,PCA
-2.087626,-0.04112108,2,Pullover,PCA
0.22097076,2.2674038,8,Bag,PCA
1.8489406,-2.6235645,1,Trouser,PCA
1.9402633,1.0191419,9,Ankle boot,PCA
-1.9826859,-1.6469783,0,T-shirt/top,PCA
-1.672052,-1.5238777,3,Dress,PCA
1.3775778,0.36836064,7,Sneaker,PCA
-2.4088893,0.09148647,2,Pullover,PCA
-2.108846,-0.28505802,0,T-shirt/top,PCA
-2.541723,0.05860969,2,Pullover,PCA
-2.442962,0.3603443,2,Pullover,PCA
-0.15335552,1.6238694,8,Bag,PCA
1.827454,-2.2689035,1,Trouser,PCA
-0.9198487,-0.80077535,2,Pullover,PCA
-0.4255436,0.7511587,2,Pullover,PCA
-0.259341,1.6185408,9,Ankle boot,PCA
-0.5848767,0.005341638,4,Coat,PCA
-0.3737595,-1.4303433,6,Shirt,PCA
0.79779446,-2.4053993,1,Trouser,PCA
-1.53777,-0.06748478,2,Pullover,PCA
-0.70183396,-1.1057167,1,Trouser,PCA
-0.82475567,-0.78944385,0,T-shirt/top,PCA
-1.5670733,-0.3104896,6,Shirt,PCA
-1.9455351,0.7316496,4,Coat,PCA
3.3437588,-0.6417681,5,Sandal,PCA
-2.7458978,0.488789,2,Pullover,PCA
0.7378535,1.7127554,8,Bag,PCA
2.1758025,0.16242875,7,Sneaker,PCA
0.11731866,0.9553897,9,Ankle boot,PCA
-2.4342456,0.43726125,4,Coat,PCA
-0.8846148,0.12012577,2,Pullover,PCA
-0.21116428,1.1704239,6,Shirt,PCA
2.0648358,0.0052941926,5,Sandal,PCA
-1.4530184,-0.0614582,4,Coat,PCA
-0.337354,-1.1299337,6,Shirt,PCA
0.34810683,-0.037262943,8,Bag,PCA
0.8417837,2.169355,9,Ankle boot,PCA
-0.54645896,0.24098626,2,Pullover,PCA
1.4916673,1.8697801,9,Ankle boot,PCA
0.4172216,-1.2690871,0,T-shirt/top,PCA
-1.5609373,1.8661891,2,Pullover,PCA
-0.28381395,-0.0305776,8,Bag,PCA
-0.43200725,-0.06756742,6,Shirt,PCA
0.09844427,0.2739689,2,Pullover,PCA
-2.7464242,0.73161274,4,Coat,PCA
1.7807033,-2.708468,1,Trouser,PCA
0.93566126,1.704468,5,Sandal,PCA
-0.9758495,-0.73476845,2,Pullover,PCA
2.840931,-0.58337826,5,Sandal,PCA
1.3798397,-2.1894212,1,Trouser,PCA
1.401524,2.5271013,5,Sandal,PCA
0.0891321,-0.9021541,6,Shirt,PCA
1.0670145,-2.9733481,1,Trouser,PCA
-0.7680619,-1.7012756,3,Dress,PCA
-0.24249445,0.9323315,8,Bag,PCA
-0.22199617,0.48463944,2,Pullover,PCA
0.067783,-2.1968248,0,T-shirt/top,PCA
-1.6605943,1.3454314,2,Pullover,PCA
-1.7494423,-0.748955,4,Coat,PCA
-0.3773229,-1.0425812,0,T-shirt/top,PCA
-0.8585801,0.1657793,2,Pullover,PCA
-0.09672637,-1.1405118,3,Dress,PCA
-0.450027,0.34588617,6,Shirt,PCA
0.828512,1.8251007,9,Ankle boot,PCA
1.9928077,2.3362758,5,Sandal,PCA
-0.28897023,-0.14160053,0,T-shirt/top,PCA
-1.4685197,-1.3063481,0,T-shirt/top,PCA
-0.69562703,0.33477008,8,Bag,PCA
-1.9714772,-0.0124287475,6,Shirt,PCA
-1.4267029,-1.91763,0,T-shirt/top,PCA
3.2592585,0.4583691,7,Sneaker,PCA
1.8547891,-2.7032561,1,Trouser,PCA
1.2680372,1.4364792,7,Sneaker,PCA
0.66415316,1.4064891,8,Bag,PCA
0.017475232,1.3814778,8,Bag,PCA
-0.7245523,-0.81119096,4,Coat,PCA
0.6665234,-2.4877856,1,Trouser,PCA
-0.5750081,2.4240031,8,Bag,PCA
-2.5050185,0.86736166,4,Coat,PCA
-0.740621,0.4902363,6,Shirt,PCA
1.4548743,1.7300298,5,Sandal,PCA
-0.59839463,1.6030968,9,Ankle boot,PCA
-1.566492,-0.3610624,2,Pullover,PCA
1.5759398,-2.3564713,1,Trouser,PCA
2.040376,-0.8673548,1,Trouser,PCA
3.6879933,-0.6060219,5,Sandal,PCA
1.2106179,1.2231077,5,Sandal,PCA
0.11637171,-1.9346048,3,Dress,PCA
-1.5491347,0.8920191,2,Pullover,PCA
-1.659749,0.043714974,6,Shirt,PCA
2.4100494,0.5920879,7,Sneaker,PCA
1.4929681,-1.8712169,3,Dress,PCA
2.3256414,0.47359177,7,Sneaker,PCA
-0.5024091,2.5928535,8,Bag,PCA
-1.0821548,-1.126597,0,T-shirt/top,PCA
-2.6726909,1.3798666,6,Shirt,PCA
1.4086674,-2.0705202,1,Trouser,PCA
0.8420933,-2.3466673,1,Trouser,PCA
-1.7614238,0.30317444,2,Pullover,PCA
-2.7198584,1.2239941,4,Coat,PCA
-1.1532043,-0.1868308,3,Dress,PCA
-2.68048,-0.7334738,6,Shirt,PCA
-1.0531499,-1.7816086,6,Shirt,PCA
0.7455982,2.4154625,9,Ankle boot,PCA
-0.37580115,-1.2533174,0,T-shirt/top,PCA
-0.259162,-1.9484253,3,Dress,PCA
-1.1204971,0.6547303,2,Pullover,PCA
-2.2568989,0.5686032,4,Coat,PCA
-1.0328219,1.7236942,8,Bag,PCA
-1.2542005,-0.26914603,4,Coat,PCA
3.0046768,0.5653648,7,Sneaker,PCA
1.0625838,-2.3101387,1,Trouser,PCA
-0.65255725,1.0702046,9,Ankle boot,PCA
0.6777295,0.7244228,8,Bag,PCA
1.111103,0.90163064,9,Ankle boot,PCA
-0.07207607,-2.4942853,1,Trouser,PCA
-1.3144718,0.15827402,2,Pullover,PCA
1.3963728,-0.8863456,1,Trouser,PCA
0.6202181,2.097709,9,Ankle boot,PCA
0.30695385,2.464776,9,Ankle boot,PCA
1.666479,-1.5997262,1,Trouser,PCA
-2.083551,0.8257587,6,Shirt,PCA
-1.5740817,2.470861,6,Shirt,PCA
-0.7960508,2.2559943,8,Bag,PCA
1.9158276,2.490045,5,Sandal,PCA
-1.6574495,0.43555823,2,Pullover,PCA
1.2043096,1.7555956,9,Ankle boot,PCA
-2.286161,-1.3833803,0,T-shirt/top,PCA
2.422652,-0.42361283,5,Sandal,PCA
-1.832259,-1.2939394,4,Coat,PCA
-2.2112958,0.45792946,4,Coat,PCA
-1.7096124,-0.4768657,4,Coat,PCA
-1.2131184,0.11717445,6,Shirt,PCA
1.6311443,-2.4162052,3,Dress,PCA
-1.1226728,0.6075696,2,Pullover,PCA
-2.433698,0.82950705,2,Pullover,PCA
2.3526764,0.25198057,5,Sandal,PCA
0.35016102,2.4468205,9,Ankle boot,PCA
2.1324131,0.3037412,7,Sneaker,PCA
-0.3809539,1.4823403,6,Shirt,PCA
1.9911407,-2.409634,1,Trouser,PCA
0.1201887,-1.4311517,3,Dress,PCA
1.9017601,-0.545761,5,Sandal,PCA
-0.22388087,2.214971,9,Ankle boot,PCA
-1.1664097,0.18541245,6,Shirt,PCA
-0.10463454,-1.5513356,4,Coat,PCA
-2.2513618,0.024685666,6,Shirt,PCA
-1.3927513,0.64959353,6,Shirt,PCA
1.3472596,1.0778247,5,Sandal,PCA
1.9477855,1.3901538,9,Ankle boot,PCA
-0.1525469,-2.444185,3,Dress,PCA
0.94948435,-2.331156,3,Dress,PCA
-1.2305272,-1.1371402,4,Coat,PCA
-1.0407327,-1.0588342,6,Shirt,PCA
0.09472068,-1.1807975,2,Pullover,PCA
-1.097691,-1.9490098,0,T-shirt/top,PCA
0.37229863,-1.3013673,3,Dress,PCA
2.56074,-1.1936014,3,Dress,PCA
-0.8487221,1.096298,8,Bag,PCA
-0.68421245,-1.8063017,0,T-shirt/top,PCA
2.9337814,-0.0073713697,7,Sneaker,PCA
-2.190827,0.45389694,2,Pullover,PCA
-0.7855644,-0.7204836,6,Shirt,PCA
-1.9129008,0.0928511,4,Coat,PCA
-2.566962,-0.45834953,4,Coat,PCA
-1.2484927,0.76673377,2,Pullover,PCA
-1.2853873,0.58654785,4,Coat,PCA
-1.9881812,1.5813171,6,Shirt,PCA
2.2476573,-0.58973557,5,Sandal,PCA
-0.91278875,2.1918252,8,Bag,PCA
1.4922429,1.0986673,5,Sandal,PCA
1.0514055,1.8891267,5,Sandal,PCA
-1.6966548,0.054690126,6,Shirt,PCA
2.6033878,-0.2680066,5,Sandal,PCA
-0.46374035,-0.63817096,6,Shirt,PCA
-2.173862,-0.3498114,6,Shirt,PCA
0.8521147,0.853185,8,Bag,PCA
2.4645133,-2.2859607,1,Trouser,PCA
1.153744,-2.6245613,3,Dress,PCA
-1.4555566,1.4696357,2,Pullover,PCA
-0.28120196,3.8409681,5,Sandal,PCA
2.7861733,0.015369024,7,Sneaker,PCA
-0.5537737,-1.4472778,0,T-shirt/top,PCA
-0.5803612,1.3726699,2,Pullover,PCA
-1.6601909,-0.96691203,4,Coat,PCA
-0.15360023,-1.2391751,3,Dress,PCA
-1.9192342,0.67582136,2,Pullover,PCA
-3.2266278,1.0810728,4,Coat,PCA
-0.21992807,-1.4818846,3,Dress,PCA
-1.5235966,0.9805999,2,Pullover,PCA
-0.9411247,-2.0969138,3,Dress,PCA
-1.8019086,0.69066614,2,Pullover,PCA
-0.8796853,0.7819102,2,Pullover,PCA
1.2053989,-2.1228085,1,Trouser,PCA
-0.43653655,1.1697917,8,Bag,PCA
1.0818056,3.2952504,5,Sandal,PCA
2.1259196,-0.15644808,7,Sneaker,PCA
-0.08791815,1.588907,9,Ankle boot,PCA
2.2385366,0.25376767,7,Sneaker,PCA
1.6462799,2.1266968,9,Ankle boot,PCA
0.5667168,-1.7355177,3,Dress,PCA
-0.19655825,-0.5143936,0,T-shirt/top,PCA
-1.9488224,-0.25145102,2,Pullover,PCA
-1.7880183,-1.8845339,0,T-shirt/top,PCA
2.990366,0.0863969,7,Sneaker,PCA
-0.9277309,0.6778547,8,Bag,PCA
2.067258,-2.2804017,1,Trouser,PCA
-1.2757802,-1.2798656,0,T-shirt/top,PCA
-1.014858,0.3840135,6,Shirt,PCA
1.9525807,-0.35841358,7,Sneaker,PCA
-1.2143583,2.5816772,8,Bag,PCA
-0.23520698,-0.72028977,8,Bag,PCA
-0.3596868,0.35132447,6,Shirt,PCA
-0.47690368,-0.89721614,0,T-shirt/top,PCA
-0.86325645,0.7737909,6,Shirt,PCA
2.1484268,-1.7913415,1,Trouser,PCA
-0.87406194,0.48413762,4,Coat,PCA
0.09528452,1.1589396,5,Sandal,PCA
1.0531464,-1.8615011,3,Dress,PCA
-0.35779858,1.9873532,8,Bag,PCA
-1.5087719,2.2457597,8,Bag,PCA
-0.62009156,0.3967152,6,Shirt,PCA
-0.728998,2.7087326,9,Ankle boot,PCA
-0.91479766,1.7297863,9,Ankle boot,PCA
-2.1471999,1.3901894,4,Coat,PCA
-0.29945678,1.8844213,8,Bag,PCA
-1.989093,-0.52335536,3,Dress,PCA
-0.5736642,-1.1784086,6,Shirt,PCA
-1.4658879,-0.1760605,1,Trouser,PCA
-0.50348574,0.5935125,0,T-shirt/top,PCA
-2.0491211,0.96559125,2,Pullover,PCA
0.29294178,-1.7958516,1,Trouser,PCA
2.0629568,-1.9081252,1,Trouser,PCA
1.909261,-1.8072159,1,Trouser,PCA
-0.08091496,-2.3124454,3,Dress,PCA
1.5285267,1.8952253,9,Ankle boot,PCA
1.4087425,-2.1927824,1,Trouser,PCA
-0.24562089,-0.96544397,3,Dress,PCA
-2.3636749,1.7712542,8,Bag,PCA
-0.3066436,-1.7877548,3,Dress,PCA
1.6658545,-2.5632384,1,Trouser,PCA
-0.4966141,-2.5866077,1,Trouser,PCA
1.6309669,-1.8852279,1,Trouser,PCA
-0.9981251,0.27868173,2,Pullover,PCA
1.6315303,-2.0533018,1,Trouser,PCA
1.0083525,-1.6895638,3,Dress,PCA
-1.221484,2.2254648,9,Ankle boot,PCA
-2.0412388,-0.47671467,0,T-shirt/top,PCA
-1.8549262,-0.9039027,0,T-shirt/top,PCA
2.054324,1.0731082,7,Sneaker,PCA
2.1964235,0.8065843,7,Sneaker,PCA
0.7894656,2.20951,9,Ankle boot,PCA
-2.0673375,-0.63729787,4,Coat,PCA
1.2278919,-2.319481,1,Trouser,PCA
-1.3678395,-1.2856587,0,T-shirt/top,PCA
-0.93713844,-1.502486,0,T-shirt/top,PCA
1.296848,-1.2138983,3,Dress,PCA
2.9374104,0.42701438,7,Sneaker,PCA
1.5642693,0.2820093,5,Sandal,PCA
0.5234516,2.2134302,9,Ankle boot,PCA
-0.40401924,-2.075389,3,Dress,PCA
-0.95772934,-2.123953,3,Dress,PCA
2.4937415,0.49402192,7,Sneaker,PCA
-1.0528929,2.0319579,9,Ankle boot,PCA
-0.36564732,1.6858934,5,Sandal,PCA
1.9772931,-2.52553,1,Trouser,PCA
-1.005214,-1.5934659,0,T-shirt/top,PCA
0.7250324,-1.739813,3,Dress,PCA
-0.45309085,-0.68324167,3,Dress,PCA
-0.66359204,-1.1273911,0,T-shirt/top,PCA
0.55977035,-1.8174189,3,Dress,PCA
-1.2086846,-1.5362535,0,T-shirt/top,PCA
1.26549,-2.8541815,1,Trouser,PCA
0.4796589,1.9767312,9,Ankle boot,PCA
-0.89161265,-1.3025094,0,T-shirt/top,PCA
-0.64759684,0.19852076,2,Pullover,PCA
-0.0041182786,-1.1562204,6,Shirt,PCA
2.3102915,0.20179552,7,Sneaker,PCA
0.70151657,-1.38971,3,Dress,PCA
2.5392778,-1.6117862,1,Trouser,PCA
3.3570602,-0.35512897,5,Sandal,PCA
-0.6844742,-0.33829728,0,T-shirt/top,PCA
-0.3556807,-0.17302416,2,Pullover,PCA
-2.0743613,0.31117553,2,Pullover,PCA
2.640485,0.5076519,7,Sneaker,PCA
2.3926787,0.49210575,7,Sneaker,PCA
-0.47175467,1.0567333,2,Pullover,PCA
1.8541802,-1.951294,1,Trouser,PCA
-0.32898015,-0.2112852,8,Bag,PCA
0.86822116,2.5100963,9,Ankle boot,PCA
-0.10668339,0.47404966,6,Shirt,PCA
-0.1697305,-1.9391673,3,Dress,PCA
-2.0736818,-0.07848622,4,Coat,PCA
1.3781255,2.1008232,9,Ankle boot,PCA
0.7290531,2.419497,9,Ankle boot,PCA
2.2826862,-0.06922281,7,Sneaker,PCA
-0.40962875,0.38446417,4,Coat,PCA
0.7284037,1.8480282,5,Sandal,PCA
-2.430445,0.46559826,8,Bag,PCA
0.48881608,1.8489931,9,Ankle boot,PCA
-0.39214414,0.30749416,8,Bag,PCA
0.60846466,1.9269365,9,Ankle boot,PCA
0.6323986,0.8175392,6,Shirt,PCA
-0.37925553,2.3336096,9,Ankle boot,PCA
-1.0791556,-0.7007547,0,T-shirt/top,PCA
-0.6160075,1.6286731,6,Shirt,PCA
-0.83610296,-1.3252114,0,T-shirt/top,PCA
1.5892546,1.0910624,5,Sandal,PCA
-0.7794019,0.018243615,6,Shirt,PCA
2.304585,1.2888124,5,Sandal,PCA
-1.3369099,0.38010094,2,Pullover,PCA
-1.3683795,-0.11038369,8,Bag,PCA
-1.3799634,-0.2162707,4,Coat,PCA
-1.8260053,-1.6212103,0,T-shirt/top,PCA
-0.40836275,-2.4896479,3,Dress,PCA
0.6220952,-2.2727787,3,Dress,PCA
0.8834172,2.229381,9,Ankle boot,PCA
0.21418191,-0.4492764,8,Bag,PCA
-0.8407726,0.66077584,4,Coat,PCA
0.16397619,0.36564615,6,Shirt,PCA
-2.2377627,-1.0455472,0,T-shirt/top,PCA
-2.6658409,0.62657136,2,Pullover,PCA
-0.79264164,0.33998233,8,Bag,PCA
1.2551291,-1.9163728,1,Trouser,PCA
-2.00704,-1.0578216,0,T-shirt/top,PCA
-1.0781264,-1.5399048,3,Dress,PCA
-0.3389387,1.1569202,8,Bag,PCA
-0.4003213,-1.5901678,0,T-shirt/top,PCA
-1.0768975,0.67824924,2,Pullover,PCA
-0.86674035,1.9892844,8,Bag,PCA
-1.3432784,-0.20844203,6,Shirt,PCA
1.573328,-2.0950804,1,Trouser,PCA
0.37903577,-1.4801246,3,Dress,PCA
-0.71553147,-0.45860118,0,T-shirt/top,PCA
-0.19324736,1.9191592,8,Bag,PCA
-1.0168198,0.67595446,4,Coat,PCA
0.6708468,1.9063575,9,Ankle boot,PCA
0.398317,3.443896,5,Sandal,PCA
-0.63745743,-0.46199095,8,Bag,PCA
-1.7321551,0.9618743,4,Coat,PCA
-0.77118945,2.4840665,8,Bag,PCA
-2.0099273,-0.9565632,0,T-shirt/top,PCA
-1.0020366,-1.8083982,3,Dress,PCA
1.2933409,1.6670187,9,Ankle boot,PCA
-0.8627542,-1.5992135,6,Shirt,PCA
0.064867035,-1.0713977,8,Bag,PCA
-2.7094355,0.78831893,2,Pullover,PCA
1.9236261,-1.0811266,3,Dress,PCA
2.3479593,0.70898813,7,Sneaker,PCA
-1.0727979,1.8451835,8,Bag,PCA
1.3322345,-2.5194416,1,Trouser,PCA
1.0921484,-2.6040764,1,Trouser,PCA
-1.6940622,1.7169528,8,Bag,PCA
-0.616096,0.00221169,6,Shirt,PCA
-0.9213847,-1.9958473,3,Dress,PCA
-1.6589725,0.6361044,4,Coat,PCA
-1.8206979,0.018705897,2,Pullover,PCA
2.7306216,0.26696938,7,Sneaker,PCA
-1.2490412,0.22119561,2,Pullover,PCA
-0.32582378,1.5145797,8,Bag,PCA
-2.6215582,-0.81144845,6,Shirt,PCA
3.357079,0.5288891,7,Sneaker,PCA
-0.61494476,1.286112,8,Bag,PCA
1.694081,-2.1182785,3,Dress,PCA
-0.96097326,-0.23864865,4,Coat,PCA
-1.7892517,0.7594713,4,Coat,PCA
0.73971564,2.0880742,9,Ankle boot,PCA
1.318479,2.0537958,5,Sandal,PCA
-0.92635477,-1.3207574,3,Dress,PCA
1.4967165,1.4725113,5,Sandal,PCA
-0.4734279,-1.1600568,0,T-shirt/top,PCA
-1.8275169,0.31118727,2,Pullover,PCA
-2.0511227,-0.5384286,4,Coat,PCA
0.35351872,0.7573362,8,Bag,PCA
-1.4386986,0.373267,6,Shirt,PCA
2.583219,0.22674763,7,Sneaker,PCA
0.30702808,-1.1998965,3,Dress,PCA
1.8911275,-2.0060828,1,Trouser,PCA
-1.6087353,0.49575153,2,Pullover,PCA
-1.0233603,2.7689974,9,Ankle boot,PCA
-1.4894613,-1.4869866,0,T-shirt/top,PCA
-0.6835347,2.2285662,8,Bag,PCA
0.8194507,2.3801637,9,Ankle boot,PCA
-0.36767346,0.68844384,6,Shirt,PCA
-1.9719459,-0.50698835,4,Coat,PCA
-0.7166895,0.31329572,2,Pullover,PCA
-2.8241725,-0.1079689,2,Pullover,PCA
-1.3735249,0.7853037,2,Pullover,PCA
-2.1217878,1.670639,8,Bag,PCA
0.01062344,0.80502903,9,Ankle boot,PCA
-0.95668876,-1.303316,6,Shirt,PCA
1.2952436,-1.8450625,1,Trouser,PCA
0.024913833,-2.0482159,1,Trouser,PCA
0.96318346,1.420007,8,Bag,PCA
1.6991609,1.7772906,5,Sandal,PCA
0.6575181,2.3863215,9,Ankle boot,PCA
2.1435785,0.20980033,5,Sandal,PCA
0.22608626,0.7541494,8,Bag,PCA
-1.267418,1.8547859,9,Ankle boot,PCA
1.318769,-1.1311966,1,Trouser,PCA
1.6414728,1.4649636,7,Sneaker,PCA
-1.4192307,-0.75259584,0,T-shirt/top,PCA
-1.3253573,-1.3344227,6,Shirt,PCA
0.583999,-2.6258752,1,Trouser,PCA
-0.40294582,0.57397205,6,Shirt,PCA
1.9985968,2.028854,9,Ankle boot,PCA
-0.44511896,-1.2517151,8,Bag,PCA
0.0386609,-0.041531995,6,Shirt,PCA
1.3240376,0.70647514,7,Sneaker,PCA
1.3795289,-2.1091151,3,Dress,PCA
-0.5064858,2.9657724,8,Bag,PCA
0.30807498,1.6097825,8,Bag,PCA
0.8029264,2.5876386,9,Ankle boot,PCA
1.9003558,1.8530995,9,Ankle boot,PCA
-1.5640259,-0.5154828,2,Pullover,PCA
0.51223505,1.670787,5,Sandal,PCA
-0.6194036,2.0210783,8,Bag,PCA
-0.8124927,-1.1333442,0,T-shirt/top,PCA
-0.7108559,0.5718843,2,Pullover,PCA
3.1083274,-0.2490969,5,Sandal,PCA
-0.9996244,1.4212362,8,Bag,PCA
-0.5067781,-0.811403,8,Bag,PCA
2.7107525,0.3028345,7,Sneaker,PCA
-1.0513493,-0.3352968,4,Coat,PCA
0.38378888,-2.4128911,1,Trouser,PCA
-0.97360075,-2.197634,1,Trouser,PCA
-2.3188508,-0.53745776,2,Pullover,PCA
1.5549457,1.884015,7,Sneaker,PCA
-0.75972307,1.5570369,8,Bag,PCA
2.1478753,0.10430682,7,Sneaker,PCA
2.0613296,0.5990721,7,Sneaker,PCA
2.1684642,0.6924096,5,Sandal,PCA
3.1944876,-0.73980117,5,Sandal,PCA
-1.0455512,2.7537992,9,Ankle boot,PCA
2.4357383,-0.25671005,5,Sandal,PCA
-0.29772735,2.7008498,8,Bag,PCA
-0.57316303,2.0319586,9,Ankle boot,PCA
-1.7103201,-0.5064939,0,T-shirt/top,PCA
-2.3717096,0.11339107,4,Coat,PCA
-1.5492859,0.9931984,4,Coat,PCA
1.1077789,2.0791066,9,Ankle boot,PCA
0.68667644,1.8952253,9,Ankle boot,PCA
-2.204182,-0.1979812,6,Shirt,PCA
-0.23946907,1.174699,9,Ankle boot,PCA
3.6923494,-0.37024158,5,Sandal,PCA
0.91130793,1.1303179,7,Sneaker,PCA
-1.6711155,-0.3970527,4,Coat,PCA
-0.61312455,-0.7284354,0,T-shirt/top,PCA
2.5789309,0.325431,5,Sandal,PCA
0.14937088,0.48474148,4,Coat,PCA
-0.45944577,-1.7224983,6,Shirt,PCA
-1.8029791,-0.0777202,2,Pullover,PCA
-1.1917995,-0.35360312,2,Pullover,PCA
1.5376981,-1.9308057,1,Trouser,PCA
-0.06971158,-2.170682,3,Dress,PCA
2.2998364,0.53909355,7,Sneaker,PCA
3.0122263,0.36551258,7,Sneaker,PCA
-0.41128802,2.1265705,9,Ankle boot,PCA
-0.35003632,1.8628235,8,Bag,PCA
0.24447612,2.0650027,8,Bag,PCA
0.45931023,-1.3263457,3,Dress,PCA
-1.0096693,0.3753726,6,Shirt,PCA
0.9222363,2.4662647,5,Sandal,PCA
2.9514358,0.39956722,7,Sneaker,PCA
-0.71884453,-2.3967936,3,Dress,PCA
-2.6479018,0.9499745,4,Coat,PCA
1.7512603,-1.6581366,3,Dress,PCA
1.7783562,0.40379453,5,Sandal,PCA
-0.8362429,1.0241561,4,Coat,PCA
0.7564873,-1.8065424,3,Dress,PCA
-2.0872858,-2.014325,0,T-shirt/top,PCA
-2.961257,0.8369935,4,Coat,PCA
-1.7575839,-0.6917767,6,Shirt,PCA
2.3109276,0.067652434,7,Sneaker,PCA
2.7665713,0.6282068,7,Sneaker,PCA
-1.7169203,0.9703368,6,Shirt,PCA
-1.3068277,0.29795817,4,Coat,PCA
-0.50112545,-1.0063288,6,Shirt,PCA
-0.20283113,-2.3032556,3,Dress,PCA
-1.4757932,-2.093458,0,T-shirt/top,PCA
-0.7175963,-1.1350471,4,Coat,PCA
-0.17914028,2.3916407,9,Ankle boot,PCA
-1.1806748,0.25087082,0,T-shirt/top,PCA
-1.8000768,-0.8415811,6,Shirt,PCA
1.4290086,-1.9021596,1,Trouser,PCA
-0.62680835,0.63468003,2,Pullover,PCA
-1.0539232,1.3402944,2,Pullover,PCA
-2.261886,0.5616969,6,Shirt,PCA
1.2051991,-0.9932518,3,Dress,PCA
-2.8267412,1.6210206,6,Shirt,PCA
-0.15098111,2.4323394,9,Ankle boot,PCA
-1.1248958,-1.4959276,0,T-shirt/top,PCA
-1.4315809,-1.9293182,6,Shirt,PCA
-0.88112533,-0.16880348,2,Pullover,PCA
1.4976888,2.6212537,9,Ankle boot,PCA
-0.7320818,-0.95245636,3,Dress,PCA
1.5438814,1.0980806,5,Sandal,PCA
1.8344158,-2.374648,1,Trouser,PCA
1.4028221,0.9886614,7,Sneaker,PCA
0.2600104,-1.754277,3,Dress,PCA
1.6735114,-1.5658318,3,Dress,PCA
0.034298494,2.2547736,5,Sandal,PCA
-1.3576863,-1.3431133,0,T-shirt/top,PCA
2.5612743,-0.057401538,7,Sneaker,PCA
1.9110601,0.4214353,7,Sneaker,PCA
2.2318046,1.2250999,7,Sneaker,PCA
-1.5976015,0.2955592,0,T-shirt/top,PCA
2.4494007,-0.07402524,7,Sneaker,PCA
-0.7229962,-0.40358737,6,Shirt,PCA
1.5500637,1.1933157,7,Sneaker,PCA
0.1545501,-2.2617633,3,Dress,PCA
-0.6504914,-0.7053723,3,Dress,PCA
-0.8983692,-0.95472646,0,T-shirt/top,PCA
0.005353734,1.4225488,8,Bag,PCA
1.5365958,0.95877784,5,Sandal,PCA
-2.3348272,1.7551796,8,Bag,PCA
-0.6711941,0.69667494,8,Bag,PCA
-2.5858572,-0.31648007,4,Coat,PCA
2.1794586,0.5685058,7,Sneaker,PCA
-0.64036065,0.66569275,6,Shirt,PCA
-1.615045,0.20090091,6,Shirt,PCA
-0.25517786,-1.5989558,3,Dress,PCA
-2.807999,-0.39984775,2,Pullover,PCA
1.0646418,-2.5374453,1,Trouser,PCA
-0.66589445,0.017813202,2,Pullover,PCA
2.1063871,0.6363724,7,Sneaker,PCA
2.352932,-0.40890726,5,Sandal,PCA
-0.7192871,0.9367532,9,Ankle boot,PCA
-1.6431971,0.31238535,2,Pullover,PCA
-0.37389255,0.6256036,8,Bag,PCA
-0.42468822,1.1158407,5,Sandal,PCA
-1.3566701,0.9214564,6,Shirt,PCA
-1.7904845,-0.13496704,4,Coat,PCA
-1.245898,-0.24603468,4,Coat,PCA
1.4981985,-1.4470176,1,Trouser,PCA
0.88152254,1.5203397,8,Bag,PCA
-1.5727586,-1.4987444,0,T-shirt/top,PCA
2.5093553,0.60392946,7,Sneaker,PCA
1.5768826,0.607702,5,Sandal,PCA
-1.4992001,-1.2232249,6,Shirt,PCA
0.14252996,1.9182444,8,Bag,PCA
0.8089873,2.6657593,5,Sandal,PCA
-2.0745738,0.42004323,2,Pullover,PCA
2.3819249,-0.13657437,5,Sandal,PCA
0.54862136,2.4329777,9,Ankle boot,PCA
-1.4709319,-0.04844579,4,Coat,PCA
-1.9108287,0.67232764,2,Pullover,PCA
-0.6017718,-1.0743454,6,Shirt,PCA
-2.4580564,-0.7635208,3,Dress,PCA
2.5175478,0.020390179,7,Sneaker,PCA
-2.313129,0.65968055,6,Shirt,PCA
2.2667122,0.061448414,5,Sandal,PCA
-0.52735156,0.9755838,8,Bag,PCA
1.9966644,0.74836904,5,Sandal,PCA
2.4398649,0.19635703,7,Sneaker,PCA
-2.170947,0.88932604,2,Pullover,PCA
1.296201,1.5135436,7,Sneaker,PCA
1.5766284,1.9629134,9,Ankle boot,PCA
1.7033386,-2.0121374,1,Trouser,PCA
-1.666638,-1.6060292,0,T-shirt/top,PCA
0.34995654,-1.5480455,8,Bag,PCA
-1.2723898,-0.15184957,8,Bag,PCA
1.437508,-2.666176,1,Trouser,PCA
0.23056038,2.5414965,9,Ankle boot,PCA
0.15341508,-1.4503336,3,Dress,PCA
1.8184543,-2.081353,1,Trouser,PCA
0.9953269,1.4146951,7,Sneaker,PCA
2.362182,0.55395174,5,Sandal,PCA
-0.83759904,-0.08620511,2,Pullover,PCA
-0.7026766,-1.1565492,0,T-shirt/top,PCA
1.3859922,-1.4056953,3,Dress,PCA
0.43018568,2.0857346,9,Ankle boot,PCA
1.9045753,0.29357657,5,Sandal,PCA
-1.5282812,1.8275251,8,Bag,PCA
0.046359956,1.4016606,9,Ankle boot,PCA
-2.7120848,2.0510838,6,Shirt,PCA
2.0205803,0.4956126,7,Sneaker,PCA
2.5493686,-0.4751274,5,Sandal,PCA
-2.8586395,-0.42122287,2,Pullover,PCA
-0.6286391,-1.0361642,0,T-shirt/top,PCA
1.8112733,-2.4599276,1,Trouser,PCA
-1.8301162,-1.9682032,0,T-shirt/top,PCA
-0.878628,-1.4115645,6,Shirt,PCA
-1.7336227,0.5586691,3,Dress,PCA
-0.13114081,-2.667564,1,Trouser,PCA
-0.29343426,-0.6901962,3,Dress,PCA
-1.4569927,0.66630316,4,Coat,PCA
-1.9888419,0.7574133,2,Pullover,PCA
1.8815563,0.47926918,5,Sandal,PCA
0.8373179,-2.2106075,1,Trouser,PCA
2.434582,-0.119310915,5,Sandal,PCA
-2.401381,-0.29939118,2,Pullover,PCA
-1.6561266,1.4264983,6,Shirt,PCA
-0.36451083,-0.11358659,2,Pullover,PCA
1.5919385,2.1132069,9,Ankle boot,PCA
1.2152185,1.2720509,7,Sneaker,PCA
1.68517,0.4446273,5,Sandal,PCA
0.5290014,-1.5460327,3,Dress,PCA
-0.72444534,-0.5335435,0,T-shirt/top,PCA
-1.7973598,0.28900543,2,Pullover,PCA
0.07294786,0.20825458,6,Shirt,PCA
-2.423586,0.8229463,2,Pullover,PCA
-0.6851883,-1.0534067,6,Shirt,PCA
-1.6422867,0.15329856,2,Pullover,PCA
0.870592,-1.8985384,3,Dress,PCA
0.8628936,2.4762728,9,Ankle boot,PCA
-0.9881705,-1.0544672,0,T-shirt/top,PCA
-0.38455284,-0.6059001,4,Coat,PCA
-1.1617548,-0.04091016,6,Shirt,PCA
1.1588277,0.4876491,5,Sandal,PCA
-0.3499863,-1.0581626,6,Shirt,PCA
2.4395058,1.0241253,7,Sneaker,PCA
-1.3314415,0.47868517,2,Pullover,PCA
-0.9555789,-0.008578153,4,Coat,PCA
0.07741283,-0.5749765,3,Dress,PCA
-0.39363337,2.566375,9,Ankle boot,PCA
0.5091171,-1.6490567,3,Dress,PCA
1.5072281,0.8366539,7,Sneaker,PCA
-0.23920275,-0.6942461,0,T-shirt/top,PCA
0.5150204,2.037386,5,Sandal,PCA
-0.035652682,0.3359905,8,Bag,PCA
1.552378,2.0305955,9,Ankle boot,PCA
1.410416,-1.8018996,1,Trouser,PCA
1.0154026,2.48772,9,Ankle boot,PCA
-2.523407,0.977674,4,Coat,PCA
-2.5151849,-0.32264698,0,T-shirt/top,PCA
1.9788245,0.9036028,7,Sneaker,PCA
0.522559,-1.0258772,8,Bag,PCA
-1.1897815,2.5710607,8,Bag,PCA
1.8161763,0.032332394,5,Sandal,PCA
-0.6587399,2.304299,8,Bag,PCA
-1.8151399,-0.27200043,4,Coat,PCA
-2.14998,0.87560374,2,Pullover,PCA
-2.189727,-1.1774888,0,T-shirt/top,PCA
-0.62598526,-0.58575904,4,Coat,PCA
1.5030378,0.9512018,7,Sneaker,PCA
-0.97430015,-0.42790207,4,Coat,PCA
0.09415649,2.608422,9,Ankle boot,PCA
0.17085943,-0.075239785,6,Shirt,PCA
-0.49585086,-1.3143084,3,Dress,PCA
-1.7206603,-2.2569745,0,T-shirt/top,PCA
-1.7832412,-1.4612149,0,T-shirt/top,PCA
1.0837535,1.205239,5,Sandal,PCA
1.4929531,-1.6934643,1,Trouser,PCA
-1.5176585,-2.1988556,0,T-shirt/top,PCA
3.039191,0.7040915,7,Sneaker,PCA
-1.0948601,-0.052405648,2,Pullover,PCA
-0.8130579,0.18663909,4,Coat,PCA
0.03727767,-1.8232485,3,Dress,PCA
-1.3056893,0.43323767,2,Pullover,PCA
-1.3084177,0.39438227,2,Pullover,PCA
2.499998,1.2245055,7,Sneaker,PCA
0.9841686,-1.4457165,3,Dress,PCA
2.0361855,1.5976994,5,Sandal,PCA
-0.23047195,-0.7786687,0,T-shirt/top,PCA
-0.59282076,2.353881,9,Ankle boot,PCA
1.9918405,-1.9444447,3,Dress,PCA
0.2614777,-1.4511706,8,Bag,PCA
1.9819572,0.7113388,5,Sandal,PCA
-0.093361035,3.5896993,5,Sandal,PCA
-1.3529755,-1.1290183,0,T-shirt/top,PCA
-1.313133,-1.2838887,6,Shirt,PCA
2.9116993,0.2926941,7,Sneaker,PCA
0.036476687,1.4455794,8,Bag,PCA
-0.32449305,-0.4894971,0,T-shirt/top,PCA
-0.17011122,0.8942478,8,Bag,PCA
-0.5818907,-1.2225591,0,T-shirt/top,PCA
1.2267672,-2.0486484,1,Trouser,PCA
-1.9661416,0.1569519,2,Pullover,PCA
1.6018502,-2.2054307,1,Trouser,PCA
2.2543683,-0.2357101,7,Sneaker,PCA
0.38764793,1.14074,5,Sandal,PCA
-1.591107,-0.55054253,2,Pullover,PCA
-1.4245701,2.1111712,8,Bag,PCA
0.35699075,1.6233078,9,Ankle boot,PCA
-1.4776316,1.8269844,8,Bag,PCA
-0.996719,-0.4584202,2,Pullover,PCA
-2.3823698,1.155412,2,Pullover,PCA
-0.07521306,-1.6419734,1,Trouser,PCA
-2.4918084,-1.2969277,0,T-shirt/top,PCA
-2.2226226,-0.2211966,6,Shirt,PCA
1.5875897,-2.1354818,1,Trouser,PCA
1.5703605,-1.0979279,3,Dress,PCA
-1.7738599,-0.5884764,0,T-shirt/top,PCA
-0.5123326,2.511105,9,Ankle boot,PCA
-1.9483258,-0.16588308,3,Dress,PCA
-1.3585694,-1.139395,0,T-shirt/top,PCA
1.4924785,2.0552514,9,Ankle boot,PCA
1.8104421,1.2868075,7,Sneaker,PCA
-0.60316557,0.60266036,2,Pullover,PCA
-1.1667496,-2.2221317,0,T-shirt/top,PCA
-2.084734,1.1708456,4,Coat,PCA
-2.0650403,0.58028156,4,Coat,PCA
-2.105654,-0.7366429,2,Pullover,PCA
-0.2874515,-0.4980328,4,Coat,PCA
-1.1437128,0.502005,2,Pullover,PCA
2.095221,0.37254125,7,Sneaker,PCA
-1.1354895,2.5425596,8,Bag,PCA
-1.9368166,0.3376548,4,Coat,PCA
-2.3859556,-0.54002434,2,Pullover,PCA
1.0997679,0.5775995,5,Sandal,PCA
-0.5022362,2.7014487,9,Ankle boot,PCA
1.0467564,-2.0587463,1,Trouser,PCA
2.4684784,0.80819064,7,Sneaker,PCA
-1.5796194,-0.288299,4,Coat,PCA
-1.221962,0.7265671,2,Pullover,PCA
-0.48571664,-1.6089542,6,Shirt,PCA
-0.025143847,-1.406071,3,Dress,PCA
-1.1313308,-0.50476015,0,T-shirt/top,PCA
-0.64357185,-0.80489016,3,Dress,PCA
1.8341843,-1.7759743,1,Trouser,PCA
-1.8320304,0.29024532,4,Coat,PCA
1.0676705,1.3634286,5,Sandal,PCA
-1.4949898,-1.6590058,0,T-shirt/top,PCA
-0.48167038,-0.6283224,0,T-shirt/top,PCA
-1.2008988,-0.1784049,4,Coat,PCA
-1.5887253,0.990476,4,Coat,PCA
-2.773447,-0.18286566,2,Pullover,PCA
-2.2055702,0.16515648,2,Pullover,PCA
-0.20797797,-0.5740332,2,Pullover,PCA
-1.239655,-1.6927177,0,T-shirt/top,PCA
-2.7642677,0.1328619,2,Pullover,PCA
-1.9553584,-0.33241516,2,Pullover,PCA
3.4744992,-0.6257579,5,Sandal,PCA
-2.6699128,-1.4598112,0,T-shirt/top,PCA
-2.3128228,-1.2632488,0,T-shirt/top,PCA
-1.477245,-1.2830918,0,T-shirt/top,PCA
1.114068,2.5821261,9,Ankle boot,PCA
-0.99972034,-0.06888421,0,T-shirt/top,PCA
0.68287027,-1.3315698,3,Dress,PCA
1.2753798,-2.3464293,1,Trouser,PCA
2.865217,0.18864225,7,Sneaker,PCA
2.0214171,2.2068443,9,Ankle boot,PCA
-1.6874598,0.36326024,6,Shirt,PCA
-2.3142102,-1.2820868,6,Shirt,PCA
-0.5226594,1.5015308,9,Ankle boot,PCA
2.4214318,0.18112361,7,Sneaker,PCA
1.2579077,-1.6800654,3,Dress,PCA
-0.8669592,0.9065798,4,Coat,PCA
0.31236136,-0.40283385,8,Bag,PCA
-1.8287929,0.95431066,2,Pullover,PCA
-0.19963892,-1.210299,3,Dress,PCA
1.7247841,0.3509648,7,Sneaker,PCA
-0.14907293,-1.5810292,3,Dress,PCA
0.9660778,-1.3225151,3,Dress,PCA
1.8150072,1.0142933,5,Sandal,PCA
-1.5896194,-1.8228304,0,T-shirt/top,PCA
-0.66120744,0.88441277,2,Pullover,PCA
0.2314968,2.5360816,9,Ankle boot,PCA
-1.042029,-0.9438533,0,T-shirt/top,PCA
0.40272492,-1.5686437,3,Dress,PCA
1.8523167,2.1637225,9,Ankle boot,PCA
1.3329358,1.0260199,9,Ankle boot,PCA
-1.49094,-1.7421434,0,T-shirt/top,PCA
2.6548078,-0.42286605,5,Sandal,PCA
2.751592,0.1979317,5,Sandal,PCA
2.2430072,0.6708362,7,Sneaker,PCA
-2.9704206,-1.1887796,0,T-shirt/top,PCA
1.4285454,0.8802776,5,Sandal,PCA
-1.6332693,-0.35453948,2,Pullover,PCA
-0.7206616,0.03561375,6,Shirt,PCA
1.5953137,-2.2331026,1,Trouser,PCA
-1.0626601,-1.0529215,6,Shirt,PCA
-1.8033727,-0.40925583,4,Coat,PCA
-1.2542841,0.14684455,0,T-shirt/top,PCA
-0.3411922,0.2100514,2,Pullover,PCA
0.8159381,1.5421001,5,Sandal,PCA
2.679712,-0.12278557,7,Sneaker,PCA
-1.1760823,-1.3923292,0,T-shirt/top,PCA
-3.24646,0.8411713,2,Pullover,PCA
-1.2712677,-0.30089745,2,Pullover,PCA
0.46679553,-1.9756829,3,Dress,PCA
2.2600605,0.17847444,5,Sandal,PCA
1.7749941,2.2711725,9,Ankle boot,PCA
3.0175433,-0.48781902,5,Sandal,PCA
-1.5941142,1.3014488,8,Bag,PCA
-0.27034003,1.2802335,4,Coat,PCA
-1.8028592,0.9698957,4,Coat,PCA
0.764348,1.5192847,9,Ankle boot,PCA
0.5703451,1.8692827,9,Ankle boot,PCA
-1.4412566,-1.0028021,3,Dress,PCA
-2.045663,-0.15469263,6,Shirt,PCA
-1.1480783,3.0542068,9,Ankle boot,PCA
-0.12583683,1.8733735,9,Ankle boot,PCA
-0.69910264,2.3369017,9,Ankle boot,PCA
0.802663,1.2100936,8,Bag,PCA
-0.67912656,0.22350049,6,Shirt,PCA
1.241594,2.4635603,9,Ankle boot,PCA
-1.2816846,0.48127446,6,Shirt,PCA
1.2409655,-1.8310231,1,Trouser,PCA
1.8919147,0.62903935,5,Sandal,PCA
0.62366855,2.4141014,5,Sandal,PCA
1.3908532,1.0186979,5,Sandal,PCA
-0.5099681,-0.0630025,3,Dress,PCA
1.1940428,-2.171051,1,Trouser,PCA
2.072418,-2.2541974,1,Trouser,PCA
0.5216311,2.1314578,9,Ankle boot,PCA
1.574526,1.2083346,7,Sneaker,PCA
-2.0946991,0.16888191,2,Pullover,PCA
1.7167174,-2.0122347,1,Trouser,PCA
1.1813813,2.4262013,9,Ankle boot,PCA
-0.06904288,-1.3024178,3,Dress,PCA
0.50475997,2.4440203,9,Ankle boot,PCA
2.6066577,0.4453581,7,Sneaker,PCA
-1.9605893,0.53762436,2,Pullover,PCA
-1.3620267,-1.3822931,0,T-shirt/top,PCA
-0.12355359,-0.9884332,3,Dress,PCA
-0.8032694,-0.5592981,4,Coat,PCA
1.619232,0.29899466,5,Sandal,PCA
-0.73727316,-1.5584084,3,Dress,PCA
-0.35761374,1.2200962,8,Bag,PCA
-2.2830813,2.2385337,8,Bag,PCA
1.094223,1.813208,7,Sneaker,PCA
-2.4863718,0.06438105,4,Coat,PCA
-0.46294582,1.0976039,9,Ankle boot,PCA
-0.3687094,0.65222305,6,Shirt,PCA
2.0185015,1.0773286,5,Sandal,PCA
-1.4427218,-0.77636665,0,T-shirt/top,PCA
1.0864099,1.2744787,5,Sandal,PCA
2.0313592,0.9157766,7,Sneaker,PCA
-0.7288957,0.7163615,2,Pullover,PCA
-1.0489502,-0.06883305,2,Pullover,PCA
-0.9630861,-0.9162652,6,Shirt,PCA
1.8718603,1.1034803,7,Sneaker,PCA
-1.3300685,-0.072785124,2,Pullover,PCA
1.5439606,-2.208008,1,Trouser,PCA
-1.712534,2.5843778,9,Ankle boot,PCA
-0.9082073,-2.4299345,0,T-shirt/top,PCA
-1.4562249,-1.1068864,6,Shirt,PCA
-0.2828433,0.12907322,0,T-shirt/top,PCA
2.3895125,0.22720113,7,Sneaker,PCA
2.917152,0.5967352,7,Sneaker,PCA
-0.5856148,-0.783252,0,T-shirt/top,PCA
-2.1143317,0.12542956,4,Coat,PCA
0.52219117,-1.904003,3,Dress,PCA
-0.48365408,-1.6945735,3,Dress,PCA
-1.8309888,-1.993522,0,T-shirt/top,PCA
-0.6916678,-0.88082236,6,Shirt,PCA
-2.5892715,-0.6420469,6,Shirt,PCA
-0.7022226,-1.378163,0,T-shirt/top,PCA
1.9217097,1.8774526,7,Sneaker,PCA
-0.79687774,-1.5487195,3,Dress,PCA
2.5904024,-0.12101214,7,Sneaker,PCA
3.1348758,-0.579932,5,Sandal,PCA
-1.0993583,-1.2906944,0,T-shirt/top,PCA
-1.4450678,2.4979715,4,Coat,PCA
0.88416,1.7580471,9,Ankle boot,PCA
1.4971411,-1.3421892,3,Dress,PCA
0.035167947,1.7260455,5,Sandal,PCA
1.2304481,1.2475514,7,Sneaker,PCA
-2.5095015,1.3189125,2,Pullover,PCA
1.256465,0.8775205,7,Sneaker,PCA
1.046876,-3.160576,1,Trouser,PCA
-1.5279945,-1.9646771,0,T-shirt/top,PCA
1.2486541,-1.6312544,3,Dress,PCA
1.5857452,2.1032422,5,Sandal,PCA
0.58870006,2.3326533,9,Ankle boot,PCA
-2.6350057,0.5219001,2,Pullover,PCA
-0.027056322,-1.0413867,0,T-shirt/top,PCA
-1.8370401,-0.18658471,2,Pullover,PCA
1.217807,1.2076381,7,Sneaker,PCA
-0.6532709,-1.0423224,0,T-shirt/top,PCA
-2.338608,0.13909599,6,Shirt,PCA
-1.7192215,0.20456444,2,Pullover,PCA
-2.3333652,0.25549012,0,T-shirt/top,PCA
2.721401,-0.31598926,5,Sandal,PCA
1.86558,-2.3287737,1,Trouser,PCA
-1.0130284,-0.38846135,4,Coat,PCA
2.0862944,-0.4261717,5,Sandal,PCA
1.556773,-2.2352858,1,Trouser,PCA
1.1621128,1.0057081,9,Ankle boot,PCA
2.5730112,-1.606344,1,Trouser,PCA
-0.42073262,-0.03745197,4,Coat,PCA
0.55251867,1.2067155,5,Sandal,PCA
1.841362,1.1499406,7,Sneaker,PCA
1.2789065,1.4573199,5,Sandal,PCA
0.9150568,0.19276609,0,T-shirt/top,PCA
-1.3039025,-0.43650046,4,Coat,PCA
2.4237406,1.3404686,7,Sneaker,PCA
-0.7059018,0.32756382,2,Pullover,PCA
1.8763617,0.7427708,5,Sandal,PCA
0.28294194,2.1726997,9,Ankle boot,PCA
