component_1,component_2,label,class_name,method
2.0636742,-1.1259544,0,T-shirt/top,PCA
0.6726589,1.2753319,6,Shirt,PCA
-1.696592,-0.5357306,5,Sandal,PCA
-1.4750568,-0.32166144,7,Sneaker,PCA
-0.099356085,0.86447203,7,Sneaker,PCA
-0.08637749,-0.38963136,8,Bag,PCA
0.83090174,1.0473282,9,Ankle boot,PCA
1.5972254,0.11968784,6,Shirt,PCA
0.7406781,1.1465887,2,Pullover,PCA
-0.33792567,1.8627307,2,Pullover,PCA
-1.0511489,0.16858958,3,Dress,PCA
-1.0826219,2.0232093,4,Coat,PCA
-0.78870374,0.45890427,9,Ankle boot,PCA
-1.6717027,-2.0228515,1,Trouser,PCA
-2.4839451,0.8197249,7,Sneaker,PCA
0.15105821,1.0843282,2,Pullover,PCA
1.4057299,-0.16667144,0,T-shirt/top,PCA
0.2637763,1.4809269,4,Coat,PCA
0.532027,-1.2844396,3,Dress,PCA
2.2249703,-0.22857228,9,Ankle boot,PCA
1.2715349,-0.34527105,0,T-shirt/top,PCA
-0.3356191,1.4306909,9,Ankle boot,PCA
0.68466383,-0.4256743,6,Shirt,PCA
-0.1988672,0.34269598,4,Coat,PCA
-0.071586885,0.43627858,9,Ankle boot,PCA
-0.6931181,0.6825994,7,Sneaker,PCA
0.33835268,1.0893698,9,Ankle boot,PCA
0.23408805,-0.49511096,0,T-shirt/top,PCA
1.6643513,1.3023008,6,Shirt,PCA
-0.14510006,1.4828764,2,Pullover,PCA
2.0323963,-1.005218,0,T-shirt/top,PCA
-1.6275551,0.07703968,7,Sneaker,PCA
0.5858854,0.29907063,7,Sneaker,PCA
1.4013926,-0.30413064,0,T-shirt/top,PCA
-0.038054295,-0.1266636,5,Sandal,PCA
-0.54360676,2.3626726,4,Coat,PCA
-0.70245826,0.68718743,6,Shirt,PCA
-0.6541814,-0.3428587,7,Sneaker,PCA
-1.5256088,0.34281448,5,Sandal,PCA
-0.73939466,-0.88541543,7,Sneaker,PCA
-1.4376056,0.35054338,7,Sneaker,PCA
-0.55660987,-1.8602169,3,Dress,PCA
0.18351772,0.4349861,4,Coat,PCA
-0.046280004,-2.3000429,3,Dress,PCA
0.1336192,-1.4791723,1,Trouser,PCA
0.6269011,1.9140574,2,Pullover,PCA
-1.0947071,-0.402429,5,Sandal,PCA
-0.4180398,-0.901064,8,Bag,PCA
-1.1006131,1.1541275,2,Pullover,PCA
0.6023812,-0.67829156,6,Shirt,PCA
-1.9052334,0.049113847,7,Sneaker,PCA
1.2551287,-0.11702031,9,Ankle boot,PCA
-1.8657124,-0.214182,7,Sneaker,PCA
0.5661807,1.3133327,8,Bag,PCA
0.5338493,-0.36481753,8,Bag,PCA
1.4227515,-0.8093391,6,Shirt,PCA
0.16493371,0.46002334,4,Coat,PCA
0.9989335,0.2087499,1,Trouser,PCA
-0.15734193,0.11937589,6,Shirt,PCA
-0.16328457,-0.87873685,6,Shirt,PCA
-0.9027408,-1.2907724,1,Trouser,PCA
-0.2096601,1.707675,6,Shirt,PCA
-1.9397104,-0.32621422,7,Sneaker,PCA
1.167052,-1.1498758,3,Dress,PCA
1.4518039,0.77849,2,Pullover,PCA
2.3456318,1.1364888,9,Ankle boot,PCA
-0.49123675,-1.6116055,1,Trouser,PCA
0.41789597,-0.60185236,5,Sandal,PCA
-0.0049600154,0.072613336,8,Bag,PCA
0.31409347,-0.088846914,1,Trouser,PCA
1.3331075,-0.7878985,6,Shirt,PCA
-0.3665474,0.11547734,4,Coat,PCA
-1.5790601,0.23717731,5,Sandal,PCA
-1.1272324,-0.45799387,3,Dress,PCA
-1.4792132,1.6107444,2,Pullover,PCA
-0.83479285,0.81533056,4,Coat,PCA
0.27786893,-0.35541672,8,Bag,PCA
0.84765613,-0.47511953,0,T-shirt/top,PCA
-0.047904707,-1.2454801,1,Trouser,PCA
-1.1995803,-2.6312053,3,Dress,PCA
0.040466867,1.7930682,8,Bag,PCA
2.214319,-0.111164294,0,T-shirt/top,PCA
-0.5457518,-0.42169887,3,Dress,PCA
0.934941,-0.5171682,0,T-shirt/top,PCA
-0.50452644,-1.0672218,1,Trouser,PCA
1.0229256,-0.542959,0,T-shirt/top,PCA
-0.1987921,1.1283638,2,Pullover,PCA
0.15173098,-0.15200396,6,Shirt,PCA
-0.8408973,-0.0031518235,8,Bag,PCA
0.18564428,1.4989591,8,Bag,PCA
-1.6696445,-1.9178624,5,Sandal,PCA
-0.6650714,1.1035336,4,Coat,PCA
-0.1545656,-0.6933082,7,Sneaker,PCA
1.3411422,0.44025332,9,Ankle boot,PCA
-1.9017574,1.7325577,8,Bag,PCA
0.08813523,1.9420788,4,Coat,PCA
1.1460749,1.9140261,9,Ankle boot,PCA
0.2018181,0.47400218,6,Shirt,PCA
0.3567577,-1.7162609,3,Dress,PCA
-0.8194155,-0.5812241,7,Sneaker,PCA
-1.7564813,0.88786805,8,Bag,PCA
-2.0610805,0.877939,8,Bag,PCA
0.014041778,-0.12451586,8,Bag,PCA
0.73681444,0.12373439,5,Sandal,PCA
-0.70667833,-1.1712899,1,Trouser,PCA
-0.3708008,-1.2315085,1,Trouser,PCA
0.3316766,-1.2189314,0,T-shirt/top,PCA
0.6578158,-1.6333789,3,Dress,PCA
-2.177456,0.3538503,7,Sneaker,PCA
1.8367544,0.6999337,6,Shirt,PCA
0.20476884,-1.1045362,3,Dress,PCA
1.0515134,0.19985375,9,Ankle boot,PCA
0.10683693,-0.9630332,8,Bag,PCA
0.046161853,1.0887636,4,Coat,PCA
0.5759635,0.3715477,6,Shirt,PCA
0.9272282,-0.42951295,5,Sandal,PCA
-0.81477916,0.7958896,2,Pullover,PCA
0.3701458,-0.27486336,8,Bag,PCA
-1.073397,-1.173148,7,Sneaker,PCA
0.6767442,-1.0296082,3,Dress,PCA
-0.058583934,1.1997013,2,Pullover,PCA
-2.6175284,0.8977094,7,Sneaker,PCA
3.3906672,-1.1488128,0,T-shirt/top,PCA
0.14832364,2.6227205,2,Pullover,PCA
0.7442821,0.3264005,7,Sneaker,PCA
1.0245926,2.1607423,4,Coat,PCA
0.498823,-0.5276611,0,T-shirt/top,PCA
0.9878817,-0.24225056,5,Sandal,PCA
-0.7610052,0.65330255,8,Bag,PCA
-0.24510123,0.06495726,1,Trouser,PCA
-0.6817003,0.09089141,5,Sandal,PCA
1.5661783,-0.70141107,0,T-shirt/top,PCA
0.06069555,0.023324734,3,Dress,PCA
-0.78399545,0.36790088,9,Ankle boot,PCA
-0.34948123,1.0451704,8,Bag,PCA
1.5695325,-0.69340354,0,T-shirt/top,PCA
-0.87843835,-1.1695378,7,Sneaker,PCA
0.3996166,0.10114838,6,Shirt,PCA
0.48364794,-0.10760997,3,Dress,PCA
-0.8576999,-1.0454376,1,Trouser,PCA
-1.4340152,1.2221956,2,Pullover,PCA
-1.1534011,0.21412973,4,Coat,PCA
1.281714,-0.31845403,0,T-shirt/top,PCA
-0.36943257,0.5526185,8,Bag,PCA
1.4048057,-0.72624564,0,T-shirt/top,PCA
2.0843964,0.007068669,0,T-shirt/top,PCA
-1.3464857,1.3029062,8,Bag,PCA
0.36054897,0.63314867,8,Bag,PCA
0.89433837,0.55180436,9,Ankle boot,PCA
0.3800295,1.6576812,9,Ankle boot,PCA
-0.37244195,0.63799554,4,Coat,PCA
1.9594548,-0.6930026,0,T-shirt/top,PCA
-2.0294764,-0.6518663,3,Dress,PCA
-0.55617154,-0.71087104,8,Bag,PCA
0.85197353,-0.52816975,3,Dress,PCA
-0.21877977,-1.1221446,7,Sneaker,PCA
-1.2046072,0.6052671,4,Coat,PCA
-0.3363052,0.7137772,6,Shirt,PCA
1.7048441,-0.22880374,5,Sandal,PCA
0.013834547,1.7675858,4,Coat,PCA
-0.20225796,-0.7471179,6,Shirt,PCA
0.6154151,2.082485,6,Shirt,PCA
-0.20918475,-1.4745195,1,Trouser,PCA
1.3378648,1.8841907,9,Ankle boot,PCA
0.4043613,0.8604339,6,Shirt,PCA
-0.07720111,-0.3742007,3,Dress,PCA
1.5113343,0.89385605,2,Pullover,PCA
-1.1695886,0.08736289,3,Dress,PCA
0.13047169,-0.09559774,4,Coat,PCA
3.6066022,-1.5546571,5,Sandal,PCA
-0.5670548,-1.3180213,1,Trouser,PCA
0.79854643,0.07105436,2,Pullover,PCA
0.10647851,-0.12957416,8,Bag,PCA
-0.15776986,-1.5699698,1,Trouser,PCA
-1.7084476,-0.07545157,4,Coat,PCA
0.496319,0.34418836,9,Ankle boot,PCA
-0.19799837,0.18155736,5,Sandal,PCA
-0.8982853,0.5440073,6,Shirt,PCA
-0.6645211,2.338252,4,Coat,PCA
1.7571235,-1.2681222,0,T-shirt/top,PCA
0.48479396,-1.7926713,3,Dress,PCA
2.3753371,0.04505511,9,Ankle boot,PCA
-0.82268345,-1.5143135,1,Trouser,PCA
2.314955,-1.2581178,0,T-shirt/top,PCA
-0.28170565,0.42954242,9,Ankle boot,PCA
0.1633339,0.8311752,2,Pullover,PCA
-1.1594949,-0.47849616,5,Sandal,PCA
-0.8092022,0.040211577,6,Shirt,PCA
-0.31900012,0.5069216,5,Sandal,PCA
0.2609446,-0.90243673,8,Bag,PCA
1.089371,-0.9222797,0,T-shirt/top,PCA
-0.39411408,1.5228164,4,Coat,PCA
-1.3463988,-0.13772072,3,Dress,PCA
-0.10890296,0.44175658,8,Bag,PCA
-1.932958,-0.21513708,4,Coat,PCA
0.988607,-0.6848953,0,T-shirt/top,PCA
-0.348275,-0.11586678,8,Bag,PCA
-0.9788621,-0.4376813,7,Sneaker,PCA
1.4054958,-0.6602802,0,T-shirt/top,PCA
0.7920191,-0.7171707,1,Trouser,PCA
0.26400453,-0.8435377,0,T-shirt/top,PCA
-1.3307278,1.0570792,4,Coat,PCA
1.0165942,1.2802976,2,Pullover,PCA
0.72863585,-0.8014328,0,T-shirt/top,PCA
-0.112530015,-0.5965749,5,Sandal,PCA
1.2478716,-0.15199623,8,Bag,PCA
1.0904568,0.5058807,2,Pullover,PCA
0.2815413,-1.6456659,3,Dress,PCA
0.87119156,-0.72635245,3,Dress,PCA
-2.1129818,-0.4866364,5,Sandal,PCA
0.26697284,-0.51237065,1,Trouser,PCA
-1.7433844,0.043756705,7,Sneaker,PCA
1.6766361,0.45203888,9,Ankle boot,PCA
-0.22424535,-1.9795991,3,Dress,PCA
1.0285425,-0.80752057,0,T-shirt/top,PCA
1.9674406,-0.18236652,9,Ankle boot,PCA
2.888655,-0.23666771,5,Sandal,PCA
0.6210453,-0.39999416,0,T-shirt/top,PCA
1.0140226,-1.4281746,3,Dress,PCA
-0.7598605,0.3403167,9,Ankle boot,PCA
-0.79753405,1.5357001,4,Coat,PCA
0.70344293,1.1833662,9,Ankle boot,PCA
-0.11270825,-0.3725783,0,T-shirt/top,PCA
0.046091974,-0.39529788,6,Shirt,PCA
0.8073885,-0.20268038,0,T-shirt/top,PCA
0.8460171,-1.6560198,3,Dress,PCA
-0.23544951,1.0614792,8,Bag,PCA
-0.6232321,-0.5778178,0,T-shirt/top,PCA
-0.6115127,-0.7698484,0,T-shirt/top,PCA
-0.17669095,0.60395086,5,Sandal,PCA
0.47301823,0.41948158,3,Dress,PCA
0.15378325,-1.3036716,1,Trouser,PCA
0.4064927,0.14922167,6,Shirt,PCA
2.0701969,-1.19775,0,T-shirt/top,PCA
-0.84363306,1.2127724,2,Pullover,PCA
-0.36055118,-0.15084806,3,Dress,PCA
-1.0097837,-1.1910541,1,Trouser,PCA
0.40965068,-1.8771228,3,Dress,PCA
1.717927,0.7345449,9,Ankle boot,PCA
1.9540606,-0.8070475,5,Sandal,PCA
-2.3444285,0.5900682,8,Bag,PCA
-0.12044582,-1.1426903,1,Trouser,PCA
-0.2015834,-0.45642206,1,Trouser,PCA
-1.6130946,1.392255,4,Coat,PCA
0.75872785,-0.02145763,7,Sneaker,PCA
-0.12521341,2.127187,6,Shirt,PCA
-0.14105615,-0.11457646,3,Dress,PCA
0.8672234,-0.16845807,0,T-shirt/top,PCA
-0.9745569,0.20964266,8,Bag,PCA
0.82615346,1.122136,6,Shirt,PCA
0.07512245,-1.7686945,3,Dress,PCA
0.7060414,-0.68465406,6,Shirt,PCA
0.30642128,0.27653503,4,Coat,PCA
-0.62555027,2.0296752,4,Coat,PCA
-0.16806227,1.6606756,4,Coat,PCA
-2.0072947,1.183951,4,Coat,PCA
-0.038167674,0.5642751,2,Pullover,PCA
-0.1851096,-1.3848702,3,Dress,PCA
-0.09306015,0.47279328,4,Coat,PCA
2.586549,0.30022806,9,Ankle boot,PCA
-0.36273992,0.23413149,8,Bag,PCA
0.50240403,0.4411762,6,Shirt,PCA
1.8680377,0.8436884,0,T-shirt/top,PCA
0.3334641,1.3869661,7,Sneaker,PCA
0.5029837,1.0219824,9,Ankle boot,PCA
-1.314314,-0.31508803,5,Sandal,PCA
-1.485585,1.2823855,4,Coat,PCA
1.6570078,-0.25616613,0,T-shirt/top,PCA
0.4770912,0.33777726,2,Pullover,PCA
0.43096036,-1.0150833,1,Trouser,PCA
-0.11811951,-1.2848881,8,Bag,PCA
-1.1549803,1.82678,8,Bag,PCA
-0.5278801,1.2817302,8,Bag,PCA
2.0482533,-1.0097269,0,T-shirt/top,PCA
0.7292131,-0.3844052,5,Sandal,PCA
-0.13194725,1.9099027,2,Pullover,PCA
-0.3792023,1.802091,8,Bag,PCA
-1.2526972,2.282401,6,Shirt,PCA
-0.92035025,0.7733373,7,Sneaker,PCA
0.35757768,0.77817667,8,Bag,PCA
0.45462668,-1.4000142,3,Dress,PCA
0.050512306,1.607098,9,Ankle boot,PCA
0.49328488,-0.80098546,6,Shirt,PCA
-0.5370366,-1.5604728,1,Trouser,PCA
-0.75290895,-1.3800254,1,Trouser,PCA
0.8265946,-1.7588998,3,Dress,PCA
-0.4795953,-1.2592367,1,Trouser,PCA
-0.5248995,1.0038108,6,Shirt,PCA
-0.7873276,2.4230769,6,Shirt,PCA
1.2177778,0.66274136,2,Pullover,PCA
0.30279642,-0.2829956,2,Pullover,PCA
0.2724874,-0.31677908,8,Bag,PCA
0.18919653,0.15765476,6,Shirt,PCA
0.18063879,-0.9645778,0,T-shirt/top,PCA
0.25626647,-2.0466828,3,Dress,PCA
-0.328395,-1.2829766,3,Dress,PCA
0.57129455,1.0034282,2,Pullover,PCA
0.68589914,-1.4645241,3,Dress,PCA
0.62058324,0.56180406,9,Ankle boot,PCA
-0.26318187,-0.11769306,4,Coat,PCA
2.9666374,-0.9531148,0,T-shirt/top,PCA
1.883135,-0.39444783,6,Shirt,PCA
-1.0988221,-0.89629453,5,Sandal,PCA
2.492463,-0.7189349,0,T-shirt/top,PCA
-0.08078204,0.59869784,4,Coat,PCA
0.23871435,0.68186295,4,Coat,PCA
-0.24165809,-1.1748189,7,Sneaker,PCA
0.6215296,0.40123203,9,Ankle boot,PCA
0.5385193,0.18062207,2,Pullover,PCA
-1.2013055,-0.1629378,7,Sneaker,PCA
-0.517918,0.51292056,8,Bag,PCA
-0.17149535,-0.3269287,7,Sneaker,PCA
0.23349653,-1.50039,1,Trouser,PCA
-0.661297,2.0594668,4,Coat,PCA
-0.21015662,0.45195764,6,Shirt,PCA
-0.8939433,0.38272116,5,Sandal,PCA
-0.10063356,-1.5006865,1,Trouser,PCA
0.013118606,0.08348383,9,Ankle boot,PCA
-1.073017,0.44868883,5,Sandal,PCA
0.034944758,0.95048934,6,Shirt,PCA
1.7487861,-0.11402971,0,T-shirt/top,PCA
0.51508874,2.6088705,2,Pullover,PCA
1.0939243,-1.050299,0,T-shirt/top,PCA
-0.51991534,-0.4271698,8,Bag,PCA
-0.01643291,2.5188885,4,Coat,PCA
-2.048804,0.2987249,7,Sneaker,PCA
1.7125987,-0.9982111,0,T-shirt/top,PCA
1.1038737,-0.95409733,0,T-shirt/top,PCA
0.1606037,0.27645534,6,Shirt,PCA
1.4804213,0.7500882,2,Pullover,PCA
-0.9249285,1.0540544,4,Coat,PCA
-0.49813825,-2.1564646,3,Dress,PCA
-1.8066735,-0.113375686,7,Sneaker,PCA
-0.21782272,-1.2524636,3,Dress,PCA
-1.0782492,0.8856111,4,Coat,PCA
-0.09337097,0.6102781,2,Pullover,PCA
-0.31031692,-2.128073,3,Dress,PCA
-1.0440531,-0.93372476,7,Sneaker,PCA
-1.532025,1.6407628,4,Coat,PCA
0.58838516,-0.4663159,5,Sandal,PCA
-1.295718,-0.5924577,7,Sneaker,PCA
0.9484084,-0.18623523,5,Sandal,PCA
0.36197698,-0.070341624,0,T-shirt/top,PCA
0.095488414,0.20161083,5,Sandal,PCA
0.73123896,0.8624467,6,Shirt,PCA
-0.86853176,-1.8606564,7,Sneaker,PCA
-1.6845703,-2.4488895,1,Trouser,PCA
0.19358326,0.54776865,8,Bag,PCA
-0.07837002,1.4066697,9,Ankle boot,PCA
-0.68078876,-0.68230087,1,Trouser,PCA
1.9837458,-0.8548645,0,T-shirt/top,PCA
-1.4692,-1.9256853,1,Trouser,PCA
-2.2466898,0.0025354787,7,Sneaker,PCA
-1.7740598,-0.4709478,8,Bag,PCA
0.14643855,0.92519367,9,Ankle boot,PCA
1.0669175,1.430575,6,Shirt,PCA
0.48141754,0.43042904,9,Ankle boot,PCA
0.6320349,-1.52815,3,Dress,PCA
1.7611704,-0.98539305,0,T-shirt/top,PCA
0.69072753,0.44804698,6,Shirt,PCA
-0.8511777,0.88146514,4,Coat,PCA
-0.40153247,1.5703455,2,Pullover,PCA
-0.33517212,-0.5509841,7,Sneaker,PCA
-1.2861212,-0.36716214,7,Sneaker,PCA
-1.0540153,1.660379,4,Coat,PCA
-0.5036521,-2.4026914,5,Sandal,PCA
-1.0271662,0.18365806,2,Pullover,PCA
-0.2842179,1.188902,4,Coat,PCA
-0.5906387,2.9328032,4,Coat,PCA
0.24387576,-0.9772912,6,Shirt,PCA
-0.9637695,-0.93638515,7,Sneaker,PCA
-0.6761071,-1.6344714,1,Trouser,PCA
0.8669717,0.48674208,9,Ankle boot,PCA
0.834472,0.23107064,6,Shirt,PCA
1.3633552,1.3558271,6,Shirt,PCA
-2.0633957,-1.3762971,5,Sandal,PCA
1.5512205,-0.3700476,0,T-shirt/top,PCA
-0.15568316,-0.17545803,3,Dress,PCA
-0.7476564,0.33095226,1,Trouser,PCA
0.33174366,-1.0715694,0,T-shirt/top,PCA
-0.10925189,1.0097586,9,Ankle boot,PCA
1.5623679,-0.7746427,0,T-shirt/top,PCA
-0.9571897,-1.6299667,3,Dress,PCA
-0.05632717,0.7073779,2,Pullover,PCA
1.5392375,1.8322995,2,Pullover,PCA
0.9138197,-0.12915333,2,Pullover,PCA
2.445706,0.40713942,9,Ankle boot,PCA
1.5137237,1.2260159,2,Pullover,PCA
-0.26273572,0.18726932,4,Coat,PCA
-1.374902,1.4794954,4,Coat,PCA
1.1874862,1.437948,9,Ankle boot,PCA
0.26226026,0.5772245,8,Bag,PCA
0.9578468,0.24953344,6,Shirt,PCA
-0.83983076,-0.68049353,7,Sneaker,PCA
0.3287022,-1.3293083,3,Dress,PCA
-0.90185666,-0.8690688,1,Trouser,PCA
-0.32380092,-1.6460747,1,Trouser,PCA
0.7964335,-0.92366534,6,Shirt,PCA
0.05246325,-2.7332191,3,Dress,PCA
-0.7536171,-1.4623885,7,Sneaker,PCA
-0.7571286,0.28321064,4,Coat,PCA
0.43990225,-0.393339,4,Coat,PCA
-1.1093547,0.41687253,2,Pullover,PCA
-1.2004509,-1.1191041,7,Sneaker,PCA
-0.49408633,-1.6582937,3,Dress,PCA
2.3561857,0.5375083,9,Ankle boot,PCA
-0.6772563,-0.57271403,5,Sandal,PCA
-1.5020777,0.3060033,5,Sandal,PCA
-0.43418902,0.3018983,9,Ankle boot,PCA
-0.41814327,1.0534557,6,Shirt,PCA
-0.01803985,0.38879776,9,Ankle boot,PCA
-0.084779106,0.92705166,2,Pullover,PCA
1.5506214,-2.178484,3,Dress,PCA
1.2449316,1.3581411,2,Pullover,PCA
1.304448,0.65969807,2,Pullover,PCA
-0.28491986,0.9641567,8,Bag,PCA
0.045384258,0.8742134,6,Shirt,PCA
-0.62975585,1.6315198,4,Coat,PCA
-0.80904114,0.12956043,7,Sneaker,PCA
1.6082516,1.2284048,9,Ankle boot,PCA
0.2645862,1.3555388,8,Bag,PCA
-0.18076295,0.46351156,6,Shirt,PCA
-1.107945,-0.69370776,7,Sneaker,PCA
-2.4069283,0.35609123,5,Sandal,PCA
-0.44459748,1.3250619,9,Ankle boot,PCA
0.68080467,0.7324268,2,Pullover,PCA
0.30703497,0.7764367,8,Bag,PCA
0.06361995,-1.5832918,1,Trouser,PCA
1.017563,1.2996455,9,Ankle boot,PCA
0.08982031,0.6535705,4,Coat,PCA
1.711625,0.07160338,9,Ankle boot,PCA
1.4327879,0.37253684,9,Ankle boot,PCA
0.5117953,0.48278934,6,Shirt,PCA
0.94204974,-0.6729853,0,T-shirt/top,PCA
-0.37189096,-1.0502,5,Sandal,PCA
1.7855158,-0.58010006,0,T-shirt/top,PCA
-0.5464645,-1.0941246,8,Bag,PCA
1.1669276,1.3064207,6,Shirt,PCA
-0.55292773,2.2866595,8,Bag,PCA
-1.6053774,-1.123309,1,Trouser,PCA
0.599371,0.78311265,4,Coat,PCA
-2.0122948,1.201048,4,Coat,PCA
-1.4055942,-1.3314106,7,Sneaker,PCA
-0.10461442,-0.017257271,3,Dress,PCA
-0.89716864,-0.04496519,3,Dress,PCA
1.3508953,1.5810311,2,Pullover,PCA
0.2082208,-0.7234766,3,Dress,PCA
-0.31765902,-1.3093499,1,Trouser,PCA
1.002756,-0.79218006,0,T-shirt/top,PCA
-0.5860973,0.110293224,4,Coat,PCA
-0.62917215,-0.62821954,4,Coat,PCA
1.5373709,0.12046672,9,Ankle boot,PCA
0.72163844,0.58993876,6,Shirt,PCA
0.1693869,-0.7695566,0,T-shirt/top,PCA
0.7562462,0.8773417,9,Ankle boot,PCA
0.19041948,0.13407288,8,Bag,PCA
0.30962038,-0.24373761,8,Bag,PCA
0.3397029,0.013057163,3,Dress,PCA
-0.65102726,1.7495567,9,Ankle boot,PCA
0.307463,-0.41880968,7,Sneaker,PCA
1.4321244,-1.3003289,0,T-shirt/top,PCA
-0.71218723,-1.1469132,1,Trouser,PCA
0.9355112,0.39695767,2,Pullover,PCA
0.0123232305,-1.3914789,3,Dress,PCA
0.42900115,-1.77147,3,Dress,PCA
0.7538343,-1.6977184,3,Dress,PCA
-1.2854887,0.40017214,5,Sandal,PCA
-0.23005742,0.27801508,6,Shirt,PCA
0.6054573,-0.049088523,6,Shirt,PCA
0.032953866,-0.28812593,1,Trouser,PCA
1.1255528,-0.8097314,6,Shirt,PCA
-0.42276198,-0.92056245,3,Dress,PCA
-0.49328446,-1.9093885,3,Dress,PCA
2.5648074,-1.2114513,5,Sandal,PCA
0.36399132,-1.1357567,8,Bag,PCA
-0.09935968,1.7889391,4,Coat,PCA
-0.060160697,-0.17333962,8,Bag,PCA
-1.1747253,-0.6699037,7,Sneaker,PCA
2.0349047,-0.3334841,6,Shirt,PCA
-2.0723934,0.6656218,7,Sneaker,PCA
0.62412804,0.22054,2,Pullover,PCA
-1.3100792,-2.1349368,1,Trouser,PCA
-1.3130836,-1.5221231,1,Trouser,PCA
-0.47294748,-2.108652,3,Dress,PCA
0.35650563,0.50838405,8,Bag,PCA
0.5083851,0.8266682,6,Shirt,PCA
1.3243562,-0.67153066,0,T-shirt/top,PCA
0.4726218,1.6794549,9,Ankle boot,PCA
-2.1657145,-0.2772588,7,Sneaker,PCA
1.727634,-0.5504738,5,Sandal,PCA
-0.019140957,0.3736653,8,Bag,PCA
1.2036277,1.5104753,2,Pullover,PCA
-1.3971475,-1.504313,3,Dress,PCA
0.5209598,-0.54756486,5,Sandal,PCA
0.2583918,1.3108349,9,Ankle boot,PCA
-1.1172421,-0.466542,7,Sneaker,PCA
0.9368768,-0.68094873,0,T-shirt/top,PCA
0.7424657,-0.50257635,1,Trouser,PCA
-0.35244292,-1.4816725,1,Trouser,PCA
0.41147977,0.45972446,9,Ankle boot,PCA
-0.41000408,1.570798,8,Bag,PCA
1.5346216,0.095470466,6,Shirt,PCA
2.211548,0.16610983,0,T-shirt/top,PCA
2.6065314,-0.32035604,0,T-shirt/top,PCA
-0.7160281,-1.4680247,1,Trouser,PCA
1.1503413,0.34200326,2,Pullover,PCA
-0.3006972,1.016823,2,Pullover,PCA
-0.5771439,0.103588425,4,Coat,PCA
-1.5692589,0.47330892,4,Coat,PCA
-0.32412386,0.14464724,8,Bag,PCA
0.035389975,-1.2812302,1,Trouser,PCA
0.81530654,0.87810963,3,Dress,PCA
0.7721571,0.32671562,7,Sneaker,PCA
0.997732,-1.5980642,3,Dress,PCA
-0.5147429,2.5833585,6,Shirt,PCA
-0.43771505,-0.6707999,1,Trouser,PCA
2.5267491,0.79704666,0,T-shirt/top,PCA
1.9070837,-1.1932606,5,Sandal,PCA
0.08738746,-0.73287433,0,T-shirt/top,PCA
-1.0843873,-1.0042232,1,Trouser,PCA
-0.09657548,-1.3037701,7,Sneaker,PCA
-0.4751193,0.2703105,3,Dress,PCA
-0.6732965,1.1514866,9,Ankle boot,PCA
0.2179283,-1.0137717,8,Bag,PCA
0.03298986,-2.4707,3,Dress,PCA
-0.10175641,1.2765756,9,Ankle boot,PCA
0.91780734,0.6531585,6,Shirt,PCA
2.4837499,0.8961603,9,Ankle boot,PCA
2.1400583,-1.2000128,5,Sandal,PCA
-0.51588106,0.74487656,4,Coat,PCA
-0.8042407,-1.3936625,7,Sneaker,PCA
-0.042050816,-1.2636139,0,T-shirt/top,PCA
-0.28676242,-1.3230506,3,Dress,PCA
0.7224878,0.4312437,9,Ankle boot,PCA
-0.9773518,-0.9241999,7,Sneaker,PCA
0.2540555,0.5710519,9,Ankle boot,PCA
0.34203833,-0.72253907,6,Shirt,PCA
-1.0498822,2.6680331,4,Coat,PCA
-1.2180799,-0.32957548,5,Sandal,PCA
0.72946805,1.032106,6,Shirt,PCA
-0.13692755,-0.38005775,2,Pullover,PCA
-1.2511252,-0.58610135,1,Trouser,PCA
2.9735055,-0.9652247,5,Sandal,PCA
0.34139305,-1.3079239,3,Dress,PCA
-1.006886,0.9686197,4,Coat,PCA
0.20003341,-1.410533,1,Trouser,PCA
2.3790574,-1.6168463,5,Sandal,PCA
1.2518705,-1.0057874,5,Sandal,PCA
-1.2510991,1.377881,8,Bag,PCA
-1.9565747,1.1886714,8,Bag,PCA
-0.23763868,0.41648537,9,Ankle boot,PCA
0.45286036,1.4105746,4,Coat,PCA
0.8007251,0.9370099,9,Ankle boot,PCA
-1.0154138,-0.16812155,5,Sandal,PCA
0.36340427,0.83930194,7,Sneaker,PCA
-0.4118343,1.2296615,8,Bag,PCA
-1.4782419,-0.75138074,7,Sneaker,PCA
0.52304053,-0.5578025,1,Trouser,PCA
0.75313133,-1.3920621,3,Dress,PCA
-1.2969496,-1.4062632,1,Trouser,PCA
1.7690969,-0.34661824,6,Shirt,PCA
-0.6323689,-1.5664258,1,Trouser,PCA
-0.26827943,-1.0346379,3,Dress,PCA
-1.0840784,-0.24377345,3,Dress,PCA
-0.5098149,-1.3479295,1,Trouser,PCA
-0.56371456,-0.7914819,3,Dress,PCA
0.22047217,0.2390442,8,Bag,PCA
-0.07536623,0.29913074,9,Ankle boot,PCA
0.20400606,1.5185332,9,Ankle boot,PCA
-0.9567026,1.2052485,4,Coat,PCA
-0.049809974,-1.4406134,1,Trouser,PCA
1.972486,-0.9076964,0,T-shirt/top,PCA
1.2926745,1.805339,8,Bag,PCA
-0.59350455,-0.22387128,6,Shirt,PCA
0.55884844,1.0413095,2,Pullover,PCA
1.1995035,-0.61884147,0,T-shirt/top,PCA
-1.2444615,0.12500285,7,Sneaker,PCA
0.8281029,0.58011883,9,Ankle boot,PCA
-0.655445,-1.1387746,8,Bag,PCA
1.4489422,1.7614763,2,Pullover,PCA
-0.4528182,0.15078852,5,Sandal,PCA
-0.021403318,1.4459656,4,Coat,PCA
1.2656138,-0.2868696,6,Shirt,PCA
0.32816505,-1.7784789,3,Dress,PCA
-0.3866843,-1.2701216,1,Trouser,PCA
-0.6933606,-1.0253662,7,Sneaker,PCA
0.053986296,0.79301506,2,Pullover,PCA
2.1066992,-0.5438656,5,Sandal,PCA
-0.6282451,0.38225412,2,Pullover,PCA
0.40398735,0.338172,6,Shirt,PCA
0.5205924,0.18596306,8,Bag,PCA
-0.049095076,1.138463,2,Pullover,PCA
-2.0162637,1.0132381,5,Sandal,PCA
-0.33266085,0.49961296,2,Pullover,PCA
1.5123991,-0.3365447,0,T-shirt/top,PCA
-0.8367315,0.27845833,7,Sneaker,PCA
-0.031144857,-0.005984007,1,Trouser,PCA
-0.4481874,-0.2781412,2,Pullover,PCA
0.036405645,1.9315488,9,Ankle boot,PCA
0.24289234,0.28388837,3,Dress,PCA
1.7104814,-0.27129075,0,T-shirt/top,PCA
0.55232346,-1.278066,1,Trouser,PCA
-1.6210433,0.99447125,8,Bag,PCA
1.8713132,-1.2995495,0,T-shirt/top,PCA
-0.38334912,-0.5004288,8,Bag,PCA
-0.01746193,0.3234419,5,Sandal,PCA
0.14406697,0.73286027,6,Shirt,PCA
-0.083275005,-0.8930879,8,Bag,PCA
-0.61419076,0.54204494,5,Sandal,PCA
-0.13871318,1.3799605,9,Ankle boot,PCA
1.5373807,-0.95766854,0,T-shirt/top,PCA
-0.22910526,-1.4052491,7,Sneaker,PCA
-0.3333891,0.31174982,7,Sneaker,PCA
1.9128424,-0.43203494,0,T-shirt/top,PCA
1.9279146,-1.2139872,0,T-shirt/top,PCA
-0.18044877,0.4694837,4,Coat,PCA
-0.47860044,-1.3851272,1,Trouser,PCA
-0.8335086,-0.62858856,1,Trouser,PCA
-0.19236211,0.27802032,6,Shirt,PCA
0.62671566,0.65350753,8,Bag,PCA
-0.74196315,1.4180334,4,Coat,PCA
-0.74415654,-1.2260605,1,Trouser,PCA
-0.34787488,0.73178554,2,Pullover,PCA
-0.7628963,-1.9163483,7,Sneaker,PCA
-1.8726075,0.61958575,5,Sandal,PCA
-2.3893466,0.34892684,5,Sandal,PCA
-0.43427187,1.2882848,9,Ankle boot,PCA
-0.94712484,0.22776996,2,Pullover,PCA
1.0496198,0.15774617,5,Sandal,PCA
-1.7847371,-0.87274027,7,Sneaker,PCA
0.6899046,0.25100398,9,Ankle boot,PCA
0.6778122,0.5133511,6,Shirt,PCA
-0.9647496,-1.2668316,7,Sneaker,PCA
2.5886006,-1.1804197,0,T-shirt/top,PCA
0.65580755,-0.97062576,6,Shirt,PCA
0.35284323,0.98292184,9,Ankle boot,PCA
-0.39971495,0.44740996,2,Pullover,PCA
2.0107257,1.8693116,6,Shirt,PCA
1.3301747,2.0740917,9,Ankle boot,PCA
0.5810872,1.0759294,6,Shirt,PCA
0.68409646,0.41971532,6,Shirt,PCA
2.158568,-0.2621147,0,T-shirt/top,PCA
-0.9889664,1.2156473,4,Coat,PCA
-0.35053456,0.20886466,4,Coat,PCA
0.8463144,-0.87775743,0,T-shirt/top,PCA
0.5216204,1.1389042,4,Coat,PCA
-0.005808875,0.65062493,5,Sandal,PCA
-0.06377796,0.0076673147,6,Shirt,PCA
-0.13110858,0.42533028,9,Ankle boot,PCA
-0.30418646,-1.5435652,3,Dress,PCA
0.63038844,1.9125274,8,Bag,PCA
-0.028890733,1.7946532,6,Shirt,PCA
-1.4439981,-0.18122093,7,Sneaker,PCA
-1.6271598,-0.08031088,5,Sandal,PCA
-0.3779158,1.296759,2,Pullover,PCA
-0.067396775,-1.6328635,1,Trouser,PCA
0.82607603,-0.17496666,3,Dress,PCA
0.11006339,0.8766597,6,Shirt,PCA
-0.017298246,0.30551955,2,Pullover,PCA
-2.3841605,0.6646809,8,Bag,PCA
0.64466083,-2.112842,3,Dress,PCA
0.14054969,-0.87656,0,T-shirt/top,PCA
-1.3566768,-1.5700912,3,Dress,PCA
0.03240154,1.0000387,4,Coat,PCA
-0.2142283,-1.8159573,8,Bag,PCA
-0.19295296,1.5630255,4,Coat,PCA
0.3034745,-0.032449517,6,Shirt,PCA
0.15563187,-1.525728,1,Trouser,PCA
-2.3169832,1.4736202,4,Coat,PCA
0.18439098,-0.6646099,3,Dress,PCA
-1.0579796,0.41927543,8,Bag,PCA
-1.2265866,-1.1471746,1,Trouser,PCA
-0.976811,-2.0903451,3,Dress,PCA
-0.7518875,1.6082711,4,Coat,PCA
0.6755849,0.8763795,9,Ankle boot,PCA
-1.3147978,0.14945634,5,Sandal,PCA
-1.0073103,2.209055,4,Coat,PCA
0.071956895,0.70980644,8,Bag,PCA
-0.36388993,-1.9243616,3,Dress,PCA
-0.3919416,-1.0348408,1,Trouser,PCA
1.91577,-0.52795327,9,Ankle boot,PCA
-0.6047518,-2.0109286,5,Sandal,PCA
1.585468,1.7312936,2,Pullover,PCA
-0.32278317,0.8280098,4,Coat,PCA
-0.40045226,-2.5326443,3,Dress,PCA
0.71664256,-0.5667793,0,T-shirt/top,PCA
1.5735931,-0.75622976,0,T-shirt/top,PCA
-0.15351406,-0.6567189,7,Sneaker,PCA
-0.30738652,-0.40582442,6,Shirt,PCA
-0.39958954,0.72049016,2,Pullover,PCA
0.46585828,-0.26404387,5,Sandal,PCA
-0.07410218,0.103337325,4,Coat,PCA
0.27550942,0.6242877,2,Pullover,PCA
1.8801771,1.097401,9,Ankle boot,PCA
-0.8750759,-1.1187133,1,Trouser,PCA
1.3987768,0.050284527,6,Shirt,PCA
0.38439262,-0.3289262,1,Trouser,PCA
1.3147196,0.47555327,7,Sneaker,PCA
1.9812171,0.12052588,9,Ankle boot,PCA
0.48440516,1.6478794,2,Pullover,PCA
0.1500951,-1.3418999,3,Dress,PCA
0.82280666,-0.23787159,6,Shirt,PCA
-0.007782383,0.23610815,6,Shirt,PCA
-0.2543896,-2.5323992,1,Trouser,PCA
-0.4328848,0.30104303,4,Coat,PCA
-0.8815266,0.40759617,4,Coat,PCA
-0.012118246,0.23865756,3,Dress,PCA
0.5185154,0.5398764,5,Sandal,PCA
0.943703,-0.02154369,6,Shirt,PCA
-1.3294224,-0.2016865,7,Sneaker,PCA
1.8135417,-0.7184901,0,T-shirt/top,PCA
-1.3312372,0.36397928,5,Sandal,PCA
-2.3036902,0.8447904,5,Sandal,PCA
0.5039683,1.449247,9,Ankle boot,PCA
0.29216522,1.4176257,9,Ankle boot,PCA
-2.1354048,-0.51951635,8,Bag,PCA
1.7983203,-0.58260393,6,Shirt,PCA
-0.3884346,1.3522391,4,Coat,PCA
-1.1915647,1.789129,8,Bag,PCA
-2.5706227,0.7167796,7,Sneaker,PCA
0.04491689,0.7606732,4,Coat,PCA
-0.3749078,-1.3608818,7,Sneaker,PCA
-2.001329,0.5999808,8,Bag,PCA
2.0105357,-0.6198404,5,Sandal,PCA
-0.9426596,0.5935511,4,Coat,PCA
-0.027575497,0.23185849,4,Coat,PCA
2.579056,0.09669174,9,Ankle boot,PCA
1.8762084,-1.7472299,3,Dress,PCA
0.96246403,1.122524,2,Pullover,PCA
-0.5100205,0.48690256,0,T-shirt/top,PCA
0.42010182,-0.7462051,1,Trouser,PCA
0.15420057,0.3011903,2,Pullover,PCA
-0.0562668,1.1789027,8,Bag,PCA
0.9431931,-1.41577,3,Dress,PCA
-0.13106415,-0.23630849,8,Bag,PCA
-0.6020895,-1.8097082,1,Trouser,PCA
-0.6380089,0.9724029,4,Coat,PCA
-0.2538774,1.5537596,2,Pullover,PCA
-1.181999,1.2674246,4,Coat,PCA
-1.2622355,0.24816586,7,Sneaker,PCA
-0.9079026,-1.3027197,7,Sneaker,PCA
0.93181026,1.7383671,2,Pullover,PCA
2.147771,1.3171299,9,Ankle boot,PCA
2.6483142,1.2623777,8,Bag,PCA
-2.2569985,1.9743073,8,Bag,PCA
-1.7230574,0.53412217,5,Sandal,PCA
-0.6636798,-1.5714067,1,Trouser,PCA
0.24103509,-1.2409164,1,Trouser,PCA
0.69481635,0.6809987,6,Shirt,PCA
-0.67860305,0.8199696,2,Pullover,PCA
1.0651215,0.41751412,5,Sandal,PCA
-1.0193552,-0.97026926,1,Trouser,PCA
-1.2534189,0.29167774,4,Coat,PCA
0.8854395,-0.4045237,0,T-shirt/top,PCA
0.44376063,-0.137617,6,Shirt,PCA
-1.1575855,0.7406201,6,Shirt,PCA
0.51606816,0.78670233,7,Sneaker,PCA
-0.38701057,0.62379575,8,Bag,PCA
1.4542671,-0.5510447,5,Sandal,PCA
-0.9360135,-0.014001233,7,Sneaker,PCA
0.9057506,1.1831887,2,Pullover,PCA
-1.7280304,-0.3458368,7,Sneaker,PCA
-2.7824733,0.019049654,5,Sandal,PCA
-1.7336625,1.4267287,4,Coat,PCA
-1.1567212,-2.033666,1,Trouser,PCA
-0.57249385,-0.08390949,4,Coat,PCA
-1.1940242,0.49270427,4,Coat,PCA
-0.59069836,1.3871583,4,Coat,PCA
0.45387632,-1.738529,1,Trouser,PCA
0.54758936,0.862414,7,Sneaker,PCA
1.3343647,-0.46634972,5,Sandal,PCA
-0.57922083,0.26820707,9,Ankle boot,PCA
-1.1705816,1.4769843,9,Ankle boot,PCA
-1.7600762,-0.45202664,5,Sandal,PCA
1.3828839,-0.1051136,9,Ankle boot,PCA
-0.9727112,-0.82199514,1,Trouser,PCA
1.5980092,-0.5123654,0,T-shirt/top,PCA
-1.3362525,0.8751241,8,Bag,PCA
-2.5591216,0.6289851,8,Bag,PCA
0.6157511,-0.7307205,0,T-shirt/top,PCA
-2.056427,1.2608197,8,Bag,PCA
-0.3252846,-0.07559945,6,Shirt,PCA
1.8444769,-0.39044,0,T-shirt/top,PCA
-0.44491136,-1.0579773,1,Trouser,PCA
-0.23542085,0.6716085,8,Bag,PCA
1.4142147,0.81528777,2,Pullover,PCA
-3.1264195,0.0766463,7,Sneaker,PCA
-0.594759,0.046700183,5,Sandal,PCA
0.082443625,0.97367454,6,Shirt,PCA
0.30517125,-0.46651477,6,Shirt,PCA
1.6363986,0.13311619,9,Ankle boot,PCA
0.84813803,1.7570775,9,Ankle boot,PCA
-0.38266796,0.3109284,6,Shirt,PCA
-1.0614288,0.2441532,4,Coat,PCA
-1.1610332,1.4105215,4,Coat,PCA
0.7207801,1.7855664,9,Ankle boot,PCA
0.62815666,-0.22487336,0,T-shirt/top,PCA
0.13539198,0.11954773,5,Sandal,PCA
-0.9438631,-0.66050065,7,Sneaker,PCA
0.8608749,0.84684646,9,Ankle boot,PCA
0.9761719,0.9517378,9,Ankle boot,PCA
1.1890754,-0.5454466,5,Sandal,PCA
0.58214897,-1.3361133,1,Trouser,PCA
-1.3019098,2.606425,4,Coat,PCA
0.594625,0.10516018,8,Bag,PCA
-0.22388496,-1.7192761,1,Trouser,PCA
-1.7274861,2.0712178,6,Shirt,PCA
-2.1384888,-1.4235947,5,Sandal,PCA
0.5990156,1.2012539,9,Ankle boot,PCA
-0.48946685,1.2618443,4,Coat,PCA
-1.1955993,0.7905798,8,Bag,PCA
-0.4335326,0.19123957,4,Coat,PCA
-0.47953928,-1.2772077,1,Trouser,PCA
1.4973673,0.06523452,0,T-shirt/top,PCA
-0.51020277,1.1457009,4,Coat,PCA
-0.3619138,0.95547706,6,Shirt,PCA
1.5847574,0.54873365,6,Shirt,PCA
0.16808331,1.9862626,4,Coat,PCA
1.2711941,0.5271628,0,T-shirt/top,PCA
1.0104464,-0.65482205,5,Sandal,PCA
-0.41966647,-1.7864683,7,Sneaker,PCA
0.94990116,0.742324,2,Pullover,PCA
-0.84648967,0.09366741,5,Sandal,PCA
-1.0120257,0.10681155,2,Pullover,PCA
-0.41356748,-1.2694665,7,Sneaker,PCA
-1.3878688,1.610051,4,Coat,PCA
-1.3264573,-1.3267453,7,Sneaker,PCA
-0.4341405,-0.5449217,8,Bag,PCA
-0.14484853,0.83880246,6,Shirt,PCA
-1.3466611,0.42145663,5,Sandal,PCA
-0.23267788,1.0366257,6,Shirt,PCA
1.1683794,-1.3238814,5,Sandal,PCA
-0.27071083,-2.4985082,3,Dress,PCA
-1.5596334,0.13414112,7,Sneaker,PCA
-0.6911206,1.5779697,7,Sneaker,PCA
0.19945532,1.1117795,6,Shirt,PCA
-0.3896423,1.9994576,4,Coat,PCA
0.08225913,1.9723202,8,Bag,PCA
0.69690824,0.0011343588,2,Pullover,PCA
-0.46067345,-0.57996625,4,Coat,PCA
-1.1338729,-0.6087216,7,Sneaker,PCA
-1.8691365,0.059393164,5,Sandal,PCA
-0.52275246,0.8635262,4,Coat,PCA
0.30702877,-1.378451,1,Trouser,PCA
0.051625453,1.8253549,9,Ankle boot,PCA
-0.49119318,0.418163,6,Shirt,PCA
-1.8385818,-0.21500358,7,Sneaker,PCA
1.0088009,-1.4372562,3,Dress,PCA
-1.0243217,0.98766,9,Ankle boot,PCA
0.08711885,-1.1588758,3,Dress,PCA
-0.08820908,-0.9095826,8,Bag,PCA
0.7067971,1.4656748,6,Shirt,PCA
1.1925265,-0.2642951,5,Sandal,PCA
0.8396476,1.2437079,2,Pullover,PCA
0.1551911,1.6088078,2,Pullover,PCA
1.6164291,-0.80493873,5,Sandal,PCA
-1.3458539,0.17786777,8,Bag,PCA
0.3656546,-0.7149775,6,Shirt,PCA
-1.2369871,-2.0740643,1,Trouser,PCA
-0.3442201,0.12106889,4,Coat,PCA
-0.1257205,0.18160568,2,Pullover,PCA
0.018964674,-0.41698724,6,Shirt,PCA
-0.6340085,1.8812622,4,Coat,PCA
0.2845468,0.20486094,6,Shirt,PCA
-0.27734512,0.893583,5,Sandal,PCA
0.76598006,-0.9861748,6,Shirt,PCA
0.25622392,-0.8685395,0,T-shirt/top,PCA
0.3525514,-0.29881823,1,Trouser,PCA
0.8536353,-0.9146083,0,T-shirt/top,PCA
0.29206574,0.016355375,9,Ankle boot,PCA
-0.32033455,-1.862193,3,Dress,PCA
0.91932374,-0.011018273,2,Pullover,PCA
0.11219108,0.31181076,7,Sneaker,PCA
0.7941834,0.47412872,6,Shirt,PCA
0.15086074,2.2328568,2,Pullover,PCA
-0.027788423,0.5125691,2,Pullover,PCA
-1.1872699,0.609154,8,Bag,PCA
1.1359015,-0.8921975,0,T-shirt/top,PCA
-1.3391861,0.72205436,8,Bag,PCA
0.36505145,-1.0757263,0,T-shirt/top,PCA
-0.5270695,1.3037972,4,Coat,PCA
2.6049433,-0.654763,0,T-shirt/top,PCA
-0.88287467,0.29696783,5,Sandal,PCA
0.96113056,-2.1250677,3,Dress,PCA
-0.018776108,-1.2336483,1,Trouser,PCA
-2.046576,-0.27188486,7,Sneaker,PCA
-0.059911177,-1.1500059,1,Trouser,PCA
-0.36667752,1.9202511,8,Bag,PCA
1.7036414,-0.5476603,0,T-shirt/top,PCA
0.050950527,1.210709,6,Shirt,PCA
0.052742995,0.06907492,5,Sandal,PCA
0.45831645,-1.5532975,3,Dress,PCA
0.12924863,1.5348517,1,Trouser,PCA
-0.4127323,0.3735626,4,Coat,PCA
0.5040209,-0.2966575,6,Shirt,PCA
0.89342576,-0.24892288,6,Shirt,PCA
1.5094723,-0.19102775,0,T-shirt/top,PCA
0.6875203,2.390357,2,Pullover,PCA
-1.0318078,-1.0440582,1,Trouser,PCA
-2.0041337,1.0029769,8,Bag,PCA
-1.6364051,0.16670915,5,Sandal,PCA
-0.56905144,0.057715967,2,Pullover,PCA
-0.9322614,-2.0882792,1,Trouser,PCA
1.1303115,-1.3521664,3,Dress,PCA
0.6584367,-2.1839445,3,Dress,PCA
1.0105752,-1.4056615,3,Dress,PCA
-0.46841782,-1.3292034,1,Trouser,PCA
-1.4376483,0.84349287,5,Sandal,PCA
-0.823676,-0.39109448,7,Sneaker,PCA
1.299333,0.3301899,9,Ankle boot,PCA
-1.0012251,-2.1877456,1,Trouser,PCA
1.6932453,1.5149467,9,Ankle boot,PCA
2.4892523,-0.71165603,0,T-shirt/top,PCA
0.20980655,0.82666564,6,Shirt,PCA
-1.2114501,0.7887185,8,Bag,PCA
0.33851713,0.90391517,8,Bag,PCA
0.99433535,2.556,2,Pullover,PCA
0.020272031,0.50647676,2,Pullover,PCA
-1.451909,-1.01586,7,Sneaker,PCA
0.39885372,-1.4624925,3,Dress,PCA
0.6335778,0.8143627,9,Ankle boot,PCA
-2.5116928,0.5119786,5,Sandal,PCA
-0.8571943,-1.3191501,7,Sneaker,PCA
-0.67076826,-0.7221452,7,Sneaker,PCA
0.22673805,-1.1222391,3,Dress,PCA
-1.6993506,1.253148,9,Ankle boot,PCA
0.94374895,-0.2862172,6,Shirt,PCA
-0.7476542,0.14500488,6,Shirt,PCA
-0.16425073,-1.8268864,3,Dress,PCA
-1.2416366,-0.028978959,5,Sandal,PCA
1.1339949,-0.55437183,0,T-shirt/top,PCA
1.3648149,2.287592,2,Pullover,PCA
2.481892,-1.0088109,0,T-shirt/top,PCA
0.5624884,-1.2762808,0,T-shirt/top,PCA
-0.025337316,-0.39728054,0,T-shirt/top,PCA
-0.5045335,0.4186285,5,Sandal,PCA
-0.9410794,0.84289145,4,Coat,PCA
1.2479864,-1.161591,5,Sandal,PCA
-0.40406483,1.2348598,9,Ankle boot,PCA
-1.311565,-0.16405977,4,Coat,PCA
-1.0842302,-0.28727126,7,Sneaker,PCA
-1.5572704,-0.51289105,7,Sneaker,PCA
-0.8782152,-1.0029213,3,Dress,PCA
1.6620107,0.87102336,2,Pullover,PCA
-0.45217264,0.55890137,7,Sneaker,PCA
2.0769544,0.42206183,9,Ankle boot,PCA
-0.11004767,1.7325476,8,Bag,PCA
-0.37537128,1.693233,4,Coat,PCA
2.025746,0.57651025,9,Ankle boot,PCA
0.58987194,0.49893916,4,Coat,PCA
1.1633337,-0.23766918,8,Bag,PCA
0.6017971,-0.6174046,1,Trouser,PCA
0.82939816,-0.47910213,0,T-shirt/top,PCA
0.94447595,-0.32917103,1,Trouser,PCA
0.5643485,-1.9215308,3,Dress,PCA
-0.025353294,0.98176324,6,Shirt,PCA
-1.3609303,1.5374159,4,Coat,PCA
-1.0228688,-0.3506618,7,Sneaker,PCA
0.11148685,-1.1160076,6,Shirt,PCA
-1.3651273,-0.23390591,7,Sneaker,PCA
0.4221509,0.6296749,2,Pullover,PCA
0.9108988,0.8098686,2,Pullover,PCA
-1.9475697,0.65401495,8,Bag,PCA
-2.1646671,-0.17155792,4,Coat,PCA
0.2277522,-1.2661939,6,Shirt,PCA
1.9912057,0.45895058,9,Ankle boot,PCA
0.4714374,1.7694011,2,Pullover,PCA
0.60210496,-1.4535319,1,Trouser,PCA
0.7931235,0.70661277,4,Coat,PCA
1.6956521,-0.99368083,5,Sandal,PCA
1.1761773,0.63082814,8,Bag,PCA
-1.9857275,0.3402596,7,Sneaker,PCA
2.4121897,0.2398708,9,Ankle boot,PCA
0.53677815,0.60074157,8,Bag,PCA
0.1613727,-0.24057043,1,Trouser,PCA
1.0260288,-0.25347573,5,Sandal,PCA
1.0266551,-0.5556591,6,Shirt,PCA
-0.8085111,-0.84671915,1,Trouser,PCA
0.11840372,0.17603965,7,Sneaker,PCA
-0.48043025,-0.59001267,8,Bag,PCA
-0.83838606,-2.2282772,3,Dress,PCA
-1.2552001,1.0639548,4,Coat,PCA
-1.1762483,-1.0936539,7,Sneaker,PCA
0.39952308,0.69062334,6,Shirt,PCA
-0.18848635,-1.0778039,1,Trouser,PCA
-0.12600331,2.1569097,4,Coat,PCA
-1.2477158,0.83885443,7,Sneaker,PCA
-1.7758572,1.8718001,4,Coat,PCA
-0.8499131,-0.21843648,5,Sandal,PCA
0.16343036,0.29162613,3,Dress,PCA
-1.1029704,-0.9210525,1,Trouser,PCA
-0.39175707,0.64870334,5,Sandal,PCA
0.93262875,-0.034329046,0,T-shirt/top,PCA
-1.115911,0.029291146,3,Dress,PCA
2.568811,-0.8673853,0,T-shirt/top,PCA
0.47111797,1.1751261,4,Coat,PCA
-1.0698608,-1.1735747,1,Trouser,PCA
-0.37236017,0.45199165,7,Sneaker,PCA
-0.7544878,-0.045147736,5,Sandal,PCA
-0.07286979,-2.297765,3,Dress,PCA
-0.5597621,-1.0870177,1,Trouser,PCA
0.3495679,0.8432183,2,Pullover,PCA
-2.4558752,0.070397355,5,Sandal,PCA
-0.52277315,-0.047210563,4,Coat,PCA
-0.6533037,0.62815964,4,Coat,PCA
-1.0008173,-0.043487035,3,Dress,PCA
-1.0802536,0.93426126,2,Pullover,PCA
-0.34564215,-1.3023679,1,Trouser,PCA
1.7799083,-0.008686292,0,T-shirt/top,PCA
-1.7316579,-2.783072,3,Dress,PCA
0.5359299,-0.58641285,6,Shirt,PCA
1.1558877,1.5033171,2,Pullover,PCA
-0.6296053,-0.6058205,3,Dress,PCA
1.9554571,1.1391702,8,Bag,PCA
0.73098296,-0.47672948,2,Pullover,PCA
-0.63009685,-1.0865471,1,Trouser,PCA
-1.0693007,0.17985447,5,Sandal,PCA
0.5483401,0.636272,4,Coat,PCA
-0.4067952,-1.4461524,7,Sneaker,PCA
0.38466704,-1.7157993,1,Trouser,PCA
-0.134893,0.9538855,4,Coat,PCA
1.7814468,-0.93107504,0,T-shirt/top,PCA
-0.99955106,-1.2844007,1,Trouser,PCA
0.7952262,-0.63539535,6,Shirt,PCA
-1.5446179,-0.03291729,7,Sneaker,PCA
-0.32058024,0.8216318,9,Ankle boot,PCA
1.7513876,-0.27200618,6,Shirt,PCA
-0.9181608,-0.6856108,7,Sneaker,PCA
-1.1382241,1.4788833,8,Bag,PCA
1.2116755,-0.79475385,0,T-shirt/top,PCA
-0.2551446,-0.31126693,6,Shirt,PCA
0.05633933,1.7119333,4,Coat,PCA
-1.5192491,-0.47338137,4,Coat,PCA
-0.77699596,1.1795485,9,Ankle boot,PCA
-0.341394,-1.3118355,1,Trouser,PCA
0.3929478,-1.2850441,3,Dress,PCA
-0.20246348,0.9745885,9,Ankle boot,PCA
-0.41145647,0.8402345,4,Coat,PCA
-0.16609083,1.7044184,4,Coat,PCA
2.4777102,-1.2671415,5,Sandal,PCA
0.99764556,-0.5262948,0,T-shirt/top,PCA
-1.7927964,-0.32467535,1,Trouser,PCA
-1.1343461,0.16013102,5,Sandal,PCA
-0.61735594,-0.2010751,5,Sandal,PCA
-0.8008675,-0.09469302,7,Sneaker,PCA
0.3339144,-1.6427342,3,Dress,PCA
0.66553485,1.3838388,2,Pullover,PCA
-1.4958785,-2.6237905,1,Trouser,PCA
-0.34890717,-1.4600463,1,Trouser,PCA
-0.28908122,1.4499953,4,Coat,PCA
-0.11230068,0.09154641,9,Ankle boot,PCA
-2.1970305,0.5450691,5,Sandal,PCA
-0.5029774,0.042254962,8,Bag,PCA
-1.5099075,-1.578065,5,Sandal,PCA
1.6709013,0.07710688,5,Sandal,PCA
-0.5766008,0.2534574,8,Bag,PCA
-2.0216575,0.23050149,4,Coat,PCA
-0.9527882,-0.8105134,8,Bag,PCA
0.10950345,-1.9067456,3,Dress,PCA
1.8027614,0.9544214,9,Ankle boot,PCA
2.183694,-0.01348926,9,Ankle boot,PCA
0.094132856,0.9031443,4,Coat,PCA
-0.77775824,0.048640646,6,Shirt,PCA
-0.81147647,-1.5624722,1,Trouser,PCA
-0.06007669,-0.82759756,7,Sneaker,PCA
-1.0927322,1.7832578,8,Bag,PCA
-0.5432878,1.2074956,9,Ankle boot,PCA
-1.8115838,-0.42155102,5,Sandal,PCA
-0.78891456,2.4304104,4,Coat,PCA
-2.640995,0.050158508,7,Sneaker,PCA
1.608354,-0.81251204,0,T-shirt/top,PCA
-0.66980445,-0.056943793,5,Sandal,PCA
0.070229284,-0.45179227,3,Dress,PCA
1.3875395,0.43736994,8,Bag,PCA
-0.69112736,-2.0834553,3,Dress,PCA
-0.9884438,0.3228851,4,Coat,PCA
-0.21894698,-1.250377,1,Trouser,PCA
-0.48353678,0.7902288,4,Coat,PCA
1.5272963,-0.53009033,6,Shirt,PCA
-1.5577651,0.19951314,7,Sneaker,PCA
1.0107552,0.9379206,6,Shirt,PCA
-1.5656549,1.8256315,2,Pullover,PCA
1.0908208,-2.195021,3,Dress,PCA
0.09958382,-0.855533,5,Sandal,PCA
-1.1183984,0.9132,6,Shirt,PCA
0.27985877,-1.2230637,8,Bag,PCA
1.8821555,-1.1979607,5,Sandal,PCA
0.47207993,-0.11553186,2,Pullover,PCA
-0.012147104,-1.5649825,7,Sneaker,PCA
-0.7931425,-0.57715774,7,Sneaker,PCA
1.1114947,-0.44839084,0,T-shirt/top,PCA
1.3972567,-0.6401623,5,Sandal,PCA
1.2646058,-0.7088786,0,T-shirt/top,PCA
-0.30714142,-1.4051392,7,Sneaker,PCA
-0.48879224,-1.2332588,1,Trouser,PCA
-0.7167531,-0.9530958,7,Sneaker,PCA
-0.2591398,0.1744565,7,Sneaker,PCA
0.2869842,0.44138643,2,Pullover,PCA
0.08056776,-0.3141658,5,Sandal,PCA
-1.6747575,0.050753333,7,Sneaker,PCA
0.34727955,0.79785424,2,Pullover,PCA
-1.7635908,1.7763256,8,Bag,PCA
-0.31053132,-1.9510467,1,Trouser,PCA
-0.37245536,1.0448074,2,Pullover,PCA
-1.2921455,0.709941,7,Sneaker,PCA
-1.170073,-0.59807926,1,Trouser,PCA
0.23671867,1.3086835,9,Ankle boot,PCA
1.8409293,1.1575111,2,Pullover,PCA
-0.78569037,-0.36823282,7,Sneaker,PCA
-0.33681023,0.020750271,2,Pullover,PCA
-1.784385,-0.8869451,5,Sandal,PCA
0.07207554,0.32344607,4,Coat,PCA
-0.48529541,1.085141,2,Pullover,PCA
-1.1556324,1.097124,9,Ankle boot,PCA
-0.14554727,-0.47059906,6,Shirt,PCA
-1.1621646,1.218684,8,Bag,PCA
-0.3652264,-0.11407486,5,Sandal,PCA
-2.0185876,0.69719344,7,Sneaker,PCA
0.86152077,1.100549,4,Coat,PCA
0.40987575,-0.65325665,1,Trouser,PCA
-0.7908486,0.9915578,7,Sneaker,PCA
0.1608764,-2.154475,3,Dress,PCA
-1.9220876,0.48484477,7,Sneaker,PCA
-0.024710383,1.3327395,2,Pullover,PCA
-0.76009446,0.9558279,9,Ankle boot,PCA
-1.6962775,-0.17574948,7,Sneaker,PCA
0.34921587,0.74344283,5,Sandal,PCA
0.0906578,0.20809251,9,Ankle boot,PCA
0.19984852,-1.510365,3,Dress,PCA
0.35710514,0.6412689,2,Pullover,PCA
0.3669172,1.0396624,7,Sneaker,PCA
1.2962286,-0.83723015,8,Bag,PCA
1.6728276,-0.5968048,0,T-shirt/top,PCA
-1.4428492,-2.7610025,3,Dress,PCA
1.8911817,-0.33042583,0,T-shirt/top,PCA
-1.8085017,-0.7970249,5,Sandal,PCA
0.26321208,-0.48304242,5,Sandal,PCA
-0.14178964,-0.69873464,3,Dress,PCA
0.35351354,-1.4041468,3,Dress,PCA
-1.0674013,-1.3523226,1,Trouser,PCA
-0.52231103,0.748406,2,Pullover,PCA
0.43131727,0.4181302,6,Shirt,PCA
0.77065516,1.8193331,8,Bag,PCA
0.2941869,-0.33301735,7,Sneaker,PCA
1.3141261,0.3157175,9,Ankle boot,PCA
-0.24265562,2.0105274,9,Ankle boot,PCA
-0.4737621,1.3493439,2,Pullover,PCA
0.5691306,0.11742336,2,Pullover,PCA
-1.7493367,-0.5880231,4,Coat,PCA
0.4048127,0.09065548,8,Bag,PCA
-0.21110381,-0.066849485,5,Sandal,PCA
-1.6893307,-0.11641748,7,Sneaker,PCA
-0.23679785,-0.8556555,8,Bag,PCA
0.11837947,-0.60830545,3,Dress,PCA
-0.5023415,0.2624074,8,Bag,PCA
-1.3112773,-0.10682239,4,Coat,PCA
-1.2271799,-1.150082,1,Trouser,PCA
0.45997155,2.4829793,9,Ankle boot,PCA
-1.2010832,1.3135471,4,Coat,PCA
-0.45806074,1.8172773,8,Bag,PCA
0.072448626,-0.1578766,4,Coat,PCA
-2.158471,-0.8786569,1,Trouser,PCA
0.11986746,0.19706596,5,Sandal,PCA
2.7752028,-0.039871678,9,Ankle boot,PCA
0.81388205,-0.69578695,1,Trouser,PCA
0.9030502,-0.50297064,5,Sandal,PCA
-1.0160348,-2.2169814,3,Dress,PCA
-0.98431957,-0.6876224,7,Sneaker,PCA
0.33211708,-1.3853931,3,Dress,PCA
0.4139365,-0.9898343,6,Shirt,PCA
0.9260008,0.09766285,0,T-shirt/top,PCA
0.58159834,0.20742625,3,Dress,PCA
1.1767042,-1.2116838,0,T-shirt/top,PCA
-0.98583394,-2.397598,3,Dress,PCA
-2.4769883,1.3234122,2,Pullover,PCA
-0.6567819,-0.8029194,6,Shirt,PCA
0.8103495,-0.5063769,0,T-shirt/top,PCA
1.8627613,-1.2686539,0,T-shirt/top,PCA
0.46998566,0.48276818,3,Dress,PCA
0.6058717,1.6893135,8,Bag,PCA
-1.4186721,-0.05767812,7,Sneaker,PCA
0.7526188,-1.3400366,0,T-shirt/top,PCA
-1.3508135,-0.088884726,5,Sandal,PCA
0.4696204,-0.11056977,5,Sandal,PCA
0.9830217,-0.4393088,0,T-shirt/top,PCA
-0.7489601,-0.5341171,7,Sneaker,PCA
-2.4464264,0.9014731,5,Sandal,PCA
-0.34480786,-1.654566,1,Trouser,PCA
0.29818726,-1.1148841,3,Dress,PCA
0.13541108,-2.2663522,3,Dress,PCA
-0.32806504,0.43532804,6,Shirt,PCA
-0.4540493,0.8922876,4,Coat,PCA
1.6430607,1.7940615,2,Pullover,PCA
-1.4222157,-1.0670594,7,Sneaker,PCA
-0.17304134,1.2455555,6,Shirt,PCA
0.35195386,-1.0493678,0,T-shirt/top,PCA
0.033880785,0.0589424,3,Dress,PCA
1.2068805,1.0078214,6,Shirt,PCA
1.0420719,1.1142173,9,Ankle boot,PCA
-0.007126473,-0.23575899,3,Dress,PCA
-0.82709354,2.6138775,9,Ankle boot,PCA
-0.5946106,0.16096644,8,Bag,PCA
-1.659562,0.38312787,7,Sneaker,PCA
0.0061872974,-1.332531,1,Trouser,PCA
0.60487145,0.65247864,6,Shirt,PCA
1.4931284,-0.41576374,5,Sandal,PCA
-2.062644,0.5633929,5,Sandal,PCA
-0.82149017,0.09773227,2,Pullover,PCA
0.89219844,-1.8572737,3,Dress,PCA
1.2938203,-0.6245409,0,T-shirt/top,PCA
0.3770607,0.5364696,4,Coat,PCA
-0.045583896,0.66189367,4,Coat,PCA
1.9277954,-1.2719191,6,Shirt,PCA
-1.0235436,1.848627,4,Coat,PCA
-0.93769324,-0.80497795,1,Trouser,PCA
-0.17290384,-1.4170824,1,Trouser,PCA
-1.0826744,-0.07043983,7,Sneaker,PCA
-0.5297042,0.9589939,8,Bag,PCA
0.15795024,1.4540962,9,Ankle boot,PCA
-1.2782083,1.5697694,8,Bag,PCA
-0.091777146,-0.9618347,2,Pullover,PCA
-1.9921327,0.37520948,7,Sneaker,PCA
1.6162102,1.6351297,2,Pullover,PCA
0.15743895,0.45714483,9,Ankle boot,PCA
0.6257153,1.19935,8,Bag,PCA
-1.258523,1.1456908,8,Bag,PCA
2.2696874,-0.377866,0,T-shirt/top,PCA
1.8392935,0.96221423,8,Bag,PCA
-0.7996631,-0.84591556,7,Sneaker,PCA
-0.8149069,-0.62826276,1,Trouser,PCA
0.52457845,-0.13227965,6,Shirt,PCA
0.30828238,0.028262781,6,Shirt,PCA
2.4328358,-0.69359106,0,T-shirt/top,PCA
0.561848,0.28576517,1,Trouser,PCA
-1.5380477,1.279536,7,Sneaker,PCA
-0.6486346,-1.173443,1,Trouser,PCA
-0.34592313,-0.93182576,1,Trouser,PCA
-0.5581848,0.30223835,9,Ankle boot,PCA
2.9503727,0.5773687,9,Ankle boot,PCA
1.6399463,-0.66097707,5,Sandal,PCA
0.40309364,-0.7218381,6,Shirt,PCA
0.1880789,0.07768881,4,Coat,PCA
1.0004106,-2.4032557,8,Bag,PCA
-1.5227935,-1.3793006,1,Trouser,PCA
-0.0016178079,-0.21962935,0,T-shirt/top,PCA
0.5194819,0.029588087,8,Bag,PCA
1.2374369,0.5812864,1,Trouser,PCA
1.681453,1.7922716,2,Pullover,PCA
-1.4331229,-0.06054223,5,Sandal,PCA
-0.011312673,0.18844967,8,Bag,PCA
0.7238968,1.3064274,8,Bag,PCA
-0.057583503,0.74768174,7,Sneaker,PCA
-1.5924531,0.28254253,7,Sneaker,PCA
0.115311354,-0.6463368,0,T-shirt/top,PCA
1.0607485,1.251926,9,Ankle boot,PCA
-0.43566036,0.18913808,2,Pullover,PCA
2.199795,-0.40950456,0,T-shirt/top,PCA
0.6575656,0.26139012,8,Bag,PCA
-0.9201067,0.42811918,2,Pullover,PCA
1.1672035,-0.8662936,0,T-shirt/top,PCA
-1.754363,0.3073147,7,Sneaker,PCA
1.1916387,0.5910963,2,Pullover,PCA
3.3948393,0.6880037,9,Ankle boot,PCA
0.42331928,0.8191602,4,Coat,PCA
1.0660985,0.8812982,9,Ankle boot,PCA
-0.9554999,-0.51147956,1,Trouser,PCA
2.2623162,-0.7452876,0,T-shirt/top,PCA
-0.7368704,-0.274338,5,Sandal,PCA
-0.16644816,-1.2112268,1,Trouser,PCA
-0.79494786,1.3056535,4,Coat,PCA
-0.8544107,0.81371474,4,Coat,PCA
0.20237507,0.61291414,2,Pullover,PCA
0.31748462,-0.741517,1,Trouser,PCA
0.036853313,-1.3014597,1,Trouser,PCA
0.41619545,1.4252585,2,Pullover,PCA
-0.37228101,-1.7140924,3,Dress,PCA
2.225963,-0.9226301,5,Sandal,PCA
-0.4035259,0.79804635,7,Sneaker,PCA
-1.3457284,-1.8231697,5,Sandal,PCA
-0.2542141,0.30599582,4,Coat,PCA
-0.6682365,0.95975506,5,Sandal,PCA
0.042557396,0.51839894,8,Bag,PCA
0.38054043,0.8920133,9,Ankle boot,PCA
0.26252627,0.069074966,2,Pullover,PCA
-1.4216254,-0.5894177,1,Trouser,PCA
0.7991408,1.6022936,9,Ankle boot,PCA
-2.0200138,0.4860255,5,Sandal,PCA
-0.15284683,0.29294482,4,Coat,PCA
-0.44200528,1.143548,2,Pullover,PCA
-1.5326289,-0.8599018,5,Sandal,PCA
-0.44581038,2.2242975,8,Bag,PCA
-0.8241186,1.1520102,9,Ankle boot,PCA
1.4873258,0.49380574,2,Pullover,PCA
-0.064306416,-0.06631901,8,Bag,PCA
1.788456,1.3693806,8,Bag,PCA
0.411327,-1.2363671,6,Shirt,PCA
0.44129348,0.62464154,6,Shirt,PCA
-0.7370082,-0.9538212,1,Trouser,PCA
-0.022440555,-1.6795973,3,Dress,PCA
0.3143862,-0.11688944,3,Dress,PCA
-0.7572188,-0.06860314,7,Sneaker,PCA
1.3989211,1.2496266,2,Pullover,PCA
1.0284584,0.40168488,0,T-shirt/top,PCA
-0.49575526,0.06429296,5,Sandal,PCA
-0.26189196,0.67550206,2,Pullover,PCA
-1.4271653,-0.018731436,7,Sneaker,PCA
0.27632147,-0.21111031,8,Bag,PCA
-0.034164533,1.0329945,2,Pullover,PCA
0.13870794,0.5176688,3,Dress,PCA
-1.1045482,-0.3665111,7,Sneaker,PCA
-1.3642381,-0.5722759,7,Sneaker,PCA
-1.7437284,0.23525496,5,Sandal,PCA
-0.14675722,-1.4345062,1,Trouser,PCA
0.02003954,-0.39746144,5,Sandal,PCA
-1.2265437,1.4685915,9,Ankle boot,PCA
0.30493093,-0.476575,6,Shirt,PCA
-1.6630026,-1.3283725,5,Sandal,PCA
-0.25768167,-1.896285,3,Dress,PCA
-0.24769562,1.7034893,8,Bag,PCA
-0.66152614,-1.0107044,7,Sneaker,PCA
-0.9700414,-1.4590288,1,Trouser,PCA
1.3888447,2.8719552,2,Pullover,PCA
0.845831,-0.6607213,0,T-shirt/top,PCA
0.95419043,-0.71259815,0,T-shirt/top,PCA
0.16610825,-0.11911153,1,Trouser,PCA
0.25460595,-2.3332546,3,Dress,PCA
-1.7047685,0.34151298,4,Coat,PCA
0.85070187,0.99094397,9,Ankle boot,PCA
0.21330298,-0.079945706,1,Trouser,PCA
-0.9728481,-1.1171155,7,Sneaker,PCA
-1.211808,-0.070102684,7,Sneaker,PCA
-0.75190467,1.101129,4,Coat,PCA
-1.6092224,0.4797349,5,Sandal,PCA
-0.17536633,-0.29556492,8,Bag,PCA
0.8099515,1.6962124,2,Pullover,PCA
1.1663831,0.15273476,5,Sandal,PCA
0.6546505,1.1660131,2,Pullover,PCA
0.7168955,-1.1685995,3,Dress,PCA
1.9890726,-0.15489228,5,Sandal,PCA
0.6746305,1.3280064,2,Pullover,PCA
-0.03822349,-0.17859271,0,T-shirt/top,PCA
0.7240581,0.5260928,2,Pullover,PCA
-0.5186177,-2.5064166,1,Trouser,PCA
-2.6231196,0.5305038,7,Sneaker,PCA
-0.012782002,-0.46524438,0,T-shirt/top,PCA
1.8564417,-0.29662162,9,Ankle boot,PCA
-0.94130707,0.4865483,7,Sneaker,PCA
-1.1885452,1.4901843,6,Shirt,PCA
0.7860545,0.8324392,6,Shirt,PCA
1.8111469,0.7637778,9,Ankle boot,PCA
-0.3847785,0.56194055,2,Pullover,PCA
0.82523304,0.7174823,2,Pullover,PCA
-1.3903526,0.26872277,4,Coat,PCA
0.44262177,-1.5562162,3,Dress,PCA
0.23987381,-1.3476712,3,Dress,PCA
-0.89487517,-0.3509003,2,Pullover,PCA
-1.1887778,0.1810223,8,Bag,PCA
1.8737739,-0.7416295,0,T-shirt/top,PCA
0.19315672,0.23202462,4,Coat,PCA
1.3695356,0.7214333,2,Pullover,PCA
1.8984594,-0.5877942,0,T-shirt/top,PCA
1.1803888,0.5415691,7,Sneaker,PCA
0.5421609,-0.06094611,6,Shirt,PCA
-0.57657105,0.28834376,5,Sandal,PCA
-0.9660498,2.0633888,4,Coat,PCA
1.3996537,-0.502523,0,T-shirt/top,PCA
0.3636468,1.500525,4,Coat,PCA
0.7042444,0.6419288,2,Pullover,PCA
-1.5008626,0.45582533,4,Coat,PCA
1.5540727,-0.06835367,9,Ankle boot,PCA
0.6435112,1.5627716,9,Ankle boot,PCA
0.5238069,-0.011912212,1,Trouser,PCA
1.3058952,0.3797915,0,T-shirt/top,PCA
-0.5689418,0.29309022,5,Sandal,PCA
-1.671144,-0.40924552,1,Trouser,PCA
1.970576,-1.2029426,5,Sandal,PCA
-0.19400881,-1.0639596,1,Trouser,PCA
-0.8224462,0.74400413,2,Pullover,PCA
0.46455312,-0.67670137,8,Bag,PCA
-0.8627512,-2.140758,3,Dress,PCA
0.59325916,-0.37548253,6,Shirt,PCA
0.041104645,-0.74899286,1,Trouser,PCA
-0.8595168,0.46501702,3,Dress,PCA
-0.59863067,-2.6089864,3,Dress,PCA
-0.45210946,-1.3227428,1,Trouser,PCA
2.5579565,0.90161204,9,Ankle boot,PCA
-1.187578,-1.585086,7,Sneaker,PCA
-0.022904884,0.71559846,4,Coat,PCA
0.39767694,0.4191412,4,Coat,PCA
-0.6450476,-1.7692844,1,Trouser,PCA
0.3812914,-0.6287297,6,Shirt,PCA
0.588963,0.06679059,2,Pullover,PCA
0.27486157,-1.9268401,1,Trouser,PCA
0.42142433,0.00668224,2,Pullover,PCA
-0.1775018,-1.0625865,1,Trouser,PCA
-0.47972745,-1.1455965,3,Dress,PCA
-0.48211455,-0.9077629,8,Bag,PCA
0.28383386,1.215662,9,Ankle boot,PCA
-0.51146954,-1.2125345,1,Trouser,PCA
0.2977323,-0.06948827,6,Shirt,PCA
-1.3504006,-0.36896864,3,Dress,PCA
0.20886654,0.71736205,6,Shirt,PCA
-0.83555996,-2.7211714,1,Trouser,PCA
-0.28141856,0.55282223,4,Coat,PCA
1.4693388,-1.2506607,0,T-shirt/top,PCA
1.5218449,-0.7495061,0,T-shirt/top,PCA
-0.5684602,0.5620025,7,Sneaker,PCA
0.27985018,0.14962693,6,Shirt,PCA
1.297419,-0.8160565,0,T-shirt/top,PCA
-0.49973953,1.1139088,6,Shirt,PCA
-0.09983452,-1.1980393,1,Trouser,PCA
0.58362776,1.0047929,9,Ankle boot,PCA
-0.54478174,-1.610451,3,Dress,PCA
0.6388541,-0.46961844,0,T-shirt/top,PCA
-1.6002367,1.36285,2,Pullover,PCA
-0.27301747,0.08428173,8,Bag,PCA
0.3936714,0.71381414,6,Shirt,PCA
0.7649809,-1.0953484,5,Sandal,PCA
-0.8596856,0.916557,4,Coat,PCA
0.4549296,0.81498975,2,Pullover,PCA
-0.16959107,1.8806002,4,Coat,PCA
0.027844436,0.9968931,1,Trouser,PCA
-1.4338259,-1.0105959,7,Sneaker,PCA
0.22762103,0.40244067,2,Pullover,PCA
-1.357328,0.3039681,8,Bag,PCA
1.5245681,-1.200485,0,T-shirt/top,PCA
0.52416027,1.415928,9,Ankle boot,PCA
-2.9069107,-0.69972223,5,Sandal,PCA
-0.75797427,0.2796016,4,Coat,PCA
-0.8601254,-1.4355302,1,Trouser,PCA
-1.9916533,-0.57475555,5,Sandal,PCA
-1.5578843,2.6622388,4,Coat,PCA
0.17487437,-2.023196,3,Dress,PCA
0.5589438,1.9497983,2,Pullover,PCA
-0.08030754,0.5445308,4,Coat,PCA
0.50366443,0.026801975,2,Pullover,PCA
-0.010704214,-0.6440394,8,Bag,PCA
0.6413988,-0.41006872,6,Shirt,PCA
1.1519098,0.07709463,1,Trouser,PCA
0.6388296,0.6375888,8,Bag,PCA
-1.8379048,-1.3462447,5,Sandal,PCA
0.87864614,1.8609679,6,Shirt,PCA
0.10963987,-1.0707572,5,Sandal,PCA
-0.6674499,1.2753795,4,Coat,PCA
-1.2830735,-1.814586,3,Dress,PCA
0.2693106,0.45157948,6,Shirt,PCA
0.26271105,1.0201635,9,Ankle boot,PCA
-0.71074134,0.33373886,4,Coat,PCA
-1.2499309,-1.4665875,1,Trouser,PCA
-0.9297877,0.4087246,5,Sandal,PCA
-2.2578561,0.29819453,7,Sneaker,PCA
-0.19656006,0.9018387,7,Sneaker,PCA
2.0904567,2.245308,2,Pullover,PCA
0.5623668,-1.3439524,3,Dress,PCA
0.32198453,0.061118513,4,Coat,PCA
-1.5780056,-0.44742367,5,Sandal,PCA
-0.6842167,-0.13177152,3,Dress,PCA
-1.043628,0.43827736,7,Sneaker,PCA
0.60482496,0.07304653,7,Sneaker,PCA
1.864476,0.75482076,9,Ankle boot,PCA
-0.5484383,1.4038188,7,Sneaker,PCA
0.50864756,-0.47472143,5,Sandal,PCA
-0.78159505,-0.5204298,7,Sneaker,PCA
-0.19007564,0.17538887,8,Bag,PCA
0.21044756,0.3582988,2,Pullover,PCA
0.041467868,0.64167905,2,Pullover,PCA
-0.49118865,-0.6504862,8,Bag,PCA
-2.159505,-0.30320433,3,Dress,PCA
0.6818071,1.0546831,2,Pullover,PCA
0.5320163,-0.15568136,3,Dress,PCA
-2.1794076,-0.87604886,1,Trouser,PCA
1.2247313,-0.55406344,6,Shirt,PCA
-1.3336573,-0.059490915,3,Dress,PCA
0.54174155,2.4945774,4,Coat,PCA
2.6065533,0.6146236,9,Ankle boot,PCA
-0.1991072,-1.029904,0,T-shirt/top,PCA
-0.9922162,-1.4361917,1,Trouser,PCA
-0.46534556,1.2634006,9,Ankle boot,PCA
-0.28115642,-1.5588481,3,Dress,PCA
-0.69199145,1.2694625,8,Bag,PCA
1.1342634,-0.8261138,0,T-shirt/top,PCA
0.7048544,-1.139758,3,Dress,PCA
-0.6916159,0.54530793,4,Coat,PCA
-1.1236984,0.03649392,4,Coat,PCA
0.14936012,0.89350027,8,Bag,PCA
-0.4811226,0.24357489,5,Sandal,PCA
0.9591921,-0.30662742,8,Bag,PCA
1.4168539,-1.0205133,3,Dress,PCA
-0.34111524,-1.8570673,5,Sandal,PCA
-1.6071088,1.2796739,4,Coat,PCA
-0.64577717,1.7713256,4,Coat,PCA
-0.78960115,-0.76511955,1,Trouser,PCA
0.22349061,0.58907974,7,Sneaker,PCA
-0.6644133,-1.2056357,7,Sneaker,PCA
1.2678317,1.0251819,2,Pullover,PCA
-0.31983835,0.4532396,6,Shirt,PCA
1.8892741,-0.74912506,0,T-shirt/top,PCA
1.7720053,-0.8722054,6,Shirt,PCA
0.56348866,-1.516579,6,Shirt,PCA
-1.3068633,-1.752315,1,Trouser,PCA
-0.77174354,1.1391639,9,Ankle boot,PCA
-0.16842598,0.24918275,6,Shirt,PCA
1.4715438,0.9234137,6,Shirt,PCA
-0.63108927,-0.5854831,7,Sneaker,PCA
1.0073204,0.6800792,2,Pullover,PCA
1.0321468,0.33134833,2,Pullover,PCA
-1.9288186,-0.38524336,4,Coat,PCA
0.32530677,0.17107323,6,Shirt,PCA
0.2935136,-0.1657593,6,Shirt,PCA
-0.047526762,-1.4651432,0,T-shirt/top,PCA
-0.23193432,-1.3527923,1,Trouser,PCA
-1.9295039,-1.6312608,5,Sandal,PCA
0.72269195,2.0041652,8,Bag,PCA
-0.6918319,-0.5927234,5,Sandal,PCA
-0.5390704,-0.4277744,3,Dress,PCA
-1.2229561,-1.060938,5,Sandal,PCA
-1.5398109,-0.5558145,7,Sneaker,PCA
-0.9942384,-0.83429027,1,Trouser,PCA
0.4903314,1.6417586,9,Ankle boot,PCA
0.34165,1.0675228,8,Bag,PCA
0.37669128,-0.71367955,1,Trouser,PCA
1.2785586,0.3203826,6,Shirt,PCA
-1.3898888,-2.0034728,1,Trouser,PCA
0.3138222,1.0788095,6,Shirt,PCA
1.5711854,0.15500057,6,Shirt,PCA
-0.4597311,1.0228785,9,Ankle boot,PCA
-0.31954235,1.4065031,2,Pullover,PCA
0.14576598,-2.0328953,3,Dress,PCA
2.9023411,0.0193442,9,Ankle boot,PCA
-0.48216742,-1.460703,7,Sneaker,PCA
-0.22946727,0.11107267,1,Trouser,PCA
-1.0308923,-1.0076097,1,Trouser,PCA
0.72180426,0.7476597,4,Coat,PCA
-0.29166687,-0.52827203,8,Bag,PCA
-1.2531195,-0.112380445,5,Sandal,PCA
1.5190948,0.5710044,9,Ankle boot,PCA
1.4190183,-0.8475596,0,T-shirt/top,PCA
-1.0135783,0.5375574,8,Bag,PCA
2.210012,-0.9064419,0,T-shirt/top,PCA
0.23429365,1.5487434,9,Ankle boot,PCA
-0.4510315,-0.021013102,5,Sandal,PCA
-1.3412155,0.9702138,4,Coat,PCA
-1.1074148,1.8555242,9,Ankle boot,PCA
-2.214454,0.13297708,7,Sneaker,PCA
-0.98651606,0.23990446,9,Ankle boot,PCA
0.6202349,-0.8406436,1,Trouser,PCA
-2.0567684,-0.40995756,7,Sneaker,PCA
0.6709115,1.4434826,2,Pullover,PCA
-1.2603021,-1.0847517,3,Dress,PCA
3.0631113,-0.96520495,5,Sandal,PCA
1.0325803,-0.32125568,8,Bag,PCA
-1.8957201,0.8513384,5,Sandal,PCA
-1.7266917,-0.17214538,3,Dress,PCA
0.2671374,-0.5207362,6,Shirt,PCA
0.61250097,-0.31834048,6,Shirt,PCA
-0.31207013,0.62662697,7,Sneaker,PCA
0.18938592,-0.15080005,5,Sandal,PCA
0.5504569,0.15518738,3,Dress,PCA
-0.5140306,1.9652885,4,Coat,PCA
-0.5056218,-0.16910328,3,Dress,PCA
-1.4132274,-0.24803394,7,Sneaker,PCA
-1.142194,0.47383466,4,Coat,PCA
-0.003949549,0.44255075,4,Coat,PCA
-0.571183,-2.2386863,1,Trouser,PCA
1.1268224,1.323156,8,Bag,PCA
-0.8964298,-0.20026073,4,Coat,PCA
-0.7253294,-0.055477902,0,T-shirt/top,PCA
1.3741974,0.8785977,9,Ankle boot,PCA
-0.8895566,-0.81509185,7,Sneaker,PCA
-1.0859319,0.6082128,7,Sneaker,PCA
0.9374051,0.101127625,2,Pullover,PCA
-0.4123311,-1.9971584,1,Trouser,PCA
0.77712744,-1.8149621,3,Dress,PCA
2.870669,-0.5049008,0,T-shirt/top,PCA
-0.2037695,1.0043356,4,Coat,PCA
0.31369066,-0.9947758,6,Shirt,PCA
-0.14450294,-1.0552615,8,Bag,PCA
-1.4253333,-0.6111086,7,Sneaker,PCA
0.42898452,-0.8263766,0,T-shirt/top,PCA
-0.7149211,0.3692836,9,Ankle boot,PCA
0.88995624,-1.0085196,6,Shirt,PCA
-0.825285,-0.010194047,5,Sandal,PCA
0.40265024,2.0396416,9,Ankle boot,PCA
-1.8347431,1.5943278,4,Coat,PCA
-0.3841561,-0.118028365,3,Dress,PCA
-0.46623516,2.0701587,4,Coat,PCA
-0.23847511,0.49993026,8,Bag,PCA
-0.35512084,-0.7198031,1,Trouser,PCA
-1.5411468,-1.1492615,7,Sneaker,PCA
-1.0340968,1.7443541,8,Bag,PCA
0.05815816,0.8637177,6,Shirt,PCA
-0.44833565,1.2470187,4,Coat,PCA
-0.6734725,-1.3515531,3,Dress,PCA
-1.1252717,1.7384439,4,Coat,PCA
1.6377008,0.48774114,3,Dress,PCA
-0.33366966,-0.50448555,7,Sneaker,PCA
0.018798567,0.07214322,8,Bag,PCA
1.8030928,-2.0397432,3,Dress,PCA
0.21626572,0.053814273,2,Pullover,PCA
0.13358869,0.9936381,9,Ankle boot,PCA
-0.049608212,-2.357615,3,Dress,PCA
0.05057493,-2.0339658,3,Dress,PCA
-0.96951425,0.7464371,7,Sneaker,PCA
0.044907086,-1.5558891,3,Dress,PCA
2.528794,0.46808434,9,Ankle boot,PCA
1.413701,2.0200567,2,Pullover,PCA
-1.323502,-2.1748831,1,Trouser,PCA
0.17305216,1.2943376,2,Pullover,PCA
0.9044831,0.50826377,9,Ankle boot,PCA
1.249998,1.0861644,6,Shirt,PCA
-0.16933396,-1.2845426,1,Trouser,PCA
-0.5402735,0.5993418,4,Coat,PCA
2.3333368,-0.6187656,0,T-shirt/top,PCA
-0.65111285,0.62976253,4,Coat,PCA
-0.12929976,-1.2962638,3,Dress,PCA
0.6143959,1.881999,2,Pullover,PCA
-0.05048342,-0.18017232,3,Dress,PCA
-0.10772789,-0.64372057,1,Trouser,PCA
-0.25052723,1.3422974,4,Coat,PCA
-0.189563,-1.478824,3,Dress,PCA
-0.8535243,-1.5833188,5,Sandal,PCA
-0.7489042,0.6868082,9,Ankle boot,PCA
0.35617328,0.50978893,2,Pullover,PCA
0.020255271,-0.1975631,7,Sneaker,PCA
-2.4438467,-0.33426183,7,Sneaker,PCA
0.87549126,-0.921144,0,T-shirt/top,PCA
0.18275835,0.637585,2,Pullover,PCA
0.7147503,0.99059176,9,Ankle boot,PCA
0.22897707,0.76539016,2,Pullover,PCA
-1.2950121,-0.3078444,4,Coat,PCA
-0.24169102,0.8963341,4,Coat,PCA
-0.43394375,0.46663743,9,Ankle boot,PCA
-0.11218015,-1.3835055,1,Trouser,PCA
1.0297145,-1.1726182,0,T-shirt/top,PCA
0.17045583,0.18896241,7,Sneaker,PCA
-0.53284246,-0.09852914,5,Sandal,PCA
0.29273957,-0.9225487,1,Trouser,PCA
0.59134316,-0.24537385,5,Sandal,PCA
-0.6664063,-0.48143345,7,Sneaker,PCA
0.9557327,1.4009755,4,Coat,PCA
0.6175611,-0.07487745,6,Shirt,PCA
0.15344973,0.6405374,8,Bag,PCA
0.12824327,-1.6162926,3,Dress,PCA
0.9004968,0.5124702,5,Sandal,PCA
-0.40516645,-1.5094055,1,Trouser,PCA
1.7630694,-1.1632057,0,T-shirt/top,PCA
0.32242376,0.38675115,9,Ankle boot,PCA
-0.95031065,0.04404585,5,Sandal,PCA
1.8155348,1.1077372,2,Pullover,PCA
-1.0540495,-1.9497437,1,Trouser,PCA
0.4141692,0.6361436,5,Sandal,PCA
-0.07718166,1.8181525,4,Coat,PCA
-0.42731738,0.7774612,9,Ankle boot,PCA
-1.4660621,0.48344338,5,Sandal,PCA
-0.94924927,1.6471169,8,Bag,PCA
0.45764095,1.2559676,4,Coat,PCA
-0.96643156,1.0731379,5,Sandal,PCA
-0.093079016,-0.46522814,8,Bag,PCA
-0.67533535,-0.47571394,7,Sneaker,PCA
-0.93506163,2.0232575,2,Pullover,PCA
-0.18738551,-0.005753888,1,Trouser,PCA
-0.82357126,1.1417829,7,Sneaker,PCA
-0.36710584,-1.3107789,0,T-shirt/top,PCA
-0.66195416,-1.157866,3,Dress,PCA
-0.59337366,-0.08934792,6,Shirt,PCA
1.6553308,1.3098276,9,Ankle boot,PCA
0.82765,-0.6823932,0,T-shirt/top,PCA
0.9821356,0.54276425,2,Pullover,PCA
-0.2100628,-0.9321221,6,Shirt,PCA
-0.1683029,1.0129348,5,Sandal,PCA
-1.2369862,-1.5540905,1,Trouser,PCA
-0.4592495,-1.6580782,1,Trouser,PCA
-0.8504071,2.0396578,2,Pullover,PCA
-0.67671365,0.09668851,6,Shirt,PCA
0.4928441,1.4006646,8,Bag,PCA
1.8654859,-0.14165278,0,T-shirt/top,PCA
-1.1038616,-0.7091746,7,Sneaker,PCA
-0.5855842,-1.3070595,1,Trouser,PCA
-1.8351811,1.4222101,7,Sneaker,PCA
-0.57705975,-0.11114673,3,Dress,PCA
-1.1027852,-0.8864808,1,Trouser,PCA
0.6682,-1.2908072,1,Trouser,PCA
0.11485265,-0.60199326,4,Coat,PCA
-1.5802938,1.3067306,8,Bag,PCA
2.2896864,1.4518995,9,Ankle boot,PCA
-0.22119369,0.6158289,4,Coat,PCA
1.6584798,0.0010341968,9,Ankle boot,PCA
1.0866895,0.1093975,3,Dress,PCA
0.0022776648,0.19009754,4,Coat,PCA
-2.083533,-0.7170988,1,Trouser,PCA
1.1834269,-0.30865255,0,T-shirt/top,PCA
-0.38065684,-0.95363885,1,Trouser,PCA
-2.7247548,0.0029242414,5,Sandal,PCA
-0.19255055,0.39817485,6,Shirt,PCA
-0.59639966,1.2871065,7,Sneaker,PCA
0.048126616,-0.2887386,3,Dress,PCA
0.9970214,1.0330602,9,Ankle boot,PCA
-2.0601518,-0.1787427,7,Sneaker,PCA
0.47646898,-0.55987155,8,Bag,PCA
-1.6486274,-1.9109626,1,Trouser,PCA
2.417171,0.26810068,9,Ankle boot,PCA
0.54993427,-0.5105978,9,Ankle boot,PCA
-2.0705512,-0.33199102,4,Coat,PCA
0.62411267,-0.41855228,0,T-shirt/top,PCA
0.34678358,1.3312601,4,Coat,PCA
0.20463355,-0.021073144,0,T-shirt/top,PCA
0.47984535,0.3378722,2,Pullover,PCA
-1.1294475,-1.9418674,3,Dress,PCA
-0.046814837,0.3276185,6,Shirt,PCA
1.379382,-0.34751555,5,Sandal,PCA
1.7863995,0.69102705,8,Bag,PCA
-0.29893225,0.03554519,5,Sandal,PCA
0.65026957,1.3089017,9,Ankle boot,PCA
1.6312402,-0.18417491,5,Sandal,PCA
1.0293049,0.20450075,2,Pullover,PCA
-1.401093,-0.5369912,5,Sandal,PCA
0.11454287,-0.21638066,8,Bag,PCA
0.81899524,-0.4169577,8,Bag,PCA
0.2182007,0.65391165,2,Pullover,PCA
0.5363416,0.5186307,2,Pullover,PCA
-0.094067305,0.0021541382,8,Bag,PCA
-1.807139,-0.057124227,7,Sneaker,PCA
-1.979219,0.9557099,8,Bag,PCA
0.0838149,0.5354287,9,Ankle boot,PCA
-1.3318782,1.0476105,2,Pullover,PCA
2.6553226,-0.6794451,0,T-shirt/top,PCA
-2.7844586,1.8662031,8,Bag,PCA
-1.274624,-0.60934424,7,Sneaker,PCA
1.1126236,0.39027607,6,Shirt,PCA
-1.1277642,-1.1542441,1,Trouser,PCA
1.4082365,-0.34584638,0,T-shirt/top,PCA
-0.06441674,-0.91801673,8,Bag,PCA
0.122538,-1.4871503,3,Dress,PCA
-1.9560547,-0.73095596,5,Sandal,PCA
0.7041997,1.0787216,4,Coat,PCA
-2.2672696,-0.6254703,1,Trouser,PCA
1.5668252,0.73862946,0,T-shirt/top,PCA
0.49385804,-1.4984874,3,Dress,PCA
1.3777803,1.368421,9,Ankle boot,PCA
-0.264661,1.0748333,6,Shirt,PCA
0.14030372,1.3168423,9,Ankle boot,PCA
-1.1818037,1.5416102,8,Bag,PCA
-0.86020356,2.2843773,4,Coat,PCA
-0.053768743,-0.19414134,3,Dress,PCA
-1.6556995,-0.8849292,1,Trouser,PCA
2.807205,0.14943758,9,Ankle boot,PCA
0.16967143,1.3285279,8,Bag,PCA
0.42553085,0.21102539,0,T-shirt/top,PCA
-0.034785625,-0.7463814,8,Bag,PCA
-1.8530384,-0.46418384,7,Sneaker,PCA
-1.1671681,0.43907958,0,T-shirt/top,PCA
1.3213586,-2.3981328,3,Dress,PCA
-0.69303894,-1.726761,3,Dress,PCA
-0.45850003,1.4022748,4,Coat,PCA
3.2802448,0.33451855,8,Bag,PCA
0.5275066,0.16493133,6,Shirt,PCA
-1.4379498,-2.5869749,1,Trouser,PCA
-0.92654383,-1.9019768,3,Dress,PCA
-1.3059405,-0.36073908,1,Trouser,PCA
-2.018201,-0.09616778,7,Sneaker,PCA
-0.753024,-1.1704749,1,Trouser,PCA
-1.8725349,0.3079883,5,Sandal,PCA
0.25707197,0.47229373,6,Shirt,PCA
0.94523996,-0.8803338,0,T-shirt/top,PCA
0.16826022,-1.2910098,3,Dress,PCA
1.1855441,-0.87015927,8,Bag,PCA
-0.27978384,-1.2545555,8,Bag,PCA
0.9471601,2.5176933,2,Pullover,PCA
-0.36845392,-1.3488477,1,Trouser,PCA
-0.51383865,1.404832,9,Ankle boot,PCA
1.37749,0.48214164,8,Bag,PCA
-1.4235852,1.0718665,4,Coat,PCA
-0.15724918,0.62280416,2,Pullover,PCA
0.5259814,-0.156596,3,Dress,PCA
-1.4604595,-1.1992587,5,Sandal,PCA
0.48015553,-0.32068157,8,Bag,PCA
1.0210142,-0.43692788,0,T-shirt/top,PCA
0.6459244,-0.37670743,6,Shirt,PCA
1.725211,0.09497935,2,Pullover,PCA
-1.4132131,-0.8292134,1,Trouser,PCA
-1.4134389,0.64138144,5,Sandal,PCA
1.3217369,0.7038614,9,Ankle boot,PCA
1.851656,-0.6743072,0,T-shirt/top,PCA
-0.034814756,0.7163792,7,Sneaker,PCA
0.8694761,-0.05309926,2,Pullover,PCA
0.30287278,0.07245083,6,Shirt,PCA
1.9752162,-0.6298559,0,T-shirt/top,PCA
1.5004542,-0.47840127,0,T-shirt/top,PCA
-0.48214465,-1.0199314,8,Bag,PCA
0.7079374,1.0968604,9,Ankle boot,PCA
-0.50445604,0.6736168,9,Ankle boot,PCA
-0.076740205,0.98232335,4,Coat,PCA
-0.11595139,-0.1830161,6,Shirt,PCA
-0.76924974,-0.9092845,7,Sneaker,PCA
0.2956795,0.79861605,3,Dress,PCA
-0.55756676,-1.2371789,1,Trouser,PCA
0.105249226,0.25337878,6,Shirt,PCA
0.46886915,-0.480446,5,Sandal,PCA
0.5750445,-0.70479125,0,T-shirt/top,PCA
-0.9176409,2.874771,4,Coat,PCA
-0.40155697,1.0912338,6,Shirt,PCA
0.5851054,0.29067045,6,Shirt,PCA
-1.4508878,-0.42787746,5,Sandal,PCA
-0.0065605566,0.7740413,5,Sandal,PCA
-0.021973364,-1.5034671,8,Bag,PCA
-0.7794387,0.2944248,2,Pullover,PCA
-0.4642663,0.16329412,4,Coat,PCA
0.6828004,0.35645428,2,Pullover,PCA
-0.1705049,-0.15491477,8,Bag,PCA
1.538434,-0.71839696,6,Shirt,PCA
0.77821314,-0.16528137,0,T-shirt/top,PCA
1.8375969,1.3654729,8,Bag,PCA
2.0613673,-0.6535817,0,T-shirt/top,PCA
-0.9356835,0.2778842,4,Coat,PCA
0.19410756,0.4270014,8,Bag,PCA
-1.6652404,0.932512,5,Sandal,PCA
2.057588,0.6672155,9,Ankle boot,PCA
0.8694724,1.7700704,6,Shirt,PCA
-0.5029905,-1.9042785,1,Trouser,PCA
0.0815834,0.10047023,6,Shirt,PCA
-2.3430278,0.64231247,5,Sandal,PCA
-0.3702109,-1.6239338,1,Trouser,PCA
-0.033838302,-1.1122007,1,Trouser,PCA
-0.46753377,-0.8891631,8,Bag,PCA
-0.69944626,0.56663966,8,Bag,PCA
-0.56914353,0.9638482,8,Bag,PCA
-1.0282342,-0.057005983,7,Sneaker,PCA
0.6251877,-1.1805918,3,Dress,PCA
0.063462764,-0.6942609,1,Trouser,PCA
-1.7435482,-0.30614126,7,Sneaker,PCA
1.9895084,-0.3671521,9,Ankle boot,PCA
0.7031835,-0.32378405,5,Sandal,PCA
1.0971888,1.2163979,9,Ankle boot,PCA
0.3508677,1.0220512,9,Ankle boot,PCA
1.3223795,-0.667726,0,T-shirt/top,PCA
1.6096137,0.24229307,9,Ankle boot,PCA
-1.0111595,0.93510336,9,Ankle boot,PCA
-1.4068133,-1.7148786,5,Sandal,PCA
0.018610299,1.7787583,9,Ankle boot,PCA
0.9036411,-1.5669376,3,Dress,PCA
-1.2843117,-1.5257256,1,Trouser,PCA
0.7149039,-1.1793803,3,Dress,PCA
0.19885506,-0.109946534,8,Bag,PCA
-0.7732971,-0.19590808,7,Sneaker,PCA
-0.26197302,-1.5549399,3,Dress,PCA
-0.7745384,-2.007358,5,Sandal,PCA
-1.7698418,-1.8614218,5,Sandal,PCA
-0.8056761,-1.3322021,6,Shirt,PCA
1.5239645,0.30051157,9,Ankle boot,PCA
2.3099957,-0.61422014,0,T-shirt/top,PCA
1.537032,0.72768843,2,Pullover,PCA
-0.3008737,0.7521386,7,Sneaker,PCA
-1.1108584,-0.6077493,6,Shirt,PCA
-0.24968773,-1.5610777,3,Dress,PCA
-0.31771594,0.48020387,4,Coat,PCA
1.3835216,-1.0067188,0,T-shirt/top,PCA
0.8303102,-0.40863353,0,T-shirt/top,PCA
2.4037414,1.4257123,8,Bag,PCA
-0.21815145,0.97481954,9,Ankle boot,PCA
-0.76495594,-1.2633204,1,Trouser,PCA
-0.07710822,-0.43715435,3,Dress,PCA
0.7243406,0.27445593,7,Sneaker,PCA
1.8413494,-0.084677376,9,Ankle boot,PCA
-0.49131346,0.7780372,9,Ankle boot,PCA
-0.4746325,-1.0379065,8,Bag,PCA
0.21362443,-2.4079254,8,Bag,PCA
0.39673054,-0.34066975,4,Coat,PCA
-0.9946609,-0.23514926,7,Sneaker,PCA
0.47098058,-0.25303832,5,Sandal,PCA
-1.0943711,-1.0924859,1,Trouser,PCA
-0.95376587,1.3035027,9,Ankle boot,PCA
-2.3852892,-0.5912342,7,Sneaker,PCA
-1.8215421,-0.14816184,7,Sneaker,PCA
-2.876405,-1.4078876,5,Sandal,PCA
-0.125334,1.1247835,4,Coat,PCA
-0.075646184,1.6149142,9,Ankle boot,PCA
0.08810386,-1.8734665,3,Dress,PCA
1.749363,-1.0966082,0,T-shirt/top,PCA
-1.8529332,1.327797,2,Pullover,PCA
-1.515693,-0.5689114,7,Sneaker,PCA
1.4187005,-0.41274208,0,T-shirt/top,PCA
1.474823,0.52865446,4,Coat,PCA
-0.9062386,-0.3966862,4,Coat,PCA
0.12740405,1.778998,8,Bag,PCA
0.04174184,-2.143632,3,Dress,PCA
-0.9838677,-1.9016318,3,Dress,PCA
0.218428,1.6759586,9,Ankle boot,PCA
0.8354165,0.871881,2,Pullover,PCA
0.57988787,-0.368509,6,Shirt,PCA
0.3681072,-0.87958306,1,Trouser,PCA
-0.62928104,-0.9436069,7,Sneaker,PCA
-1.484198,0.32099646,5,Sandal,PCA
0.11159818,1.7183985,9,Ankle boot,PCA
-1.4159768,-0.11024479,7,Sneaker,PCA
0.7097853,1.2709858,4,Coat,PCA
-0.23519835,1.4831966,4,Coat,PCA
-0.49579608,-0.5803258,5,Sandal,PCA
-0.9045422,1.9947438,4,Coat,PCA
-0.28765285,0.8654055,7,Sneaker,PCA
-1.2296778,1.1482738,9,Ankle boot,PCA
0.37649512,1.374577,9,Ankle boot,PCA
0.4682402,-0.2587706,5,Sandal,PCA
0.5618852,0.870297,9,Ankle boot,PCA
-1.4153707,1.1232288,9,Ankle boot,PCA
2.0571074,-1.3390124,0,T-shirt/top,PCA
-0.45728755,-1.3861268,1,Trouser,PCA
0.45849097,-0.45188403,1,Trouser,PCA
-0.089125216,-2.1460426,1,Trouser,PCA
-1.5772144,0.59055847,5,Sandal,PCA
0.3459652,-0.6285246,6,Shirt,PCA
0.23929842,-1.6847253,1,Trouser,PCA
-0.47901142,-2.2703476,1,Trouser,PCA
-2.3627121,1.498975,8,Bag,PCA
1.0229925,-0.41002855,6,Shirt,PCA
-0.95236886,-2.4456136,1,Trouser,PCA
-1.8998919,-0.07646786,7,Sneaker,PCA
0.44883025,2.2026012,2,Pullover,PCA
-1.1088673,-0.9398343,1,Trouser,PCA
0.45384163,-2.1299787,8,Bag,PCA
0.5776763,0.97689646,6,Shirt,PCA
-1.1129237,1.0282452,4,Coat,PCA
-0.5651944,-1.3469609,1,Trouser,PCA
-1.0012298,1.367248,9,Ankle boot,PCA
-0.1531527,1.2750602,2,Pullover,PCA
-0.2637807,-1.0980502,7,Sneaker,PCA
-0.74970996,-1.3876742,1,Trouser,PCA
2.5850472,-0.7121965,5,Sandal,PCA
-0.4523509,0.11199304,6,Shirt,PCA
-1.3148118,-0.11431195,7,Sneaker,PCA
-0.37340724,1.4668766,4,Coat,PCA
-0.33867496,-0.465872,3,Dress,PCA
-0.8284204,0.46973315,2,Pullover,PCA
0.37660646,-0.76594555,5,Sandal,PCA
1.0931299,-0.80903524,0,T-shirt/top,PCA
-0.7541279,0.86550534,8,Bag,PCA
2.9133632,-1.0829347,0,T-shirt/top,PCA
0.46941578,-0.14889,0,T-shirt/top,PCA
-1.3433089,-1.0652149,1,Trouser,PCA
-0.77134657,-1.2240688,1,Trouser,PCA
1.4233055,-0.5001538,0,T-shirt/top,PCA
-0.22235642,-0.7703107,8,Bag,PCA
-0.5147019,1.1223168,9,Ankle boot,PCA
0.094686344,1.987315,9,Ankle boot,PCA
-0.41683805,1.3593042,8,Bag,PCA
0.08639985,-0.6855268,1,Trouser,PCA
0.4553852,0.013444154,6,Shirt,PCA
-0.3485803,1.3880483,9,Ankle boot,PCA
-1.6061132,0.46623674,7,Sneaker,PCA
-0.21556553,2.1463103,6,Shirt,PCA
-0.37135231,0.492443,6,Shirt,PCA
0.62613654,0.7815826,9,Ankle boot,PCA
-0.2077285,0.75465405,7,Sneaker,PCA
-0.6130237,-2.338244,5,Sandal,PCA
1.5372034,-1.6212201,3,Dress,PCA
1.7687893,1.6504552,9,Ankle boot,PCA
-0.35421616,0.36411995,6,Shirt,PCA
0.18881062,-1.2761323,1,Trouser,PCA
0.2592122,-1.6794428,3,Dress,PCA
2.5363247,1.3332607,2,Pullover,PCA
0.3666396,-0.071472265,2,Pullover,PCA
0.81066924,-0.6748355,6,Shirt,PCA
-1.5534171,0.08296754,7,Sneaker,PCA
1.6468451,1.5160737,9,Ankle boot,PCA
-0.37040794,0.8505257,9,Ankle boot,PCA
0.25688922,-1.7077587,3,Dress,PCA
0.19077684,0.37381563,6,Shirt,PCA
0.45646662,0.52430034,2,Pullover,PCA
0.71824646,1.7038214,4,Coat,PCA
0.49707842,0.9984847,2,Pullover,PCA
0.013553485,1.211544,8,Bag,PCA
0.18390599,-0.99468166,0,T-shirt/top,PCA
-1.0252746,0.9170073,9,Ankle boot,PCA
-0.14327216,0.49163878,9,Ankle boot,PCA
-0.18362887,-0.38963994,6,Shirt,PCA
1.1629683,1.1474147,4,Coat,PCA
0.29976487,-1.6541734,1,Trouser,PCA
-0.017491613,1.0366527,4,Coat,PCA
1.2626927,-1.1813033,0,T-shirt/top,PCA
0.013582047,1.1861653,8,Bag,PCA
-0.63070804,0.816584,4,Coat,PCA
-0.36242795,0.12082086,6,Shirt,PCA
-1.1735722,0.27644312,7,Sneaker,PCA
1.4372362,-0.29616824,9,Ankle boot,PCA
0.3862651,-0.12027739,8,Bag,PCA
-0.39789748,-0.11303124,5,Sandal,PCA
-0.0910344,-0.30524468,3,Dress,PCA
1.1364136,-0.9788284,0,T-shirt/top,PCA
-0.36566877,0.31133622,6,Shirt,PCA
-0.8184267,2.504659,4,Coat,PCA
-1.4476599,0.5440369,2,Pullover,PCA
1.2982444,1.329612,8,Bag,PCA
0.51421475,-0.12682703,3,Dress,PCA
0.28001553,1.1722165,2,Pullover,PCA
0.5978999,-0.2854435,1,Trouser,PCA
1.0234293,1.3434019,9,Ankle boot,PCA
-1.5250363,-1.8426161,1,Trouser,PCA
0.29914558,0.78319055,9,Ankle boot,PCA
2.3052824,-1.0090806,0,T-shirt/top,PCA
0.99683255,0.6696255,4,Coat,PCA
-0.2759316,-1.0879015,3,Dress,PCA
0.24705364,-0.24067797,5,Sandal,PCA
-0.6170028,1.0592993,4,Coat,PCA
1.7945458,1.0775785,8,Bag,PCA
0.66952634,-0.6275466,6,Shirt,PCA
-0.9348478,-1.8211416,7,Sneaker,PCA
-1.9996003,0.19766751,7,Sneaker,PCA
-0.68490905,-0.81117344,1,Trouser,PCA
2.5185966,-0.21260305,0,T-shirt/top,PCA
-0.9975086,-0.53520805,7,Sneaker,PCA
-0.20806009,-1.3780426,3,Dress,PCA
-1.1885828,-0.0914569,2,Pullover,PCA
0.26186037,-0.12122443,0,T-shirt/top,PCA
-1.3194171,0.8855853,8,Bag,PCA
-0.30857432,0.15836087,6,Shirt,PCA
0.7309365,0.4179318,2,Pullover,PCA
1.7064278,-1.1056521,0,T-shirt/top,PCA
-0.9593508,-0.718617,1,Trouser,PCA
-1.8189123,1.0609497,8,Bag,PCA
-0.46091348,-0.42074946,3,Dress,PCA
0.94554424,-0.8342228,0,T-shirt/top,PCA
1.8659106,-0.14266604,6,Shirt,PCA
-1.171592,0.66230816,8,Bag,PCA
0.4360245,2.0285594,8,Bag,PCA
-1.5588412,-0.55657977,4,Coat,PCA
2.3642678,-0.34156105,5,Sandal,PCA
1.0801284,0.17111875,9,Ankle boot,PCA
-0.97377956,-0.37647867,3,Dress,PCA
0.25603127,-0.7047831,8,Bag,PCA
2.3560214,-0.600227,0,T-shirt/top,PCA
-1.7157745,-0.18715467,7,Sneaker,PCA
0.0392801,1.9246718,2,Pullover,PCA
0.06970084,0.3228145,3,Dress,PCA
-1.3425083,-0.12119145,5,Sandal,PCA
0.64566964,-0.5734521,0,T-shirt/top,PCA
-0.37660456,0.9193006,4,Coat,PCA
0.49558085,-0.5245055,0,T-shirt/top,PCA
-0.03760425,-0.33159214,5,Sandal,PCA
1.6498156,1.4908717,2,Pullover,PCA
-0.3515767,1.5557522,9,Ankle boot,PCA
-0.36528188,2.171255,8,Bag,PCA
-0.14433008,-0.08083659,5,Sandal,PCA
-0.14590445,0.86056876,5,Sandal,PCA
1.684556,0.55915755,9,Ankle boot,PCA
-0.77088726,-1.3724604,3,Dress,PCA
-0.3073923,-0.9046714,1,Trouser,PCA
-0.23459259,-2.0484874,1,Trouser,PCA
0.34217542,0.26708412,4,Coat,PCA
-0.4880544,0.64986134,4,Coat,PCA
-0.14705655,-0.4876805,1,Trouser,PCA
1.0655721,-1.757633,3,Dress,PCA
-1.0516076,-0.77947855,5,Sandal,PCA
0.8280719,-0.5350161,0,T-shirt/top,PCA
2.5472388,-0.6858842,0,T-shirt/top,PCA
0.31111848,-1.1356931,3,Dress,PCA
0.17075464,-0.6390791,0,T-shirt/top,PCA
-1.2686809,-0.27870297,5,Sandal,PCA
1.1931232,-0.22207414,6,Shirt,PCA
-0.1982734,0.33997136,7,Sneaker,PCA
-1.3624583,-0.2698112,3,Dress,PCA
-0.961617,-0.69171375,7,Sneaker,PCA
0.71954316,-0.28943226,0,T-shirt/top,PCA
0.23621182,-0.27269602,5,Sandal,PCA
-0.39516127,-0.38695487,0,T-shirt/top,PCA
0.08220145,2.5891573,2,Pullover,PCA
-1.7709719,1.0092233,8,Bag,PCA
3.1491992,-1.2675967,5,Sandal,PCA
0.50891346,1.261198,6,Shirt,PCA
-1.253737,0.4187273,2,Pullover,PCA
1.6004375,-0.7779652,0,T-shirt/top,PCA
1.1915412,0.39483756,9,Ankle boot,PCA
0.18198538,-0.39711273,5,Sandal,PCA
1.1413034,-1.8950777,3,Dress,PCA
0.4767965,-0.7772774,0,T-shirt/top,PCA
-0.48375416,0.4607346,6,Shirt,PCA
-2.0740473,0.5729329,5,Sandal,PCA
-0.31709498,0.5858578,8,Bag,PCA
-0.88419133,0.7325428,8,Bag,PCA
-0.46074897,-0.9584347,3,Dress,PCA
0.6481734,1.026787,0,T-shirt/top,PCA
-1.2591218,1.8040551,8,Bag,PCA
0.6313513,2.1619911,4,Coat,PCA
-0.4999141,1.5594634,2,Pullover,PCA
-0.7551172,0.5968328,4,Coat,PCA
1.0419989,0.9256559,6,Shirt,PCA
0.69382024,-0.50979155,3,Dress,PCA
-1.1389173,-0.5955528,7,Sneaker,PCA
-2.0061138,-0.433991,5,Sandal,PCA
0.32782912,-2.0160935,3,Dress,PCA
-2.1127388,1.3322628,8,Bag,PCA
0.9680765,-1.4648789,3,Dress,PCA
0.8971022,0.26410016,4,Coat,PCA
-1.4290009,0.12704737,8,Bag,PCA
-1.1167935,-0.70610756,8,Bag,PCA
-1.7260461,-0.89446807,7,Sneaker,PCA
-0.5008637,0.20012587,7,Sneaker,PCA
-0.28956258,0.7986709,7,Sneaker,PCA
-0.056869853,-1.9764801,8,Bag,PCA
-0.96641415,-0.31378004,5,Sandal,PCA
1.4915836,0.63824815,6,Shirt,PCA
-0.9067319,-1.1201669,1,Trouser,PCA
1.760383,-0.588625,0,T-shirt/top,PCA
-0.18484123,0.8511954,8,Bag,PCA
-0.17871732,1.9504677,4,Coat,PCA
1.0853083,0.13476835,1,Trouser,PCA
-0.2655195,1.7246153,8,Bag,PCA
-0.7596714,-0.43830207,7,Sneaker,PCA
1.2486621,-0.6983826,6,Shirt,PCA
-0.13755517,-1.390721,0,T-shirt/top,PCA
-0.40144497,-0.7731933,5,Sandal,PCA
-0.38419598,0.46352497,9,Ankle boot,PCA
1.1838974,-0.96320283,6,Shirt,PCA
-1.7964932,0.29503816,7,Sneaker,PCA
0.18529238,-0.36407998,8,Bag,PCA
0.8833117,-0.22613671,6,Shirt,PCA
-1.9650474,0.09623333,7,Sneaker,PCA
-0.83220005,0.31372374,4,Coat,PCA
-0.5336272,-0.8870316,7,Sneaker,PCA
-1.1794144,0.4332078,5,Sandal,PCA
-0.08210176,1.3836246,2,Pullover,PCA
0.5635028,0.13056308,8,Bag,PCA
-0.80792457,-2.0965586,1,Trouser,PCA
-0.24675909,0.76400125,9,Ankle boot,PCA
1.6766998,-0.33327842,0,T-shirt/top,PCA
0.6129914,0.29110202,3,Dress,PCA
-0.1000825,-0.51318604,7,Sneaker,PCA
-0.122204244,1.7485346,2,Pullover,PCA
0.7587882,-0.05065075,0,T-shirt/top,PCA
-1.2357051,1.5297217,2,Pullover,PCA
2.3186147,1.6249715,2,Pullover,PCA
-0.60254407,1.4928802,8,Bag,PCA
-0.98943937,-1.7159995,1,Trouser,PCA
-1.0988402,0.21485011,2,Pullover,PCA
-0.017550986,0.14445981,2,Pullover,PCA
-0.22542313,1.3480216,9,Ankle boot,PCA
-0.44041574,0.31099874,4,Coat,PCA
0.8121428,-0.047859672,6,Shirt,PCA
-0.4257326,-1.3863412,1,Trouser,PCA
-1.457712,2.488741,2,Pullover,PCA
1.3563421,-0.23784669,1,Trouser,PCA
2.0200706,-0.7166278,0,T-shirt/top,PCA
1.5125173,1.0711224,6,Shirt,PCA
-0.8368132,1.3429639,4,Coat,PCA
-1.7804207,-1.3610663,5,Sandal,PCA
0.22449638,1.4046478,2,Pullover,PCA
-1.5427212,0.65643024,8,Bag,PCA
-2.0885687,0.7340464,7,Sneaker,PCA
3.2408023,-0.44570354,9,Ankle boot,PCA
-0.6719586,1.5067316,4,Coat,PCA
1.2316566,0.098331004,2,Pullover,PCA
0.76260144,1.1552621,6,Shirt,PCA
-2.1055074,-0.9310448,5,Sandal,PCA
0.955233,0.48660535,4,Coat,PCA
0.35608613,-0.6054213,6,Shirt,PCA
-0.47406542,-0.38876718,8,Bag,PCA
-0.16022615,1.4039004,9,Ankle boot,PCA
-2.0557,1.9382704,2,Pullover,PCA
-0.47080064,0.8382306,9,Ankle boot,PCA
0.031199463,-1.0856173,0,T-shirt/top,PCA
0.30948412,1.8709607,2,Pullover,PCA
-0.07793456,-0.86144817,8,Bag,PCA
0.7799903,-0.56258583,6,Shirt,PCA
-0.9125569,0.18768777,2,Pullover,PCA
-0.04203029,1.615289,4,Coat,PCA
-0.43290526,-2.185221,1,Trouser,PCA
0.62419635,0.26972556,5,Sandal,PCA
0.38166678,0.26923925,2,Pullover,PCA
-1.6465244,-1.089208,5,Sandal,PCA
0.019503415,-1.2613424,1,Trouser,PCA
1.6118377,-0.27729967,5,Sandal,PCA
0.6715329,-1.1025869,6,Shirt,PCA
-0.20516296,-1.6892811,1,Trouser,PCA
0.5451551,-0.03660368,3,Dress,PCA
-0.020450551,0.024005277,8,Bag,PCA
0.1619344,0.12504421,2,Pullover,PCA
-0.14006236,-1.1963952,0,T-shirt/top,PCA
0.9963532,1.2683498,2,Pullover,PCA
0.22336371,0.6207548,4,Coat,PCA
-0.091708034,-0.6940859,0,T-shirt/top,PCA
-0.34227985,0.1836033,2,Pullover,PCA
1.0317621,-1.0910904,3,Dress,PCA
-0.115532845,-0.09765997,6,Shirt,PCA
0.14294198,0.69425637,9,Ankle boot,PCA
-0.07441738,0.16308546,5,Sandal,PCA
1.5354092,-0.69099385,0,T-shirt/top,PCA
1.7868191,-0.42454728,0,T-shirt/top,PCA
-0.46854138,-0.32918715,8,Bag,PCA
-0.8542672,0.9795374,6,Shirt,PCA
1.5920109,-1.0348403,0,T-shirt/top,PCA
-0.47355413,-1.3435049,7,Sneaker,PCA
-0.7758915,-2.385988,1,Trouser,PCA
-2.369822,1.1133382,7,Sneaker,PCA
-2.6846952,1.6356109,8,Bag,PCA
0.5765086,0.08977465,8,Bag,PCA
-1.0381674,0.04496003,4,Coat,PCA
-0.8604702,-1.202746,1,Trouser,PCA
0.71298504,1.4281064,8,Bag,PCA
0.3940292,1.1712847,4,Coat,PCA
-0.24128823,0.07482083,6,Shirt,PCA
-1.2039143,0.55358946,5,Sandal,PCA
2.2899742,-0.11491148,9,Ankle boot,PCA
-0.24186446,0.74442744,2,Pullover,PCA
-0.41950715,-1.483384,1,Trouser,PCA
-0.5224385,-1.1370271,1,Trouser,PCA
-0.9215005,-2.1620584,5,Sandal,PCA
-1.027187,0.15140733,5,Sandal,PCA
0.9652259,-2.1230164,3,Dress,PCA
-0.39180642,1.7158004,2,Pullover,PCA
-0.8397061,0.6770007,6,Shirt,PCA
-1.1520141,-0.28880498,7,Sneaker,PCA
0.042306438,-2.0716588,3,Dress,PCA
-0.34867615,-1.1629355,7,Sneaker,PCA
1.2784611,1.0940864,8,Bag,PCA
0.49110687,-0.13577987,0,T-shirt/top,PCA
2.0499253,1.6226861,6,Shirt,PCA
-1.438758,-2.344326,1,Trouser,PCA
-0.545939,-0.571896,1,Trouser,PCA
-1.5537472,2.4549444,2,Pullover,PCA
0.8955563,1.187857,4,Coat,PCA
1.0531288,-0.5584908,3,Dress,PCA
0.7363734,0.83730966,6,Shirt,PCA
0.5965932,-0.98922104,6,Shirt,PCA
-0.23928612,1.5844096,9,Ankle boot,PCA
1.1951505,-0.9865832,0,T-shirt/top,PCA
0.91410947,-1.4617397,3,Dress,PCA
0.15226975,0.54982257,2,Pullover,PCA
-0.12969333,1.9625456,4,Coat,PCA
1.1826355,0.5483667,8,Bag,PCA
-0.34910363,0.29197645,4,Coat,PCA
-1.1177967,-0.17754464,7,Sneaker,PCA
-1.0194919,-0.7564025,1,Trouser,PCA
2.5303738,0.090251416,9,Ankle boot,PCA
-1.6217405,0.95205945,8,Bag,PCA
-1.3490164,1.6612667,9,Ankle boot,PCA
0.024186224,-1.1493902,1,Trouser,PCA
-0.58924305,1.0556152,2,Pullover,PCA
0.07388743,-0.8712461,1,Trouser,PCA
0.4977501,1.295593,9,Ankle boot,PCA
0.12619016,1.0848228,9,Ankle boot,PCA
-0.34631753,-1.110831,1,Trouser,PCA
-0.48391008,1.4963157,6,Shirt,PCA
0.6825609,1.6610234,6,Shirt,PCA
0.4515596,0.8430658,8,Bag,PCA
1.5377373,-0.55767137,5,Sandal,PCA
0.48843843,0.6320183,2,Pullover,PCA
-0.13139102,0.68417996,9,Ankle boot,PCA
1.532577,-0.24604422,0,T-shirt/top,PCA
-2.3517013,-1.6150341,5,Sandal,PCA
-1.6891266,0.6572916,4,Coat,PCA
-0.22573702,1.4012641,4,Coat,PCA
-0.5016836,0.47909167,4,Coat,PCA
-0.3470866,0.33424968,6,Shirt,PCA
-1.7319716,-2.513301,3,Dress,PCA
0.17791824,0.53339154,2,Pullover,PCA
1.2282022,1.7593346,2,Pullover,PCA
-1.6542543,-0.84574354,5,Sandal,PCA
0.88769346,1.2247849,9,Ankle boot,PCA
-1.4471965,0.500225,7,Sneaker,PCA
0.5254164,0.7922446,6,Shirt,PCA
-1.7931689,-1.3995128,1,Trouser,PCA
1.0207611,-1.4640071,3,Dress,PCA
-2.0857205,-1.1496301,5,Sandal,PCA
1.3643641,0.78599733,9,Ankle boot,PCA
0.47137523,0.1436228,6,Shirt,PCA
-2.2963333,0.37052438,4,Coat,PCA
-0.73121804,1.6068064,6,Shirt,PCA
-0.11495125,0.44202244,6,Shirt,PCA
1.2249907,-0.61472857,5,Sandal,PCA
-0.89873385,0.8590565,9,Ankle boot,PCA
-0.4896996,-0.3744414,3,Dress,PCA
-1.4475509,-1.9542145,3,Dress,PCA
-1.7984831,0.6757343,4,Coat,PCA
0.79322356,-0.16318266,6,Shirt,PCA
0.19968925,-0.9463155,2,Pullover,PCA
0.91292405,-1.2797657,0,T-shirt/top,PCA
0.755938,-1.3379203,3,Dress,PCA
-1.0269924,-2.5894094,3,Dress,PCA
1.1690631,0.27899352,8,Bag,PCA
0.52410936,-1.0368838,0,T-shirt/top,PCA
-0.5189305,-1.2005936,7,Sneaker,PCA
1.098785,1.5559757,2,Pullover,PCA
0.37755233,-0.86264354,6,Shirt,PCA
-1.4797437,1.19556,4,Coat,PCA
0.3202871,0.3691737,4,Coat,PCA
0.29866362,0.8906937,2,Pullover,PCA
-0.51618314,0.83410007,4,Coat,PCA
1.6930835,1.471515,6,Shirt,PCA
-1.8379531,-1.5195477,5,Sandal,PCA
1.412064,0.5939509,8,Bag,PCA
1.9829957,-0.9470363,5,Sandal,PCA
0.4908203,-0.09164116,5,Sandal,PCA
1.1842946,1.0262291,6,Shirt,PCA
-1.5082978,-0.96962774,5,Sandal,PCA
-0.09570888,0.015086478,6,Shirt,PCA
3.423345,0.10919994,6,Shirt,PCA
-1.4212182,0.5913174,8,Bag,PCA
-1.9649464,-1.597759,1,Trouser,PCA
-0.7363212,-2.6993268,3,Dress,PCA
0.9323309,0.58354884,2,Pullover,PCA
0.5593011,0.8898698,5,Sandal,PCA
-0.029139385,-1.7125669,7,Sneaker,PCA
0.72522014,-0.67224205,0,T-shirt/top,PCA
0.12905335,1.3561329,2,Pullover,PCA
-1.5175111,0.70008636,4,Coat,PCA
-0.31622255,-0.7567672,3,Dress,PCA
0.0427792,0.7382266,2,Pullover,PCA
1.1235832,1.6046361,4,Coat,PCA
-0.82058704,-0.29426515,3,Dress,PCA
1.0230223,0.7178029,2,Pullover,PCA
0.23959564,0.03170814,3,Dress,PCA
2.0037122,0.90308446,2,Pullover,PCA
0.8598427,0.39432856,2,Pullover,PCA
0.68373674,-1.4316052,1,Trouser,PCA
-1.5543935,1.9581617,8,Bag,PCA
0.72057724,0.36058992,5,Sandal,PCA
-1.911519,-0.04360516,7,Sneaker,PCA
1.0552171,0.49355185,9,Ankle boot,PCA
-1.9924858,-0.031187993,7,Sneaker,PCA
-0.86053705,1.3200234,9,Ankle boot,PCA
1.2523015,-2.2304544,3,Dress,PCA
0.6540532,-0.574191,0,T-shirt/top,PCA
-0.7571412,1.1645329,2,Pullover,PCA
1.7017798,-0.81241983,0,T-shirt/top,PCA
-2.194045,0.6135999,7,Sneaker,PCA
-0.8132074,0.023421025,8,Bag,PCA
-1.1603689,-1.6117042,1,Trouser,PCA
0.38147825,-0.17085786,0,T-shirt/top,PCA
0.041255742,0.5530917,6,Shirt,PCA
-0.96271265,-0.5907165,7,Sneaker,PCA
0.3381238,1.5182273,8,Bag,PCA
-0.9258885,-0.5932671,8,Bag,PCA
0.38409752,0.028297419,6,Shirt,PCA
0.92852235,-0.903055,0,T-shirt/top,PCA
0.26729798,0.20066942,6,Shirt,PCA
-0.36741406,-1.5530117,1,Trouser,PCA
-0.7617258,1.1370043,4,Coat,PCA
-0.10020651,-0.019446788,5,Sandal,PCA
-0.41392207,-1.6370457,3,Dress,PCA
-0.7852424,1.6644797,8,Bag,PCA
3.2422245,0.5070859,8,Bag,PCA
-0.47942954,1.8604891,6,Shirt,PCA
0.8437895,1.3397216,9,Ankle boot,PCA
0.24888699,0.6664155,9,Ankle boot,PCA
0.7144651,2.135661,4,Coat,PCA
-0.874157,1.57702,8,Bag,PCA
0.53701186,0.3730985,3,Dress,PCA
0.30881023,-0.84004587,6,Shirt,PCA
0.89362234,0.6209395,1,Trouser,PCA
-0.03469845,1.0131987,0,T-shirt/top,PCA
-0.5194503,2.167241,2,Pullover,PCA
-0.115752846,-1.4922013,1,Trouser,PCA
-0.9442707,-1.3484935,1,Trouser,PCA
-0.5339704,-1.1292617,1,Trouser,PCA
0.98828584,-1.7642858,3,Dress,PCA
-0.05372188,0.18436848,9,Ankle boot,PCA
-0.01813164,-1.4613593,1,Trouser,PCA
0.43339652,-1.2209108,3,Dress,PCA
1.3148696,0.64269006,8,Bag,PCA
0.21930863,-1.5101409,3,Dress,PCA
-0.6920803,-1.6523318,1,Trouser,PCA
-0.5667841,-0.7556326,1,Trouser,PCA
-1.1882895,-0.9433926,1,Trouser,PCA
0.3966272,0.33702737,2,Pullover,PCA
-1.9658566,-0.93627,1,Trouser,PCA
-0.3737622,-1.8281305,3,Dress,PCA
1.3459841,0.9753724,9,Ankle boot,PCA
1.5657924,-0.2164806,0,T-shirt/top,PCA
1.4328806,0.104407705,0,T-shirt/top,PCA
0.114950016,-0.39056182,7,Sneaker,PCA
-1.6650136,-0.33634463,7,Sneaker,PCA
-0.80561,1.1426958,9,Ankle boot,PCA
-0.51488286,0.7738607,4,Coat,PCA
-0.4215631,-1.2644995,1,Trouser,PCA
1.9924612,-1.0675725,0,T-shirt/top,PCA
1.4579612,-0.5522482,0,T-shirt/top,PCA
0.44913208,-1.4079615,3,Dress,PCA
-0.86223865,-0.713823,7,Sneaker,PCA
-0.9269436,-0.013990445,5,Sandal,PCA
0.26935238,1.4931561,9,Ankle boot,PCA
-1.7118363,-0.009436177,3,Dress,PCA
0.13755666,-0.8604861,3,Dress,PCA
-0.24536763,-0.90928084,7,Sneaker,PCA
2.2480683,0.7580605,9,Ankle boot,PCA
0.17062894,0.1781238,5,Sandal,PCA
-0.701241,-1.9492619,1,Trouser,PCA
0.90994674,-0.740854,0,T-shirt/top,PCA
-0.3379581,-1.9338052,3,Dress,PCA
0.577569,-0.71331644,3,Dress,PCA
0.3558923,0.08184558,0,T-shirt/top,PCA
0.2727691,-1.3490711,3,Dress,PCA
1.8940245,-1.1170974,0,T-shirt/top,PCA
-0.18745267,-1.6989038,1,Trouser,PCA
0.14641559,1.0607132,9,Ankle boot,PCA
1.3290677,-1.1982561,0,T-shirt/top,PCA
-1.2441796,0.9932558,2,Pullover,PCA
-0.093725115,-1.0283253,6,Shirt,PCA
-0.0948673,-1.1575135,7,Sneaker,PCA
0.45470613,-2.0527015,3,Dress,PCA
-1.1640985,-1.6803197,1,Trouser,PCA
-0.48291492,-1.6914803,5,Sandal,PCA
1.3149817,-0.6200675,0,T-shirt/top,PCA
-0.04673077,-0.2570772,2,Pullover,PCA
0.54703003,2.0745525,2,Pullover,PCA
-0.82615274,-0.68439215,7,Sneaker,PCA
-1.6750436,-0.5424497,7,Sneaker,PCA
0.8840696,1.3455914,2,Pullover,PCA
-0.80114245,-1.3154954,1,Trouser,PCA
0.29848003,-0.3442821,8,Bag,PCA
0.4981175,1.060756,9,Ankle boot,PCA
0.3544001,-0.31435302,6,Shirt,PCA
-0.23349069,-0.07136377,3,Dress,PCA
-0.443483,1.3411866,4,Coat,PCA
0.11299133,0.75169235,9,Ankle boot,PCA
0.2976119,1.0286627,9,Ankle boot,PCA
-0.8871391,-1.2687035,7,Sneaker,PCA
-1.2233164,0.42580912,4,Coat,PCA
0.3212676,-0.47109812,5,Sandal,PCA
0.22988372,0.12169169,8,Bag,PCA
0.27470535,0.83339584,9,Ankle boot,PCA
-0.4470443,-0.67141265,8,Bag,PCA
0.030391224,1.0302562,9,Ankle boot,PCA
-0.81483936,0.19363664,6,Shirt,PCA
1.4049414,1.2843323,9,Ankle boot,PCA
1.1997714,-0.19469129,0,T-shirt/top,PCA
-0.13840546,0.7214619,6,Shirt,PCA
1.435786,-0.3672428,0,T-shirt/top,PCA
-1.4475302,0.010382192,5,Sandal,PCA
0.10724501,0.18403588,6,Shirt,PCA
-1.6031688,0.632061,5,Sandal,PCA
0.5471249,0.4067107,2,Pullover,PCA
-0.5526001,0.18193804,8,Bag,PCA
-1.1176789,1.2708141,4,Coat,PCA
2.2644608,-0.507066,0,T-shirt/top,PCA
1.6527476,-2.220568,3,Dress,PCA
-0.5538915,-2.1489072,3,Dress,PCA
-0.27761224,1.0714046,9,Ankle boot,PCA
-0.48179978,-0.83418405,8,Bag,PCA
-1.5763127,2.0698488,4,Coat,PCA
0.29459596,-0.41089624,6,Shirt,PCA
1.2041808,0.7329314,0,T-shirt/top,PCA
1.4903711,1.7500753,2,Pullover,PCA
-0.15325095,-0.7489633,8,Bag,PCA
0.7092942,-1.3421255,1,Trouser,PCA
2.290666,-0.31720063,0,T-shirt/top,PCA
-0.15436333,-0.44653642,3,Dress,PCA
0.6613993,0.04695943,8,Bag,PCA
0.3515663,-1.3110249,0,T-shirt/top,PCA
-0.10404197,0.7996207,2,Pullover,PCA
-0.03453474,0.73495907,8,Bag,PCA
-1.1014377,0.619737,6,Shirt,PCA
0.10092366,-1.2157953,1,Trouser,PCA
-0.5355484,-1.232667,3,Dress,PCA
1.651758,-0.3664106,0,T-shirt/top,PCA
-1.0911244,2.4264565,8,Bag,PCA
-0.86188716,1.6299669,4,Coat,PCA
-0.26034248,1.4713824,9,Ankle boot,PCA
1.0234156,0.44351056,5,Sandal,PCA
-0.6461428,-0.37675297,8,Bag,PCA
-0.75682706,1.5085046,4,Coat,PCA
0.17572555,1.171378,8,Bag,PCA
1.672174,-0.37453222,0,T-shirt/top,PCA
-0.5542965,-0.6342881,3,Dress,PCA
0.47556365,0.6102761,9,Ankle boot,PCA
1.3592355,-1.1920484,6,Shirt,PCA
-0.5087642,-1.5040005,8,Bag,PCA
1.284902,1.7691501,2,Pullover,PCA
-0.03716694,-1.9440603,3,Dress,PCA
-0.06583597,-1.5533928,7,Sneaker,PCA
0.27836448,0.38320184,8,Bag,PCA
-1.3706417,-0.9507591,1,Trouser,PCA
0.13266946,-1.5514699,1,Trouser,PCA
1.0657347,0.6107494,8,Bag,PCA
-0.448192,-0.08086566,6,Shirt,PCA
-0.56587374,-0.44846904,3,Dress,PCA
-1.5483196,1.67904,4,Coat,PCA
-0.42674613,0.8572478,2,Pullover,PCA
-0.85498714,-0.84703666,7,Sneaker,PCA
0.35401976,0.07087836,2,Pullover,PCA
-0.7025829,1.6307826,8,Bag,PCA
0.23280866,0.94310594,6,Shirt,PCA
-0.5293127,-0.9230323,7,Sneaker,PCA
-1.442794,0.8718201,8,Bag,PCA
-0.76061463,-2.6673458,3,Dress,PCA
-1.0123239,0.4445794,4,Coat,PCA
0.14771278,1.3893449,4,Coat,PCA
0.7968306,0.5063633,9,Ankle boot,PCA
-0.7009751,1.0421599,5,Sandal,PCA
1.6256953,-0.7803672,3,Dress,PCA
-0.30617088,-0.3041997,5,Sandal,PCA
1.2758709,-0.7327613,0,T-shirt/top,PCA
0.73383826,1.0161089,2,Pullover,PCA
0.759772,0.6312611,4,Coat,PCA
-0.40193057,0.43118855,8,Bag,PCA
-0.10970034,0.44727778,6,Shirt,PCA
-1.5075692,-0.21068658,7,Sneaker,PCA
0.63715845,-1.1999357,3,Dress,PCA
-0.9514847,-1.2357635,1,Trouser,PCA
0.99398607,0.7540962,2,Pullover,PCA
1.8731062,1.3532617,9,Ankle boot,PCA
2.2812634,-1.0363178,0,T-shirt/top,PCA
0.18045917,0.8646896,8,Bag,PCA
0.78399783,0.18454182,9,Ankle boot,PCA
-0.570194,0.4533703,6,Shirt,PCA
-0.22969404,0.8831102,4,Coat,PCA
-0.08853707,0.057168584,2,Pullover,PCA
-0.62055784,1.9367768,2,Pullover,PCA
1.0461621,0.28652978,2,Pullover,PCA
1.0919304,1.387835,8,Bag,PCA
1.2224867,-0.30091906,9,Ankle boot,PCA
0.9123717,-0.65964353,6,Shirt,PCA
-0.26490268,-1.2184621,1,Trouser,PCA
0.58280295,-0.5556717,1,Trouser,PCA
-1.0287366,0.22614495,8,Bag,PCA
-0.17808023,-0.070420206,5,Sandal,PCA
0.68780833,1.179401,9,Ankle boot,PCA
-0.39415544,-1.3861729,5,Sandal,PCA
-0.3126015,0.43105105,8,Bag,PCA
2.535918,0.32178882,9,Ankle boot,PCA
-0.15617597,-1.1947823,1,Trouser,PCA
-0.08504507,0.02039168,7,Sneaker,PCA
2.1179647,-0.022679182,0,T-shirt/top,PCA
1.1833104,-0.41496655,6,Shirt,PCA
-0.6707224,-0.55969614,1,Trouser,PCA
0.9042454,0.5810492,6,Shirt,PCA
-0.41911596,0.27368087,9,Ankle boot,PCA
-0.41217458,-1.3032134,8,Bag,PCA
-0.51192164,-0.45213374,6,Shirt,PCA
-0.66207504,0.26715302,7,Sneaker,PCA
-1.6608187,-2.306642,3,Dress,PCA
-0.116123796,1.9476844,8,Bag,PCA
-0.41963774,1.8052748,8,Bag,PCA
0.8128272,1.2296791,9,Ankle boot,PCA
-1.0583204,1.3398489,9,Ankle boot,PCA
0.33346134,0.4107066,2,Pullover,PCA
-0.59640557,0.23644443,5,Sandal,PCA
1.0792643,0.54500324,8,Bag,PCA
0.55652267,-0.8212522,0,T-shirt/top,PCA
0.49260622,0.3541954,2,Pullover,PCA
-1.1061746,-1.2033998,5,Sandal,PCA
0.3760637,0.871936,8,Bag,PCA
-0.16383898,-0.6217908,8,Bag,PCA
-1.5421786,0.16351545,7,Sneaker,PCA
-0.6679332,0.6162537,4,Coat,PCA
1.1701479,-1.0188373,1,Trouser,PCA
0.50499344,-0.066612415,1,Trouser,PCA
-0.6330445,1.310194,2,Pullover,PCA
0.7260248,0.92060727,7,Sneaker,PCA
0.41326082,0.39827067,8,Bag,PCA
-1.7218574,0.113256626,7,Sneaker,PCA
-1.708346,0.014748597,7,Sneaker,PCA
-0.820657,-0.37132546,5,Sandal,PCA
-2.300721,-1.524536,5,Sandal,PCA
0.96678776,2.2238421,9,Ankle boot,PCA
-1.1869286,-0.1799197,5,Sandal,PCA
-0.19721712,1.6042559,8,Bag,PCA
0.565277,0.88218963,9,Ankle boot,PCA
1.0982116,0.13422732,0,T-shirt/top,PCA
-1.2002199,1.4130106,4,Coat,PCA
-0.07181093,1.1610401,4,Coat,PCA
-0.58020383,0.5364702,9,Ankle boot,PCA
-0.014702685,0.94030005,9,Ankle boot,PCA
-0.9289594,0.62217665,6,Shirt,PCA
1.816769,-0.22529146,9,Ankle boot,PCA
-0.7992985,-2.1149955,5,Sandal,PCA
0.6825295,0.9413425,7,Sneaker,PCA
-1.149098,0.43814346,4,Coat,PCA
1.4509813,-0.8572225,0,T-shirt/top,PCA
-1.6722692,-0.40490037,5,Sandal,PCA
-0.03148987,0.028797122,4,Coat,PCA
-0.22451308,-1.0333682,6,Shirt,PCA
-1.029452,1.3560747,2,Pullover,PCA
0.36333805,0.111097276,2,Pullover,PCA
-0.20268728,-1.5604733,1,Trouser,PCA
-1.1724595,-0.6638179,3,Dress,PCA
-0.46850497,-0.6451344,7,Sneaker,PCA
-1.0413518,-0.8555204,7,Sneaker,PCA
2.3533149,0.25101686,9,Ankle boot,PCA
-0.36299062,0.8777919,8,Bag,PCA
-0.08716553,0.92663366,8,Bag,PCA
0.031899683,-1.3080637,3,Dress,PCA
1.1722697,0.5833964,6,Shirt,PCA
0.42300707,0.10208757,5,Sandal,PCA
-1.2885742,-0.8906543,7,Sneaker,PCA
-1.7612392,-0.4303528,3,Dress,PCA
0.049448207,1.8679322,4,Coat,PCA
-0.12458169,-2.1261725,3,Dress,PCA
-2.6101487,0.73450315,5,Sandal,PCA
0.22452398,2.2601664,4,Coat,PCA
-1.5575536,-0.8202682,3,Dress,PCA
1.1435107,-0.51686966,0,T-shirt/top,PCA
0.20630838,1.8964493,4,Coat,PCA
0.45197976,0.5783832,6,Shirt,PCA
-0.8331032,-0.88445765,7,Sneaker,PCA
-1.7001784,0.019578172,7,Sneaker,PCA
1.2620621,1.0079895,6,Shirt,PCA
-1.4548429,1.5804192,4,Coat,PCA
0.74268097,-0.8261676,6,Shirt,PCA
-0.12970284,-2.0051246,3,Dress,PCA
2.263541,-1.0301846,0,T-shirt/top,PCA
-0.9034626,-0.09829836,4,Coat,PCA
0.20832779,1.9970553,9,Ankle boot,PCA
-0.05420432,0.17863573,0,T-shirt/top,PCA
1.2823468,-0.3551643,6,Shirt,PCA
-0.665797,-1.0060613,1,Trouser,PCA
1.3145319,0.08785514,2,Pullover,PCA
1.4768093,0.4307583,2,Pullover,PCA
-0.5276142,1.9565091,6,Shirt,PCA
-0.7057973,-0.78131294,3,Dress,PCA
0.76159495,2.3719244,6,Shirt,PCA
1.2934871,0.9775774,9,Ankle boot,PCA
1.3382523,-0.7742128,0,T-shirt/top,PCA
1.291609,-0.81632715,6,Shirt,PCA
-0.49335343,0.21891868,2,Pullover,PCA
-0.4360515,1.5541505,9,Ankle boot,PCA
0.29489166,-0.07936318,3,Dress,PCA
-1.7956666,0.48614788,5,Sandal,PCA
-0.6437466,-1.8288587,1,Trouser,PCA
0.24427067,0.45673805,7,Sneaker,PCA
-0.77801657,-0.6417015,3,Dress,PCA
-0.3999917,-1.6351429,3,Dress,PCA
-0.44013518,0.32686397,5,Sandal,PCA
1.6310889,-0.5661886,0,T-shirt/top,PCA
-0.9345992,-1.1387162,7,Sneaker,PCA
-0.3297766,0.7737356,7,Sneaker,PCA
-0.48219866,-1.0062455,7,Sneaker,PCA
0.32356638,-0.50064194,0,T-shirt/top,PCA
-1.167321,-0.5180527,7,Sneaker,PCA
-0.12535425,-0.014570561,6,Shirt,PCA
0.36796153,0.029221248,7,Sneaker,PCA
0.68166524,-2.1221235,3,Dress,PCA
0.10888165,-0.019411197,3,Dress,PCA
1.7167925,-0.7702362,0,T-shirt/top,PCA
0.507186,0.13437617,8,Bag,PCA
0.18391442,-0.30807975,5,Sandal,PCA
2.081985,1.4910585,8,Bag,PCA
0.26365173,0.520485,8,Bag,PCA
-0.10724682,0.7448961,4,Coat,PCA
-0.9505018,-0.20122753,7,Sneaker,PCA
0.6697146,0.01872289,6,Shirt,PCA
0.6625226,0.404585,6,Shirt,PCA
0.3913864,-1.4655093,3,Dress,PCA
-0.58199537,1.5987773,2,Pullover,PCA
-0.25985864,-1.6215621,1,Trouser,PCA
-0.7811026,0.49546596,2,Pullover,PCA
-0.036189683,-0.88585025,7,Sneaker,PCA
-1.0082439,-0.8873858,5,Sandal,PCA
1.4997053,0.49680692,9,Ankle boot,PCA
1.1469629,0.9916367,2,Pullover,PCA
0.85739297,-0.29787812,8,Bag,PCA
1.1815917,-0.24418902,5,Sandal,PCA
-0.09739929,1.2381282,6,Shirt,PCA
-0.79057986,0.77230424,4,Coat,PCA
-0.019035578,0.29084697,4,Coat,PCA
-1.6633264,-0.369022,1,Trouser,PCA
-0.4974352,0.33618304,8,Bag,PCA
1.6411151,-0.6522372,0,T-shirt/top,PCA
-1.0107139,-0.8739064,7,Sneaker,PCA
-1.7153989,0.079859786,5,Sandal,PCA
-1.1343607,0.498462,6,Shirt,PCA
-1.6339102,1.358163,8,Bag,PCA
0.44876677,0.48582083,5,Sandal,PCA
0.89125514,0.89761037,2,Pullover,PCA
-2.8632789,-0.07611431,5,Sandal,PCA
0.23334719,1.5278822,9,Ankle boot,PCA
-0.77619654,0.9921953,4,Coat,PCA
0.31962138,0.87759686,2,Pullover,PCA
0.19093442,-0.45244583,6,Shirt,PCA
1.0555252,0.51098007,3,Dress,PCA
-0.6943719,-0.36420393,7,Sneaker,PCA
0.55954766,1.0294012,6,Shirt,PCA
-0.9629593,-0.87959534,5,Sandal,PCA
0.5159253,1.476727,8,Bag,PCA
-1.0771418,0.20200506,5,Sandal,PCA
-1.5049204,-1.1124278,7,Sneaker,PCA
1.5085945,1.0323694,2,Pullover,PCA
0.13083057,-0.01586833,7,Sneaker,PCA
-0.010018738,0.26742125,9,Ankle boot,PCA
-0.7044843,-1.3967614,1,Trouser,PCA
1.237631,-0.8686934,0,T-shirt/top,PCA
-0.6337121,-1.8895892,8,Bag,PCA
0.21583764,-0.6155707,8,Bag,PCA
-0.8795725,-1.3282,1,Trouser,PCA
1.3116528,1.0958132,9,Ankle boot,PCA
0.29575163,-1.7450496,3,Dress,PCA
-1.7596898,-1.2217011,1,Trouser,PCA
0.86044943,0.7000581,7,Sneaker,PCA
-1.0704833,-0.99827904,5,Sandal,PCA
-0.1931621,-0.11988515,2,Pullover,PCA
1.1636406,-1.0021766,0,T-shirt/top,PCA
0.09477261,-1.4106188,3,Dress,PCA
0.8151035,1.2659862,9,Ankle boot,PCA
-2.2231014,0.18039499,5,Sandal,PCA
1.1707351,1.6689057,8,Bag,PCA
2.4197812,-0.34918603,9,Ankle boot,PCA
1.777902,1.6383195,6,Shirt,PCA
-1.460783,0.015475713,7,Sneaker,PCA
-2.2247796,-0.45504722,5,Sandal,PCA
-0.15332481,1.5016733,2,Pullover,PCA
1.0264263,-0.74581647,0,T-shirt/top,PCA
-1.3569561,-1.8037426,1,Trouser,PCA
1.1756994,-0.68530005,0,T-shirt/top,PCA
0.39981037,-0.77972174,6,Shirt,PCA
1.162068,1.4389307,3,Dress,PCA
0.61176956,-1.0654345,1,Trouser,PCA
1.156061,-1.049193,3,Dress,PCA
0.29752535,0.49511406,4,Coat,PCA
0.80838645,0.91475064,2,Pullover,PCA
-1.5615253,0.3427864,5,Sandal,PCA
-1.0839828,-0.43023652,1,Trouser,PCA
-1.5061404,-0.49462256,5,Sandal,PCA
0.023561575,1.0223371,2,Pullover,PCA
1.0480762,1.3122079,6,Shirt,PCA
-0.30816215,-0.00615099,2,Pullover,PCA
0.5532563,0.018944945,9,Ankle boot,PCA
0.046527587,0.46782896,7,Sneaker,PCA
-0.92409384,0.10865697,5,Sandal,PCA
0.118854,-1.3043092,3,Dress,PCA
1.7821196,-0.88315773,0,T-shirt/top,PCA
0.28935027,0.97567666,2,Pullover,PCA
0.981837,-0.35986483,6,Shirt,PCA
1.2027752,0.61521107,2,Pullover,PCA
1.8061862,-0.9997222,6,Shirt,PCA
2.5037835,0.79126644,2,Pullover,PCA
-0.0693627,-2.060093,3,Dress,PCA
-0.9214177,1.0505707,9,Ankle boot,PCA
0.5517051,-0.28905678,0,T-shirt/top,PCA
-0.34418482,0.1352442,4,Coat,PCA
0.43929428,-0.19996771,6,Shirt,PCA
2.9066234,-1.4444089,5,Sandal,PCA
0.46112108,-0.4659293,6,Shirt,PCA
-0.5086712,0.21122216,7,Sneaker,PCA
1.2309617,0.845352,2,Pullover,PCA
-1.3242708,0.22978431,4,Coat,PCA
-0.05383511,0.19035403,3,Dress,PCA
0.5031305,1.4770719,9,Ankle boot,PCA
-0.8237586,-0.9284955,3,Dress,PCA
-2.4557185,0.8475219,7,Sneaker,PCA
1.0804206,-0.32912153,0,T-shirt/top,PCA
0.504228,-0.06298847,5,Sandal,PCA
0.12222777,-0.6590843,8,Bag,PCA
-0.33424336,1.1492747,9,Ankle boot,PCA
0.33526194,-0.9832206,1,Trouser,PCA
-0.11178764,0.98003495,9,Ankle boot,PCA
0.861691,1.3837996,4,Coat,PCA
2.370582,-0.49971375,0,T-shirt/top,PCA
-0.82784635,-0.6200814,7,Sneaker,PCA
-0.48040825,-1.1716015,8,Bag,PCA
0.5305933,1.2480867,8,Bag,PCA
-2.33978,0.079663835,5,Sandal,PCA
-0.8004605,1.8994068,8,Bag,PCA
0.39815617,1.2179537,4,Coat,PCA
1.2569911,0.6555547,2,Pullover,PCA
2.0170627,-0.5042314,0,T-shirt/top,PCA
0.098970965,-0.2322493,4,Coat,PCA
-2.3473518,0.91546506,7,Sneaker,PCA
-0.7760638,0.3088967,4,Coat,PCA
1.4071829,1.244392,9,Ankle boot,PCA
1.1961455,-0.69631517,6,Shirt,PCA
-0.50124377,0.035459545,3,Dress,PCA
1.5835589,-0.9876796,0,T-shirt/top,PCA
2.2085507,-0.96798813,0,T-shirt/top,PCA
2.7451773,-1.2309965,5,Sandal,PCA
-0.01657958,-1.3524631,1,Trouser,PCA
0.88881534,-0.8428654,0,T-shirt/top,PCA
-1.4168822,0.04351842,7,Sneaker,PCA
-0.16739252,0.172998,2,Pullover,PCA
-0.48458552,-0.039044157,4,Coat,PCA
1.0455631,-2.046558,3,Dress,PCA
0.3215872,0.45459628,2,Pullover,PCA
-0.55488116,0.9109904,2,Pullover,PCA
-1.1173054,-0.23304245,7,Sneaker,PCA
0.3715229,-1.4630035,3,Dress,PCA
0.68094075,-0.5916077,5,Sandal,PCA
1.0119373,-1.0646466,0,T-shirt/top,PCA
1.529998,1.0928406,9,Ankle boot,PCA
-0.93847084,-2.140923,3,Dress,PCA
-0.98334146,-1.4910558,8,Bag,PCA
-0.5692257,-0.33293545,5,Sandal,PCA
-0.31792533,1.001674,5,Sandal,PCA
2.335026,-0.5209221,0,T-shirt/top,PCA
1.5414034,-0.97073454,6,Shirt,PCA
-0.23326698,-1.4507332,7,Sneaker,PCA
0.7727723,-0.37840337,8,Bag,PCA
0.46380472,-0.8477043,0,T-shirt/top,PCA
0.49956548,-0.05684488,8,Bag,PCA
0.9195685,-1.1024159,0,T-shirt/top,PCA
-0.8255361,-0.22946782,1,Trouser,PCA
-1.6960592,1.7300038,2,Pullover,PCA
-1.6272324,-0.7934899,1,Trouser,PCA
-0.54804885,-0.11648871,7,Sneaker,PCA
1.2319129,-0.064509414,5,Sandal,PCA
0.059430674,0.29015613,2,Pullover,PCA
0.2715606,1.0357902,8,Bag,PCA
1.2110034,0.6635377,9,Ankle boot,PCA
0.34384465,1.0415223,8,Bag,PCA
-0.19894776,0.13334411,2,Pullover,PCA
1.0741705,1.411634,2,Pullover,PCA
-0.03243082,-0.82326907,1,Trouser,PCA
2.3694048,-0.29022616,0,T-shirt/top,PCA
-0.45239294,0.7402559,6,Shirt,PCA
-0.5979812,-1.6154563,1,Trouser,PCA
-0.39888746,-1.1372125,3,Dress,PCA
1.856421,-0.26469424,0,T-shirt/top,PCA
1.0425359,1.5848528,9,Ankle boot,PCA
1.3209486,0.56549805,3,Dress,PCA
1.8886552,-0.88623524,0,T-shirt/top,PCA
-1.0183829,1.2506002,9,Ankle boot,PCA
0.43359697,0.6129501,7,Sneaker,PCA
0.1077006,0.21794079,2,Pullover,PCA
0.36912584,-0.93029547,0,T-shirt/top,PCA
0.6065195,1.6479746,4,Coat,PCA
-0.10727997,1.2778113,4,Coat,PCA
0.51442325,0.23813912,2,Pullover,PCA
-0.7696672,0.11734902,4,Coat,PCA
0.27885383,1.1895189,2,Pullover,PCA
-1.0674137,-0.02504501,7,Sneaker,PCA
1.5872802,0.11324538,8,Bag,PCA
-0.33778924,0.99800235,4,Coat,PCA
0.27052134,0.51113886,2,Pullover,PCA
1.1954281,-0.3088474,5,Sandal,PCA
1.6081463,1.4230565,9,Ankle boot,PCA
-1.1596845,-0.70921654,1,Trouser,PCA
-0.9826259,-0.29112643,7,Sneaker,PCA
0.44537008,0.23664486,4,Coat,PCA
0.80339044,1.0155967,2,Pullover,PCA
-0.3418886,-0.5892598,6,Shirt,PCA
0.8832511,-1.5129051,3,Dress,PCA
2.2037737,-0.56738114,0,T-shirt/top,PCA
0.21244974,-0.025562156,3,Dress,PCA
-0.19886716,-1.4556446,1,Trouser,PCA
-1.0754207,1.3153867,4,Coat,PCA
0.41235185,0.10749622,5,Sandal,PCA
1.095645,-0.7317726,0,T-shirt/top,PCA
1.4832742,-0.6358199,0,T-shirt/top,PCA
-0.5949197,0.5509692,4,Coat,PCA
-0.79678935,2.4785857,4,Coat,PCA
-0.43212575,1.5714022,2,Pullover,PCA
0.93348163,0.73696876,2,Pullover,PCA
-0.4645188,-0.22281843,2,Pullover,PCA
0.22782989,-0.53895044,0,T-shirt/top,PCA
-0.25133216,2.040998,2,Pullover,PCA
0.027538188,0.9342822,2,Pullover,PCA
-2.2191195,-1.4773791,5,Sandal,PCA
2.2048485,-0.4411976,0,T-shirt/top,PCA
1.7547463,-0.03092568,0,T-shirt/top,PCA
-0.30973232,-0.6297701,0,T-shirt/top,PCA
1.318087,0.9336322,9,Ankle boot,PCA
1.4948713,0.017231096,0,T-shirt/top,PCA
-0.8193883,-0.6441288,3,Dress,PCA
-1.280292,-0.96575123,1,Trouser,PCA
-0.8170111,-1.3324149,7,Sneaker,PCA
-0.96102816,1.0535105,9,Ankle boot,PCA
0.8954242,0.73726654,6,Shirt,PCA
1.9310958,-0.71941876,6,Shirt,PCA
1.5172431,0.3045167,9,Ankle boot,PCA
-1.0973504,-0.93656796,7,Sneaker,PCA
-0.4722153,-2.1165204,3,Dress,PCA
-1.2492186,1.8610653,4,Coat,PCA
-1.2939676,-1.0404848,8,Bag,PCA
0.5152563,1.1922011,2,Pullover,PCA
0.50423706,-1.2130996,3,Dress,PCA
-2.3551419,0.28161523,7,Sneaker,PCA
1.3106426,-1.5114607,3,Dress,PCA
0.81007206,-1.6240857,3,Dress,PCA
1.6531981,-0.9195997,5,Sandal,PCA
1.3516357,-0.6028842,0,T-shirt/top,PCA
0.79329026,0.0043018362,2,Pullover,PCA
-0.34374338,2.481123,9,Ankle boot,PCA
1.5409344,-0.4064684,0,T-shirt/top,PCA
0.8249345,-1.6212987,3,Dress,PCA
-0.9513886,1.1105016,9,Ankle boot,PCA
0.7485445,0.09640678,9,Ankle boot,PCA
0.3671553,-0.43597648,0,T-shirt/top,PCA
-1.9569619,-0.24475476,5,Sandal,PCA
-0.9719311,-1.3980225,5,Sandal,PCA
-1.5579957,-0.306345,7,Sneaker,PCA
2.5481904,-0.49006197,0,T-shirt/top,PCA
-1.2315701,0.19720455,5,Sandal,PCA
-0.7479492,1.9879848,2,Pullover,PCA
0.29782552,0.58215487,6,Shirt,PCA
0.0050394125,-1.9955784,1,Trouser,PCA
0.010982785,-0.70385283,6,Shirt,PCA
0.04158745,0.4148973,4,Coat,PCA
1.3027442,0.647594,0,T-shirt/top,PCA
-0.8901074,0.122800365,2,Pullover,PCA
-1.3168662,0.74352664,5,Sandal,PCA
-1.7558877,-0.7385934,7,Sneaker,PCA
1.2227525,-1.0591854,0,T-shirt/top,PCA
0.8523453,1.925441,2,Pullover,PCA
0.24343835,0.2214912,2,Pullover,PCA
1.0492855,-1.8213177,3,Dress,PCA
-1.6486684,-0.9284475,5,Sandal,PCA
0.13077097,0.4416717,9,Ankle boot,PCA
-1.1355795,-1.700172,5,Sandal,PCA
1.1246653,0.36485338,8,Bag,PCA
-0.35684168,1.5526344,4,Coat,PCA
-0.84358925,1.7641954,4,Coat,PCA
0.3663938,0.23184192,9,Ankle boot,PCA
-0.28339577,1.1366675,9,Ankle boot,PCA
0.16362114,-0.07288308,3,Dress,PCA
-1.2951592,1.0819904,6,Shirt,PCA
2.0876284,2.1161928,9,Ankle boot,PCA
0.28147477,1.5131905,9,Ankle boot,PCA
1.3545703,1.6341814,9,Ankle boot,PCA
-1.5564653,0.53363854,8,Bag,PCA
-0.04808078,0.13092425,6,Shirt,PCA
-0.057588022,0.36352172,9,Ankle boot,PCA
0.8326913,0.57582694,6,Shirt,PCA
-0.80866975,-0.63869745,1,Trouser,PCA
-1.7299201,-0.07730122,5,Sandal,PCA
0.37498623,0.032017678,5,Sandal,PCA
1.8102113,-0.68144894,5,Sandal,PCA
0.09801668,0.26646128,3,Dress,PCA
-1.0716227,-0.56263375,1,Trouser,PCA
-1.1840423,-1.7995466,1,Trouser,PCA
-0.5894499,1.3517859,9,Ankle boot,PCA
0.41066414,0.42776027,7,Sneaker,PCA
-1.0713191,1.4688491,2,Pullover,PCA
-0.15537113,-1.3439952,1,Trouser,PCA
0.52344275,0.9777907,9,Ankle boot,PCA
-0.52532625,-0.053620197,3,Dress,PCA
1.2493025,0.88436353,9,Ankle boot,PCA
0.3195395,-1.4027418,7,Sneaker,PCA
0.78803355,1.4316068,2,Pullover,PCA
1.82354,-0.7337132,0,T-shirt/top,PCA
-0.6738424,-0.22795975,3,Dress,PCA
-1.786529,1.5527425,4,Coat,PCA
-2.8155987,-1.4766641,5,Sandal,PCA
0.11451051,-0.37818086,3,Dress,PCA
0.24543475,0.16757473,8,Bag,PCA
1.9114429,1.3137338,8,Bag,PCA
-0.53781545,1.1341156,7,Sneaker,PCA
0.0984503,0.85385555,4,Coat,PCA
0.9769072,0.889212,9,Ankle boot,PCA
0.014149986,0.957348,6,Shirt,PCA
-1.1443365,-0.19972473,5,Sandal,PCA
1.5905842,-0.49567214,0,T-shirt/top,PCA
0.50788504,-0.9269641,5,Sandal,PCA
0.44045174,0.22473225,7,Sneaker,PCA
0.2321905,0.4463927,2,Pullover,PCA
-1.6932658,2.1676195,2,Pullover,PCA
0.439636,-0.81310076,6,Shirt,PCA
-0.28888518,0.5652966,7,Sneaker,PCA
-0.51215404,0.5730565,2,Pullover,PCA
-0.97550493,-0.9637769,1,Trouser,PCA
1.5403666,1.5087148,9,Ankle boot,PCA
-0.029879726,-1.5668297,0,T-shirt/top,PCA
0.59719115,0.29548618,6,Shirt,PCA
-0.26622212,0.7712377,0,T-shirt/top,PCA
-1.2836441,-0.26544353,7,Sneaker,PCA
-0.48732126,-0.15275285,7,Sneaker,PCA
0.9019569,-0.4191898,0,T-shirt/top,PCA
-0.6736068,1.2032415,4,Coat,PCA
1.0045273,-2.080705,3,Dress,PCA
0.41680264,0.5714091,3,Dress,PCA
1.1501414,-0.70223206,0,T-shirt/top,PCA
0.079587676,-0.7706947,6,Shirt,PCA
1.5675579,1.2260393,6,Shirt,PCA
0.86665386,-1.15867,0,T-shirt/top,PCA
-0.5458574,0.6520343,7,Sneaker,PCA
-0.63440734,-0.0071590007,3,Dress,PCA
-1.4531522,-0.44401067,7,Sneaker,PCA
-1.604319,-1.773763,5,Sandal,PCA
1.0775762,-0.36309785,0,T-shirt/top,PCA
-0.06939451,2.0716767,4,Coat,PCA
-0.1924301,1.3593739,9,Ankle boot,PCA
0.06853422,-1.9554119,3,Dress,PCA
0.32194942,0.65841097,5,Sandal,PCA
-0.42171776,0.32760453,7,Sneaker,PCA
1.310386,1.9104851,2,Pullover,PCA
-0.30849856,0.3065091,7,Sneaker,PCA
-1.7881628,-0.7363769,1,Trouser,PCA
2.0030694,-1.2359275,0,T-shirt/top,PCA
-1.0274943,-1.5874928,3,Dress,PCA
2.2357683,-1.0624943,5,Sandal,PCA
-0.9110109,2.0586922,9,Ankle boot,PCA
0.12548104,2.0920496,2,Pullover,PCA
0.21705346,-0.9847018,0,T-shirt/top,PCA
0.23326541,1.5455332,2,Pullover,PCA
0.87521255,0.101635344,7,Sneaker,PCA
-0.40694535,-0.73776495,0,T-shirt/top,PCA
1.8433973,1.6099586,6,Shirt,PCA
0.7334639,1.725437,2,Pullover,PCA
2.5710113,1.1853081,0,T-shirt/top,PCA
-1.0909474,-0.6228327,5,Sandal,PCA
-1.1206461,-1.4135095,1,Trouser,PCA
-1.0098249,0.24560459,4,Coat,PCA
-3.0672941,-0.3271429,5,Sandal,PCA
-0.15749261,-1.574751,1,Trouser,PCA
-0.5696882,1.5450609,9,Ankle boot,PCA
-1.0124974,-2.0383594,1,Trouser,PCA
-0.42562526,-0.42194128,4,Coat,PCA
0.2973252,-0.45351952,5,Sandal,PCA
0.1533371,0.92948836,7,Sneaker,PCA
-1.3841748,1.202412,5,Sandal,PCA
-1.1645328,0.5779264,0,T-shirt/top,PCA
-1.795823,0.74587405,4,Coat,PCA
0.39168406,0.6878832,7,Sneaker,PCA
0.5591778,-0.06026251,2,Pullover,PCA
-0.6402657,0.39456105,5,Sandal,PCA
1.2171844,0.5003717,9,Ankle boot,PCA
