component_1,component_2,label,class_name,method
-0.8046621,1.447777,0,T-shirt/top,PCA
0.019788373,1.6202128,6,Shirt,PCA
-0.24843888,-1.441062,5,Sandal,PCA
1.2861078,-1.3933516,7,Sneaker,PCA
2.2751508,-0.43741623,7,Sneaker,PCA
-0.292176,1.0968692,8,Bag,PCA
1.7455505,-0.3938632,9,Ankle boot,PCA
0.23597465,0.41599166,6,Shirt,PCA
0.34054044,1.1043551,2,Pullover,PCA
0.3039673,0.08631815,2,Pullover,PCA
-1.1462328,0.27653864,3,Dress,PCA
0.82233393,0.048252083,4,Coat,PCA
1.4215883,-1.2639141,9,Ankle boot,PCA
-2.0280786,-1.7100978,1,Trouser,PCA
1.8400763,-1.8815222,7,Sneaker,PCA
-0.048458837,1.398011,2,Pullover,PCA
-0.6199266,0.97749823,0,T-shirt/top,PCA
0.5688841,1.2780235,4,Coat,PCA
-1.6422926,0.889653,3,Dress,PCA
0.0979947,1.1235275,9,Ankle boot,PCA
-0.32777804,0.9076256,0,T-shirt/top,PCA
1.6181755,-0.28789163,9,Ankle boot,PCA
-0.8896103,1.0358136,6,Shirt,PCA
-0.6306985,1.1041062,4,Coat,PCA
1.3795972,-0.72546023,9,Ankle boot,PCA
1.0358411,-1.4165237,7,Sneaker,PCA
1.5523508,-0.2887653,9,Ankle boot,PCA
0.15530664,-0.47156048,0,T-shirt/top,PCA
0.06968084,1.9691775,6,Shirt,PCA
0.40423912,0.73222005,2,Pullover,PCA
-0.9158031,0.9898327,0,T-shirt/top,PCA
0.9498018,-2.1314738,7,Sneaker,PCA
1.4263163,-0.25137365,7,Sneaker,PCA
-0.42592812,0.41286764,0,T-shirt/top,PCA
0.60627353,-0.7723862,5,Sandal,PCA
1.5038486,1.4064116,4,Coat,PCA
-0.18255608,0.99021846,6,Shirt,PCA
0.7842076,-1.3173487,7,Sneaker,PCA
0.022329094,-1.3278852,5,Sandal,PCA
-0.19522955,-1.6078932,7,Sneaker,PCA
0.8131839,-1.6481743,7,Sneaker,PCA
-1.0571861,-0.7943583,3,Dress,PCA
0.29861057,0.20522949,4,Coat,PCA
-1.8742129,-0.07279901,3,Dress,PCA
-1.9636465,-0.7696905,1,Trouser,PCA
1.273564,1.4783754,2,Pullover,PCA
-0.34882814,-1.2168701,5,Sandal,PCA
-0.056539856,0.80668604,8,Bag,PCA
0.3415846,0.47777045,2,Pullover,PCA
-1.045525,0.37837747,6,Shirt,PCA
1.265978,-1.3471591,7,Sneaker,PCA
0.66965526,0.2806122,9,Ankle boot,PCA
1.5385617,-1.7402229,7,Sneaker,PCA
1.1765114,0.91225356,8,Bag,PCA
0.5462294,0.9537713,8,Bag,PCA
-0.97517717,0.8348043,6,Shirt,PCA
-0.37490997,0.5490118,4,Coat,PCA
-1.1652266,0.11796123,1,Trouser,PCA
0.09671778,0.036035202,6,Shirt,PCA
-0.6899032,0.09580539,6,Shirt,PCA
-1.2326254,-0.5003639,1,Trouser,PCA
0.9346402,1.3183694,6,Shirt,PCA
0.7774271,-2.1136215,7,Sneaker,PCA
-0.8696631,0.75094014,3,Dress,PCA
0.807465,1.3368833,2,Pullover,PCA
1.5508107,1.6999714,9,Ankle boot,PCA
-1.9280256,-0.80179596,1,Trouser,PCA
0.2634424,-0.0215488,5,Sandal,PCA
0.6693441,0.38333225,8,Bag,PCA
-1.4692628,0.41406822,1,Trouser,PCA
-0.7969675,0.3601684,6,Shirt,PCA
-1.0584261,1.2658527,4,Coat,PCA
0.73821884,-0.60199463,5,Sandal,PCA
-1.5395685,0.14961061,3,Dress,PCA
0.58068496,1.5003896,2,Pullover,PCA
0.13760601,0.120033875,4,Coat,PCA
0.14854302,-0.055959903,8,Bag,PCA
-0.34598494,-0.10294514,0,T-shirt/top,PCA
-1.4218259,-0.9891705,1,Trouser,PCA
-1.6925242,-0.675239,3,Dress,PCA
1.7247969,0.38630384,8,Bag,PCA
0.03071312,0.9070926,0,T-shirt/top,PCA
-0.5582483,-0.20519611,3,Dress,PCA
-0.20167722,-0.0326645,0,T-shirt/top,PCA
-1.1342299,-1.0783787,1,Trouser,PCA
-1.2882346,0.2238689,0,T-shirt/top,PCA
0.14588113,0.48489493,2,Pullover,PCA
0.0847936,-0.20956092,6,Shirt,PCA
0.83610916,-1.5027475,8,Bag,PCA
1.9178393,0.36456493,8,Bag,PCA
-0.95828474,-1.778234,5,Sandal,PCA
0.38949564,-0.41638505,4,Coat,PCA
0.3211502,-2.1871793,7,Sneaker,PCA
1.2276481,0.3045411,9,Ankle boot,PCA
1.6621165,-0.037027426,8,Bag,PCA
0.7207845,1.0928001,4,Coat,PCA
2.4518077,0.571332,9,Ankle boot,PCA
-0.336148,1.3586609,6,Shirt,PCA
-1.4145362,-0.038982507,3,Dress,PCA
1.2523509,-1.604564,7,Sneaker,PCA
1.1658385,-0.56393516,8,Bag,PCA
1.6429497,-0.2947363,8,Bag,PCA
-0.2964954,1.4399617,8,Bag,PCA
0.94649196,-0.40760177,5,Sandal,PCA
-1.507354,-1.3296106,1,Trouser,PCA
-1.5152909,-0.97835976,1,Trouser,PCA
-1.0133858,-0.011557296,0,T-shirt/top,PCA
-0.67832947,-0.5907316,3,Dress,PCA
1.4893179,-1.3717399,7,Sneaker,PCA
0.39550304,1.1336386,6,Shirt,PCA
-1.3562466,0.21485862,3,Dress,PCA
0.568192,0.3040361,9,Ankle boot,PCA
-0.4559564,0.38550782,8,Bag,PCA
0.14955671,0.46235812,4,Coat,PCA
0.1789541,0.75955015,6,Shirt,PCA
0.19825809,-0.18556714,5,Sandal,PCA
0.22809505,0.100229055,2,Pullover,PCA
0.4168506,0.38842002,8,Bag,PCA
-0.09397793,-1.8226886,7,Sneaker,PCA
-0.7182136,-0.4781629,3,Dress,PCA
-0.017322643,0.25048128,2,Pullover,PCA
0.82753015,-1.9501534,7,Sneaker,PCA
-0.61392915,1.4833436,0,T-shirt/top,PCA
1.1672088,0.45182756,2,Pullover,PCA
1.0203774,-1.288945,7,Sneaker,PCA
1.3693329,0.74515283,4,Coat,PCA
-0.40941247,-0.0034922287,0,T-shirt/top,PCA
0.41521615,0.055178158,5,Sandal,PCA
0.62865376,1.3644311,8,Bag,PCA
-0.8755696,-0.7846958,1,Trouser,PCA
0.36789122,-0.9615356,5,Sandal,PCA
-1.3470349,1.1693618,0,T-shirt/top,PCA
-1.8347859,1.006526,3,Dress,PCA
1.2566544,-1.2854693,9,Ankle boot,PCA
0.9850137,0.9932737,8,Bag,PCA
-0.585157,0.8697344,0,T-shirt/top,PCA
-0.026721193,-2.3605368,7,Sneaker,PCA
0.39051276,-0.03326192,6,Shirt,PCA
-0.028981587,-0.20626147,3,Dress,PCA
-0.60719407,-1.0951164,1,Trouser,PCA
-0.30364946,1.1885328,2,Pullover,PCA
-0.8738829,1.3337998,4,Coat,PCA
-0.927284,1.7783453,0,T-shirt/top,PCA
0.7547214,-0.6526749,8,Bag,PCA
-0.6549546,0.6491807,0,T-shirt/top,PCA
-0.6938095,1.9605188,0,T-shirt/top,PCA
1.3464073,-0.44607145,8,Bag,PCA
1.3306121,1.5751369,8,Bag,PCA
1.3835495,0.04842972,9,Ankle boot,PCA
1.607363,0.5728746,9,Ankle boot,PCA
-0.47100303,0.44145274,4,Coat,PCA
-1.1876822,1.4825366,0,T-shirt/top,PCA
-1.5247024,-1.0727625,3,Dress,PCA
-0.18505727,0.6845384,8,Bag,PCA
0.03729871,-0.019942308,3,Dress,PCA
0.07989797,-2.195456,7,Sneaker,PCA
-0.38729927,0.19483782,4,Coat,PCA
0.43258232,0.062199533,6,Shirt,PCA
0.12402442,0.098366424,5,Sandal,PCA
0.91836816,0.24019924,4,Coat,PCA
-0.8659875,0.41544497,6,Shirt,PCA
1.202974,0.5779512,6,Shirt,PCA
-1.438431,-0.7027208,1,Trouser,PCA
2.1084762,1.6050656,9,Ankle boot,PCA
-0.22025053,1.4882104,6,Shirt,PCA
-0.77269495,-0.091628276,3,Dress,PCA
0.5183519,0.9530687,2,Pullover,PCA
-1.2153234,0.63293153,3,Dress,PCA
-0.38850328,0.12720978,4,Coat,PCA
-0.40833387,0.73598886,5,Sandal,PCA
-2.0646415,-0.3000968,1,Trouser,PCA
0.12613697,0.35439974,2,Pullover,PCA
0.34383643,0.39463145,8,Bag,PCA
-1.9237124,-0.4885,1,Trouser,PCA
-0.7885784,-0.10671284,4,Coat,PCA
1.2531462,-0.2740863,9,Ankle boot,PCA
0.6561664,-0.18683527,5,Sandal,PCA
0.20085175,-0.20085482,6,Shirt,PCA
1.4220028,0.84635085,4,Coat,PCA
-1.3753088,0.98595506,0,T-shirt/top,PCA
-1.4491625,0.1506882,3,Dress,PCA
0.5747984,1.2487466,9,Ankle boot,PCA
-1.442294,-1.1488991,1,Trouser,PCA
-1.3125476,1.7486901,0,T-shirt/top,PCA
1.3655915,-0.32113206,9,Ankle boot,PCA
0.018391196,0.016786922,2,Pullover,PCA
-0.543887,-1.6620197,5,Sandal,PCA
-0.09272736,-0.28733587,6,Shirt,PCA
0.9487189,-0.09269612,5,Sandal,PCA
-0.15031646,0.20908295,8,Bag,PCA
-0.97560006,0.73615164,0,T-shirt/top,PCA
0.7050429,0.047547802,4,Coat,PCA
-0.9533715,0.054378115,3,Dress,PCA
1.1766993,1.2472627,8,Bag,PCA
-0.9367611,-0.71219295,4,Coat,PCA
-0.5362971,-0.12443001,0,T-shirt/top,PCA
0.11575636,0.5479603,8,Bag,PCA
-0.0028685126,-1.4577892,7,Sneaker,PCA
-0.90057844,0.46002495,0,T-shirt/top,PCA
-1.2353677,-0.020742409,1,Trouser,PCA
-0.75543505,-0.10329747,0,T-shirt/top,PCA
0.15998977,0.4260052,4,Coat,PCA
0.06464933,2.1704552,2,Pullover,PCA
-0.86948234,1.107188,0,T-shirt/top,PCA
0.14904578,-0.7445481,5,Sandal,PCA
0.73617804,0.7141185,8,Bag,PCA
0.3687109,1.58673,2,Pullover,PCA
-2.0583782,0.3280434,3,Dress,PCA
-0.16229981,-0.34675002,3,Dress,PCA
-0.27342254,-1.145828,5,Sandal,PCA
-0.860447,-0.7586673,1,Trouser,PCA
0.46030334,-1.7263749,7,Sneaker,PCA
0.5914543,1.8667696,9,Ankle boot,PCA
-1.5788866,-0.6540705,3,Dress,PCA
-0.690031,0.42240953,0,T-shirt/top,PCA
0.2992037,0.8708948,9,Ankle boot,PCA
0.089367196,0.8598111,5,Sandal,PCA
-1.1266603,0.811647,0,T-shirt/top,PCA
-1.5696372,0.29979616,3,Dress,PCA
1.4582388,-0.3380497,9,Ankle boot,PCA
0.57258046,1.7133884,4,Coat,PCA
1.2598466,0.55095893,9,Ankle boot,PCA
-0.6095362,0.16816124,0,T-shirt/top,PCA
-0.054247975,-0.6553779,6,Shirt,PCA
-0.25826025,-0.49534765,0,T-shirt/top,PCA
-0.6859783,-0.48396692,3,Dress,PCA
1.1757641,-0.66226166,8,Bag,PCA
-0.42389026,0.03199877,0,T-shirt/top,PCA
-0.16213752,-0.4351885,0,T-shirt/top,PCA
0.9315498,0.13750666,5,Sandal,PCA
-0.7845311,1.0823009,3,Dress,PCA
-1.0867052,-1.261529,1,Trouser,PCA
-0.4086948,0.570828,6,Shirt,PCA
-1.4333165,1.5769229,0,T-shirt/top,PCA
0.21321324,-0.407458,2,Pullover,PCA
-1.434139,1.0035717,3,Dress,PCA
-1.3891585,-1.0768936,1,Trouser,PCA
-1.831919,0.41361108,3,Dress,PCA
1.0829664,0.7722088,9,Ankle boot,PCA
0.10292282,0.4091166,5,Sandal,PCA
1.3795877,-1.4260213,8,Bag,PCA
-1.3409147,-0.7940305,1,Trouser,PCA
-1.2147207,0.2203964,1,Trouser,PCA
0.5882703,-0.3462261,4,Coat,PCA
0.94128555,-0.9926305,7,Sneaker,PCA
1.9629878,1.1608973,6,Shirt,PCA
-0.4633185,-0.094363794,3,Dress,PCA
-0.4665556,0.73824036,0,T-shirt/top,PCA
1.1106815,0.15541776,8,Bag,PCA
-0.30823207,1.9971931,6,Shirt,PCA
-0.7360444,-0.33047116,3,Dress,PCA
-0.9416032,0.32501596,6,Shirt,PCA
-0.24472858,0.54561365,4,Coat,PCA
0.7595361,1.2986794,4,Coat,PCA
0.29567662,1.625704,4,Coat,PCA
-0.0035053361,0.22294301,4,Coat,PCA
0.3388095,-0.19213665,2,Pullover,PCA
-1.3748906,-0.33405036,3,Dress,PCA
-0.03689476,0.08068846,4,Coat,PCA
0.85776377,1.8717418,9,Ankle boot,PCA
0.7038158,0.7912951,8,Bag,PCA
-0.0629509,0.6423291,6,Shirt,PCA
-0.14866129,1.4195197,0,T-shirt/top,PCA
1.7806597,-1.1071148,7,Sneaker,PCA
1.6334842,0.0016743876,9,Ankle boot,PCA
-0.25366434,-1.1150382,5,Sandal,PCA
0.36679253,0.51245487,4,Coat,PCA
-0.36376032,1.532834,0,T-shirt/top,PCA
0.42511645,0.39264205,2,Pullover,PCA
-1.3692265,-0.3307486,1,Trouser,PCA
-0.16509889,0.21218255,8,Bag,PCA
1.921793,-0.14332071,8,Bag,PCA
1.7734123,-0.2417434,8,Bag,PCA
-1.1267635,1.3044949,0,T-shirt/top,PCA
0.3511629,0.32753792,5,Sandal,PCA
0.32261106,0.67876095,2,Pullover,PCA
2.0195262,0.35261193,8,Bag,PCA
1.487167,0.044524103,6,Shirt,PCA
1.2148404,-1.151351,7,Sneaker,PCA
1.028837,0.87866825,8,Bag,PCA
-0.7788273,-0.57474446,3,Dress,PCA
2.3765085,0.5857745,9,Ankle boot,PCA
-1.7135658,1.395181,6,Shirt,PCA
-2.2536898,-1.1454449,1,Trouser,PCA
-1.7196625,-1.1145847,1,Trouser,PCA
-1.0685613,-0.114384346,3,Dress,PCA
-1.6113136,-1.1352789,1,Trouser,PCA
0.01535138,0.9177525,6,Shirt,PCA
1.1449536,0.48126668,6,Shirt,PCA
0.5987934,0.84721416,2,Pullover,PCA
0.013020946,-0.31587616,2,Pullover,PCA
0.36153096,0.01643265,8,Bag,PCA
0.04860273,-0.012054417,6,Shirt,PCA
-0.24460842,-0.563098,0,T-shirt/top,PCA
-2.0421846,0.69180256,3,Dress,PCA
-1.4559115,0.23396304,3,Dress,PCA
0.3060068,0.9356632,2,Pullover,PCA
-0.7994567,0.058889166,3,Dress,PCA
1.3034688,0.62068325,9,Ankle boot,PCA
-0.1282943,-0.3594376,4,Coat,PCA
-0.43331054,1.1587703,0,T-shirt/top,PCA
-1.208839,2.1023648,6,Shirt,PCA
-0.44855767,-1.3812726,5,Sandal,PCA
-0.660107,1.450887,0,T-shirt/top,PCA
-0.33240175,0.91235906,4,Coat,PCA
0.5017853,1.2941582,4,Coat,PCA
-0.17710915,-2.1351633,7,Sneaker,PCA
0.86505646,0.24113199,9,Ankle boot,PCA
-0.018366272,0.13237368,2,Pullover,PCA
0.25815025,-1.2911036,7,Sneaker,PCA
0.93613774,0.4139285,8,Bag,PCA
1.0338184,-1.1586816,7,Sneaker,PCA
-1.4006256,-1.0750268,1,Trouser,PCA
0.8217887,-0.20260942,4,Coat,PCA
-0.17801675,1.0205064,6,Shirt,PCA
0.029004576,-1.1261711,5,Sandal,PCA
-2.0586057,-0.54018986,1,Trouser,PCA
1.5495193,-1.0062969,9,Ankle boot,PCA
0.71265036,-0.9275212,5,Sandal,PCA
0.20546593,1.0824528,6,Shirt,PCA
-0.05463431,0.62429285,0,T-shirt/top,PCA
1.1002369,-0.022271834,2,Pullover,PCA
-1.4345623,0.8513715,0,T-shirt/top,PCA
0.047017947,-1.100457,8,Bag,PCA
1.5304819,1.0395043,4,Coat,PCA
1.4130694,-1.7370532,7,Sneaker,PCA
-1.5710127,1.5275288,0,T-shirt/top,PCA
-0.6987283,0.8263512,0,T-shirt/top,PCA
-0.19907805,-0.16184577,6,Shirt,PCA
-0.4499766,1.8327289,2,Pullover,PCA
0.26406774,0.43163154,4,Coat,PCA
-2.4249737,0.61012757,3,Dress,PCA
1.3780973,-1.7345023,7,Sneaker,PCA
-0.8999383,-0.8264906,3,Dress,PCA
-0.33019933,1.5636032,4,Coat,PCA
0.07933833,-0.5144633,2,Pullover,PCA
-1.1165361,-0.5670414,3,Dress,PCA
0.47398478,-1.8892245,7,Sneaker,PCA
0.29365155,0.03254229,4,Coat,PCA
0.117516905,-0.190282,5,Sandal,PCA
0.21304657,-1.4607079,7,Sneaker,PCA
0.80738515,0.48861617,5,Sandal,PCA
-0.7664094,0.7389342,0,T-shirt/top,PCA
0.9513952,-0.49146417,5,Sandal,PCA
0.0094982125,1.6049373,6,Shirt,PCA
-0.19211729,-2.2061217,7,Sneaker,PCA
-2.1923938,-0.59282595,1,Trouser,PCA
0.75605166,0.8209795,8,Bag,PCA
2.0701144,-0.3976167,9,Ankle boot,PCA
-0.7848871,-1.3056765,1,Trouser,PCA
-0.51117873,0.6674276,0,T-shirt/top,PCA
-1.9159136,-1.6413386,1,Trouser,PCA
0.9071585,-2.1640954,7,Sneaker,PCA
-0.37971607,-0.68162954,8,Bag,PCA
1.2831961,-0.010768296,9,Ankle boot,PCA
0.59841,1.922895,6,Shirt,PCA
0.87746817,0.35160857,9,Ankle boot,PCA
-1.4898615,0.4643435,3,Dress,PCA
-0.78259176,1.1695065,0,T-shirt/top,PCA
-0.13963921,1.1649191,6,Shirt,PCA
-0.37247664,0.766488,4,Coat,PCA
0.52595246,0.78208804,2,Pullover,PCA
0.023403589,-1.2869804,7,Sneaker,PCA
0.36793008,-1.6385896,7,Sneaker,PCA
0.7042201,-0.37357765,4,Coat,PCA
-0.9715744,-1.9858568,5,Sandal,PCA
-0.13841683,0.05229277,2,Pullover,PCA
0.51342535,0.13041078,4,Coat,PCA
0.9752086,-0.24510066,4,Coat,PCA
-0.27419367,-0.43484336,6,Shirt,PCA
0.28856722,-1.8935053,7,Sneaker,PCA
-1.2172471,-1.2876699,1,Trouser,PCA
1.1943707,0.6746386,9,Ankle boot,PCA
0.14608677,0.110657945,6,Shirt,PCA
0.32201988,2.203974,6,Shirt,PCA
-0.8355188,-1.8529749,5,Sandal,PCA
-0.8844448,1.314745,0,T-shirt/top,PCA
-0.8224706,0.17882596,3,Dress,PCA
-0.9081264,-0.9840842,1,Trouser,PCA
-0.73221874,-0.1463106,0,T-shirt/top,PCA
1.8227823,-0.48072428,9,Ankle boot,PCA
-1.0062779,1.0223756,0,T-shirt/top,PCA
-0.99804467,-0.4853529,3,Dress,PCA
0.4312014,-0.03977761,2,Pullover,PCA
1.3178433,2.2680228,2,Pullover,PCA
-0.009752963,0.115726456,2,Pullover,PCA
0.3012193,1.5822098,9,Ankle boot,PCA
0.8619085,1.7285788,2,Pullover,PCA
-0.7843744,0.48241955,4,Coat,PCA
0.26437086,1.1608346,4,Coat,PCA
2.289945,0.15843157,9,Ankle boot,PCA
1.0922956,0.40197423,8,Bag,PCA
-1.4974185,1.7257061,6,Shirt,PCA
1.0705287,-2.012309,7,Sneaker,PCA
-1.7202151,0.5777675,3,Dress,PCA
-1.8278403,-0.5600515,1,Trouser,PCA
-2.4903736,-0.61410654,1,Trouser,PCA
-0.39196947,-0.3878428,6,Shirt,PCA
-2.3711178,0.14814621,3,Dress,PCA
-0.23882772,-2.212579,7,Sneaker,PCA
-0.58211285,0.37669224,4,Coat,PCA
-1.7906376,1.2789617,4,Coat,PCA
-0.3717423,0.4988125,2,Pullover,PCA
0.099064164,-1.8726697,7,Sneaker,PCA
-1.4033623,0.78105086,3,Dress,PCA
0.45355463,1.5855212,9,Ankle boot,PCA
-0.24591859,-1.1482475,5,Sandal,PCA
0.20631523,-1.231009,5,Sandal,PCA
0.9063411,-0.13196838,9,Ankle boot,PCA
-0.30771887,1.4629772,6,Shirt,PCA
1.5713209,-0.7246092,9,Ankle boot,PCA
0.026622774,0.51499283,2,Pullover,PCA
-2.297626,0.967367,3,Dress,PCA
0.8081203,1.4560187,2,Pullover,PCA
0.4203756,1.392946,2,Pullover,PCA
1.2733338,-0.36498532,8,Bag,PCA
0.4222694,-0.4302757,6,Shirt,PCA
0.44811296,1.3385077,4,Coat,PCA
0.386543,-1.1231484,7,Sneaker,PCA
1.8049107,0.8728003,9,Ankle boot,PCA
1.4075816,0.12823385,8,Bag,PCA
0.008786649,0.15849736,6,Shirt,PCA
0.40922335,-2.2680576,7,Sneaker,PCA
0.8417326,-1.2246463,5,Sandal,PCA
1.9448184,0.037920803,9,Ankle boot,PCA
0.58681947,0.24799854,2,Pullover,PCA
1.2430111,-0.11726539,8,Bag,PCA
-2.0062168,-0.9766181,1,Trouser,PCA
1.8115779,0.525829,9,Ankle boot,PCA
-1.2332702,1.2549107,4,Coat,PCA
0.27765977,1.0168748,9,Ankle boot,PCA
0.97532964,0.7282355,9,Ankle boot,PCA
0.117810465,0.45064247,6,Shirt,PCA
-0.4835006,-0.034512,0,T-shirt/top,PCA
-0.14824882,-0.9371161,5,Sandal,PCA
-0.73915124,0.9287598,0,T-shirt/top,PCA
-0.23902614,0.8043657,8,Bag,PCA
0.38333285,1.6191015,6,Shirt,PCA
1.9685603,0.081213124,8,Bag,PCA
-1.4311383,-0.95054865,1,Trouser,PCA
-0.6392202,2.0965707,4,Coat,PCA
0.06803819,0.17689005,4,Coat,PCA
0.122898,-2.1832776,7,Sneaker,PCA
-1.0758296,0.89942926,3,Dress,PCA
-1.1439166,0.34969884,3,Dress,PCA
0.9853958,1.9558387,2,Pullover,PCA
-0.982619,0.10062349,3,Dress,PCA
-1.8044251,-0.90654373,1,Trouser,PCA
-0.56717706,-0.13680437,0,T-shirt/top,PCA
-1.406836,1.2010639,4,Coat,PCA
-0.54705673,-0.64823395,4,Coat,PCA
-0.26739112,1.7427764,9,Ankle boot,PCA
0.5432966,0.5438708,6,Shirt,PCA
-1.6528696,1.068826,0,T-shirt/top,PCA
1.5183944,0.6818935,9,Ankle boot,PCA
0.43709543,0.784302,8,Bag,PCA
0.1048389,0.32011002,8,Bag,PCA
-0.7950137,0.6483818,3,Dress,PCA
2.4101412,-0.84183425,9,Ankle boot,PCA
0.40242964,-0.47585478,7,Sneaker,PCA
-0.9639355,0.77175516,0,T-shirt/top,PCA
-1.0384481,-0.8939684,1,Trouser,PCA
0.056884862,0.5965669,2,Pullover,PCA
-0.8344862,-0.609537,3,Dress,PCA
-1.4180083,0.09510909,3,Dress,PCA
-1.4649371,0.36007363,3,Dress,PCA
0.9742541,-1.7594929,5,Sandal,PCA
0.09652783,0.03557396,6,Shirt,PCA
-0.25087205,0.067657076,6,Shirt,PCA
-0.8624694,-0.70151424,1,Trouser,PCA
-1.2063752,1.3584342,6,Shirt,PCA
-1.7737337,-0.18467931,3,Dress,PCA
-1.9284796,0.83208466,3,Dress,PCA
-0.23589645,0.3781078,5,Sandal,PCA
-0.06437417,-0.16019097,8,Bag,PCA
1.4678664,1.5226014,4,Coat,PCA
-0.4280494,0.8231107,8,Bag,PCA
0.45360932,-2.6117613,7,Sneaker,PCA
-0.94856566,1.9732485,6,Shirt,PCA
1.1694705,-1.6698442,7,Sneaker,PCA
-0.14698765,0.86261547,2,Pullover,PCA
-1.9973966,-1.6323798,1,Trouser,PCA
-1.1147743,-1.0904567,1,Trouser,PCA
-1.09822,-0.33959138,3,Dress,PCA
0.40639612,0.45356694,8,Bag,PCA
-0.030582232,1.5061231,6,Shirt,PCA
-0.23151173,0.11598246,0,T-shirt/top,PCA
1.8130593,0.8802442,9,Ankle boot,PCA
0.9817168,-1.8980424,7,Sneaker,PCA
-0.0013182256,0.37245944,5,Sandal,PCA
0.72883195,0.07084829,8,Bag,PCA
0.633385,1.7950587,2,Pullover,PCA
-2.0496001,0.18208192,3,Dress,PCA
0.1682729,-0.1062059,5,Sandal,PCA
1.5502566,-0.39666325,9,Ankle boot,PCA
0.28970453,-1.5336878,7,Sneaker,PCA
-0.37989804,-0.2555524,0,T-shirt/top,PCA
-1.3192236,-0.17143066,1,Trouser,PCA
-2.3347406,-0.6305503,1,Trouser,PCA
0.97375685,0.52841055,9,Ankle boot,PCA
2.0207272,0.15317294,8,Bag,PCA
-0.025463412,1.1164069,6,Shirt,PCA
0.79273903,1.0482733,0,T-shirt/top,PCA
-0.79283893,1.7196603,0,T-shirt/top,PCA
-2.325307,-1.6296546,1,Trouser,PCA
0.35916877,0.31912905,2,Pullover,PCA
0.70834476,-0.051546555,2,Pullover,PCA
-1.2522398,0.7534314,4,Coat,PCA
-0.35974857,0.37057886,4,Coat,PCA
0.76066196,-0.13926461,8,Bag,PCA
-1.1101146,-1.1178331,1,Trouser,PCA
0.4695481,-0.1232091,3,Dress,PCA
1.4752394,-0.8951581,7,Sneaker,PCA
-1.545538,0.48037082,3,Dress,PCA
1.9499575,1.4187443,6,Shirt,PCA
-0.89950544,-1.1410861,1,Trouser,PCA
0.2976611,1.6060615,0,T-shirt/top,PCA
-0.08988521,0.08213478,5,Sandal,PCA
-1.2607604,0.7280527,0,T-shirt/top,PCA
-0.8612701,-1.0722454,1,Trouser,PCA
-0.08129705,-1.7822144,7,Sneaker,PCA
-1.1627028,0.73242164,3,Dress,PCA
1.972135,-0.60473776,9,Ankle boot,PCA
-0.52449924,-0.071568385,8,Bag,PCA
-2.0786808,0.8315467,3,Dress,PCA
1.3915782,-0.13907078,9,Ankle boot,PCA
0.16761631,1.0349512,6,Shirt,PCA
0.97303355,1.3683105,9,Ankle boot,PCA
-0.1512999,0.46487063,5,Sandal,PCA
0.5411963,0.50413316,4,Coat,PCA
0.018717758,-2.2173033,7,Sneaker,PCA
-0.9694807,0.08686189,0,T-shirt/top,PCA
-0.8531494,-0.14961477,3,Dress,PCA
1.494821,0.14631331,9,Ankle boot,PCA
-0.011994643,-2.0152326,7,Sneaker,PCA
1.9974965,-0.59673643,9,Ankle boot,PCA
-0.5937631,-0.31825292,6,Shirt,PCA
0.9477008,-0.4652629,4,Coat,PCA
-0.091602914,-0.91522294,5,Sandal,PCA
1.7930427,0.6126732,6,Shirt,PCA
-0.28118947,-0.49360266,2,Pullover,PCA
-1.3183999,-1.2163973,1,Trouser,PCA
-0.13660748,0.7604252,5,Sandal,PCA
-0.7029273,-0.25964385,3,Dress,PCA
-0.09559818,0.5437063,4,Coat,PCA
-1.1525353,-0.60714346,1,Trouser,PCA
-0.3025104,0.31162107,5,Sandal,PCA
-0.14760919,-0.004440915,5,Sandal,PCA
1.3224039,0.35697624,8,Bag,PCA
1.457038,-1.0362928,8,Bag,PCA
1.4972948,-0.5179785,9,Ankle boot,PCA
0.40759888,0.5032666,4,Coat,PCA
1.2398709,0.61034936,9,Ankle boot,PCA
-0.0034980476,-0.95623124,5,Sandal,PCA
1.7432787,-1.3779602,7,Sneaker,PCA
1.4803257,-0.5549749,8,Bag,PCA
0.5460286,-2.2045991,7,Sneaker,PCA
-1.6763945,0.44851035,1,Trouser,PCA
-1.0245405,-0.16094035,3,Dress,PCA
-2.4120967,-1.1800125,1,Trouser,PCA
0.033612534,0.73770756,6,Shirt,PCA
-1.6699059,-1.2768917,1,Trouser,PCA
-0.68517303,-0.21216132,3,Dress,PCA
-0.8344006,-0.40844455,3,Dress,PCA
-2.3253615,-0.79919696,1,Trouser,PCA
-1.175151,-0.17850974,3,Dress,PCA
0.19856822,0.9668583,8,Bag,PCA
1.4472017,0.11918323,9,Ankle boot,PCA
1.7616674,0.23685622,9,Ankle boot,PCA
0.17710154,0.66397893,4,Coat,PCA
-0.8548768,-1.1456802,1,Trouser,PCA
-0.86470115,1.6360433,0,T-shirt/top,PCA
2.2484434,0.93270755,8,Bag,PCA
-0.04138659,-0.63978785,6,Shirt,PCA
0.13557233,0.52681786,2,Pullover,PCA
-0.55349433,0.34702685,0,T-shirt/top,PCA
0.7055467,-1.9096577,7,Sneaker,PCA
1.4912125,-0.37922886,9,Ankle boot,PCA
-0.38098487,0.7691545,8,Bag,PCA
0.67543155,1.723438,2,Pullover,PCA
0.4703866,-1.2447822,5,Sandal,PCA
0.5292829,0.49375993,4,Coat,PCA
-0.29883352,0.39046422,6,Shirt,PCA
-1.5326663,0.7651453,3,Dress,PCA
-1.2684127,-0.9641292,1,Trouser,PCA
-0.16921395,-1.7094705,7,Sneaker,PCA
-0.093564734,1.570888,2,Pullover,PCA
0.420317,0.55502105,5,Sandal,PCA
0.038022436,0.09982556,2,Pullover,PCA
0.0745653,0.44442922,6,Shirt,PCA
0.44675294,1.4851975,8,Bag,PCA
0.09272337,0.4996944,2,Pullover,PCA
0.9855666,-0.87667155,5,Sandal,PCA
0.16748962,-0.02648443,2,Pullover,PCA
0.14363983,0.83845717,0,T-shirt/top,PCA
1.1152979,-1.3745799,7,Sneaker,PCA
-0.7926638,-0.90996414,1,Trouser,PCA
-0.16659,-0.5995582,2,Pullover,PCA
2.127301,-0.13378367,9,Ankle boot,PCA
-0.92244583,0.3031141,3,Dress,PCA
0.0019018762,0.71485984,0,T-shirt/top,PCA
-1.5663253,-0.56246006,1,Trouser,PCA
0.8945387,-1.0323998,8,Bag,PCA
-0.91256803,0.8692717,0,T-shirt/top,PCA
0.092862375,0.31258395,8,Bag,PCA
0.4028674,-0.682129,5,Sandal,PCA
0.0040116776,0.88552463,6,Shirt,PCA
-0.14780979,0.40311077,8,Bag,PCA
0.54055256,-0.44662836,5,Sandal,PCA
1.9875094,0.18367566,9,Ankle boot,PCA
-0.8551554,0.910044,0,T-shirt/top,PCA
-0.13870864,-1.9924569,7,Sneaker,PCA
0.64231837,-1.2547626,7,Sneaker,PCA
-0.9799813,1.6109102,0,T-shirt/top,PCA
-1.1593698,1.215363,0,T-shirt/top,PCA
-1.0432487,1.3596992,4,Coat,PCA
-1.6960006,-1.0331908,1,Trouser,PCA
-1.0506885,-1.2887762,1,Trouser,PCA
-0.0042351577,0.38117692,6,Shirt,PCA
1.0284015,0.46192807,8,Bag,PCA
0.89988804,0.22808015,4,Coat,PCA
-1.5319963,-1.3590882,1,Trouser,PCA
0.06480262,0.28166094,2,Pullover,PCA
-0.2611844,-2.2794707,7,Sneaker,PCA
0.5270595,-1.152134,5,Sandal,PCA
0.726363,-1.5733132,5,Sandal,PCA
1.7517626,0.17660488,9,Ankle boot,PCA
-0.28200725,0.15980563,2,Pullover,PCA
0.45541736,0.1495282,5,Sandal,PCA
0.16870968,-2.2770438,7,Sneaker,PCA
1.3461288,0.7112379,9,Ankle boot,PCA
0.013380533,0.3559067,6,Shirt,PCA
-0.24098076,-1.9104745,7,Sneaker,PCA
-1.5021656,1.8822844,0,T-shirt/top,PCA
-1.1837133,0.5505675,6,Shirt,PCA
1.6193302,-0.9235096,9,Ankle boot,PCA
-0.08758051,0.23019043,2,Pullover,PCA
0.9708608,2.580394,6,Shirt,PCA
2.2672698,0.78509325,9,Ankle boot,PCA
0.6796344,0.27551025,6,Shirt,PCA
0.06667254,0.11500622,6,Shirt,PCA
-0.9080756,1.9395308,0,T-shirt/top,PCA
0.35664248,0.76563597,4,Coat,PCA
-0.8276929,0.17789093,4,Coat,PCA
-1.6352898,1.3645339,0,T-shirt/top,PCA
0.36447024,0.9090484,4,Coat,PCA
0.8004818,-0.53190196,5,Sandal,PCA
-0.19905896,0.7237215,6,Shirt,PCA
1.7196039,0.14735256,9,Ankle boot,PCA
-0.9901392,-0.8724522,3,Dress,PCA
2.3931813,0.7172475,8,Bag,PCA
0.14075238,1.0861766,6,Shirt,PCA
0.5761467,-1.6598651,7,Sneaker,PCA
1.0836089,-1.5355742,5,Sandal,PCA
-0.32279164,1.0477831,2,Pullover,PCA
-1.8305595,-1.335778,1,Trouser,PCA
-0.5733132,0.2630575,3,Dress,PCA
1.2429893,-0.2693386,6,Shirt,PCA
-0.043080144,0.22309315,2,Pullover,PCA
1.1347092,-0.81677586,8,Bag,PCA
-1.372996,0.21169463,3,Dress,PCA
-0.5270036,-0.16342734,0,T-shirt/top,PCA
-1.3595183,-0.1510599,3,Dress,PCA
-0.6618702,1.1988049,4,Coat,PCA
-1.1718657,0.5258624,8,Bag,PCA
0.63338315,0.86811966,4,Coat,PCA
-0.3586588,0.5312539,6,Shirt,PCA
-2.202291,-0.65443295,1,Trouser,PCA
0.29789674,-0.51983446,4,Coat,PCA
-0.54005045,-0.32948422,3,Dress,PCA
0.91620487,-0.85764086,8,Bag,PCA
-1.9816357,-1.219167,1,Trouser,PCA
-1.8926345,-0.43315157,3,Dress,PCA
0.86543,0.1281241,4,Coat,PCA
1.543342,0.6458051,9,Ankle boot,PCA
0.3670228,-1.0121901,5,Sandal,PCA
1.2235645,1.1110027,4,Coat,PCA
1.4208751,0.17646566,8,Bag,PCA
-2.2055194,0.16007996,3,Dress,PCA
-2.0058432,-0.27308112,1,Trouser,PCA
-0.44652474,1.5041909,9,Ankle boot,PCA
-0.9511316,-1.9628229,5,Sandal,PCA
0.73128116,1.0694466,2,Pullover,PCA
-0.2409452,0.95634586,4,Coat,PCA
-1.9065663,0.4218793,3,Dress,PCA
-0.37644038,0.13755839,0,T-shirt/top,PCA
-0.50639606,0.8433324,0,T-shirt/top,PCA
0.06451961,-1.5676148,7,Sneaker,PCA
-0.5939317,-0.02432889,6,Shirt,PCA
-0.3866385,0.84058326,2,Pullover,PCA
0.5136544,-0.107510515,5,Sandal,PCA
-1.2192119,1.3587523,4,Coat,PCA
0.32548055,-0.21191123,2,Pullover,PCA
1.5336986,1.407017,9,Ankle boot,PCA
-1.3235916,-0.45481008,1,Trouser,PCA
0.39740115,0.8861719,6,Shirt,PCA
-0.66307163,-0.76289403,1,Trouser,PCA
1.2539783,-0.2342433,7,Sneaker,PCA
-0.2581845,1.4752345,9,Ankle boot,PCA
0.37645882,0.58090657,2,Pullover,PCA
-1.2444918,0.11781511,3,Dress,PCA
-0.5408291,0.66638917,6,Shirt,PCA
0.21179269,0.13875291,6,Shirt,PCA
-1.7516984,-1.6143706,1,Trouser,PCA
-0.66820985,0.292019,4,Coat,PCA
-0.6577157,0.70168275,4,Coat,PCA
-1.6947352,0.8433469,3,Dress,PCA
0.69435585,0.34067562,5,Sandal,PCA
-0.14656743,0.36168045,6,Shirt,PCA
0.3421331,-1.6896062,7,Sneaker,PCA
-0.85789794,1.0826898,0,T-shirt/top,PCA
0.9695283,-0.93920445,5,Sandal,PCA
1.4609536,-1.3237553,5,Sandal,PCA
2.018224,0.026309602,9,Ankle boot,PCA
1.629932,-0.121873364,9,Ankle boot,PCA
-0.018024078,0.31416932,8,Bag,PCA
-1.0485219,1.3649814,6,Shirt,PCA
0.9588776,1.4947865,4,Coat,PCA
1.8773339,-0.2286759,8,Bag,PCA
1.458499,-2.1543634,7,Sneaker,PCA
-0.54671127,1.2119203,4,Coat,PCA
-0.036353104,-1.9173455,7,Sneaker,PCA
1.2755431,-0.9645997,8,Bag,PCA
0.0057839043,0.30486584,5,Sandal,PCA
-0.096538536,0.67724305,4,Coat,PCA
0.211541,-0.32450294,4,Coat,PCA
0.64787,1.6011758,9,Ankle boot,PCA
-1.948002,0.9619172,3,Dress,PCA
0.6602611,1.2737374,2,Pullover,PCA
-1.0916357,0.7038713,0,T-shirt/top,PCA
-1.2444248,-0.37767822,1,Trouser,PCA
-0.4065684,0.8923556,2,Pullover,PCA
1.2387052,0.42502278,8,Bag,PCA
-1.0749639,0.88801664,3,Dress,PCA
0.06727443,0.6045779,8,Bag,PCA
-1.28939,-0.70700806,1,Trouser,PCA
-0.21325256,1.233824,4,Coat,PCA
0.2824726,0.81356835,2,Pullover,PCA
0.63670695,-0.28071135,4,Coat,PCA
1.4949753,-2.2340775,7,Sneaker,PCA
-0.08809092,-2.4268224,7,Sneaker,PCA
0.35181323,1.4489622,2,Pullover,PCA
1.4156774,1.3962736,9,Ankle boot,PCA
1.5340345,2.1552818,8,Bag,PCA
1.4405104,-0.9358333,8,Bag,PCA
1.0091665,-1.3681061,5,Sandal,PCA
-2.250823,-0.8769359,1,Trouser,PCA
-0.8455068,-1.0289111,1,Trouser,PCA
-0.6438191,2.0962987,6,Shirt,PCA
-0.45501098,1.0028636,2,Pullover,PCA
0.60636437,0.14500137,5,Sandal,PCA
-2.0252087,-1.385874,1,Trouser,PCA
0.107306935,-0.76300657,4,Coat,PCA
-0.90100825,1.0473108,0,T-shirt/top,PCA
-0.6744606,0.77844346,6,Shirt,PCA
0.035682004,-0.32649446,6,Shirt,PCA
1.0331995,-1.121825,7,Sneaker,PCA
1.1876315,0.6139786,8,Bag,PCA
0.14190662,0.49216866,5,Sandal,PCA
0.65050626,-0.7819588,7,Sneaker,PCA
0.21698573,0.7932272,2,Pullover,PCA
0.9869973,-1.2437282,7,Sneaker,PCA
0.8118038,-1.6014206,5,Sandal,PCA
0.513137,-0.8172699,4,Coat,PCA
-2.3171697,-1.2965508,1,Trouser,PCA
-0.76527005,0.24925706,4,Coat,PCA
0.14005606,-0.5768645,4,Coat,PCA
0.85403377,-0.12291366,4,Coat,PCA
-1.478262,-1.1550047,1,Trouser,PCA
1.5445261,-1.120096,7,Sneaker,PCA
0.47553807,0.28018245,5,Sandal,PCA
1.4980086,-1.3387258,9,Ankle boot,PCA
1.590207,-1.4807923,9,Ankle boot,PCA
-0.49038985,-1.2899339,5,Sandal,PCA
0.74602824,0.8886717,9,Ankle boot,PCA
-1.8687277,-0.8932963,1,Trouser,PCA
-0.54994357,0.60580206,0,T-shirt/top,PCA
0.9201895,-1.0102123,8,Bag,PCA
1.0256441,-1.3906646,8,Bag,PCA
-0.5096142,-0.34899452,0,T-shirt/top,PCA
1.4833478,-0.7503934,8,Bag,PCA
-0.024552243,-0.42164743,6,Shirt,PCA
-1.2333499,1.1519899,0,T-shirt/top,PCA
-1.6532216,-0.2526095,1,Trouser,PCA
1.3032596,-0.08579859,8,Bag,PCA
0.338234,1.0302243,2,Pullover,PCA
1.1057938,-2.1590967,7,Sneaker,PCA
0.62954676,-0.17205937,5,Sandal,PCA
-0.030084418,1.2987511,6,Shirt,PCA
-0.58561677,0.032110825,6,Shirt,PCA
0.69787395,0.83317983,9,Ankle boot,PCA
1.9146243,0.7881855,9,Ankle boot,PCA
0.12774196,-0.2732805,6,Shirt,PCA
-0.23067173,0.31556174,4,Coat,PCA
0.5261513,0.5668514,4,Coat,PCA
2.1283166,1.2462072,9,Ankle boot,PCA
-0.49636647,0.6482232,0,T-shirt/top,PCA
0.62248504,0.2207106,5,Sandal,PCA
0.13415827,-1.0417805,7,Sneaker,PCA
1.6301079,-0.57269895,9,Ankle boot,PCA
1.2163808,1.141593,9,Ankle boot,PCA
0.088582374,0.057955965,5,Sandal,PCA
-0.7295271,-0.614275,1,Trouser,PCA
0.8256184,-0.6651474,4,Coat,PCA
0.5391379,0.7141247,8,Bag,PCA
-2.1712508,-1.3017976,1,Trouser,PCA
1.298394,0.7154563,6,Shirt,PCA
-0.6230048,-1.2843642,5,Sandal,PCA
1.4455354,0.37463662,9,Ankle boot,PCA
1.0332369,1.2646949,4,Coat,PCA
1.1428486,0.2860341,8,Bag,PCA
0.22783193,-0.3712235,4,Coat,PCA
-1.718087,-1.1174653,1,Trouser,PCA
-0.17597081,0.37056607,0,T-shirt/top,PCA
0.43163309,-0.21896613,4,Coat,PCA
-0.6245365,1.3804953,6,Shirt,PCA
-0.13342999,2.2888744,6,Shirt,PCA
0.99582523,0.61286616,4,Coat,PCA
0.25294742,1.0462966,0,T-shirt/top,PCA
-0.04523564,0.12861127,5,Sandal,PCA
-0.3299925,-1.8680556,7,Sneaker,PCA
0.49173173,-0.03632204,2,Pullover,PCA
0.4174774,-0.473291,5,Sandal,PCA
-0.20545183,-0.070480525,2,Pullover,PCA
-0.25131014,-1.2651541,7,Sneaker,PCA
0.391782,0.43171862,4,Coat,PCA
-0.016859075,-2.0997624,7,Sneaker,PCA
-0.1378143,0.039723054,8,Bag,PCA
-0.3549475,1.693887,6,Shirt,PCA
0.31237257,-1.1157713,5,Sandal,PCA
1.5612781,0.3607248,6,Shirt,PCA
-0.22881685,-0.12632978,5,Sandal,PCA
-1.4225626,-0.54493225,3,Dress,PCA
0.6920552,-1.1687112,7,Sneaker,PCA
1.2372175,-0.70033425,7,Sneaker,PCA
0.14917803,1.280194,6,Shirt,PCA
1.2681785,1.0064552,4,Coat,PCA
2.2778049,0.66518563,8,Bag,PCA
-0.34654233,0.6233234,2,Pullover,PCA
-0.3072044,-0.4728642,4,Coat,PCA
0.56453115,-1.9115126,7,Sneaker,PCA
0.6265825,-0.8759713,5,Sandal,PCA
-0.18763933,1.661006,4,Coat,PCA
-1.6328129,-1.1372094,1,Trouser,PCA
2.2262874,-0.2537378,9,Ankle boot,PCA
-1.0434074,1.1866806,6,Shirt,PCA
1.4035802,-1.7508428,7,Sneaker,PCA
-0.75226,-0.3683074,3,Dress,PCA
1.7860396,-1.5485971,9,Ankle boot,PCA
-1.344168,-0.07255854,3,Dress,PCA
-0.06949642,0.34703997,8,Bag,PCA
0.9762143,1.0268958,6,Shirt,PCA
0.2712018,0.22759458,5,Sandal,PCA
0.30951262,1.2917244,2,Pullover,PCA
0.014437215,1.494535,2,Pullover,PCA
-0.04031781,0.20688881,5,Sandal,PCA
0.35285616,0.7031027,8,Bag,PCA
-0.40668014,-0.24165283,6,Shirt,PCA
-1.6462741,-1.0309199,1,Trouser,PCA
-0.56556565,0.6838903,4,Coat,PCA
-0.090459816,0.17199138,2,Pullover,PCA
-0.43941402,-0.3225193,6,Shirt,PCA
0.72750515,0.017368726,4,Coat,PCA
0.23928143,-0.20805895,6,Shirt,PCA
0.9396117,-0.1383927,5,Sandal,PCA
-1.8102667,1.1557508,6,Shirt,PCA
-0.5442325,-0.2659253,0,T-shirt/top,PCA
-0.69727176,-0.4149788,1,Trouser,PCA
-0.3512166,-0.13035658,0,T-shirt/top,PCA
0.74127465,0.045287326,9,Ankle boot,PCA
-1.8784002,-0.7338225,3,Dress,PCA
0.08459474,-0.14583096,2,Pullover,PCA
1.2486247,-1.1044998,7,Sneaker,PCA
0.100646034,0.23719954,6,Shirt,PCA
1.3032081,1.2697899,2,Pullover,PCA
0.30082747,-0.16222891,2,Pullover,PCA
0.87901586,-0.07109293,8,Bag,PCA
-0.36098284,0.1400705,0,T-shirt/top,PCA
0.76273715,-0.8077668,8,Bag,PCA
-1.7138057,0.95492834,0,T-shirt/top,PCA
0.12455492,1.1945531,4,Coat,PCA
-0.43470898,1.2601035,0,T-shirt/top,PCA
0.029410133,-0.9840561,5,Sandal,PCA
-2.3046186,0.6990553,3,Dress,PCA
-1.4085319,-1.1842468,1,Trouser,PCA
0.6616181,-2.5636656,7,Sneaker,PCA
-1.668457,-0.6375883,1,Trouser,PCA
2.2674077,0.05436793,8,Bag,PCA
-0.6646204,0.6102546,0,T-shirt/top,PCA
0.34499228,1.7137029,6,Shirt,PCA
0.60431975,-0.04962956,5,Sandal,PCA
-0.6172224,-0.58170885,3,Dress,PCA
0.9722332,0.48716784,1,Trouser,PCA
-1.4684342,1.001342,4,Coat,PCA
-0.7805961,0.36012176,6,Shirt,PCA
-0.89318174,0.92259854,6,Shirt,PCA
-0.20356971,0.8458092,0,T-shirt/top,PCA
0.55105025,0.7769019,2,Pullover,PCA
-0.8754545,-0.44532624,1,Trouser,PCA
1.033533,-0.8278503,8,Bag,PCA
0.61416465,-1.1515288,5,Sandal,PCA
-0.40226585,0.23885188,2,Pullover,PCA
-1.4510274,-0.74508196,1,Trouser,PCA
-1.0020682,0.123294234,3,Dress,PCA
-0.81806654,-0.4586675,3,Dress,PCA
-1.1582371,-0.07734635,3,Dress,PCA
-1.1453819,-0.05948827,1,Trouser,PCA
1.0682801,-0.9097676,5,Sandal,PCA
0.7309127,-1.5443945,7,Sneaker,PCA
0.40821156,1.3230438,9,Ankle boot,PCA
-1.571566,-1.3671114,1,Trouser,PCA
1.9688164,1.0224614,9,Ankle boot,PCA
-0.8524062,1.5815191,0,T-shirt/top,PCA
0.5296559,1.2647345,6,Shirt,PCA
1.2747544,-0.84927946,8,Bag,PCA
0.9009448,1.7416508,8,Bag,PCA
1.2138001,1.4537663,2,Pullover,PCA
0.44967636,0.22835252,2,Pullover,PCA
-0.11173921,-2.3875096,7,Sneaker,PCA
-0.7708147,-0.44886667,3,Dress,PCA
1.8338541,-0.69453275,9,Ankle boot,PCA
0.79721415,-1.4563489,5,Sandal,PCA
-0.13056992,-2.280923,7,Sneaker,PCA
0.21569657,-1.3862989,7,Sneaker,PCA
-0.53396934,-0.22503406,3,Dress,PCA
2.0530994,-1.5617149,9,Ankle boot,PCA
-0.3358776,0.2040192,6,Shirt,PCA
0.06791262,-0.014435781,6,Shirt,PCA
-1.286683,-0.40275356,3,Dress,PCA
0.45948425,-0.9630591,5,Sandal,PCA
-0.75143427,0.9429243,0,T-shirt/top,PCA
1.1681308,1.3120873,2,Pullover,PCA
-1.285254,1.6919672,0,T-shirt/top,PCA
-0.4540761,-0.15173519,0,T-shirt/top,PCA
-0.023719428,-0.22198807,0,T-shirt/top,PCA
0.7823974,-0.5205495,5,Sandal,PCA
0.33868748,-0.42746773,4,Coat,PCA
-0.02479939,-0.053361244,5,Sandal,PCA
1.955818,-0.4824677,9,Ankle boot,PCA
-1.2654366,0.8114168,4,Coat,PCA
1.0653541,-1.9988446,7,Sneaker,PCA
1.0798267,-2.0809164,7,Sneaker,PCA
-0.935659,-0.37960494,3,Dress,PCA
0.62702143,1.6972342,2,Pullover,PCA
1.7906762,-0.4160682,7,Sneaker,PCA
0.8219719,1.9542768,9,Ankle boot,PCA
2.0863843,0.4284137,8,Bag,PCA
0.7232465,1.1175785,4,Coat,PCA
0.8327317,1.0735476,9,Ankle boot,PCA
-1.00104,1.3969765,4,Coat,PCA
0.7849899,-0.023728194,8,Bag,PCA
-1.6982515,-0.10857092,1,Trouser,PCA
-0.4653075,0.55923307,0,T-shirt/top,PCA
-0.8497718,-0.24655977,1,Trouser,PCA
-1.5375473,0.2822418,3,Dress,PCA
0.19193721,0.9034936,6,Shirt,PCA
0.37408876,-0.40118632,4,Coat,PCA
0.45247856,-1.7444046,7,Sneaker,PCA
-1.5626087,0.49680275,6,Shirt,PCA
0.3274824,-1.6477914,7,Sneaker,PCA
0.43812072,0.15075614,2,Pullover,PCA
0.3790582,-0.17033906,2,Pullover,PCA
0.9396252,-1.1985373,8,Bag,PCA
-1.3153613,-0.09418465,4,Coat,PCA
-0.4738638,-0.5278818,6,Shirt,PCA
0.3026547,1.750109,9,Ankle boot,PCA
0.6433277,1.2603974,2,Pullover,PCA
-0.89709276,-1.0398364,1,Trouser,PCA
-0.14022376,1.0689354,4,Coat,PCA
0.23784092,0.0545881,5,Sandal,PCA
1.3012285,0.7775279,8,Bag,PCA
1.6511075,-1.9043722,7,Sneaker,PCA
0.44401795,1.5131853,9,Ankle boot,PCA
1.0398458,1.3479779,8,Bag,PCA
-1.0173856,0.17739111,1,Trouser,PCA
0.23413064,-0.0004125163,5,Sandal,PCA
-1.386786,1.4708583,6,Shirt,PCA
-0.5288664,-0.94485605,1,Trouser,PCA
1.634234,-1.3540587,7,Sneaker,PCA
0.015891543,0.52765083,8,Bag,PCA
-1.3625275,-0.15228929,3,Dress,PCA
-0.043852396,0.775709,4,Coat,PCA
0.120573476,-2.7162914,7,Sneaker,PCA
0.39619938,-0.06584153,6,Shirt,PCA
-0.7172889,-0.80763006,1,Trouser,PCA
0.66149426,-0.14100254,4,Coat,PCA
1.7122258,-1.1537981,7,Sneaker,PCA
0.75862855,-0.29093266,4,Coat,PCA
-0.011583684,-1.3248761,5,Sandal,PCA
-1.342991,0.9694223,3,Dress,PCA
-2.337047,-0.47975063,1,Trouser,PCA
0.82370996,-0.33642393,5,Sandal,PCA
-0.9293929,1.2644002,0,T-shirt/top,PCA
-1.3634346,0.3252406,3,Dress,PCA
-0.62605035,1.6265788,0,T-shirt/top,PCA
-0.2540305,2.1128843,4,Coat,PCA
-1.1939434,-0.6910585,1,Trouser,PCA
1.7963061,-0.94621813,7,Sneaker,PCA
0.05900713,-1.0698726,5,Sandal,PCA
-2.481158,0.46971822,3,Dress,PCA
-1.2771481,-0.9819684,1,Trouser,PCA
0.33436012,0.42955047,2,Pullover,PCA
0.40811747,-2.0525603,5,Sandal,PCA
-0.33343998,-0.35226858,4,Coat,PCA
0.35825884,-0.3254973,4,Coat,PCA
-1.0370958,0.2969109,3,Dress,PCA
-0.1246259,-0.61354876,2,Pullover,PCA
-1.5279086,-1.0920565,1,Trouser,PCA
-0.3769002,0.9591677,0,T-shirt/top,PCA
-2.1558793,-0.75796294,3,Dress,PCA
-0.27026704,-0.35532963,6,Shirt,PCA
0.23945905,1.1750729,2,Pullover,PCA
-0.485249,-0.6786576,3,Dress,PCA
1.4311345,1.8853607,8,Bag,PCA
-0.092079625,-0.0049575977,2,Pullover,PCA
-1.659836,-0.38455188,1,Trouser,PCA
0.58275807,-0.86296284,5,Sandal,PCA
-0.41589868,1.3277819,4,Coat,PCA
-0.2986694,-1.7767401,7,Sneaker,PCA
-1.3950396,-1.1648443,1,Trouser,PCA
0.42591757,0.53591084,4,Coat,PCA
-1.2466496,1.6630406,0,T-shirt/top,PCA
-1.6939163,-0.5416971,1,Trouser,PCA
-1.6963696,1.4569879,6,Shirt,PCA
0.5637796,-1.6865754,7,Sneaker,PCA
1.0614711,0.2290642,9,Ankle boot,PCA
-0.48697004,2.2684834,6,Shirt,PCA
0.24292591,-2.0679371,7,Sneaker,PCA
1.7586261,0.3187193,8,Bag,PCA
-1.15155,0.9276022,0,T-shirt/top,PCA
-1.315093,0.810554,6,Shirt,PCA
0.7161347,1.5403662,4,Coat,PCA
-0.7847853,-0.22239728,4,Coat,PCA
1.9635323,-0.29584867,9,Ankle boot,PCA
-0.8305386,-0.7856108,1,Trouser,PCA
-0.70598215,-0.49172422,3,Dress,PCA
1.6248639,-0.010205811,9,Ankle boot,PCA
-0.15626097,0.8408641,4,Coat,PCA
0.65240675,1.4767213,4,Coat,PCA
-0.15853734,0.5198593,5,Sandal,PCA
0.08729791,-0.3625168,0,T-shirt/top,PCA
-1.2418889,-1.2879236,1,Trouser,PCA
0.80299765,-0.619075,5,Sandal,PCA
-0.02744613,-1.2606871,5,Sandal,PCA
0.24347496,-1.4568632,7,Sneaker,PCA
-0.66543597,-0.1997773,3,Dress,PCA
0.33406776,0.42802057,2,Pullover,PCA
-2.2892158,-1.406214,1,Trouser,PCA
-1.44729,-0.8408871,1,Trouser,PCA
0.6117501,0.93307644,4,Coat,PCA
1.4332031,-0.29788437,9,Ankle boot,PCA
0.8427325,-1.0364683,5,Sandal,PCA
0.46178004,0.37568435,8,Bag,PCA
-0.47276804,-1.3313689,5,Sandal,PCA
0.80532444,0.5027331,5,Sandal,PCA
0.043430835,1.2236373,8,Bag,PCA
-1.1980934,0.7841618,4,Coat,PCA
0.021015747,0.3390457,8,Bag,PCA
-1.4564039,0.10753383,3,Dress,PCA
1.3583596,1.3792877,9,Ankle boot,PCA
1.198282,1.5499742,9,Ankle boot,PCA
0.6317332,0.69367224,4,Coat,PCA
0.003893691,-0.32589713,6,Shirt,PCA
-1.3442061,-0.50952774,1,Trouser,PCA
0.24087761,-1.8436093,7,Sneaker,PCA
1.7524462,-0.27550107,8,Bag,PCA
1.8406663,-0.04713763,9,Ankle boot,PCA
-0.4137358,-1.1665397,5,Sandal,PCA
0.9777737,0.059027508,4,Coat,PCA
0.89368105,-2.3701787,7,Sneaker,PCA
-0.776538,0.6159741,0,T-shirt/top,PCA
0.1780263,-1.311413,5,Sandal,PCA
-0.6732716,0.43005937,3,Dress,PCA
0.88402754,1.3881447,8,Bag,PCA
-1.1489879,-0.88304543,3,Dress,PCA
0.15734574,-0.44598967,4,Coat,PCA
-0.8493925,-1.162668,1,Trouser,PCA
0.30309987,-0.55234367,4,Coat,PCA
-0.83583087,0.6363841,6,Shirt,PCA
0.6575686,-1.1832514,7,Sneaker,PCA
0.15905857,1.452344,6,Shirt,PCA
0.46242458,-0.43174252,2,Pullover,PCA
-1.9256963,1.0031509,3,Dress,PCA
0.31892788,-0.54283,5,Sandal,PCA
-0.116940804,0.78567314,6,Shirt,PCA
-0.5105898,0.6521467,8,Bag,PCA
-0.16021185,0.11922966,5,Sandal,PCA
0.005705121,-0.106514156,2,Pullover,PCA
-0.09390459,-2.297186,7,Sneaker,PCA
0.018545063,-1.7752466,7,Sneaker,PCA
-0.90987,0.95314366,0,T-shirt/top,PCA
0.06431431,0.012406517,5,Sandal,PCA
-1.0664002,1.118443,0,T-shirt/top,PCA
-0.09770445,-1.6932204,7,Sneaker,PCA
-0.8028703,-1.3288827,1,Trouser,PCA
0.10908148,-2.0186496,7,Sneaker,PCA
0.8703954,-0.76060826,7,Sneaker,PCA
0.3301192,-0.011242976,2,Pullover,PCA
0.29197538,-0.7844214,5,Sandal,PCA
0.30296755,-1.9171541,7,Sneaker,PCA
-0.10860793,0.77435416,2,Pullover,PCA
1.626014,-0.6264326,8,Bag,PCA
-1.6698707,-1.2459252,1,Trouser,PCA
0.45222732,-0.40427208,2,Pullover,PCA
0.7794067,-0.9097452,7,Sneaker,PCA
-1.2756349,-1.212425,1,Trouser,PCA
1.6009762,0.532361,9,Ankle boot,PCA
0.85808367,1.2512956,2,Pullover,PCA
0.10965152,-1.3397982,7,Sneaker,PCA
-0.07292465,0.042789973,2,Pullover,PCA
-0.5874185,-1.9587405,5,Sandal,PCA
-0.04343892,0.5519299,4,Coat,PCA
-0.3859557,1.5284626,2,Pullover,PCA
2.5167286,-1.388238,9,Ankle boot,PCA
-0.39002043,-0.718641,6,Shirt,PCA
1.7165527,-0.4423527,8,Bag,PCA
0.4157487,-0.45088252,5,Sandal,PCA
0.9162169,-1.5932989,7,Sneaker,PCA
0.7380566,1.128938,4,Coat,PCA
-1.2012968,-0.81789684,1,Trouser,PCA
1.4336473,-1.8261983,7,Sneaker,PCA
-1.9078794,0.17096868,3,Dress,PCA
0.8624634,-2.152021,7,Sneaker,PCA
0.62799436,1.8578684,2,Pullover,PCA
2.003604,-0.9685589,9,Ankle boot,PCA
0.37857747,-2.1170373,7,Sneaker,PCA
0.8564476,0.063272916,5,Sandal,PCA
1.2495927,-0.30430457,9,Ankle boot,PCA
-1.5142375,-0.21220262,3,Dress,PCA
0.4036765,0.20052156,2,Pullover,PCA
1.4398448,-0.6067126,7,Sneaker,PCA
0.28505972,-0.11946912,8,Bag,PCA
-0.34781474,-0.0138818845,0,T-shirt/top,PCA
-1.8773175,-0.67551756,3,Dress,PCA
-0.2749594,0.07887698,0,T-shirt/top,PCA
-0.25058308,-1.2577002,5,Sandal,PCA
0.11706935,-0.2765377,5,Sandal,PCA
-1.6492897,0.966569,3,Dress,PCA
-1.9551326,0.763323,3,Dress,PCA
-2.4056113,-1.0506675,1,Trouser,PCA
0.23404454,0.019908462,2,Pullover,PCA
0.45174795,0.6794179,6,Shirt,PCA
1.7295831,1.2844465,8,Bag,PCA
1.0663946,-1.3300388,7,Sneaker,PCA
-0.33377618,1.6323452,9,Ankle boot,PCA
2.0422144,0.09139173,9,Ankle boot,PCA
0.176293,1.0981696,2,Pullover,PCA
0.18155795,-0.17205188,2,Pullover,PCA
-1.3979268,-0.19865093,4,Coat,PCA
0.560004,0.41617256,8,Bag,PCA
0.5941782,0.059814796,5,Sandal,PCA
0.5919978,-1.945898,7,Sneaker,PCA
-0.07957773,0.7024164,8,Bag,PCA
-0.28992164,-0.5383235,3,Dress,PCA
1.2508407,0.85826427,8,Bag,PCA
-0.56868494,-0.33784494,4,Coat,PCA
-2.0192807,-1.2215328,1,Trouser,PCA
2.4259155,0.99518377,9,Ankle boot,PCA
0.694863,-0.014079804,4,Coat,PCA
1.6622287,-0.3284097,8,Bag,PCA
-0.3768466,-0.007826686,4,Coat,PCA
-1.4440591,-1.0900245,1,Trouser,PCA
0.62632775,-0.40054393,5,Sandal,PCA
0.5168019,1.3701067,9,Ankle boot,PCA
-1.3766415,-0.36020917,1,Trouser,PCA
0.4415498,0.06955755,5,Sandal,PCA
-2.5461478,0.02379413,3,Dress,PCA
0.13836206,-1.5981026,7,Sneaker,PCA
-0.63711786,-0.1974744,3,Dress,PCA
-0.45344365,-0.51366127,6,Shirt,PCA
0.07201338,1.5514879,0,T-shirt/top,PCA
-1.2542423,1.2014666,3,Dress,PCA
-0.7023129,0.07088381,0,T-shirt/top,PCA
-2.1238935,-0.7237668,3,Dress,PCA
0.12041223,-0.50656307,2,Pullover,PCA
-1.5171988,1.1248171,6,Shirt,PCA
-1.0089332,1.2953036,0,T-shirt/top,PCA
-1.0299289,0.8709068,0,T-shirt/top,PCA
0.31342313,0.5017258,3,Dress,PCA
1.7246413,0.23842448,8,Bag,PCA
0.78587914,-1.6532094,7,Sneaker,PCA
-0.3524145,-0.56984985,0,T-shirt/top,PCA
0.6890522,-0.9797753,5,Sandal,PCA
0.591784,0.12348516,5,Sandal,PCA
-0.17590673,-0.015899692,0,T-shirt/top,PCA
0.049021184,-1.3836038,7,Sneaker,PCA
0.8426041,-1.3573518,5,Sandal,PCA
-2.1749842,-1.3725755,1,Trouser,PCA
-1.2082064,-0.0026247278,3,Dress,PCA
-1.9951216,0.48373544,3,Dress,PCA
-0.017811699,-0.060832437,6,Shirt,PCA
0.101580516,0.66722476,4,Coat,PCA
0.6100339,1.3162866,2,Pullover,PCA
0.2163099,-1.5382934,7,Sneaker,PCA
0.38122505,1.4060924,6,Shirt,PCA
-0.48751685,-0.4974244,0,T-shirt/top,PCA
-1.7275696,0.98930234,3,Dress,PCA
0.20390177,0.86061066,6,Shirt,PCA
1.5784428,0.39018014,9,Ankle boot,PCA
-0.4989148,-0.1949561,3,Dress,PCA
2.2611358,-0.88861567,9,Ankle boot,PCA
-1.0015688,0.6617476,8,Bag,PCA
1.1500664,-1.502511,7,Sneaker,PCA
-2.087821,-1.4285753,1,Trouser,PCA
0.38770038,0.3981408,6,Shirt,PCA
0.13833083,0.59893996,5,Sandal,PCA
0.3224853,-1.218044,5,Sandal,PCA
0.058302693,0.23930138,2,Pullover,PCA
-1.594589,0.36878234,3,Dress,PCA
-0.31310385,-0.12894192,0,T-shirt/top,PCA
-1.1160431,1.5189037,4,Coat,PCA
0.22110607,-0.40146494,4,Coat,PCA
-1.0318332,1.0075746,6,Shirt,PCA
1.0440464,0.15677264,4,Coat,PCA
-0.7703542,-0.8020648,1,Trouser,PCA
-1.0294932,-0.5217266,1,Trouser,PCA
0.5653678,-1.5505245,7,Sneaker,PCA
1.0059942,-0.4430472,8,Bag,PCA
2.1774085,0.21242717,9,Ankle boot,PCA
2.1825452,-1.0573049,8,Bag,PCA
-0.3418773,-0.091625854,2,Pullover,PCA
1.5317562,-1.8159614,7,Sneaker,PCA
0.18102482,1.7121212,2,Pullover,PCA
0.6944307,-0.018850196,9,Ankle boot,PCA
1.538295,0.041976042,8,Bag,PCA
1.4129701,0.60218656,8,Bag,PCA
-0.29307327,0.9972684,0,T-shirt/top,PCA
1.360633,1.3141019,8,Bag,PCA
-0.05880265,-1.8816423,7,Sneaker,PCA
-1.2343116,-1.146275,1,Trouser,PCA
-1.0621315,1.4542389,6,Shirt,PCA
0.054293588,-0.27211374,6,Shirt,PCA
-0.65447885,0.96423846,0,T-shirt/top,PCA
-0.36542004,-0.1730343,1,Trouser,PCA
1.0180006,-0.89099103,7,Sneaker,PCA
-1.4293712,-0.84304,1,Trouser,PCA
-0.89435273,-0.93678707,1,Trouser,PCA
1.3627632,-0.19764271,9,Ankle boot,PCA
0.42352766,1.8392987,9,Ankle boot,PCA
-0.0007640235,0.2939512,5,Sandal,PCA
-1.1048554,1.1613023,6,Shirt,PCA
-0.16500284,-0.14657286,4,Coat,PCA
-0.64077264,0.12530965,8,Bag,PCA
-2.0052261,-0.86490035,1,Trouser,PCA
-0.7655689,0.32429814,0,T-shirt/top,PCA
0.502927,0.6558054,8,Bag,PCA
-0.089598306,0.14358523,1,Trouser,PCA
0.0668584,1.6407974,2,Pullover,PCA
-0.04953172,-1.6347008,5,Sandal,PCA
0.24277543,1.2813954,8,Bag,PCA
1.4959414,-0.07762953,8,Bag,PCA
1.7597908,-1.2973411,7,Sneaker,PCA
0.5134959,-2.105187,7,Sneaker,PCA
-0.23510547,-0.5043137,0,T-shirt/top,PCA
1.9349058,0.3106111,9,Ankle boot,PCA
0.10210081,-0.40216416,2,Pullover,PCA
-0.8943011,1.5415156,0,T-shirt/top,PCA
0.9164972,-0.09927104,8,Bag,PCA
0.06648414,-0.61072725,2,Pullover,PCA
-0.17502098,-0.4443677,0,T-shirt/top,PCA
0.7242228,-1.21595,7,Sneaker,PCA
0.25964168,0.58567464,2,Pullover,PCA
0.8223791,1.993222,9,Ankle boot,PCA
0.0764467,0.7881421,4,Coat,PCA
1.4425665,0.7779601,9,Ankle boot,PCA
-1.068721,-1.2104857,1,Trouser,PCA
-0.7705089,1.2997763,0,T-shirt/top,PCA
-0.17073005,-0.976424,5,Sandal,PCA
-1.716073,-0.9999714,1,Trouser,PCA
0.30404624,0.38335648,4,Coat,PCA
0.21899119,0.19421555,4,Coat,PCA
0.33133218,-0.24482131,2,Pullover,PCA
-1.0638285,-0.30118507,1,Trouser,PCA
-1.4556302,-1.3786662,1,Trouser,PCA
0.0924002,1.2309158,2,Pullover,PCA
-1.438285,-0.27884826,3,Dress,PCA
-0.017025629,0.54621315,5,Sandal,PCA
1.5982713,-0.90854055,7,Sneaker,PCA
-0.93424314,-1.7497141,5,Sandal,PCA
-1.2047104,0.67386115,4,Coat,PCA
1.016266,-0.1414487,5,Sandal,PCA
0.7929235,-0.3240083,8,Bag,PCA
1.6735386,-0.596196,9,Ankle boot,PCA
-0.4044846,0.7490408,2,Pullover,PCA
-1.2840074,-0.9900288,1,Trouser,PCA
1.911924,0.87752545,9,Ankle boot,PCA
1.1416357,-1.3072655,5,Sandal,PCA
-0.25117204,-0.351095,4,Coat,PCA
0.23195703,-0.05911784,2,Pullover,PCA
-0.13581459,-0.7203422,5,Sandal,PCA
1.5579903,-0.35003555,8,Bag,PCA
1.5342826,-0.7668816,9,Ankle boot,PCA
-0.02648935,0.9172893,2,Pullover,PCA
0.34644473,0.83981735,8,Bag,PCA
1.5533112,1.9915466,8,Bag,PCA
-1.5542628,0.79264086,6,Shirt,PCA
0.08936683,0.65816796,6,Shirt,PCA
-1.5798736,0.4477037,1,Trouser,PCA
-0.9693801,-0.50540864,3,Dress,PCA
-0.15008232,0.17502597,3,Dress,PCA
0.40609428,-1.7034037,7,Sneaker,PCA
1.1719332,1.5067325,2,Pullover,PCA
0.11074995,0.32394445,0,T-shirt/top,PCA
0.652909,-0.9827769,5,Sandal,PCA
0.10291281,-0.66537666,2,Pullover,PCA
1.0734103,-1.7692137,7,Sneaker,PCA
0.40576732,0.019176457,8,Bag,PCA
0.44171354,1.1377118,2,Pullover,PCA
-1.1204071,0.6336819,3,Dress,PCA
0.20881689,-1.6579175,7,Sneaker,PCA
0.2800372,-2.204831,7,Sneaker,PCA
0.46148416,-1.2978384,5,Sandal,PCA
-1.9151745,-0.6220235,1,Trouser,PCA
-0.072617635,-0.7501585,5,Sandal,PCA
2.0193393,-1.4130058,9,Ankle boot,PCA
-0.52389526,-0.098107785,6,Shirt,PCA
-0.42529812,-1.4765546,5,Sandal,PCA
-0.94742596,-0.66609496,3,Dress,PCA
1.5174772,-0.51225543,8,Bag,PCA
0.11664074,-2.0384843,7,Sneaker,PCA
-2.2765958,-0.052186333,1,Trouser,PCA
1.7541862,1.3263514,2,Pullover,PCA
-0.84372187,-0.047369916,0,T-shirt/top,PCA
-0.43103346,-0.024902016,0,T-shirt/top,PCA
-1.1799823,-0.4989888,1,Trouser,PCA
-1.8727872,0.12440471,3,Dress,PCA
-0.4637309,-0.6496137,4,Coat,PCA
1.5005622,0.4485248,9,Ankle boot,PCA
-1.0294951,-0.81753755,1,Trouser,PCA
-0.050276488,-1.8181231,7,Sneaker,PCA
0.2312764,-1.4662163,7,Sneaker,PCA
-0.48865327,1.4779751,4,Coat,PCA
0.78549385,-1.3794188,5,Sandal,PCA
-0.019597651,0.95930755,8,Bag,PCA
0.71385527,0.61548555,2,Pullover,PCA
0.53254753,0.6793677,5,Sandal,PCA
0.52169937,0.98167044,2,Pullover,PCA
-1.4547697,0.15088311,3,Dress,PCA
0.28533858,0.1294513,5,Sandal,PCA
0.71093065,1.0058949,2,Pullover,PCA
-0.79742384,0.6650744,0,T-shirt/top,PCA
0.024877924,0.84896475,2,Pullover,PCA
-1.7108864,-1.3934948,1,Trouser,PCA
1.646156,-1.8333046,7,Sneaker,PCA
-1.3874663,1.0124993,0,T-shirt/top,PCA
-0.14120388,1.277081,9,Ankle boot,PCA
0.7767909,-1.6391606,7,Sneaker,PCA
0.37221336,0.42943063,6,Shirt,PCA
0.4810092,0.2672398,6,Shirt,PCA
0.8897617,1.485337,9,Ankle boot,PCA
0.13323599,0.15744808,2,Pullover,PCA
0.22516912,0.068471976,2,Pullover,PCA
-0.7423235,0.2711395,4,Coat,PCA
-0.5812997,-0.27301577,3,Dress,PCA
-1.3292322,-0.411673,3,Dress,PCA
-0.7976645,-0.2595886,2,Pullover,PCA
0.9449597,-0.8438051,8,Bag,PCA
-0.2920138,0.2404508,0,T-shirt/top,PCA
-1.3214253,1.3803856,4,Coat,PCA
0.6229143,0.97063917,2,Pullover,PCA
-0.765513,1.2147324,0,T-shirt/top,PCA
1.3115462,-0.3368719,7,Sneaker,PCA
0.086986154,-0.1299563,6,Shirt,PCA
0.5969901,-0.8293244,5,Sandal,PCA
1.4516693,0.95150566,4,Coat,PCA
-0.6519481,0.6272893,0,T-shirt/top,PCA
0.8592487,1.5112457,4,Coat,PCA
0.25229573,-0.2813748,2,Pullover,PCA
0.06984833,-0.39656204,4,Coat,PCA
0.9097122,0.5474467,9,Ankle boot,PCA
1.7387089,0.7707079,9,Ankle boot,PCA
-0.39246532,-0.2992337,1,Trouser,PCA
-0.48211166,1.5226531,0,T-shirt/top,PCA
0.73504037,-0.24948794,5,Sandal,PCA
-1.084631,-0.92091316,1,Trouser,PCA
-0.21658562,0.2072598,5,Sandal,PCA
-2.2212558,-0.8943534,1,Trouser,PCA
-0.001803711,0.37403443,2,Pullover,PCA
-0.07981221,0.7668218,8,Bag,PCA
-2.0028036,0.07155835,3,Dress,PCA
-1.4898226,1.2535355,6,Shirt,PCA
-1.9540888,0.5230042,1,Trouser,PCA
-0.72152585,-0.081349105,3,Dress,PCA
-1.8848768,0.47899777,3,Dress,PCA
-2.5656013,-0.3274233,1,Trouser,PCA
1.2913231,1.2622943,9,Ankle boot,PCA
-0.3163473,-2.5034816,7,Sneaker,PCA
0.44576123,0.6576273,4,Coat,PCA
-0.523817,0.9338,4,Coat,PCA
-1.059654,-1.3226886,1,Trouser,PCA
-1.4720021,0.8613352,6,Shirt,PCA
0.16977549,-0.39572418,2,Pullover,PCA
-1.9856027,-1.4399529,1,Trouser,PCA
-0.011083571,0.029390566,2,Pullover,PCA
-0.5089929,-0.60394204,1,Trouser,PCA
-0.7882781,-0.42475834,3,Dress,PCA
-0.16623469,0.6681277,8,Bag,PCA
1.6153044,0.2303462,9,Ankle boot,PCA
-1.9542961,-0.62402356,1,Trouser,PCA
0.07927012,-0.43560758,6,Shirt,PCA
-1.324193,-0.32619375,3,Dress,PCA
0.28462106,0.18224946,6,Shirt,PCA
-2.0441372,-1.4089012,1,Trouser,PCA
0.28823796,0.5536325,4,Coat,PCA
-0.79592437,1.1245034,0,T-shirt/top,PCA
-1.2025824,1.4438937,0,T-shirt/top,PCA
1.6835767,-1.210155,7,Sneaker,PCA
0.035668906,-0.023777062,6,Shirt,PCA
-1.4545184,1.6903653,0,T-shirt/top,PCA
0.72902036,0.52201337,6,Shirt,PCA
-0.9956433,-1.2580314,1,Trouser,PCA
1.2660377,0.55663514,9,Ankle boot,PCA
-1.0174028,-0.37924758,3,Dress,PCA
-0.5399425,0.08370214,0,T-shirt/top,PCA
0.36800992,-0.109625705,2,Pullover,PCA
0.92589027,0.26472485,8,Bag,PCA
0.09700109,0.54835933,6,Shirt,PCA
-0.14376456,-0.07303853,5,Sandal,PCA
0.3216642,0.60521907,4,Coat,PCA
0.31889212,-0.09759183,2,Pullover,PCA
0.56848073,1.2206914,4,Coat,PCA
-0.7565734,1.2279956,1,Trouser,PCA
-7.7906996e-05,-2.4708943,7,Sneaker,PCA
0.03498236,0.54243916,2,Pullover,PCA
1.1153378,0.39345554,8,Bag,PCA
-1.314131,1.0784583,0,T-shirt/top,PCA
1.7526761,1.0493293,9,Ankle boot,PCA
0.010092968,-1.9771574,5,Sandal,PCA
-0.6099302,0.54628676,4,Coat,PCA
-1.8479748,-0.15052521,1,Trouser,PCA
-0.34589064,-1.1145778,5,Sandal,PCA
1.2238412,-0.2594196,4,Coat,PCA
-1.5387812,0.03743834,3,Dress,PCA
0.687897,0.71885145,2,Pullover,PCA
-0.50666475,0.8287119,4,Coat,PCA
0.21421371,-0.0019264296,2,Pullover,PCA
0.4303956,-0.56416696,8,Bag,PCA
-0.6049695,0.7488701,6,Shirt,PCA
-0.84566253,0.79152954,1,Trouser,PCA
1.4229093,1.514931,8,Bag,PCA
-0.95321524,-2.123416,5,Sandal,PCA
1.3927246,1.5688894,6,Shirt,PCA
0.07734164,-0.59041876,5,Sandal,PCA
0.64648,-0.23564279,4,Coat,PCA
-1.5855306,0.2379216,3,Dress,PCA
0.09797333,0.4082252,6,Shirt,PCA
1.9002998,0.2796313,9,Ankle boot,PCA
0.51196456,0.6744644,4,Coat,PCA
-2.2214437,-0.06757259,1,Trouser,PCA
0.7643713,-0.91850233,5,Sandal,PCA
1.400509,-2.1942458,7,Sneaker,PCA
1.6421844,-1.0638411,7,Sneaker,PCA
1.2057906,2.046779,2,Pullover,PCA
-0.9246069,-0.23407423,3,Dress,PCA
-0.93286973,1.0269673,4,Coat,PCA
0.2880012,-0.9488331,5,Sandal,PCA
-1.5831763,0.53769755,3,Dress,PCA
1.3922721,-1.4387305,7,Sneaker,PCA
0.63671297,-0.4736074,7,Sneaker,PCA
0.9682524,2.0887632,9,Ankle boot,PCA
1.1845558,-1.221122,7,Sneaker,PCA
0.3436656,-0.16210644,5,Sandal,PCA
-0.16520771,-1.1685071,7,Sneaker,PCA
-0.5350097,1.6269119,8,Bag,PCA
-0.33267334,1.2468808,2,Pullover,PCA
0.25464386,0.97757107,2,Pullover,PCA
-0.1194016,0.7569355,8,Bag,PCA
-1.5877963,0.35661873,3,Dress,PCA
0.032505404,1.051506,2,Pullover,PCA
-0.24613531,-0.13688606,3,Dress,PCA
-1.5850674,-0.7416858,1,Trouser,PCA
-0.595229,0.65807986,6,Shirt,PCA
-0.40933067,1.1416805,3,Dress,PCA
1.1520147,1.4123936,4,Coat,PCA
1.0188438,1.6716604,9,Ankle boot,PCA
-1.5968128,0.5157485,0,T-shirt/top,PCA
-1.9062514,-1.3171935,1,Trouser,PCA
1.5735928,-0.76413137,9,Ankle boot,PCA
-1.5782634,0.23823217,3,Dress,PCA
1.0126375,1.2621992,8,Bag,PCA
-0.62686616,0.69433177,0,T-shirt/top,PCA
-1.5419412,0.49455374,3,Dress,PCA
-1.2551078,0.89924264,4,Coat,PCA
-1.0526882,0.29940695,4,Coat,PCA
0.99848276,1.5947406,8,Bag,PCA
0.41941842,-0.18297245,5,Sandal,PCA
0.46139985,0.105577216,8,Bag,PCA
-1.0976025,0.8813512,3,Dress,PCA
-0.7700287,-1.8131711,5,Sandal,PCA
0.7430606,-0.1295934,4,Coat,PCA
0.542841,0.9728715,4,Coat,PCA
-0.8936718,-1.3637593,1,Trouser,PCA
1.9742607,-0.63029784,7,Sneaker,PCA
-0.14252995,-1.8414948,7,Sneaker,PCA
0.6099912,0.55343395,2,Pullover,PCA
-1.4262414,0.8075538,6,Shirt,PCA
-0.5535663,0.8919733,0,T-shirt/top,PCA
-0.9742226,1.7679355,6,Shirt,PCA
-0.95511854,0.71681035,6,Shirt,PCA
-1.5447263,-1.4838896,1,Trouser,PCA
2.1246517,-0.73435,9,Ankle boot,PCA
0.0039529176,-0.096153885,6,Shirt,PCA
0.96606356,1.0337377,6,Shirt,PCA
0.7571814,-0.7633584,7,Sneaker,PCA
0.6685246,0.7473838,2,Pullover,PCA
0.07518737,0.54495174,2,Pullover,PCA
-1.102923,-0.3541343,4,Coat,PCA
0.07303642,-0.012944449,6,Shirt,PCA
-0.1894556,-0.14611429,6,Shirt,PCA
-0.8252413,-0.24166611,0,T-shirt/top,PCA
-2.0724497,-0.08206332,1,Trouser,PCA
-0.79919994,-2.6317446,5,Sandal,PCA
2.0986812,1.5687094,8,Bag,PCA
0.3206259,-0.8203984,5,Sandal,PCA
-0.5790606,-0.3331269,3,Dress,PCA
-0.57306427,-1.7309401,5,Sandal,PCA
0.4078571,-1.401695,7,Sneaker,PCA
-0.6952992,-0.90957505,1,Trouser,PCA
1.3283905,0.28731748,9,Ankle boot,PCA
1.5487057,0.18488155,8,Bag,PCA
-1.6667434,-0.16479906,1,Trouser,PCA
0.026996687,0.40349105,6,Shirt,PCA
-1.5636023,-1.3074555,1,Trouser,PCA
0.36471024,1.6396477,6,Shirt,PCA
0.329659,1.245801,6,Shirt,PCA
1.0735558,-0.627215,9,Ankle boot,PCA
0.17403837,-0.50696325,2,Pullover,PCA
-0.9681205,-0.605156,3,Dress,PCA
0.34279144,1.4746044,9,Ankle boot,PCA
-0.12571365,-2.3269074,7,Sneaker,PCA
-1.1339704,-0.80052555,1,Trouser,PCA
-1.7127515,-0.79740644,1,Trouser,PCA
-0.070450984,0.9680895,4,Coat,PCA
-0.003179999,0.51762587,8,Bag,PCA
-0.15621093,-1.162626,5,Sandal,PCA
1.130497,1.2828944,9,Ankle boot,PCA
-0.89271045,1.1226459,0,T-shirt/top,PCA
1.1900871,-0.46357656,8,Bag,PCA
-0.83440757,1.635509,0,T-shirt/top,PCA
1.7606379,0.12226327,9,Ankle boot,PCA
0.18366909,-0.85848093,5,Sandal,PCA
0.7287635,0.2936921,4,Coat,PCA
2.0221944,-0.37342334,9,Ankle boot,PCA
0.41974598,-1.6538253,7,Sneaker,PCA
0.9302438,-1.3355443,9,Ankle boot,PCA
-0.83137256,-0.31716335,1,Trouser,PCA
0.22150469,-2.2330635,7,Sneaker,PCA
0.28220937,0.9124549,2,Pullover,PCA
-0.8201157,-0.3534929,3,Dress,PCA
-0.11831609,0.77126193,5,Sandal,PCA
0.3294995,0.91908914,8,Bag,PCA
0.64260626,-0.74723554,5,Sandal,PCA
-1.4539964,0.5977414,3,Dress,PCA
-0.44161913,-0.5459471,6,Shirt,PCA
-0.11469469,0.12365186,6,Shirt,PCA
0.99014145,-0.9863966,7,Sneaker,PCA
0.9081361,0.25395486,5,Sandal,PCA
-0.15306948,0.46322602,3,Dress,PCA
1.0110635,0.03243602,4,Coat,PCA
-1.6445445,0.6753028,3,Dress,PCA
0.5806303,-1.8182452,7,Sneaker,PCA
0.048955314,-0.8857744,4,Coat,PCA
-0.87440085,0.7556235,4,Coat,PCA
-1.6332765,-1.3973985,1,Trouser,PCA
0.98069346,1.3265996,8,Bag,PCA
-0.43059012,-0.54380685,4,Coat,PCA
-0.5968776,0.35923,0,T-shirt/top,PCA
1.6524208,0.5371735,9,Ankle boot,PCA
0.20404483,-2.344944,7,Sneaker,PCA
0.8797768,-0.81518435,7,Sneaker,PCA
0.20357025,-0.32928005,2,Pullover,PCA
-1.1148324,-1.0618279,1,Trouser,PCA
-0.6639404,-0.32785606,3,Dress,PCA
-0.7890068,1.7392304,0,T-shirt/top,PCA
0.51829934,-0.13295081,4,Coat,PCA
-0.6719085,-0.11439279,6,Shirt,PCA
-0.29714385,0.13515727,8,Bag,PCA
0.46009097,-2.140737,7,Sneaker,PCA
-0.47320965,-0.05333796,0,T-shirt/top,PCA
1.1271057,-1.5127952,9,Ankle boot,PCA
-0.44879577,0.2060342,6,Shirt,PCA
0.16544569,-0.6537557,5,Sandal,PCA
2.3049314,-0.07990895,9,Ankle boot,PCA
0.7254506,0.2847425,4,Coat,PCA
-1.1143035,0.6483946,3,Dress,PCA
1.0324123,0.7207676,4,Coat,PCA
1.0441287,-0.48509336,8,Bag,PCA
-0.92054737,0.52361083,1,Trouser,PCA
0.06327443,-2.4664183,7,Sneaker,PCA
2.041527,-0.32140288,8,Bag,PCA
-0.23097119,1.2240839,6,Shirt,PCA
0.15737195,1.5034428,4,Coat,PCA
-0.8577121,-0.46618316,3,Dress,PCA
0.73420787,1.6751459,4,Coat,PCA
0.14622357,0.659462,3,Dress,PCA
-0.14176235,-1.3928156,7,Sneaker,PCA
0.24184847,0.5474149,8,Bag,PCA
-1.775531,1.0768352,3,Dress,PCA
-0.35022497,-0.05589308,2,Pullover,PCA
1.036239,0.20001838,9,Ankle boot,PCA
-2.0607352,0.6424706,3,Dress,PCA
-1.4935678,-0.1336467,3,Dress,PCA
0.98918784,-1.1566172,7,Sneaker,PCA
-1.284289,-0.39095607,3,Dress,PCA
1.7219536,0.6511139,9,Ankle boot,PCA
0.4311076,1.4499662,2,Pullover,PCA
-1.6083626,-0.8549547,1,Trouser,PCA
0.36555886,0.4724462,2,Pullover,PCA
1.0942128,0.2439104,9,Ankle boot,PCA
0.77356035,1.5394721,6,Shirt,PCA
-1.1744725,-0.5329154,1,Trouser,PCA
0.33083898,-0.24475971,4,Coat,PCA
-0.93062335,1.6883597,0,T-shirt/top,PCA
-0.11914971,0.59039414,4,Coat,PCA
-0.82551473,-0.19579616,3,Dress,PCA
0.7123167,1.3323588,2,Pullover,PCA
-1.163469,0.8851085,3,Dress,PCA
-2.0822122,0.23927069,1,Trouser,PCA
0.7699741,0.43546706,4,Coat,PCA
-1.3526188,-0.27772856,3,Dress,PCA
-0.804174,-2.076584,5,Sandal,PCA
1.4806598,-0.7860583,9,Ankle boot,PCA
0.12518677,-0.5927846,2,Pullover,PCA
0.45386162,-1.716409,7,Sneaker,PCA
1.1730262,-2.0345871,7,Sneaker,PCA
-0.4821785,-0.39875248,0,T-shirt/top,PCA
0.43368,0.045260377,2,Pullover,PCA
1.3683289,0.08846511,9,Ankle boot,PCA
0.33372515,-0.31962135,2,Pullover,PCA
-0.8232834,0.19900672,4,Coat,PCA
0.37947142,-0.22446358,4,Coat,PCA
1.4272949,-0.45303062,9,Ankle boot,PCA
-1.1757349,-0.5932055,1,Trouser,PCA
-0.42797703,-0.37720513,0,T-shirt/top,PCA
0.6543148,-0.7616084,7,Sneaker,PCA
0.9037933,0.14611852,5,Sandal,PCA
-0.35239038,-0.2677077,1,Trouser,PCA
0.44093388,-0.20968533,5,Sandal,PCA
0.60661113,-1.3723235,7,Sneaker,PCA
0.49220598,1.2341795,4,Coat,PCA
0.14471076,-0.18804461,6,Shirt,PCA
1.205577,1.0783224,8,Bag,PCA
-1.3874604,0.031375818,3,Dress,PCA
0.42070898,0.28808722,5,Sandal,PCA
-0.6477903,-0.9370127,1,Trouser,PCA
-0.6979526,0.82202965,0,T-shirt/top,PCA
0.6972198,0.23387668,9,Ankle boot,PCA
0.15239973,-0.8738791,5,Sandal,PCA
0.81313306,1.5294204,2,Pullover,PCA
-2.1822593,-1.6388929,1,Trouser,PCA
0.99550754,-0.20373167,5,Sandal,PCA
1.13414,1.5600886,4,Coat,PCA
1.2564495,-0.5665965,9,Ankle boot,PCA
0.538315,-0.7108468,5,Sandal,PCA
2.0452993,-0.33319536,8,Bag,PCA
0.15215737,1.0195398,4,Coat,PCA
1.0991825,-0.06646921,5,Sandal,PCA
0.5771149,0.79384,8,Bag,PCA
0.18805324,-1.2802899,7,Sneaker,PCA
0.33962494,0.33486816,2,Pullover,PCA
-0.46010628,0.23101771,1,Trouser,PCA
2.1170733,-1.1110196,7,Sneaker,PCA
-1.9886535,0.9238116,0,T-shirt/top,PCA
-1.033621,0.23756838,3,Dress,PCA
0.034866564,-0.24369562,6,Shirt,PCA
1.3885542,1.6756446,9,Ankle boot,PCA
-0.7825542,0.5399621,0,T-shirt/top,PCA
0.16593808,0.4229094,2,Pullover,PCA
-1.2163069,0.7275104,6,Shirt,PCA
0.73409057,-0.20541802,5,Sandal,PCA
-1.6145618,-0.66502106,1,Trouser,PCA
-2.5276568,-0.8218442,1,Trouser,PCA
0.4501023,0.61546814,2,Pullover,PCA
0.015058307,-0.15682322,6,Shirt,PCA
1.8039345,0.5924059,8,Bag,PCA
-0.6819397,1.6584184,0,T-shirt/top,PCA
0.14551498,-1.6134033,7,Sneaker,PCA
-1.2161678,-1.3592813,1,Trouser,PCA
1.8863038,-0.70502484,7,Sneaker,PCA
-1.1063598,0.31185532,3,Dress,PCA
-0.78596985,-1.0275841,1,Trouser,PCA
-1.0499648,-0.71577996,1,Trouser,PCA
-0.046276458,-0.4540292,4,Coat,PCA
1.3698951,-0.36024648,8,Bag,PCA
1.7451255,1.3728487,9,Ankle boot,PCA
0.09536646,0.91330826,4,Coat,PCA
0.6924552,0.6818447,9,Ankle boot,PCA
-0.75316316,0.80055946,3,Dress,PCA
0.184949,-0.17857459,4,Coat,PCA
-1.421858,-0.6150763,1,Trouser,PCA
-0.31953937,1.3031812,0,T-shirt/top,PCA
-1.1986599,-0.6358008,1,Trouser,PCA
0.4109257,-1.5722775,5,Sandal,PCA
0.09983488,-0.7282452,6,Shirt,PCA
1.756021,-1.6004114,7,Sneaker,PCA
-0.4267894,0.087879494,3,Dress,PCA
1.4540457,0.66904837,9,Ankle boot,PCA
0.8318509,-1.7057893,7,Sneaker,PCA
0.02489074,0.51710546,8,Bag,PCA
-1.7277473,-0.7500004,1,Trouser,PCA
0.5411993,1.3456838,9,Ankle boot,PCA
0.24816541,0.18694693,9,Ankle boot,PCA
-1.656613,0.0019607805,4,Coat,PCA
-0.3543804,-0.33511925,0,T-shirt/top,PCA
0.35532457,0.5875667,4,Coat,PCA
-0.20724116,-0.18118599,0,T-shirt/top,PCA
0.15748335,0.21737918,2,Pullover,PCA
-2.3567052,-0.31435594,3,Dress,PCA
0.038716443,-0.005613137,6,Shirt,PCA
-0.048244335,0.782668,5,Sandal,PCA
1.1636457,1.5595851,8,Bag,PCA
1.060464,-0.63486975,5,Sandal,PCA
2.06244,-0.32661155,9,Ankle boot,PCA
0.14235765,0.24431014,5,Sandal,PCA
0.2762979,0.16740437,2,Pullover,PCA
-0.37745982,-1.1694775,5,Sandal,PCA
0.67692137,0.06733052,8,Bag,PCA
0.16263738,0.72002333,8,Bag,PCA
0.29207203,-0.29584938,2,Pullover,PCA
0.37369475,0.13032128,2,Pullover,PCA
0.34589723,0.5688061,8,Bag,PCA
0.32434884,-1.8741698,7,Sneaker,PCA
1.5974522,-1.366446,8,Bag,PCA
1.0911825,-0.36351225,9,Ankle boot,PCA
0.06070456,0.64605397,2,Pullover,PCA
-1.0538473,1.7870219,0,T-shirt/top,PCA
1.7518368,-0.48683032,8,Bag,PCA
0.14106858,-2.152143,7,Sneaker,PCA
-0.11997145,0.9654961,6,Shirt,PCA
-1.2308264,-1.2858245,1,Trouser,PCA
-0.28472427,0.5052365,0,T-shirt/top,PCA
-0.002147168,0.13666028,8,Bag,PCA
-0.9343926,-0.12253928,3,Dress,PCA
-0.5307568,-1.2527578,5,Sandal,PCA
0.16110197,0.72557294,4,Coat,PCA
-1.8128562,-1.1540573,1,Trouser,PCA
-0.06936842,1.677305,0,T-shirt/top,PCA
-1.7802662,-0.03444845,3,Dress,PCA
1.4508693,1.3251286,9,Ankle boot,PCA
0.42358613,-0.1611755,6,Shirt,PCA
2.5436366,-0.6480469,9,Ankle boot,PCA
1.6075135,-0.44207534,8,Bag,PCA
1.2951391,0.44328555,4,Coat,PCA
-0.40079504,-0.26423684,3,Dress,PCA
-1.9554983,-0.6001545,1,Trouser,PCA
0.75987005,1.508081,9,Ankle boot,PCA
1.8286216,0.2997251,8,Bag,PCA
0.5504013,-0.20289677,0,T-shirt/top,PCA
0.22039305,-0.05727212,8,Bag,PCA
0.49934703,-2.332044,7,Sneaker,PCA
-0.42941776,-0.15194857,0,T-shirt/top,PCA
-2.1137118,1.1908023,3,Dress,PCA
-1.4566352,0.18032472,3,Dress,PCA
0.57002574,-0.10596883,4,Coat,PCA
1.1965916,1.7951741,8,Bag,PCA
0.104582064,-0.050516255,6,Shirt,PCA
-2.4622977,-1.4182875,1,Trouser,PCA
-1.5758238,-1.0335242,3,Dress,PCA
-1.6040491,-0.97886837,1,Trouser,PCA
0.93375057,-2.3259397,7,Sneaker,PCA
-2.0243757,-1.0166843,1,Trouser,PCA
0.50167364,-0.9943805,5,Sandal,PCA
0.26038498,0.59560597,6,Shirt,PCA
-0.8123531,0.27975434,0,T-shirt/top,PCA
-0.72291857,-0.5497206,3,Dress,PCA
0.13136904,0.67119634,8,Bag,PCA
-0.600678,0.46300822,8,Bag,PCA
1.3452114,0.70102704,2,Pullover,PCA
-1.715331,-0.35870215,1,Trouser,PCA
1.5801264,0.034212425,9,Ankle boot,PCA
0.70595807,1.43964,8,Bag,PCA
0.46736035,-0.47224674,4,Coat,PCA
0.17758603,0.2786013,2,Pullover,PCA
-1.207864,1.2654169,3,Dress,PCA
-0.10960474,-0.9337288,5,Sandal,PCA
0.056890093,1.0824382,8,Bag,PCA
-1.7118125,1.2125657,0,T-shirt/top,PCA
-0.2692487,0.14010136,6,Shirt,PCA
0.22562718,0.3539546,2,Pullover,PCA
-1.5852964,-1.3011959,1,Trouser,PCA
0.90554595,-1.1173241,5,Sandal,PCA
0.87985736,0.7176415,9,Ankle boot,PCA
-0.8402989,0.93894005,0,T-shirt/top,PCA
1.6777195,-1.1025598,7,Sneaker,PCA
0.23075376,-0.024298389,2,Pullover,PCA
-0.7946353,0.9347974,6,Shirt,PCA
-0.62228805,1.1783855,0,T-shirt/top,PCA
-1.038299,0.94733316,0,T-shirt/top,PCA
-0.6573921,0.4534297,8,Bag,PCA
1.471801,0.0024699308,9,Ankle boot,PCA
1.1277772,-0.22879285,9,Ankle boot,PCA
0.22081429,1.0653005,4,Coat,PCA
-0.04444898,-0.41773656,6,Shirt,PCA
0.60313755,-2.174933,7,Sneaker,PCA
-1.3150202,1.0786343,3,Dress,PCA
-1.0237132,-0.88547266,1,Trouser,PCA
0.09952151,0.18717042,6,Shirt,PCA
0.4299027,-0.18157966,5,Sandal,PCA
-0.31637657,-0.14743134,0,T-shirt/top,PCA
1.4873903,0.24407527,4,Coat,PCA
0.4625655,-0.09306528,6,Shirt,PCA
0.199688,0.66525835,6,Shirt,PCA
-0.12359577,-1.1941471,5,Sandal,PCA
0.9898069,-0.0038629472,5,Sandal,PCA
-0.38107857,0.1823979,8,Bag,PCA
0.19365719,-0.3022499,2,Pullover,PCA
-0.34117815,-0.23822486,4,Coat,PCA
0.28728843,0.25249445,2,Pullover,PCA
0.054161735,0.9456612,8,Bag,PCA
-0.37551516,1.3352563,6,Shirt,PCA
-0.5239539,0.49567717,0,T-shirt/top,PCA
2.1048288,1.7005761,8,Bag,PCA
-0.70284927,1.0578957,0,T-shirt/top,PCA
0.1097084,-0.730677,4,Coat,PCA
0.92070943,-0.22354144,8,Bag,PCA
0.32671303,-1.0139769,5,Sandal,PCA
0.4585847,1.5538313,9,Ankle boot,PCA
0.91410184,1.7417765,6,Shirt,PCA
-1.7962245,-1.1497378,1,Trouser,PCA
-0.7155316,0.6696059,6,Shirt,PCA
0.76897246,-0.85765475,5,Sandal,PCA
-1.9103593,-1.0102799,1,Trouser,PCA
-0.89549804,-0.027168835,1,Trouser,PCA
-0.5367563,0.1069825,8,Bag,PCA
1.0244057,-0.6362475,8,Bag,PCA
1.4098928,-0.13223568,8,Bag,PCA
0.2885469,-1.5683124,7,Sneaker,PCA
-1.5932639,0.2730368,3,Dress,PCA
-1.116663,-0.43096927,1,Trouser,PCA
0.73787177,-1.2580738,7,Sneaker,PCA
0.64391065,0.64676446,9,Ankle boot,PCA
0.11250663,-0.25120282,5,Sandal,PCA
1.5996767,1.3081975,9,Ankle boot,PCA
1.952746,-0.4392441,9,Ankle boot,PCA
-0.4355256,0.17385685,0,T-shirt/top,PCA
0.7865285,0.21362951,9,Ankle boot,PCA
2.2574403,-0.53596807,9,Ankle boot,PCA
-0.91993684,-1.6638982,5,Sandal,PCA
2.305788,-0.42360651,9,Ankle boot,PCA
-1.0675697,0.16002609,3,Dress,PCA
-1.6687183,-0.8619187,1,Trouser,PCA
-1.8159982,0.49882853,3,Dress,PCA
0.4422457,0.2191745,8,Bag,PCA
1.0121502,-1.6633077,7,Sneaker,PCA
-2.011645,0.2753874,3,Dress,PCA
-0.84043574,-1.7600164,5,Sandal,PCA
-0.99902815,-2.005445,5,Sandal,PCA
-2.2267249,0.018767186,6,Shirt,PCA
0.237537,1.0387106,9,Ankle boot,PCA
-0.9711,1.9716284,0,T-shirt/top,PCA
0.50557953,1.1423097,2,Pullover,PCA
0.8611329,-1.1325672,7,Sneaker,PCA
-0.7611407,-0.7646847,6,Shirt,PCA
-1.5418012,0.24741814,3,Dress,PCA
-0.5989297,0.7011009,4,Coat,PCA
-1.0086056,1.1191468,0,T-shirt/top,PCA
-0.7890116,0.42290708,0,T-shirt/top,PCA
0.63705707,0.730741,8,Bag,PCA
1.8918661,-0.56093925,9,Ankle boot,PCA
-1.6432277,-1.083636,1,Trouser,PCA
-1.6964914,0.51663315,3,Dress,PCA
1.4872715,-0.5075965,7,Sneaker,PCA
0.25993216,0.9412518,9,Ankle boot,PCA
1.150641,-1.2890337,9,Ankle boot,PCA
-0.7598235,0.71226853,8,Bag,PCA
-0.6678851,0.046609677,8,Bag,PCA
0.007920379,-0.45870256,4,Coat,PCA
0.6927944,-1.5835197,7,Sneaker,PCA
0.40089312,-0.035613276,5,Sandal,PCA
-0.94392955,-1.3028846,1,Trouser,PCA
1.8090739,-0.648466,9,Ankle boot,PCA
0.8065051,-1.8624289,7,Sneaker,PCA
0.3779723,-2.2134185,7,Sneaker,PCA
-0.073535234,-0.9838017,5,Sandal,PCA
0.3980652,0.95860064,4,Coat,PCA
1.6727927,-0.44410005,9,Ankle boot,PCA
-1.9989809,-0.1352697,3,Dress,PCA
-1.5623772,1.2681863,0,T-shirt/top,PCA
-0.25179917,1.0925703,2,Pullover,PCA
0.5463033,-1.4608841,7,Sneaker,PCA
0.11731494,0.627579,0,T-shirt/top,PCA
0.43135622,0.8679505,4,Coat,PCA
-0.9387951,-0.23053223,4,Coat,PCA
2.1661408,1.2163913,8,Bag,PCA
-1.1139027,-0.57652926,3,Dress,PCA
-1.6561842,-0.11128946,3,Dress,PCA
2.3465362,0.4761889,9,Ankle boot,PCA
0.45921552,0.54647726,2,Pullover,PCA
-0.47293004,0.06444212,6,Shirt,PCA
-1.3981787,0.15288642,1,Trouser,PCA
-0.02225363,-1.5561705,7,Sneaker,PCA
0.18800895,-1.113173,5,Sandal,PCA
1.95234,0.3879714,9,Ankle boot,PCA
0.40276098,-1.7096455,7,Sneaker,PCA
-0.68805957,1.9848495,4,Coat,PCA
0.5996105,1.1836145,4,Coat,PCA
-0.48313713,-1.3192797,5,Sandal,PCA
0.23697598,-0.55145174,4,Coat,PCA
1.9000813,-0.5879222,7,Sneaker,PCA
1.5130126,-1.2149944,9,Ankle boot,PCA
1.4963235,-0.19250324,9,Ankle boot,PCA
0.23725773,-0.5150096,5,Sandal,PCA
1.0843393,0.48123413,9,Ankle boot,PCA
1.802611,-0.75674814,9,Ankle boot,PCA
-0.5700509,0.9410449,0,T-shirt/top,PCA
-0.76203585,-1.319653,1,Trouser,PCA
-1.7850186,-0.12000933,1,Trouser,PCA
-1.0980564,-1.3202837,1,Trouser,PCA
0.57913476,-1.0686786,5,Sandal,PCA
-0.45444807,-0.30666447,6,Shirt,PCA
-1.9574946,-1.3774364,1,Trouser,PCA
-1.5535733,-1.6467335,1,Trouser,PCA
1.4876174,-0.8137689,8,Bag,PCA
0.010101254,-0.10164867,6,Shirt,PCA
-1.8843403,-1.5482044,1,Trouser,PCA
0.49674493,-2.2611785,7,Sneaker,PCA
0.89523184,0.9864872,2,Pullover,PCA
-1.0261191,-1.2722807,1,Trouser,PCA
-0.6732115,-0.28305894,8,Bag,PCA
0.5178029,-0.005203124,6,Shirt,PCA
0.5748983,0.48414153,4,Coat,PCA
-1.0968868,-1.2704625,1,Trouser,PCA
1.5942417,-1.0280364,9,Ankle boot,PCA
0.06562865,0.7070703,2,Pullover,PCA
-0.059085146,-2.3426561,7,Sneaker,PCA
-2.0325005,-0.2955594,1,Trouser,PCA
0.022676421,0.7321588,5,Sandal,PCA
-0.7408625,-0.0515229,6,Shirt,PCA
1.2955316,-1.6092253,7,Sneaker,PCA
0.74524695,0.70660657,4,Coat,PCA
-0.5586723,-0.6670391,3,Dress,PCA
-1.4774036,0.9469386,2,Pullover,PCA
0.44441733,-0.6508979,5,Sandal,PCA
-1.0977178,0.7885863,0,T-shirt/top,PCA
1.1173873,-0.7046102,8,Bag,PCA
-1.3597674,1.9862251,0,T-shirt/top,PCA
-0.71171457,0.47954488,0,T-shirt/top,PCA
-1.3319154,-0.8012551,1,Trouser,PCA
-1.171768,-1.1807158,1,Trouser,PCA
0.0542365,0.5920562,0,T-shirt/top,PCA
0.11241754,0.5021841,8,Bag,PCA
1.5448334,0.6081347,9,Ankle boot,PCA
2.0854025,-0.21217628,9,Ankle boot,PCA
1.4767151,0.06001237,8,Bag,PCA
-0.65840894,-0.39317545,1,Trouser,PCA
-0.33063847,1.0470669,6,Shirt,PCA
1.6938821,0.035748966,9,Ankle boot,PCA
1.1472735,-1.4999392,7,Sneaker,PCA
1.440138,1.2015934,6,Shirt,PCA
0.04190409,0.31018588,6,Shirt,PCA
1.0565236,0.8376793,9,Ankle boot,PCA
1.0666279,-1.2364311,7,Sneaker,PCA
-0.9268055,-1.934382,5,Sandal,PCA
-1.830893,0.7423442,3,Dress,PCA
1.1753,1.4989591,9,Ankle boot,PCA
0.31325313,0.3848941,6,Shirt,PCA
-0.6361445,-0.8748168,1,Trouser,PCA
-1.9069302,0.8080361,3,Dress,PCA
1.425279,2.098966,2,Pullover,PCA
0.021595098,-0.35984203,2,Pullover,PCA
-0.5863649,-0.18511985,6,Shirt,PCA
0.7689377,-1.9066317,7,Sneaker,PCA
1.5728031,1.6322515,9,Ankle boot,PCA
1.6642947,-0.4066376,9,Ankle boot,PCA
-1.1069676,-0.200373,3,Dress,PCA
0.0002609063,0.3641733,6,Shirt,PCA
0.37829337,0.9057073,2,Pullover,PCA
-0.045317158,0.9374867,4,Coat,PCA
0.5989142,0.2124024,2,Pullover,PCA
1.5225227,0.7332452,8,Bag,PCA
-1.3795388,0.72886884,0,T-shirt/top,PCA
1.5852426,-1.6797693,9,Ankle boot,PCA
0.76987624,-0.33634543,9,Ankle boot,PCA
-0.73499614,0.07803128,6,Shirt,PCA
0.11735643,2.2276876,4,Coat,PCA
-1.6797074,-1.0259132,1,Trouser,PCA
0.42979082,0.45768705,4,Coat,PCA
-0.34054866,-0.5009978,0,T-shirt/top,PCA
1.5328037,1.2016883,8,Bag,PCA
0.19140156,-0.76217204,4,Coat,PCA
-0.055570237,0.5332675,6,Shirt,PCA
0.5901822,-1.6942573,7,Sneaker,PCA
0.25007212,0.6710331,9,Ankle boot,PCA
0.6599806,0.30318266,8,Bag,PCA
0.6459673,-0.020710493,5,Sandal,PCA
-0.35484457,-0.43327937,3,Dress,PCA
-0.39255726,-0.033427153,0,T-shirt/top,PCA
-0.1523696,0.8223239,6,Shirt,PCA
1.1201032,0.04590042,4,Coat,PCA
-0.48589072,0.9765797,2,Pullover,PCA
0.85896593,1.4453652,8,Bag,PCA
-0.60785824,-0.0043411553,3,Dress,PCA
0.7732149,1.1528015,2,Pullover,PCA
-1.0350721,0.1573361,1,Trouser,PCA
1.8812717,0.51588625,9,Ankle boot,PCA
-1.9655168,-1.475071,1,Trouser,PCA
1.573031,-0.41367072,9,Ankle boot,PCA
-1.2378566,1.5196948,0,T-shirt/top,PCA
0.5878438,1.0380318,4,Coat,PCA
-0.62446886,-0.1428582,3,Dress,PCA
0.5051961,-0.72041136,5,Sandal,PCA
-0.22938794,1.3515627,4,Coat,PCA
1.3411814,1.822223,8,Bag,PCA
-0.669797,0.13402322,6,Shirt,PCA
0.036849875,-2.5231943,7,Sneaker,PCA
1.2696569,-1.6049953,7,Sneaker,PCA
-1.2633708,-0.79283965,1,Trouser,PCA
-0.55322033,1.6742439,0,T-shirt/top,PCA
0.13600528,-2.3384674,7,Sneaker,PCA
-0.44063193,-0.34050912,3,Dress,PCA
-0.8304652,0.23523483,2,Pullover,PCA
-0.28207928,0.10619892,0,T-shirt/top,PCA
1.4728174,-0.66608536,8,Bag,PCA
0.18903767,0.054537572,6,Shirt,PCA
0.11981119,-0.023589661,2,Pullover,PCA
-0.6776151,0.27488527,0,T-shirt/top,PCA
-0.9638173,-1.3162136,1,Trouser,PCA
1.4396735,-0.9316026,8,Bag,PCA
-1.7546343,0.7988017,3,Dress,PCA
-1.4497406,1.1674385,0,T-shirt/top,PCA
0.42431197,0.2450124,6,Shirt,PCA
0.8347641,-1.0674105,8,Bag,PCA
2.3449905,0.9570792,8,Bag,PCA
-1.2752826,0.13958545,4,Coat,PCA
0.0839869,0.7900229,5,Sandal,PCA
1.2052037,0.0748255,9,Ankle boot,PCA
-1.7736452,0.27980247,3,Dress,PCA
0.38518912,0.34832266,8,Bag,PCA
-0.8846035,1.4829764,0,T-shirt/top,PCA
0.43430302,-2.2649045,7,Sneaker,PCA
1.0083718,0.9295982,2,Pullover,PCA
0.78821707,0.15324666,3,Dress,PCA
-0.48479035,-1.230288,5,Sandal,PCA
-1.425056,1.5904481,0,T-shirt/top,PCA
-0.21990521,0.7049467,4,Coat,PCA
-0.37721774,-0.17283438,0,T-shirt/top,PCA
0.51903266,-0.7069023,5,Sandal,PCA
0.79798603,1.9996359,2,Pullover,PCA
1.8086414,-0.07054341,9,Ankle boot,PCA
2.019837,-0.21498549,8,Bag,PCA
0.39055797,-1.0033485,5,Sandal,PCA
1.1838909,-0.31218618,5,Sandal,PCA
0.92618364,1.014622,9,Ankle boot,PCA
-1.3196636,0.25536707,3,Dress,PCA
-0.5303462,-0.8823912,1,Trouser,PCA
-2.144049,-1.0132022,1,Trouser,PCA
-0.41539145,0.26359093,4,Coat,PCA
0.32246065,-0.013324134,4,Coat,PCA
-0.81380236,-0.823503,1,Trouser,PCA
-1.7643027,0.9094606,3,Dress,PCA
0.027306829,-0.6685976,5,Sandal,PCA
-0.2699495,-0.018592956,0,T-shirt/top,PCA
-0.5409506,1.3775086,0,T-shirt/top,PCA
-1.3917603,0.14977822,3,Dress,PCA
-1.2769074,0.9481431,0,T-shirt/top,PCA
-0.2816033,-1.2151659,5,Sandal,PCA
-1.0899233,1.3355055,6,Shirt,PCA
1.5628341,-0.2551757,7,Sneaker,PCA
-1.0058477,0.015209019,3,Dress,PCA
0.35332575,-1.8412039,7,Sneaker,PCA
-0.042637885,-0.43979198,0,T-shirt/top,PCA
0.48484215,-0.17535765,5,Sandal,PCA
-0.67675656,-0.013736837,0,T-shirt/top,PCA
1.154596,0.641821,2,Pullover,PCA
1.4147463,0.39167276,8,Bag,PCA
-0.19477503,0.68047327,5,Sandal,PCA
0.6065574,2.1248567,6,Shirt,PCA
-0.3058093,0.4631217,2,Pullover,PCA
-0.7435583,1.1127064,0,T-shirt/top,PCA
1.228795,0.54934865,9,Ankle boot,PCA
0.2502068,-0.3532689,5,Sandal,PCA
-0.97321767,0.14528014,3,Dress,PCA
-0.41067827,-0.59308577,0,T-shirt/top,PCA
0.009426637,0.11156012,6,Shirt,PCA
0.83011687,-0.9551093,5,Sandal,PCA
0.9212588,1.2744784,8,Bag,PCA
1.1434523,-0.9183233,8,Bag,PCA
-1.161755,0.1120753,3,Dress,PCA
0.577905,0.23347375,0,T-shirt/top,PCA
2.0883172,-0.40245178,8,Bag,PCA
1.4546108,1.6960664,4,Coat,PCA
0.3258527,0.5197774,2,Pullover,PCA
0.23877662,-0.5378995,4,Coat,PCA
0.8520287,1.7764738,6,Shirt,PCA
-1.3420697,1.2629449,3,Dress,PCA
0.32535163,-1.6598592,7,Sneaker,PCA
-0.14775401,-1.108154,5,Sandal,PCA
-1.7162249,0.25419775,3,Dress,PCA
1.4263537,-0.26303178,8,Bag,PCA
-0.6281113,0.12739861,3,Dress,PCA
0.19086656,0.17746711,4,Coat,PCA
0.34200978,0.7835365,8,Bag,PCA
-1.0219628,-0.9684992,8,Bag,PCA
0.9094104,-1.7424033,7,Sneaker,PCA
0.49341258,-0.8616807,7,Sneaker,PCA
1.1880609,-0.6364527,7,Sneaker,PCA
-0.820401,0.3322059,8,Bag,PCA
-0.46087378,-1.2200913,5,Sandal,PCA
0.5324099,1.8189676,6,Shirt,PCA
-1.9727439,0.48477083,1,Trouser,PCA
-0.1878512,0.62971914,0,T-shirt/top,PCA
1.1031754,-0.13492396,8,Bag,PCA
1.326859,1.0082941,4,Coat,PCA
-1.2774762,0.9745075,1,Trouser,PCA
1.5768121,0.33129537,8,Bag,PCA
0.30381525,-1.4051964,7,Sneaker,PCA
-0.22211939,0.47351444,6,Shirt,PCA
-1.770702,0.98125845,0,T-shirt/top,PCA
-0.109901585,-0.8885071,5,Sandal,PCA
0.76657695,-0.14828455,9,Ankle boot,PCA
-2.1183975,1.0342143,6,Shirt,PCA
0.4693101,-1.7213745,7,Sneaker,PCA
-0.029266668,0.155727,8,Bag,PCA
-0.49220052,0.31652305,6,Shirt,PCA
1.1969539,-2.0131886,7,Sneaker,PCA
-0.910826,0.7223957,4,Coat,PCA
-0.0887154,-1.1640334,7,Sneaker,PCA
0.39969724,-1.0941234,5,Sandal,PCA
0.29008618,0.46649903,2,Pullover,PCA
0.7990013,0.9085201,8,Bag,PCA
-1.5554,-1.2353334,1,Trouser,PCA
1.2744988,-1.5284481,9,Ankle boot,PCA
-1.1448807,1.578701,0,T-shirt/top,PCA
-1.4034528,1.2484734,3,Dress,PCA
0.13219847,-1.1123168,7,Sneaker,PCA
0.3339507,0.5910228,2,Pullover,PCA
0.0751667,1.3189452,0,T-shirt/top,PCA
0.16352476,1.454401,2,Pullover,PCA
0.64435744,2.2617757,2,Pullover,PCA
1.5455675,-0.44024736,8,Bag,PCA
-1.507615,-1.0373428,1,Trouser,PCA
-0.1918763,0.05672431,2,Pullover,PCA
0.18325296,-0.48925322,2,Pullover,PCA
1.5700889,0.76808345,9,Ankle boot,PCA
-0.17623992,-0.023366272,4,Coat,PCA
-1.1938678,0.16201296,6,Shirt,PCA
-0.7398527,-0.699845,1,Trouser,PCA
0.73862314,-0.07786788,2,Pullover,PCA
-0.22844742,-0.20731184,1,Trouser,PCA
-0.5491666,0.7356872,0,T-shirt/top,PCA
0.07375458,1.0168431,6,Shirt,PCA
0.46522123,1.3267,4,Coat,PCA
-0.7238266,-2.324092,5,Sandal,PCA
0.34901544,1.4449692,2,Pullover,PCA
1.2411155,-0.29647627,8,Bag,PCA
1.1276556,-1.9285841,7,Sneaker,PCA
0.23673403,1.2031553,9,Ankle boot,PCA
0.6315661,0.71246046,4,Coat,PCA
0.1568153,0.30059677,2,Pullover,PCA
0.6442247,-0.19240373,6,Shirt,PCA
-0.50796247,-1.660579,5,Sandal,PCA
-0.22190744,0.9761657,4,Coat,PCA
-0.6888771,-0.09168749,6,Shirt,PCA
0.04801321,-0.03098155,8,Bag,PCA
1.7450148,-0.33329383,9,Ankle boot,PCA
0.36267915,-0.13778263,2,Pullover,PCA
1.5445012,-0.749144,9,Ankle boot,PCA
-0.61143917,-0.35225222,0,T-shirt/top,PCA
0.76693594,0.776311,2,Pullover,PCA
0.11096753,0.684998,8,Bag,PCA
-0.19327767,0.19753309,6,Shirt,PCA
0.04903326,-0.83454424,2,Pullover,PCA
0.61215734,1.3818016,4,Coat,PCA
-2.2201967,-0.9918903,1,Trouser,PCA
0.46343896,-0.220632,5,Sandal,PCA
-0.36435246,0.3084151,2,Pullover,PCA
-0.7041672,-1.5009248,5,Sandal,PCA
-1.9027272,-0.66626805,1,Trouser,PCA
0.45961842,0.41563782,5,Sandal,PCA
-0.41564986,-0.51892567,6,Shirt,PCA
-1.7527683,-0.5965805,1,Trouser,PCA
-0.72161067,0.6095577,3,Dress,PCA
0.40717965,0.78625166,8,Bag,PCA
0.16198614,-0.17790502,2,Pullover,PCA
-1.6672835,0.26104134,0,T-shirt/top,PCA
0.70144755,0.6446334,2,Pullover,PCA
-0.6780815,1.2799566,4,Coat,PCA
-0.56358874,0.13863903,0,T-shirt/top,PCA
0.16107552,-0.29025418,2,Pullover,PCA
-0.5702373,-0.30839553,3,Dress,PCA
0.22171675,-0.14173388,6,Shirt,PCA
1.3302354,-0.19082841,9,Ankle boot,PCA
0.5019887,-0.49006337,5,Sandal,PCA
-0.21814454,0.038267486,0,T-shirt/top,PCA
-0.65929455,0.9177736,0,T-shirt/top,PCA
0.17922422,0.8873332,8,Bag,PCA
0.2632634,0.9855215,6,Shirt,PCA
-1.2446269,1.1830914,0,T-shirt/top,PCA
-0.03464958,-2.3479762,7,Sneaker,PCA
-1.9328427,-1.1098399,1,Trouser,PCA
1.7412267,-0.60859483,7,Sneaker,PCA
1.7204674,-0.76448715,8,Bag,PCA
0.62579423,0.5596332,8,Bag,PCA
-0.1376953,-0.13375257,4,Coat,PCA
-1.6129494,-0.082131326,1,Trouser,PCA
1.733497,0.26960945,8,Bag,PCA
0.54193795,1.6900823,4,Coat,PCA
0.13804041,-0.14051333,6,Shirt,PCA
1.3651712,-0.4797912,5,Sandal,PCA
0.6509793,1.4464586,9,Ankle boot,PCA
-0.3508591,0.8731071,2,Pullover,PCA
-1.8269825,-1.1973648,1,Trouser,PCA
-1.1971594,-1.0481482,1,Trouser,PCA
-0.9619055,-2.1080353,5,Sandal,PCA
0.77551657,-0.6907199,5,Sandal,PCA
-2.0143063,0.83010066,3,Dress,PCA
0.94660854,0.17532577,2,Pullover,PCA
-0.021289626,0.66621596,6,Shirt,PCA
0.5901739,-1.7532911,7,Sneaker,PCA
-1.4301691,-0.29000834,3,Dress,PCA
-0.061570928,-1.346556,7,Sneaker,PCA
1.5758932,0.3037087,8,Bag,PCA
-0.69130075,0.73580414,0,T-shirt/top,PCA
0.8642919,1.7055926,6,Shirt,PCA
-2.6514218,0.13247237,1,Trouser,PCA
-1.0069325,-1.0414019,1,Trouser,PCA
0.96823025,-0.2759478,2,Pullover,PCA
0.55390465,1.8141372,4,Coat,PCA
-0.26674905,0.270255,3,Dress,PCA
-0.8455932,1.8649089,6,Shirt,PCA
-1.2912915,0.98040503,6,Shirt,PCA
1.6034815,-0.2410425,9,Ankle boot,PCA
-0.59401476,-0.15860577,0,T-shirt/top,PCA
-1.6571981,0.4773345,3,Dress,PCA
0.22970508,-0.22825964,2,Pullover,PCA
0.61150503,1.2009051,4,Coat,PCA
0.87694377,0.6300544,8,Bag,PCA
0.040208787,0.06688858,4,Coat,PCA
0.87818646,-1.8399677,7,Sneaker,PCA
-0.8936941,-1.0123365,1,Trouser,PCA
0.5550836,1.380096,9,Ankle boot,PCA
1.1087321,-0.8384772,8,Bag,PCA
1.7291299,-1.3644173,9,Ankle boot,PCA
-1.138823,-0.09323945,1,Trouser,PCA
0.16904263,-0.3839165,2,Pullover,PCA
-1.5929701,-0.75847334,1,Trouser,PCA
1.3563364,-0.022800742,9,Ankle boot,PCA
1.3156682,0.2646977,9,Ankle boot,PCA
-1.3248566,-1.0759425,1,Trouser,PCA
0.09381001,1.723388,6,Shirt,PCA
1.4920914,0.9640451,6,Shirt,PCA
1.4790249,1.3205516,8,Bag,PCA
0.3619167,0.1497377,5,Sandal,PCA
0.42255744,0.37733403,2,Pullover,PCA
1.2903036,-0.5529235,9,Ankle boot,PCA
-1.2897403,1.6761975,0,T-shirt/top,PCA
-0.5983537,-1.1098974,5,Sandal,PCA
-0.63435864,1.1049314,4,Coat,PCA
0.8177126,1.1667304,4,Coat,PCA
-1.1250944,1.3638904,4,Coat,PCA
0.1497304,0.36081007,6,Shirt,PCA
-2.0727735,-0.09941837,3,Dress,PCA
0.38454464,-0.014407802,2,Pullover,PCA
0.39642876,1.119426,2,Pullover,PCA
-0.36490718,-0.95633405,5,Sandal,PCA
1.3423928,0.3966595,9,Ankle boot,PCA
0.8280575,-1.5577621,7,Sneaker,PCA
0.4301081,-0.19194344,6,Shirt,PCA
-1.4841757,-1.4377291,1,Trouser,PCA
-1.082469,0.010152075,3,Dress,PCA
-0.7423936,-1.6784744,5,Sandal,PCA
1.5068862,1.0740795,9,Ankle boot,PCA
0.046750396,0.37575743,6,Shirt,PCA
-0.7391628,-0.42545637,4,Coat,PCA
0.42351604,0.37382528,6,Shirt,PCA
0.33757165,0.5915473,6,Shirt,PCA
0.25364956,-0.22783405,5,Sandal,PCA
1.1812009,-1.3135955,9,Ankle boot,PCA
-1.7692612,0.43720064,3,Dress,PCA
-2.2750442,0.31979513,3,Dress,PCA
-1.0552953,0.88219595,4,Coat,PCA
-0.9063733,0.7925642,6,Shirt,PCA
-0.51823646,-0.5374503,2,Pullover,PCA
-1.4523163,0.91762954,0,T-shirt/top,PCA
-0.99394244,-0.11027828,3,Dress,PCA
-1.9702413,-1.0743356,3,Dress,PCA
0.5083325,0.8863608,8,Bag,PCA
-1.0948142,0.6070805,0,T-shirt/top,PCA
-0.023704493,-2.0229328,7,Sneaker,PCA
0.22040482,0.842265,2,Pullover,PCA
-0.38235798,0.07627395,6,Shirt,PCA
0.50485855,0.364503,4,Coat,PCA
-0.3826379,1.3726048,4,Coat,PCA
0.5010079,0.062442817,2,Pullover,PCA
0.36129865,0.24005127,4,Coat,PCA
0.96954614,1.7584972,6,Shirt,PCA
-0.71402264,-1.2937825,5,Sandal,PCA
1.1862785,0.40210545,8,Bag,PCA
-0.15032437,0.32561415,5,Sandal,PCA
0.35056788,-0.011476548,5,Sandal,PCA
-0.26634446,1.2324319,6,Shirt,PCA
-0.48099425,-1.0642452,5,Sandal,PCA
-0.31708172,0.031375952,6,Shirt,PCA
-0.09684842,2.0032082,6,Shirt,PCA
0.73754364,-1.0051954,8,Bag,PCA
-1.5522118,-1.4553287,1,Trouser,PCA
-2.0804787,-0.013933068,3,Dress,PCA
0.48168805,0.43784603,2,Pullover,PCA
1.0740663,0.8747441,5,Sandal,PCA
-0.25450006,-1.8640549,7,Sneaker,PCA
-0.6175161,0.10821493,0,T-shirt/top,PCA
0.7797642,0.10190098,2,Pullover,PCA
-0.54322684,1.054627,4,Coat,PCA
-0.5765103,-0.033476356,3,Dress,PCA
0.39234355,0.42031217,2,Pullover,PCA
1.0078163,1.5859172,4,Coat,PCA
-0.8559195,-0.07697752,3,Dress,PCA
0.67068064,1.1381168,2,Pullover,PCA
-1.7030078,0.9473035,3,Dress,PCA
0.3939586,1.3542752,2,Pullover,PCA
0.4419913,0.34978136,2,Pullover,PCA
-1.57494,-1.1482689,1,Trouser,PCA
1.563491,-0.52609116,8,Bag,PCA
0.5874071,0.39183068,5,Sandal,PCA
0.1649262,-1.5951405,7,Sneaker,PCA
0.72799706,0.5237785,9,Ankle boot,PCA
0.78340125,-1.6885731,7,Sneaker,PCA
2.0713673,-1.2470737,9,Ankle boot,PCA
-1.8262718,0.079346664,3,Dress,PCA
-0.1569292,-0.36159214,0,T-shirt/top,PCA
-0.13844234,1.029814,2,Pullover,PCA
-1.3268754,1.3350976,0,T-shirt/top,PCA
0.7596564,-2.0379436,7,Sneaker,PCA
-0.044264175,1.202646,8,Bag,PCA
-2.2277603,-1.3870621,1,Trouser,PCA
-0.522161,0.7230035,0,T-shirt/top,PCA
0.14788207,0.10976493,6,Shirt,PCA
-0.023497613,-1.7109113,7,Sneaker,PCA
1.6566561,0.73421943,8,Bag,PCA
-0.37829003,0.54581344,8,Bag,PCA
0.03426224,-0.38608563,6,Shirt,PCA
-0.34622434,0.07433193,0,T-shirt/top,PCA
0.13698223,-0.19592027,6,Shirt,PCA
-1.6846596,-1.5070021,1,Trouser,PCA
0.4988463,-0.3618437,4,Coat,PCA
0.50610584,-0.1844061,5,Sandal,PCA
-1.9739064,0.2556948,3,Dress,PCA
2.01745,-0.3036936,8,Bag,PCA
1.1274987,1.887636,8,Bag,PCA
0.7739834,-0.45389748,6,Shirt,PCA
1.5868236,1.5993855,9,Ankle boot,PCA
0.9591536,0.555731,9,Ankle boot,PCA
1.0040194,1.2883332,4,Coat,PCA
1.552754,-0.29308265,8,Bag,PCA
-0.4361474,1.188252,3,Dress,PCA
-0.79296523,0.38535956,6,Shirt,PCA
0.07641419,0.24248174,1,Trouser,PCA
0.98867106,-0.06194409,0,T-shirt/top,PCA
1.1981871,0.44896287,2,Pullover,PCA
-1.086909,0.24412945,1,Trouser,PCA
-1.9925297,-1.4739032,1,Trouser,PCA
-2.3168862,-1.1421261,1,Trouser,PCA
-2.1118243,0.70191777,3,Dress,PCA
1.0568253,-0.4519006,9,Ankle boot,PCA
-1.6038404,-1.036195,1,Trouser,PCA
-0.8450958,0.3718004,3,Dress,PCA
1.3324028,1.6749701,8,Bag,PCA
-1.0918852,0.17793705,3,Dress,PCA
-1.4745207,-1.28981,1,Trouser,PCA
-1.8775996,1.0023572,1,Trouser,PCA
-1.2622968,-1.3573174,1,Trouser,PCA
0.3386092,0.16406241,2,Pullover,PCA
-0.8471705,-0.9969588,1,Trouser,PCA
-2.046598,0.06544091,3,Dress,PCA
1.083902,1.263171,9,Ankle boot,PCA
-0.12638836,1.325104,0,T-shirt/top,PCA
-0.6879602,1.0835719,0,T-shirt/top,PCA
0.54405266,-0.94739604,7,Sneaker,PCA
0.6041452,-1.556699,7,Sneaker,PCA
1.8552684,-0.29053864,9,Ankle boot,PCA
-0.035301395,0.6981927,4,Coat,PCA
-0.924757,-1.0354013,1,Trouser,PCA
-0.8499001,0.88183933,0,T-shirt/top,PCA
-0.4933606,0.4752223,0,T-shirt/top,PCA
-0.792153,-0.724958,3,Dress,PCA
0.11614968,-1.6668954,7,Sneaker,PCA
-0.018480284,-0.84899694,5,Sandal,PCA
2.324223,0.2738881,9,Ankle boot,PCA
-1.7782285,0.5264555,3,Dress,PCA
-1.0930952,0.5589476,3,Dress,PCA
-0.01523491,-1.1339047,7,Sneaker,PCA
0.9715408,2.0016797,9,Ankle boot,PCA
0.7190932,0.18757655,5,Sandal,PCA
-1.040364,-1.1482701,1,Trouser,PCA
-0.74384755,0.5860275,0,T-shirt/top,PCA
-2.1306765,0.5672342,3,Dress,PCA
-0.527266,-0.015661301,3,Dress,PCA
-0.41513482,0.48105717,0,T-shirt/top,PCA
-1.0731649,-0.3107613,3,Dress,PCA
-0.9104348,0.86698484,0,T-shirt/top,PCA
-1.5548168,-1.0568032,1,Trouser,PCA
1.4988909,-0.09977342,9,Ankle boot,PCA
-0.71547043,0.49747384,0,T-shirt/top,PCA
0.19940889,-0.63820523,2,Pullover,PCA
-0.6226084,-0.29012766,6,Shirt,PCA
-0.14191534,-1.1113467,7,Sneaker,PCA
-1.6861564,0.3021385,3,Dress,PCA
-1.6121814,-1.3581977,1,Trouser,PCA
-0.5832268,-2.1814897,5,Sandal,PCA
-0.13740833,0.2827712,0,T-shirt/top,PCA
-0.048640735,-0.35437462,2,Pullover,PCA
0.91397935,0.88617116,2,Pullover,PCA
0.34197727,-1.8421965,7,Sneaker,PCA
0.3608642,-2.1122324,7,Sneaker,PCA
0.7161623,-0.017735127,2,Pullover,PCA
-2.3923125,-0.9402816,1,Trouser,PCA
-0.34484196,0.5893354,8,Bag,PCA
1.7064271,0.031055622,9,Ankle boot,PCA
-0.02733547,-0.5651235,6,Shirt,PCA
-1.3772901,0.13584162,3,Dress,PCA
0.06867408,1.80283,4,Coat,PCA
1.7768766,-0.60224617,9,Ankle boot,PCA
1.700725,0.022019558,9,Ankle boot,PCA
-0.14952089,-1.7755868,7,Sneaker,PCA
0.14080587,-0.7338103,4,Coat,PCA
0.26741216,0.088118106,5,Sandal,PCA
-0.06952587,1.6906433,8,Bag,PCA
1.099822,-0.052206203,9,Ankle boot,PCA
0.16458806,0.9752471,8,Bag,PCA
1.5855898,-0.5262108,9,Ankle boot,PCA
0.44628748,-0.72936445,6,Shirt,PCA
1.2716771,1.1520956,9,Ankle boot,PCA
-0.26382205,0.5469681,0,T-shirt/top,PCA
0.47827047,-0.11876624,6,Shirt,PCA
-0.772052,0.3621699,0,T-shirt/top,PCA
0.6548737,-1.086201,5,Sandal,PCA
-0.14974481,-0.030662399,6,Shirt,PCA
0.27033812,-1.0714183,5,Sandal,PCA
0.35199398,0.3644669,2,Pullover,PCA
0.27084497,1.2529967,8,Bag,PCA
-0.0711514,-0.19373143,4,Coat,PCA
-0.8995588,1.3865294,0,T-shirt/top,PCA
-2.1050355,1.0223851,3,Dress,PCA
-2.4309459,0.47797883,3,Dress,PCA
1.3858513,-0.40475664,9,Ankle boot,PCA
-0.35472158,0.21060789,8,Bag,PCA
0.85799086,-0.4629409,4,Coat,PCA
-0.0028836727,-0.49432576,6,Shirt,PCA
-0.74550444,1.5858984,0,T-shirt/top,PCA
0.14064246,1.3219187,2,Pullover,PCA
-0.1013128,0.77593803,8,Bag,PCA
-1.1045309,-1.2086873,1,Trouser,PCA
-0.47703922,1.3218708,0,T-shirt/top,PCA
-1.254864,0.7736341,3,Dress,PCA
0.6682316,0.7234716,8,Bag,PCA
-1.2661648,0.5580883,0,T-shirt/top,PCA
0.3972215,-0.21303561,2,Pullover,PCA
1.677341,1.2852709,8,Bag,PCA
-0.02167427,0.6019442,6,Shirt,PCA
-2.164341,-0.9333183,1,Trouser,PCA
-1.1583496,0.011570465,3,Dress,PCA
-0.29542643,0.27907795,0,T-shirt/top,PCA
2.2670922,-0.3932505,8,Bag,PCA
0.74150133,-0.2961972,4,Coat,PCA
1.4376723,-0.21024106,9,Ankle boot,PCA
0.86465126,0.52516395,5,Sandal,PCA
-0.3641162,0.88269144,8,Bag,PCA
0.9031408,0.23979276,4,Coat,PCA
1.4452145,1.1292603,8,Bag,PCA
-0.41345495,1.1909661,0,T-shirt/top,PCA
-1.1362649,0.72565687,3,Dress,PCA
1.6376671,-0.76928025,9,Ankle boot,PCA
-1.0538504,0.50024956,6,Shirt,PCA
-0.6794751,0.47332478,8,Bag,PCA
0.3029791,1.3048012,2,Pullover,PCA
-1.3426265,-0.67034537,3,Dress,PCA
-0.03233373,-1.8000925,7,Sneaker,PCA
0.7629911,1.2024276,8,Bag,PCA
-1.7570902,-1.036917,1,Trouser,PCA
-1.3938601,-1.0190332,1,Trouser,PCA
1.3937821,0.9078206,8,Bag,PCA
-0.008817269,-0.27942348,6,Shirt,PCA
-1.3099594,0.6062584,3,Dress,PCA
0.9196386,0.10669267,4,Coat,PCA
0.19528225,0.36780837,2,Pullover,PCA
0.06255023,-1.9999318,7,Sneaker,PCA
0.2080328,0.42911723,2,Pullover,PCA
1.8015769,-0.4803104,8,Bag,PCA
-0.95438975,2.0126877,6,Shirt,PCA
0.002393975,-2.1444495,7,Sneaker,PCA
1.0731337,0.49149716,8,Bag,PCA
-1.9784042,-0.23803003,3,Dress,PCA
0.05907464,0.15355802,4,Coat,PCA
0.25963932,1.7885504,4,Coat,PCA
1.3613294,0.086697966,9,Ankle boot,PCA
0.74119455,-0.83073467,5,Sandal,PCA
-0.95286703,0.49068493,3,Dress,PCA
0.2375502,-0.4612999,5,Sandal,PCA
-0.95257777,0.23686555,0,T-shirt/top,PCA
0.2720948,0.524849,2,Pullover,PCA
-1.1518162,1.456459,4,Coat,PCA
0.78558856,-0.60773295,8,Bag,PCA
-0.6148479,1.1770611,6,Shirt,PCA
0.8704429,-2.4210153,7,Sneaker,PCA
-0.595385,-0.45708686,3,Dress,PCA
-2.0385556,-1.2589679,1,Trouser,PCA
0.21421616,0.28565073,2,Pullover,PCA
1.3976635,1.3993096,9,Ankle boot,PCA
-0.7260907,0.8904797,0,T-shirt/top,PCA
1.1821163,1.2169778,8,Bag,PCA
1.2895235,0.5536176,9,Ankle boot,PCA
0.13016482,-0.58555096,6,Shirt,PCA
-0.61170214,1.1799133,4,Coat,PCA
0.28650227,0.18524323,2,Pullover,PCA
0.6211886,1.0708549,2,Pullover,PCA
0.26711413,0.3367929,2,Pullover,PCA
1.8517582,1.1795475,8,Bag,PCA
0.32828075,0.43142718,9,Ankle boot,PCA
-1.1680243,0.5839146,6,Shirt,PCA
-1.4261825,-0.93605536,1,Trouser,PCA
-0.8419347,-0.3287389,1,Trouser,PCA
0.9223113,-0.8595223,8,Bag,PCA
0.57759494,-0.4493533,5,Sandal,PCA
1.7544081,-0.1176357,9,Ankle boot,PCA
-0.18619546,-0.8644948,5,Sandal,PCA
0.8352987,-0.57881284,8,Bag,PCA
0.8174257,1.8792121,9,Ankle boot,PCA
-0.95679134,-0.7188814,1,Trouser,PCA
1.3411031,-0.9188091,7,Sneaker,PCA
-0.20170635,0.9687192,0,T-shirt/top,PCA
-0.548769,0.5236173,6,Shirt,PCA
-1.1554481,-0.9472584,1,Trouser,PCA
0.1836826,0.43848217,6,Shirt,PCA
1.8539101,-1.2062719,9,Ankle boot,PCA
-0.9656347,1.0375714,8,Bag,PCA
-0.08749559,-0.68073577,6,Shirt,PCA
0.3618209,-0.87118065,7,Sneaker,PCA
-2.1138036,-0.14144152,3,Dress,PCA
2.3387175,-0.048127856,8,Bag,PCA
1.6219139,-0.7191212,8,Bag,PCA
1.9152333,-0.44969064,9,Ankle boot,PCA
2.0032952,-1.4425249,9,Ankle boot,PCA
-0.48335066,0.390735,2,Pullover,PCA
0.70175666,-0.3732747,5,Sandal,PCA
1.0347105,0.43706042,8,Bag,PCA
-0.4951118,0.1874382,0,T-shirt/top,PCA
0.16351956,-0.021804651,2,Pullover,PCA
-0.66781235,-1.2055635,5,Sandal,PCA
0.88923454,1.5033083,8,Bag,PCA
-0.66960233,1.045023,8,Bag,PCA
0.5858433,-1.9237132,7,Sneaker,PCA
-0.6397124,0.6783568,4,Coat,PCA
-1.0286117,-0.6341033,1,Trouser,PCA
-0.90244716,0.16171728,1,Trouser,PCA
-0.17530763,1.263341,2,Pullover,PCA
1.4931271,-0.7265956,7,Sneaker,PCA
0.8204382,0.24934563,8,Bag,PCA
0.43611968,-1.5020709,7,Sneaker,PCA
0.8269633,-1.7400846,7,Sneaker,PCA
0.10426362,-1.0027593,5,Sandal,PCA
-0.98376334,-2.051309,5,Sandal,PCA
1.8991302,1.2929485,9,Ankle boot,PCA
-0.4473792,-1.1866198,5,Sandal,PCA
2.1032753,-0.037370663,8,Bag,PCA
1.1888139,0.85901034,9,Ankle boot,PCA
0.38391545,1.0762317,0,T-shirt/top,PCA
0.50209993,0.5684181,4,Coat,PCA
0.7093935,0.41876355,4,Coat,PCA
0.97663635,-0.44824475,9,Ankle boot,PCA
1.1397285,-0.15924576,9,Ankle boot,PCA
-0.23788996,1.4062407,6,Shirt,PCA
0.51168555,1.1193545,9,Ankle boot,PCA
-1.0556129,-2.1706398,5,Sandal,PCA
1.4122567,-0.75318104,7,Sneaker,PCA
-0.35212582,0.91329587,4,Coat,PCA
-0.24753834,0.1395118,0,T-shirt/top,PCA
-0.2750446,-0.9486302,5,Sandal,PCA
-0.008931246,-0.6536835,4,Coat,PCA
-1.0209523,0.17387554,6,Shirt,PCA
0.4389344,0.09114219,2,Pullover,PCA
-0.047479473,0.44290996,2,Pullover,PCA
-0.7466577,-1.0387621,1,Trouser,PCA
-1.8065851,0.24537498,3,Dress,PCA
0.18979926,-1.7914486,7,Sneaker,PCA
0.077157624,-1.8741608,7,Sneaker,PCA
0.6838858,1.4586813,9,Ankle boot,PCA
1.523744,-0.06273912,8,Bag,PCA
1.3232889,-0.30508298,8,Bag,PCA
-1.275856,0.26597476,3,Dress,PCA
0.023894906,0.6045075,6,Shirt,PCA
0.52937406,-0.06334728,5,Sandal,PCA
0.48106533,-2.0765846,7,Sneaker,PCA
-1.5712187,0.5793568,3,Dress,PCA
0.68373245,1.3844786,4,Coat,PCA
-1.4903656,-0.33688354,3,Dress,PCA
0.5982956,-1.4703562,5,Sandal,PCA
0.7181721,-0.3483283,4,Coat,PCA
-1.6517218,-0.09895259,3,Dress,PCA
-1.0771244,1.6058915,0,T-shirt/top,PCA
0.55288833,1.8709612,4,Coat,PCA
0.2361662,1.2823093,6,Shirt,PCA
-0.041528486,-1.7583425,7,Sneaker,PCA
0.5725963,-1.755028,7,Sneaker,PCA
0.48545805,0.6338576,6,Shirt,PCA
0.6322421,-0.289272,4,Coat,PCA
-0.6566809,0.05851891,6,Shirt,PCA
-1.83515,1.1350927,3,Dress,PCA
-1.2603625,1.4555991,0,T-shirt/top,PCA
-0.91268635,0.26518646,4,Coat,PCA
2.1423953,0.46951592,9,Ankle boot,PCA
1.1267064,0.15816256,0,T-shirt/top,PCA
-0.46832564,1.0327034,6,Shirt,PCA
-0.865242,-1.4182379,1,Trouser,PCA
0.20114571,0.058586314,2,Pullover,PCA
0.5654703,0.6986854,2,Pullover,PCA
0.95744854,1.24284,6,Shirt,PCA
-0.55024904,-0.71158266,3,Dress,PCA
1.2144272,1.6931236,6,Shirt,PCA
1.5288464,1.1792052,9,Ankle boot,PCA
-0.8014408,0.7991577,0,T-shirt/top,PCA
-1.1493312,1.1236813,6,Shirt,PCA
0.07450181,-0.25011647,2,Pullover,PCA
2.3440871,-0.5238086,9,Ankle boot,PCA
-0.65342325,0.22318295,3,Dress,PCA
0.48258448,-1.0168982,5,Sandal,PCA
-1.8929559,-1.1221471,1,Trouser,PCA
1.015978,-0.7569727,7,Sneaker,PCA
-1.0404202,-0.11543749,3,Dress,PCA
-2.3411791,-0.15079594,3,Dress,PCA
0.89320314,-0.070356965,5,Sandal,PCA
-0.7131644,0.7383666,0,T-shirt/top,PCA
-0.13775085,-1.8691459,7,Sneaker,PCA
0.9963282,-1.5236132,7,Sneaker,PCA
0.95172894,-1.8284354,7,Sneaker,PCA
-0.31511113,1.1176555,0,T-shirt/top,PCA
0.15791565,-1.6770668,7,Sneaker,PCA
-0.47379044,0.020966984,6,Shirt,PCA
0.8247526,-0.694024,7,Sneaker,PCA
-2.0367606,0.5137623,3,Dress,PCA
-0.5126242,0.012329623,3,Dress,PCA
-0.5080348,0.39723578,0,T-shirt/top,PCA
0.6173145,0.45570028,8,Bag,PCA
0.3580812,-0.46255395,5,Sandal,PCA
1.5364777,1.5693014,8,Bag,PCA
0.9248472,-0.07265715,8,Bag,PCA
-0.28972465,1.2903736,4,Coat,PCA
0.68122214,-1.5997002,7,Sneaker,PCA
0.24745323,0.024851166,6,Shirt,PCA
0.025224222,0.617906,6,Shirt,PCA
-1.3773463,0.7823754,3,Dress,PCA
0.13661075,1.5314791,2,Pullover,PCA
-1.7698996,-0.38552728,1,Trouser,PCA
0.15739986,-0.50263476,2,Pullover,PCA
0.3214165,-1.4097414,7,Sneaker,PCA
-0.37028942,-0.9668932,5,Sandal,PCA
0.23602407,1.4721406,9,Ankle boot,PCA
0.2588452,0.94412947,2,Pullover,PCA
0.39457285,0.856355,8,Bag,PCA
0.39789802,0.4799325,5,Sandal,PCA
0.5587727,0.49704987,6,Shirt,PCA
-0.33772388,1.236917,4,Coat,PCA
-0.48321947,0.4690023,4,Coat,PCA
-1.2980231,-1.1733441,1,Trouser,PCA
0.98335946,-0.7573316,8,Bag,PCA
-0.8633054,0.99663013,0,T-shirt/top,PCA
0.40361103,-1.1364925,7,Sneaker,PCA
0.33521765,-0.8325852,5,Sandal,PCA
-1.0457866,0.84551376,6,Shirt,PCA
1.2493088,-0.039139617,8,Bag,PCA
0.8466806,0.14653918,5,Sandal,PCA
0.40488905,1.1876035,2,Pullover,PCA
0.49967754,-1.9768765,5,Sandal,PCA
1.8967185,0.04999791,9,Ankle boot,PCA
0.09746573,1.4130628,4,Coat,PCA
0.6449891,0.62591326,2,Pullover,PCA
-0.6848856,0.23109812,6,Shirt,PCA
-1.2415428,1.6376109,3,Dress,PCA
0.06106122,-1.5597584,7,Sneaker,PCA
0.15966038,1.2950547,6,Shirt,PCA
-0.23234358,-1.0799496,5,Sandal,PCA
0.9604013,-0.30221942,8,Bag,PCA
0.5699284,-1.0289891,5,Sandal,PCA
0.14797825,-1.9081593,7,Sneaker,PCA
0.47595412,1.2262266,2,Pullover,PCA
0.672265,-0.2605453,7,Sneaker,PCA
1.5813975,-0.6524641,9,Ankle boot,PCA
-1.978121,-1.1900072,1,Trouser,PCA
-1.1012948,1.2346809,0,T-shirt/top,PCA
-0.82534754,0.46593446,8,Bag,PCA
-0.05844664,1.1783729,8,Bag,PCA
-1.8068118,-0.9603387,1,Trouser,PCA
1.7148337,0.6671283,9,Ankle boot,PCA
-1.8600302,0.976121,3,Dress,PCA
-1.186898,-1.0433967,1,Trouser,PCA
1.5599532,-0.5553514,7,Sneaker,PCA
-0.1537679,-1.0529315,5,Sandal,PCA
0.041901797,-0.21848755,2,Pullover,PCA
-0.5448543,0.16787344,0,T-shirt/top,PCA
-1.4516441,-0.5019051,3,Dress,PCA
1.3983254,0.16659692,9,Ankle boot,PCA
0.42251828,-1.7370372,5,Sandal,PCA
2.03318,1.0517204,8,Bag,PCA
0.32132712,1.1143355,9,Ankle boot,PCA
1.2963967,1.7134953,6,Shirt,PCA
0.855001,-1.5753458,7,Sneaker,PCA
-0.085853904,-1.4705005,5,Sandal,PCA
-0.016059542,1.2329593,2,Pullover,PCA
-0.49305066,-0.065383084,0,T-shirt/top,PCA
-1.6804324,-0.80476636,1,Trouser,PCA
-1.6836317,1.3962953,0,T-shirt/top,PCA
-1.0033158,0.40354255,6,Shirt,PCA
0.980968,1.4516993,3,Dress,PCA
-1.8692878,0.11315857,1,Trouser,PCA
-0.43165722,0.0359603,3,Dress,PCA
0.12863478,0.34631437,4,Coat,PCA
0.14999036,0.75560296,2,Pullover,PCA
0.0065097045,-1.0253627,5,Sandal,PCA
-1.0020689,-1.1647153,1,Trouser,PCA
-0.3868324,-1.3580768,5,Sandal,PCA
-0.60761774,1.6807473,2,Pullover,PCA
0.9389996,1.0230732,6,Shirt,PCA
-0.018623633,-0.5496672,2,Pullover,PCA
1.0660262,-0.25956923,9,Ankle boot,PCA
1.0610411,-0.7790728,7,Sneaker,PCA
0.30585065,-1.1057155,5,Sandal,PCA
-1.0642029,0.011257172,3,Dress,PCA
-0.42761505,0.2849404,0,T-shirt/top,PCA
0.49047613,0.62844515,2,Pullover,PCA
0.05567299,-0.38366997,6,Shirt,PCA
0.19348764,0.39457288,2,Pullover,PCA
-0.70774204,0.34838268,6,Shirt,PCA
0.26101708,1.4803343,2,Pullover,PCA
-2.0342083,0.24853262,3,Dress,PCA
1.7779912,-0.05930253,9,Ankle boot,PCA
-0.44335142,0.6031934,0,T-shirt/top,PCA
-0.46306807,-0.017703926,4,Coat,PCA
-0.3115361,0.3745519,6,Shirt,PCA
-0.24042638,0.5023177,5,Sandal,PCA
-0.7774116,-0.018731477,6,Shirt,PCA
0.97915286,-1.8119452,7,Sneaker,PCA
0.4808133,0.6552148,2,Pullover,PCA
0.16057134,-0.4461677,4,Coat,PCA
0.12114967,-0.0576661,3,Dress,PCA
1.5829117,1.3731484,9,Ankle boot,PCA
-1.1197705,-0.2908317,3,Dress,PCA
1.1667526,-1.5663023,7,Sneaker,PCA
-0.35983983,-0.27869177,0,T-shirt/top,PCA
0.49810565,0.0076161698,5,Sandal,PCA
0.005419921,0.255069,8,Bag,PCA
2.1172247,-0.98798263,9,Ankle boot,PCA
-0.61251146,-1.1901529,1,Trouser,PCA
1.8032569,-0.51029253,9,Ankle boot,PCA
0.29699335,1.5852752,4,Coat,PCA
-0.45929253,1.624397,0,T-shirt/top,PCA
0.9532342,-0.8460868,7,Sneaker,PCA
-0.63878495,0.3257759,8,Bag,PCA
1.5763179,1.6661658,8,Bag,PCA
0.5931303,-1.5861216,5,Sandal,PCA
2.0528276,-0.14176267,8,Bag,PCA
-1.0708994,1.5126483,4,Coat,PCA
0.652753,1.6258359,2,Pullover,PCA
-0.6431246,1.585499,0,T-shirt/top,PCA
-0.27866626,0.009526484,4,Coat,PCA
1.7672262,-1.792177,7,Sneaker,PCA
-0.435485,0.32632324,4,Coat,PCA
1.5779436,0.8936194,9,Ankle boot,PCA
-0.1372666,-0.40918308,6,Shirt,PCA
-1.3274137,0.3847826,3,Dress,PCA
-1.2285668,1.622793,0,T-shirt/top,PCA
-1.0639129,1.4148991,0,T-shirt/top,PCA
-0.23355782,0.50371015,5,Sandal,PCA
-1.3641402,-1.099041,1,Trouser,PCA
-1.5512304,1.1073942,0,T-shirt/top,PCA
0.7834701,-2.147079,7,Sneaker,PCA
0.13194323,-0.09437285,2,Pullover,PCA
0.064380564,-0.30641267,4,Coat,PCA
-1.2637129,0.1626814,3,Dress,PCA
0.18266009,-0.0031005181,2,Pullover,PCA
0.5863268,0.4353461,2,Pullover,PCA
1.7375164,-1.9244766,7,Sneaker,PCA
-1.2659147,0.006979093,3,Dress,PCA
0.24970813,-0.3129856,5,Sandal,PCA
-0.29850087,-0.2498545,0,T-shirt/top,PCA
1.2105944,0.75092876,9,Ankle boot,PCA
-1.2234939,-0.5925716,3,Dress,PCA
-0.6194313,0.35934433,8,Bag,PCA
0.2216674,-0.8446506,5,Sandal,PCA
1.0370425,0.24730471,5,Sandal,PCA
-0.45909122,1.0583692,0,T-shirt/top,PCA
-0.6838976,0.6367567,6,Shirt,PCA
-0.17606607,-2.1508636,7,Sneaker,PCA
0.77983266,0.31382698,8,Bag,PCA
-0.36852643,0.07949556,0,T-shirt/top,PCA
0.47605574,0.3167485,8,Bag,PCA
-0.5971531,0.09937464,0,T-shirt/top,PCA
-1.0907755,-1.1170025,1,Trouser,PCA
0.1073062,0.57962126,2,Pullover,PCA
-1.6181898,-1.3568418,1,Trouser,PCA
0.33283877,-1.5646658,7,Sneaker,PCA
0.24822333,0.43813923,5,Sandal,PCA
-0.12981012,-0.09503047,2,Pullover,PCA
1.2661989,1.6509657,8,Bag,PCA
1.1762699,0.4692142,9,Ankle boot,PCA
1.3189332,1.743931,8,Bag,PCA
-0.2519755,0.05985836,2,Pullover,PCA
1.0189394,1.759912,2,Pullover,PCA
-0.98359436,0.011232372,1,Trouser,PCA
-0.5926271,2.1010907,0,T-shirt/top,PCA
-0.2884828,1.3792768,6,Shirt,PCA
-1.5533329,-0.78144467,1,Trouser,PCA
-1.621108,-0.6551033,3,Dress,PCA
-0.16258067,0.8356009,0,T-shirt/top,PCA
1.4715384,0.8549021,9,Ankle boot,PCA
-0.31678355,1.1648467,3,Dress,PCA
-0.65696394,0.7987028,0,T-shirt/top,PCA
1.9091566,-1.1434739,9,Ankle boot,PCA
1.3820614,-1.2293568,7,Sneaker,PCA
0.16851227,-0.48194486,2,Pullover,PCA
-1.5481094,1.0212831,0,T-shirt/top,PCA
1.2379956,1.490638,4,Coat,PCA
0.49274322,1.0024047,4,Coat,PCA
-0.6825107,1.3819637,2,Pullover,PCA
-0.23100922,-0.65132105,4,Coat,PCA
0.5730822,0.053429127,2,Pullover,PCA
0.4377414,-1.7845201,7,Sneaker,PCA
1.1444317,1.4521639,8,Bag,PCA
-0.028554017,1.4705374,4,Coat,PCA
-0.66378826,1.390759,2,Pullover,PCA
0.4441745,0.36438152,5,Sandal,PCA
1.8028355,1.513277,9,Ankle boot,PCA
-0.6921867,-1.1695704,1,Trouser,PCA
0.3352672,-1.2571995,7,Sneaker,PCA
-0.5136721,1.0155547,4,Coat,PCA
0.3685448,0.41461682,2,Pullover,PCA
-0.8995824,0.35062382,6,Shirt,PCA
-1.4312638,0.4774825,3,Dress,PCA
-0.002765948,0.7399461,0,T-shirt/top,PCA
-0.5587194,0.04057864,3,Dress,PCA
-0.93885845,-1.1523354,1,Trouser,PCA
0.6969314,0.060520187,4,Coat,PCA
0.2673315,-0.33936083,5,Sandal,PCA
-0.8334257,0.8629952,0,T-shirt/top,PCA
-0.3412398,-0.0715313,0,T-shirt/top,PCA
0.2262955,-0.03200181,4,Coat,PCA
0.9418877,0.10128656,4,Coat,PCA
0.4377854,1.2430317,2,Pullover,PCA
0.13890304,1.1443813,2,Pullover,PCA
-0.15370196,-0.52781636,2,Pullover,PCA
-1.0949448,0.85715365,0,T-shirt/top,PCA
0.6119386,0.71095574,2,Pullover,PCA
-0.20903294,1.2361774,2,Pullover,PCA
-0.88463247,-2.5027146,5,Sandal,PCA
-0.75831836,1.8274589,0,T-shirt/top,PCA
-0.09817071,1.6099386,0,T-shirt/top,PCA
-0.8803801,1.2817779,0,T-shirt/top,PCA
1.7095904,0.4761898,9,Ankle boot,PCA
0.012536349,0.22036442,0,T-shirt/top,PCA
-0.65384936,-0.52021015,3,Dress,PCA
-1.2174773,-1.2585931,1,Trouser,PCA
-0.12761475,-2.1413631,7,Sneaker,PCA
2.1483858,-1.3032701,9,Ankle boot,PCA
-0.27003956,0.9810905,6,Shirt,PCA
-1.570238,1.8313918,6,Shirt,PCA
0.5032275,0.79084784,9,Ankle boot,PCA
0.07761426,-2.2448196,7,Sneaker,PCA
-1.0555558,-0.3020264,3,Dress,PCA
0.7877777,-0.6102373,4,Coat,PCA
-0.3999599,0.22667515,8,Bag,PCA
0.6175244,0.4920215,2,Pullover,PCA
-0.62014693,-0.10421193,3,Dress,PCA
0.80444944,-1.6976609,7,Sneaker,PCA
-1.107249,0.19766474,3,Dress,PCA
-1.9844037,0.5836887,3,Dress,PCA
-0.30672765,-0.021284409,5,Sandal,PCA
-0.7204867,0.92911214,0,T-shirt/top,PCA
0.17114891,-0.30752704,2,Pullover,PCA
2.5601566,-0.038272616,9,Ankle boot,PCA
-0.42328006,0.491543,0,T-shirt/top,PCA
-1.3791854,0.19468553,3,Dress,PCA
2.053447,-1.2668688,9,Ankle boot,PCA
0.73377335,-0.30624884,9,Ankle boot,PCA
-1.0724361,1.219969,0,T-shirt/top,PCA
-0.4637844,-1.3514035,5,Sandal,PCA
-0.47254348,-1.4128239,5,Sandal,PCA
1.0827174,-2.0617876,7,Sneaker,PCA
-0.8907792,2.0558054,0,T-shirt/top,PCA
0.37202454,-0.911311,5,Sandal,PCA
0.28723222,-0.44313306,2,Pullover,PCA
-0.02485721,-0.45744467,6,Shirt,PCA
-2.2925756,-0.6215119,1,Trouser,PCA
-0.6444962,0.20274243,6,Shirt,PCA
-0.24961664,1.0229077,4,Coat,PCA
0.3122518,0.9392036,0,T-shirt/top,PCA
0.101182096,-0.6517279,2,Pullover,PCA
0.6245296,-0.7093308,5,Sandal,PCA
0.14410241,-2.5058663,7,Sneaker,PCA
-0.6650389,0.5247949,0,T-shirt/top,PCA
1.2333907,1.9179666,2,Pullover,PCA
0.036192406,0.10015994,2,Pullover,PCA
-2.4198112,0.4018598,3,Dress,PCA
0.0174745,-1.052032,5,Sandal,PCA
1.7165469,-0.45553488,9,Ankle boot,PCA
-0.8907611,-1.8021312,5,Sandal,PCA
0.6591976,1.703438,8,Bag,PCA
0.6690893,-0.25823343,4,Coat,PCA
1.0325135,0.5109703,4,Coat,PCA
0.9235343,0.31222162,9,Ankle boot,PCA
1.7168894,-0.22581276,9,Ankle boot,PCA
-1.0225276,0.75067407,3,Dress,PCA
0.03238807,1.1137903,6,Shirt,PCA
1.7514035,1.9044065,9,Ankle boot,PCA
1.6183519,0.2737833,9,Ankle boot,PCA
1.2810409,0.9973363,9,Ankle boot,PCA
0.99582475,-1.0108018,8,Bag,PCA
0.033915736,-0.1905917,6,Shirt,PCA
1.3770314,-0.06362483,9,Ankle boot,PCA
0.06258839,0.56035894,6,Shirt,PCA
-0.74259573,-1.0274212,1,Trouser,PCA
1.0095782,-1.4845891,5,Sandal,PCA
0.42624056,0.161712,5,Sandal,PCA
0.13607402,0.20985077,5,Sandal,PCA
-0.18058707,-0.07850969,3,Dress,PCA
-0.6121075,-1.2084954,1,Trouser,PCA
-1.5945158,-1.5395188,1,Trouser,PCA
1.8147904,-0.41783997,9,Ankle boot,PCA
1.4394077,-1.0263596,7,Sneaker,PCA
-0.09835339,0.66254663,2,Pullover,PCA
-1.8720767,-1.1931818,1,Trouser,PCA
1.948325,-0.31526732,9,Ankle boot,PCA
-0.69423574,-0.22357397,3,Dress,PCA
1.7699243,0.5801303,9,Ankle boot,PCA
-0.2603765,-0.7150883,7,Sneaker,PCA
0.25604656,0.52550125,2,Pullover,PCA
-0.6565236,1.0029926,0,T-shirt/top,PCA
-0.6572844,-0.25938624,3,Dress,PCA
0.098426774,-0.9361454,4,Coat,PCA
-0.15486236,-0.9163987,5,Sandal,PCA
-1.3251117,0.6450798,3,Dress,PCA
0.67658436,0.6938907,8,Bag,PCA
1.5748601,1.841979,8,Bag,PCA
1.7452724,-0.43349046,7,Sneaker,PCA
0.058151357,1.9001484,4,Coat,PCA
0.700812,0.65369195,9,Ankle boot,PCA
0.27300718,-0.535216,6,Shirt,PCA
0.42157564,-0.92904466,5,Sandal,PCA
-0.37667376,0.6820007,0,T-shirt/top,PCA
0.10874287,-0.16735104,5,Sandal,PCA
0.7796207,-1.2198491,7,Sneaker,PCA
0.19455862,-0.42188746,2,Pullover,PCA
0.406476,-0.52701116,2,Pullover,PCA
-0.8072616,0.7115179,6,Shirt,PCA
1.39162,-1.3561478,7,Sneaker,PCA
0.054581493,-0.31864923,2,Pullover,PCA
-1.5975,-1.209079,1,Trouser,PCA
1.7171787,1.8899388,9,Ankle boot,PCA
-1.7500033,0.99886996,0,T-shirt/top,PCA
-0.859245,1.1704929,6,Shirt,PCA
0.9244794,-0.23608783,0,T-shirt/top,PCA
0.4967311,-1.9046555,7,Sneaker,PCA
0.44720533,-1.6924384,7,Sneaker,PCA
-0.41488233,0.13305844,0,T-shirt/top,PCA
0.38429183,0.6360763,4,Coat,PCA
-2.1732247,0.29440388,3,Dress,PCA
-1.345844,0.57989967,3,Dress,PCA
-1.1082947,1.355365,0,T-shirt/top,PCA
-0.5590473,0.27590495,6,Shirt,PCA
-0.33703822,2.1747372,6,Shirt,PCA
-1.068288,0.31362608,0,T-shirt/top,PCA
1.7852988,-1.338738,7,Sneaker,PCA
-1.2934668,0.5072096,3,Dress,PCA
0.050945096,-2.3439915,7,Sneaker,PCA
-0.91126835,-1.7558675,5,Sandal,PCA
-0.4909707,0.6523284,0,T-shirt/top,PCA
1.6349901,0.95936316,4,Coat,PCA
1.5987549,-0.3761944,9,Ankle boot,PCA
-2.0370405,-0.72919804,3,Dress,PCA
0.83766496,0.022650365,5,Sandal,PCA
0.8212113,-0.859745,7,Sneaker,PCA
0.81757236,1.1102014,2,Pullover,PCA
1.4218632,-1.3009679,7,Sneaker,PCA
-1.8140308,-0.81594783,1,Trouser,PCA
-1.048576,1.2856784,0,T-shirt/top,PCA
-1.2094877,-0.24484907,3,Dress,PCA
0.1289337,0.5237319,5,Sandal,PCA
2.1677954,-0.41971722,9,Ankle boot,PCA
0.7373752,1.8543448,2,Pullover,PCA
-0.3765575,-0.2868897,0,T-shirt/top,PCA
0.15082659,0.13191874,2,Pullover,PCA
0.8254322,-0.35836843,7,Sneaker,PCA
-0.31706047,-0.016588714,0,T-shirt/top,PCA
0.48280513,1.9777896,6,Shirt,PCA
0.4521803,0.7140798,2,Pullover,PCA
0.28380984,1.9488974,0,T-shirt/top,PCA
-0.59189254,-1.468663,5,Sandal,PCA
-1.1878829,-1.2813027,1,Trouser,PCA
0.08396965,0.14442627,4,Coat,PCA
-0.08686314,-2.0992756,5,Sandal,PCA
-1.3176496,-1.2251248,1,Trouser,PCA
1.4900151,-0.95222557,9,Ankle boot,PCA
-1.3123535,-0.7633277,1,Trouser,PCA
0.038544185,-0.52586204,4,Coat,PCA
0.26467907,-0.0058060847,5,Sandal,PCA
1.1532972,-0.94085735,7,Sneaker,PCA
0.8904927,-0.69590485,5,Sandal,PCA
0.90287435,-1.2353303,0,T-shirt/top,PCA
0.13040946,0.086177975,4,Coat,PCA
1.3409642,-1.3594785,7,Sneaker,PCA
0.15289164,-0.019054182,2,Pullover,PCA
0.33041245,-0.94831204,5,Sandal,PCA
0.9996725,0.5717123,9,Ankle boot,PCA
